place_id,name,rental_signal,matched_tiers,matched_activities,match_pairs,rating,user_rating_count,business_status,primary_type,website,source_url,phone,address,lat,lng,pure_service_area_business,matched_tile_count,matched_terms,matched_modes,last_verified,possible_duplicate_of,likely_irrelevant
ChIJlyhS79BEmYAR44sq2i4iXD4,Cabela's,true,core; gap,alpine-ski; archery; camping; fishing-gear; fly-fishing; gear-shop; snowboard,8,4.5,4043,OPERATIONAL,Sporting Goods Store,https://stores.cabelas.com/us/nv/verdi/8650-boomtown-garson-road.html?y_source=1_Mzk4NjcyNS03MTUtbG9jYXRpb24ud2Vic2l0ZQ%3D%3D,https://maps.google.com/?cid=4493504112832973795&g_mp=Cidnb29nbGUubWFwcy5wbGFjZXMudjEuUGxhY2VzLlNlYXJjaFRleHQQAhgEIAA,(775) 829-4100,"8650 Boomtown Garson Road, Verdi, NV 89439, USA",39.513096,-119.9686998,false,1,archery pro shop; camping gear rental; fishing bait and tackle shop; fly fishing outfitter; outdoor gear rental; ski shop; snowboard shop; sporting goods store,standard,2026-06-24,,false
ChIJLVp878I-mYARYLEaJBzjspU,Sparks Marina Park,true,core,powerboat,1,4.5,3723,OPERATIONAL,Park,https://www.cityofsparks.us/business_detail_T71_R47.php,https://maps.google.com/?cid=10786933767510077792&g_mp=Cidnb29nbGUubWFwcy5wbGFjZXMudjEuUGxhY2VzLlNlYXJjaFRleHQQAhgEIAA,(775) 353-2376,"300 Howard Dr, Sparks, NV 89434, USA",39.5349222,-119.73151619999999,false,1,boat rental,standard,2026-06-24,,false
ChIJHefXBOs-mYARYT-GUi8dUKU,Scheels,true,core; gap,alpine-ski; archery; backpacking; camping; climbing; cycling; disc-golf; fishing-gear; gear-shop; ice-skate; mtb; nordic-ski; pwc; snowboard; snowshoe,20,4.6,3537,OPERATIONAL,Sporting Goods Store,https://www.scheels.com/store/reno-sparks/074?utm_source=google&utm_medium=yext,https://maps.google.com/?cid=11912053103480160097&g_mp=Cidnb29nbGUubWFwcy5wbGFjZXMudjEuUGxhY2VzLlNlYXJjaFRleHQQAhgEIAA,(775) 331-2700,"1200 Scheels Drive, Sparks, NV 89434, USA",39.5307381,-119.72168029999997,false,1,archery pro shop; archery range; backpacking gear rental; bike rental; bike shop; camping gear rental; climbing gear rental; cross country ski rental; disc golf rental; fishing bait and tackle shop; ice skate rental; jet ski rental; mountain bike rental; outdoor gear rental; ski rental; ski shop; snowboard rental; snowboard shop; snowshoe rental; sporting goods store,standard,2026-06-24,,false
ChIJ6TmJWcA_mYARP3teDQ58QOQ,Cash My Guns,true,core,gear-shop,3,4.9,2594,OPERATIONAL,Sporting Goods Store,http://www.cashmyguns.com/,https://maps.google.com/?cid=16447282238952733503&g_mp=Cidnb29nbGUubWFwcy5wbGFjZXMudjEuUGxhY2VzLlNlYXJjaFRleHQQAhgEIAA,(775) 432-6006,"4865 Longley Ln Ste A, Reno, NV 89502, USA",39.4821389,-119.76346799999997,false,3,sporting goods store,standard,2026-06-24,,false
ChIJVVVVVSU-mYARubJ_sUgxWsA,Avis Car Rental,true,core,offroad-4x4,1,4.1,1922,OPERATIONAL,Car Rental Agency,https://www.avis.com/en/locations/nam/us/nv/reno/rno?utm_source=google&utm_medium=gbp&utm_campaign=avis_gbp,https://maps.google.com/?cid=13860444991471465145&g_mp=Cidnb29nbGUubWFwcy5wbGFjZXMudjEuUGxhY2VzLlNlYXJjaFRleHQQAhgEIAA,(775) 524-4730,"2001 E Plumb Ln, Reno, NV 89502, USA",39.5058565,-119.774971,false,1,4x4 rental,standard,2026-06-24,,true
ChIJJxblwNxvmYARwEeMhNlwCmg,Vista Trail Bikes,true,core,cycling; ebike; mtb,5,5,1811,OPERATIONAL,Services,https://vistatrailbikes.com/,https://maps.google.com/?cid=7496928609245611968&g_mp=Cidnb29nbGUubWFwcy5wbGFjZXMudjEuUGxhY2VzLlNlYXJjaFRleHQQAhgEIAA,(775) 298-7431,"By Starbucks, 893 Tahoe Blvd Ste 900, Incline Village, NV 89451, USA",39.2493243,-119.95371829999998,false,1,bike rental; bike shop; downhill bike park rental; ebike rental; mountain bike rental,standard,2026-06-24,,false
ChIJwSwnjo03mYARYgUbPLXhQS0,Worldwide Cyclery,true,core,cycling; gear-shop; mtb,4,4.9,1738,OPERATIONAL,Bicycle Shop,https://www.worldwidecyclery.com/,https://maps.google.com/?cid=3261135773706683746&g_mp=Cidnb29nbGUubWFwcy5wbGFjZXMudjEuUGxhY2VzLlNlYXJjaFRleHQQAhgEIAA,(805) 375-4525,"165 Design Place Ste 105, Sparks, NV 89441, USA",39.6771278,-119.71096030000001,false,1,bike rental; bike shop; mountain bike rental; sporting goods store,standard,2026-06-24,,false
ChIJcWCd2jPem4ARMrf4Ao6HBUw,The BackCountry,true,core,alpine-ski; backcountry-ski; backpacking; camping; climbing; cycling; ebike; gear-shop; mtb; nordic-ski; snowboard; snowshoe,21,4.9,1601,OPERATIONAL,Bicycle Shop,http://www.thebackcountry.com/,https://maps.google.com/?cid=5477933565771036466&g_mp=Cidnb29nbGUubWFwcy5wbGFjZXMudjEuUGxhY2VzLlNlYXJjaFRleHQQAhgEIAA,(530) 582-0909,"11400 Donner Pass Rd #100, Truckee, CA 96161, USA",39.326412499999996,-120.2102677,false,3,alpine touring ski rental; backcountry ski rental; backpacking gear rental; bike rental; bike shop; camping gear rental; climbing gear rental; cross country ski rental; ebike rental; mountain bike rental; outdoor equipment rental; outdoor gear rental; ski rental; ski shop; snowboard rental; snowboard shop; snowshoe rental; splitboard rental; sporting goods store,standard,2026-06-24,,false
ChIJBxU-wIxgmYARsSke3Ez3MXo,North Lake Tahoe Boat Rental,true,core; gap,alpine-ski; canoe; fishing-charter; kayak; pontoon; powerboat; pwc; sailing; wakeboard; watersports,18,5,1585,OPERATIONAL,Services,https://northlaketahoeboatrental.com/,https://maps.google.com/?cid=8805090655968569777&g_mp=Cidnb29nbGUubWFwcy5wbGFjZXMudjEuUGxhY2VzLlNlYXJjaFRleHQQAhgEIAA,(530) 562-7827,"7220 N Lake Blvd, Tahoe Vista, CA 96148, USA",39.2383934,-120.045466,false,3,boat charter; boat rental; canoe rental; catamaran rental; fishing charter; jet ski rental; kayak rental; lake toy rental; motorboat rental; personal watercraft rental; pontoon rental; sailboat rental; ski boat rental; ski rental; wakeboard boat rental; watersports rental; waverunner rental,standard,2026-06-24,,false
ChIJ97RGLQmQmYARjIJ3oik8M94,Tahoe Sport Fishing,true,core; gap,fishing-charter; powerboat,2,4.9,1584,OPERATIONAL,Fishing Charter,http://tahoesportfishing.com/,https://maps.google.com/?cid=16011207249749312140&g_mp=Cidnb29nbGUubWFwcy5wbGFjZXMudjEuUGxhY2VzLlNlYXJjaFRleHQQAhgEIAA,(530) 541-5448,"900 Ski Run Blvd #101, South Lake Tahoe, CA 96150, USA",38.9495624,-119.959324,false,1,boat charter; fishing charter,standard,2026-06-24,,false
ChIJswimCXhAmYARbcHxHEi_zZc,Sportsman's Warehouse,true,core; gap,alpine-ski; archery; fishing-gear; gear-shop; snowboard,8,4.4,1517,OPERATIONAL,Sporting Goods Store,https://stores.sportsmans.com/sportsmans-warehouse/us/nv/reno/3306-kietzke-lane?utm_source=google&utm_medium=organic&utm_campaign=GMB&y_source=1_OTg4MDE4NS03MTUtbG9jYXRpb24ud2Vic2l0ZQ%3D%3D,https://maps.google.com/?cid=10938609386396959085&g_mp=Cidnb29nbGUubWFwcy5wbGFjZXMudjEuUGxhY2VzLlNlYXJjaFRleHQQAhgEIAA,(775) 828-1500,"3306 Kietzke Ln, Reno, NV 89502, USA",39.4920074,-119.78627709999999,false,3,archery pro shop; fishing bait and tackle shop; outdoor gear rental; ski shop; snowboard shop; sporting goods store,standard,2026-06-24,,false
ChIJqfzLx3A_mYARQSrlvQ1UiWI,Enterprise Rent-A-Car,true,core,offroad-4x4,1,4.2,1415,OPERATIONAL,Car Rental Agency,https://www.enterprise.com/en/car-rental-locations/us/nv/reno-tahoe-international-airport-54e2.html?mcid=yext:245709,https://maps.google.com/?cid=7100298705523518017&g_mp=Cidnb29nbGUubWFwcy5wbGFjZXMudjEuUGxhY2VzLlNlYXJjaFRleHQQAhgEIAA,(844) 996-0650,"2001 E Plumb Ln, Reno, NV 89502, USA",39.5065368,-119.77544689999999,false,1,4x4 rental,standard,2026-06-24,,true
ChIJYUVMarlAmYARb0lDS3pQVdQ,Junkee Clothing Exchange & Antique Store,true,core,gear-shop,3,4.6,1334,OPERATIONAL,Clothing Store,http://www.junkeeclothingexchange.com/,https://maps.google.com/?cid=15300223795240061295&g_mp=Cidnb29nbGUubWFwcy5wbGFjZXMudjEuUGxhY2VzLlNlYXJjaFRleHQQAhgEIAA,(775) 322-5865,"299 E Plumb Ln, Reno, NV 89502, USA",39.5068828,-119.80100009999998,false,3,sporting goods store,standard,2026-06-24,,true
ChIJ97RGLQmQmYARoMZiCJbBYBs,Ski Run Marina,true,core; gap,alpine-ski; canoe; fishing-charter; kayak; pontoon; powerboat; pwc; sailing; wakeboard; watersports,15,4.5,1328,OPERATIONAL,Marina,http://skirunmarina.com/,https://maps.google.com/?cid=1972789486918223520&g_mp=Cidnb29nbGUubWFwcy5wbGFjZXMudjEuUGxhY2VzLlNlYXJjaFRleHQQAhgEIAA,(530) 544-9500,"900 Ski Run Blvd, South Lake Tahoe, CA 96150, USA",38.9490944,-119.95890989999998,false,2,boat charter; boat rental; canoe rental; fishing charter; jet ski rental; kayak rental; personal watercraft rental; pontoon rental; sailboat rental; ski boat rental; ski rental; watersports rental; waverunner rental,standard,2026-06-24,,false
ChIJCcts2khHmYARV1RFZyD6QGY,Roller Kingdom,true,core,ice-skate,1,4.3,1259,OPERATIONAL,Sports Complex,https://www.rollerkingdom.org/,https://maps.google.com/?cid=7368164007456625751&g_mp=Cidnb29nbGUubWFwcy5wbGFjZXMudjEuUGxhY2VzLlNlYXJjaFRleHQQAhgEIAA,(775) 329-3472,"515 E 7th St, Reno, NV 89512, USA",39.535807899999995,-119.8072287,false,1,ice skate rental,standard,2026-06-24,,false
ChIJ1dX2qkfXm4ARJXJAHWapnYk,Alpine Base Area at Palisades Tahoe,true,core; experience,alpine-ski; backcountry-ski; snow-tube,5,4.7,1215,OPERATIONAL,Ski Resort,https://www.palisadestahoe.com/explore/palisades-tahoe-ski-resort#tab=alpine-meadows,https://maps.google.com/?cid=9916268210582221349&g_mp=Cidnb29nbGUubWFwcy5wbGFjZXMudjEuUGxhY2VzLlNlYXJjaFRleHQQAhgEIAA,(800) 403-0206,"2600 Alpine Meadows Rd, Alpine Meadows, CA 96146, USA",39.164616699999996,-120.2386861,false,2,alpine touring ski rental; ski rental; snow tube rental,standard,2026-06-24,,false
ChIJ4-IvaAZxmYARtBPCc8shjVI,Flume Trail Bikes,true,core,cycling; ebike; gear-shop; mtb,6,4.9,1175,OPERATIONAL,Services,http://www.flumetrailtahoe.com/,https://maps.google.com/?cid=5948447840530469812&g_mp=Cidnb29nbGUubWFwcy5wbGFjZXMudjEuUGxhY2VzLlNlYXJjaFRleHQQAhgEIAA,(775) 298-2501,"1115 Tunnel Creek Rd Ste B, Incline Village, NV 89451, USA",39.2337085,-119.9305069,false,1,bike rental; bike shop; downhill bike park rental; ebike rental; mountain bike rental; sporting goods store,standard,2026-06-24,,false
ChIJq6qqnhebmYARgppW84gBCww,Zephyr Cove Marina,true,core; gap,alpine-ski; canoe; fishing-charter; kayak; pontoon; powerboat; pwc; sup; wakeboard; watersports,16,4.6,1140,OPERATIONAL,Marina,https://www.zephyrcove.com/zephyr-cove-marina/zephyr-cove-marina-experience?utm_source=google&utm_medium=organic&utm_campaign=gbp_listing,https://maps.google.com/?cid=867789040908671618&g_mp=Cidnb29nbGUubWFwcy5wbGFjZXMudjEuUGxhY2VzLlNlYXJjaFRleHQQAhgEIAA,(775) 589-4901,"760 US-50, Zephyr Cove, NV 89448, USA",39.0069598,-119.94869130000001,false,2,boat charter; boat rental; canoe rental; fishing charter; jet ski rental; kayak rental; kayak tours; motorboat rental; paddleboard rental; personal watercraft rental; pontoon rental; ski boat rental; ski rental; watersports rental; waverunner rental,standard,2026-06-24,,false
ChIJ1RQns2A_mYARdvNiaevNSrc,Reno Harley Davidson,true,core,cycling,1,4.5,1106,OPERATIONAL,Store,https://www.renohd.com/?utm_source=google&utm_medium=organic&utm_campaign=gbp+button+link,https://maps.google.com/?cid=13207595268186502006&g_mp=Cidnb29nbGUubWFwcy5wbGFjZXMudjEuUGxhY2VzLlNlYXJjaFRleHQQAhgEIAA,(775) 376-9140,"2315 Market St, Reno, NV 89502, USA",39.5154342,-119.7833176,false,1,bike rental,standard,2026-06-24,,false
ChIJGdMkj3A_mYARRfV7GFK36mQ,Budget Car Rental,true,core,offroad-4x4,1,2.8,1081,OPERATIONAL,Car Rental Agency,https://www.budget.com/en/locations/us/nv/reno/rno?utm_source=google&utm_medium=gbp&utm_campaign=budget_gbp,https://maps.google.com/?cid=7271826111569065285&g_mp=Cidnb29nbGUubWFwcy5wbGFjZXMudjEuUGxhY2VzLlNlYXJjaFRleHQQAhgEIAA,(775) 524-4420,"2001 E Plumb Ln, Reno, NV 89502, USA",39.5058565,-119.774971,false,1,4x4 rental,standard,2026-06-24,,true
ChIJm8gDU2jom4AReI3ERfRBTQ8,Donner Ski Ranch,true,core; experience,alpine-ski; snow-tube,3,4.4,1047,OPERATIONAL,Ski Resort,http://www.donnerskiranch.com/,https://maps.google.com/?cid=1102610001173974392&g_mp=Cidnb29nbGUubWFwcy5wbGFjZXMudjEuUGxhY2VzLlNlYXJjaFRleHQQAhgEIAA,(530) 426-3635,"19320 Donner Pass Rd, Norden, CA 95724, USA",39.3181619,-120.3301365,false,1,ski rental; ski shop; snow tube rental,standard,2026-06-24,,false
ChIJXwBiR9p_mYARjQbBoGrEsHM,Homewood Mountain Resort,true,core,alpine-ski; snowboard,2,4.4,1042,OPERATIONAL,Ski Resort,http://www.skihomewood.com/,https://maps.google.com/?cid=8336378872505370253&g_mp=Cidnb29nbGUubWFwcy5wbGFjZXMudjEuUGxhY2VzLlNlYXJjaFRleHQQAhgEIAA,(530) 525-2992,"5145 W Lake Blvd, Homewood, CA 96141, USA",39.085583299999996,-120.1605391,false,1,ski shop; snowboard rental,standard,2026-06-24,,false
ChIJCcWhKwmQmYARTKh8RnD8ccA,Lake Tahoe Cruises / MS Dixie II,true,core,powerboat,1,4.4,995,OPERATIONAL,Tour Agency,https://www.zephyrcove.com/lake-tahoe-cruises/cruise-experience?utm_source=google&utm_medium=organic&utm_campaign=gbp_listing,https://maps.google.com/?cid=13867142286799579212&g_mp=Cidnb29nbGUubWFwcy5wbGFjZXMudjEuUGxhY2VzLlNlYXJjaFRleHQQAhgEIAA,(800) 238-2463,"760 US-50, Zephyr Cove, NV 89488, USA",39.0068062,-119.94838550000001,false,1,boat charter,standard,2026-06-24,ChIJq6qqnhebmYARgppW84gBCww,false
ChIJQ_8LcXs_mYARY8aeIKZPAuY,Cycle Gear,true,core,alpine-ski; cycling; gear-shop,4,4.8,988,OPERATIONAL,Store,https://www.cyclegear.com/stores/cycle-gear-reno-nv-store-155,https://maps.google.com/?cid=16573897153607288419&g_mp=Cidnb29nbGUubWFwcy5wbGFjZXMudjEuUGxhY2VzLlNlYXJjaFRleHQQAhgEIAA,(775) 393-2640,"1296 E Plumb Ln, Reno, NV 89502, USA",39.505238299999995,-119.7821634,false,2,bike shop; ski shop; sporting goods store,standard,2026-06-24,,false
ChIJTzn0DcAKmYARxoee15mGbs0,C-A-L Ranch Stores,true,core; gap,fishing-gear; gear-shop,2,4.4,936,OPERATIONAL,Food Store,https://www.calranch.com/about/store-locations/carson-city,https://maps.google.com/?cid=14802917020519008198&g_mp=Cidnb29nbGUubWFwcy5wbGFjZXMudjEuUGxhY2VzLlNlYXJjaFRleHQQAhgEIAA,(775) 461-2213,"2035 N Carson St, Carson City, NV 89706, USA",39.1803665,-119.7658386,false,1,fishing bait and tackle shop; sporting goods store,standard,2026-06-24,,false
ChIJEX5qpzPem4AR2kiYG4noB9Q,Mountain Hardware & Sports,true,core; gap,alpine-ski; backpacking; camping; climbing; cycling; fishing-gear; fly-fishing; gear-shop,10,4.7,925,OPERATIONAL,Hardware Store,http://www.mountainhardwareandsports.com/,https://maps.google.com/?cid=15278435936448825562&g_mp=Cidnb29nbGUubWFwcy5wbGFjZXMudjEuUGxhY2VzLlNlYXJjaFRleHQQAhgEIAA,(530) 587-4844,"11320 Donner Pass Rd, Truckee, CA 96161, USA",39.3266598,-120.20805569999999,false,1,backpacking gear rental; bike shop; camping gear rental; climbing gear rental; fishing bait and tackle shop; fly fishing outfitter; outdoor equipment rental; outdoor gear rental; ski shop; sporting goods store,standard,2026-06-24,,false
ChIJ5YUpwno_mYARfkLbBWaU2-w,Reno Tahoe Rental Car,true,core,offroad-4x4,2,5,916,OPERATIONAL,Car Rental Agency,http://www.renotahoerentalcar.com/,https://maps.google.com/?cid=17067398378756457086&g_mp=Cidnb29nbGUubWFwcy5wbGFjZXMudjEuUGxhY2VzLlNlYXJjaFRleHQQAhgEIAA,(530) 291-1799,"1755 E Plumb Ln #168, Reno, NV 89502, USA",39.506831999999996,-119.77916400000001,false,1,4x4 rental; off road jeep rental,standard,2026-06-24,,true
ChIJFXdv_-CamYARFr_F-9yo_ZY,Round Hill Pines Beach Resort,true,core,pwc,1,4.6,899,OPERATIONAL,Marina,http://roundhillpinesresort.com/,https://maps.google.com/?cid=10880037941867298582&g_mp=Cidnb29nbGUubWFwcy5wbGFjZXMudjEuUGxhY2VzLlNlYXJjaFRleHQQAhgEIAA,(775) 588-3055,"300 US-50, Zephyr Cove, NV 89448, USA",38.990013499999996,-119.95244790000001,false,1,jet ski rental,standard,2026-06-24,,false
ChIJBSRht_oVmYARaToiq4-KMLA,Camping World - Reno,true,core,camping,1,4,869,OPERATIONAL,Car Dealer,https://rv.campingworld.com/dealer/reno-nevada,https://maps.google.com/?cid=12695799699213531753&g_mp=Cidnb29nbGUubWFwcy5wbGFjZXMudjEuUGxhY2VzLlNlYXJjaFRleHQQAhgEIAA,(844) 936-1026,"9125 S Virginia St, Reno, NV 89511, USA",39.446084299999995,-119.77628969999999,false,1,camping gear rental,standard,2026-06-24,,false
ChIJzyEEtN-amYARRRhbkQCJ28k,Lake Tahoe Bleu Wave,true,core,powerboat; sailing,2,4.8,837,OPERATIONAL,Tour Agency,http://www.tahoebleuwave.com/,https://maps.google.com/?cid=14545370057054820421&g_mp=Cidnb29nbGUubWFwcy5wbGFjZXMudjEuUGxhY2VzLlNlYXJjaFRleHQQAhgEIAA,(775) 588-9283,"2435 Venice Dr E, South Lake Tahoe, CA 96150, USA",38.9354674,-120.00245329999998,false,1,boat charter; sailboat rental,standard,2026-06-24,,false
ChIJBZcd8AtEmYARx_aUHcBwAFQ,Patagonia Outlet,true,core,alpine-ski; backcountry-ski; gear-shop; snowboard,7,4.3,797,OPERATIONAL,Clothing Store,https://www.patagonia.com/stores/nv/reno/130-south-center-street/store_reno.html,https://maps.google.com/?cid=6052961869618280135&g_mp=Cidnb29nbGUubWFwcy5wbGFjZXMudjEuUGxhY2VzLlNlYXJjaFRleHQQAhgEIAA,(775) 746-6878,"130 S Center St, Reno, NV 89501, USA",39.524008099999996,-119.81046389999999,false,3,backcountry ski rental; outdoor equipment rental; ski shop; snowboard shop; sporting goods store,standard,2026-06-24,,true
ChIJQ9CNBxgVmYARWYRFC6jt0AI,Michael's Reno Powersports,true,core,alpine-ski; cycling; gear-shop,3,4.2,788,OPERATIONAL,Sporting Goods Store,https://www.michaelsreno.com/?utm_source=google&utm_medium=organic&utm_campaign=GMB-service,https://maps.google.com/?cid=202923289231066201&g_mp=Cidnb29nbGUubWFwcy5wbGFjZXMudjEuUGxhY2VzLlNlYXJjaFRleHQQAhgEIAA,(888) 949-2453,"10828 S Virginia St, Reno, NV 89511, USA",39.435506,-119.76602989999998,false,1,bike shop; ski shop; sporting goods store,standard,2026-06-24,,false
ChIJZ5_s3QygmYARF1o4clHxktQ,Sportsman's Warehouse,true,core; gap,alpine-ski; archery; fishing-gear; gear-shop; snowboard,6,4.3,773,OPERATIONAL,Sporting Goods Store,https://stores.sportsmans.com/sportsmans-warehouse/us/nv/carson-city/1443-s-carson-st?utm_source=google&utm_medium=organic&utm_campaign=GMB&y_source=1_OTg4MDE1Mi03MTUtbG9jYXRpb24ud2Vic2l0ZQ%3D%3D,https://maps.google.com/?cid=15317570614751418903&g_mp=Cidnb29nbGUubWFwcy5wbGFjZXMudjEuUGxhY2VzLlNlYXJjaFRleHQQAhgEIAA,(775) 884-2100,"1443 S Carson St, Carson City, NV 89701, USA",39.1549918,-119.76596740000001,false,1,archery pro shop; archery range; fishing bait and tackle shop; ski shop; snowboard shop; sporting goods store,standard,2026-06-24,ChIJswimCXhAmYARbcHxHEi_zZc,false
ChIJeSCA0iI6mYARdGkgQxgKutM,Red Hawk Golf and Resort,true,core,gear-shop,1,4.4,771,OPERATIONAL,Golf Course,http://www.redhawkgolfandresort.com/,https://maps.google.com/?cid=15256517786992666996&g_mp=Cidnb29nbGUubWFwcy5wbGFjZXMudjEuUGxhY2VzLlNlYXJjaFRleHQQAhgEIAA,(775) 626-6000,"6600 N Wingfield Pkwy, Sparks, NV 89436, USA",39.6138054,-119.688002,false,1,sporting goods store,standard,2026-06-24,,false
ChIJD3avUso4mYAR2QXhujRxf6E,Yim's Market,true,core,gear-shop,1,4.5,770,OPERATIONAL,Asian Grocery Store,http://www.yimsmarket.com/,https://maps.google.com/?cid=11637144433436198361&g_mp=Cidnb29nbGUubWFwcy5wbGFjZXMudjEuUGxhY2VzLlNlYXJjaFRleHQQAhgEIAA,(775) 356-8949,"1210 Rock Blvd, Sparks, NV 89431, USA",39.5437272,-119.76298010000001,false,1,sporting goods store,standard,2026-06-24,,false
ChIJIxqpMOs-mYARPlB7h4RIGrY,Nike Factory Store - Reno,true,core,gear-shop,1,4.3,749,OPERATIONAL,Sportswear Store,https://www.nike.com/retail/s/nike-factory-store-reno?cp=84620811901_seo_%3Fcp%3D84620811901_seo_&y_source=1_NTQzNzQ1NS03MTUtbG9jYXRpb24ud2Vic2l0ZQ%3D%3D,https://maps.google.com/?cid=13121880198343249982&g_mp=Cidnb29nbGUubWFwcy5wbGFjZXMudjEuUGxhY2VzLlNlYXJjaFRleHQQAhgEIAA,(775) 358-7871,"1330 Scheels Drive Suite 162, Sparks, NV 89434, USA",39.5319122,-119.7213895,false,1,sporting goods store,standard,2026-06-24,,false
ChIJVQaY73VAmYARn0kEp4dptlI,Big 5 Sporting Goods,true,core; gap,alpine-ski; cycling; fishing-gear; gear-shop; snowboard,7,4.1,705,OPERATIONAL,Sporting Goods Store,http://www.big5sportinggoods.com/,https://maps.google.com/?cid=5960067188215007647&g_mp=Cidnb29nbGUubWFwcy5wbGFjZXMudjEuUGxhY2VzLlNlYXJjaFRleHQQAhgEIAA,(775) 825-2322,"4986 S Virginia St, Reno, NV 89502, USA",39.480582,-119.78983400000001,false,3,bike shop; fishing bait and tackle shop; ski shop; snowboard shop; sporting goods store,standard,2026-06-24,,false
ChIJM8iGv2Y_mYARCxSHEBDhIao,Hertz Car Rental - Reno - Reno-tahoe International Airport (RNO),true,core,offroad-4x4,1,3.2,691,OPERATIONAL,Car Rental Agency,https://www.hertz.com/us/en/location/unitedstates/nevada/reno/rnot11?utm_campaign=gmb-Hertz-Car-Rental---Reno---Reno-tahoe-International-Airport--RNO-&utm_medium=gmb-websitelink&utm_source=Google,https://maps.google.com/?cid=12259327119792215051&g_mp=Cidnb29nbGUubWFwcy5wbGFjZXMudjEuUGxhY2VzLlNlYXJjaFRleHQQAhgEIAA,(775) 785-2554,"2001 E Plumb Ln, Reno, NV 89502, USA",39.5064688,-119.77544959999999,false,1,4x4 rental,standard,2026-06-24,,true
ChIJsRuSdXhAmYARo6QPPBITgzo,Savers,true,core,cycling,1,3.8,662,OPERATIONAL,Thrift Store,https://stores.savers.com/nv/reno/savers-thrift-store-1122.html,https://maps.google.com/?cid=4216234645186913443&g_mp=Cidnb29nbGUubWFwcy5wbGFjZXMudjEuUGxhY2VzLlNlYXJjaFRleHQQAhgEIAA,(775) 284-4350,"3800 Kietzke Ln #250, Reno, NV 89502, USA",39.4869887,-119.7870253,false,1,bike shop,standard,2026-06-24,,true
ChIJ97RGLQmQmYAR4yblqbMOXbI,Tahoe Sports Ski Run Boat Company,true,core,alpine-ski; canoe; kayak; pontoon; powerboat; pwc; sailing; snowboard; sup; wakeboard; watersports,19,4,656,OPERATIONAL,Services,http://tahoesports.com/,https://maps.google.com/?cid=12852445076397565667&g_mp=Cidnb29nbGUubWFwcy5wbGFjZXMudjEuUGxhY2VzLlNlYXJjaFRleHQQAhgEIAA,(530) 544-0200,"900 Ski Run Blvd Suite 103, South Lake Tahoe, CA 96150, USA",38.9493625,-119.95913870000001,false,2,boat charter; boat rental; canoe rental; jet ski rental; kayak rental; kayak tours; motorboat rental; paddleboard rental; personal watercraft rental; pontoon rental; sailboat rental; ski boat rental; ski rental; ski shop; snowboard rental; wakeboard boat rental; watersports rental; waverunner rental,standard,2026-06-24,,false
ChIJO7BF1vZ9mYARZxfHHeZiCXs,Sunnyside Marina & Watersport Rentals,true,core,alpine-ski; canoe; kayak; pontoon; powerboat; pwc; sailing; sup; wakeboard; watersports,17,4.8,625,OPERATIONAL,Services,https://marinasunnyside.com/?utm_source=gmb&utm_medium=gmb&utm_campaign=gmb,https://maps.google.com/?cid=8865726081937119079&g_mp=Cidnb29nbGUubWFwcy5wbGFjZXMudjEuUGxhY2VzLlNlYXJjaFRleHQQAhgEIAA,(530) 583-7201,"1835 W Lake Blvd, Tahoe City, CA 96145, USA",39.1392194,-120.15512310000001,false,1,boat charter; boat rental; canoe rental; jet ski rental; kayak rental; kayak tours; motorboat rental; paddleboard rental; personal watercraft rental; pontoon rental; sailboat rental; ski boat rental; ski rental; ski shop; wakeboard boat rental; watersports rental; waverunner rental,standard,2026-06-24,,false
ChIJS8TtqYdAmYARD5obmP5i4Eg,168 Asian Market,true,core,gear-shop,3,4.3,622,OPERATIONAL,Asian Grocery Store,http://168asianmarketreno.com/,https://maps.google.com/?cid=5251306011127159311&g_mp=Cidnb29nbGUubWFwcy5wbGFjZXMudjEuUGxhY2VzLlNlYXJjaFRleHQQAhgEIAA,(775) 823-9918,"3090 S Virginia St, Reno, NV 89502, USA",39.495263,-119.7977435,false,3,sporting goods store,standard,2026-06-24,,false
ChIJOTMlK0mPmYARuUiisyT708U,Pine Nut Ebike Rentals South Lake Tahoe,true,core,cycling; dirtbike; ebike; mtb; snowboard; sup,7,5,609,OPERATIONAL,Services,https://www.pinenutebikerentals.com/,https://maps.google.com/?cid=14255013380608903353&g_mp=Cidnb29nbGUubWFwcy5wbGFjZXMudjEuUGxhY2VzLlNlYXJjaFRleHQQAhgEIAA,(530) 600-5313,"871 Emerald Bay Rd Unit B, South Lake Tahoe, CA 96150, USA",38.916868199999996,-120.00866939999999,false,1,bike rental; bike shop; dirt bike rental; ebike rental; mountain bike rental; paddleboard rental; snowboard rental,standard,2026-06-24,,false
ChIJB5oFDj8VmYAR9PxnV3JuLiI,The Spa and Sauna Co. - S Reno,true,core,gear-shop,1,4.8,589,OPERATIONAL,Store,https://spaandsauna.com/locations-south-virginia-st-reno/?utm_source=organic&utm_medium=GMB&utm_campaign=GMB%20Spa%20and%20Billiard&utm_content=GMB%20Virginia%20St,https://maps.google.com/?cid=2463027483589999860&g_mp=Cidnb29nbGUubWFwcy5wbGFjZXMudjEuUGxhY2VzLlNlYXJjaFRleHQQAhgEIAA,(775) 852-3838,"9748 S Virginia St Ste A-D, Reno, NV 89511, USA",39.4428917,-119.7692946,false,1,sporting goods store,standard,2026-06-24,,false
ChIJqyv1rH9AmYARtgff-7iWsyQ,Bobo's Ski & Patio,true,core,alpine-ski; backcountry-ski; cycling; gear-shop; nordic-ski; pwc; snowboard; snowshoe,15,4.5,589,OPERATIONAL,Sporting Goods Store,http://www.bobos.com/,https://maps.google.com/?cid=2644623127440459702&g_mp=Cidnb29nbGUubWFwcy5wbGFjZXMudjEuUGxhY2VzLlNlYXJjaFRleHQQAhgEIAA,(775) 826-9096,"475 E Moana Ln, Reno, NV 89502, USA",39.4931543,-119.7918162,false,3,backcountry ski rental; bike shop; cross country ski rental; jet ski rental; outdoor equipment rental; outdoor gear rental; ski rental; ski shop; snowboard rental; snowboard shop; snowshoe rental; splitboard rental; sporting goods store,standard,2026-06-24,,false
ChIJ0_Pg0Y2PmYARH5uyZfJE8Bo,Tahoe Keys Marina,true,core,canoe; pontoon; powerboat; pwc; sailing; wakeboard,7,4.3,588,OPERATIONAL,Marina,https://tahoekeysmarina.com/,https://maps.google.com/?cid=1941127247275662111&g_mp=Cidnb29nbGUubWFwcy5wbGFjZXMudjEuUGxhY2VzLlNlYXJjaFRleHQQAhgEIAA,(530) 541-2155,"2435 Venice Dr E, South Lake Tahoe, CA 96150, USA",38.9344586,-120.00205899999999,false,1,boat charter; boat rental; canoe rental; jet ski rental; pontoon rental; sailboat rental; ski boat rental,standard,2026-06-24,,false
ChIJ07qIFkY_mYARufQVHTU-UmI,All Star Rents,true,core,gear-shop,1,4.8,585,OPERATIONAL,Services,http://reno.allstarrents.com/,https://maps.google.com/?cid=7084793561649378489&g_mp=Cidnb29nbGUubWFwcy5wbGFjZXMudjEuUGxhY2VzLlNlYXJjaFRleHQQAhgEIAA,(775) 358-5123,"1920 Glendale Ave, Sparks, NV 89431, USA",39.5279004,-119.77014760000002,false,1,outdoor equipment rental,standard,2026-06-24,,false
ChIJ4dlT8rmPmYARcM6hZlrohTM,Big 5 Sporting Goods,true,core; gap,cycling; fishing-gear; gear-shop; snowboard,4,4.2,548,OPERATIONAL,Sporting Goods Store,http://www.big5sportinggoods.com/,https://maps.google.com/?cid=3712628942803422832&g_mp=Cidnb29nbGUubWFwcy5wbGFjZXMudjEuUGxhY2VzLlNlYXJjaFRleHQQAhgEIAA,(530) 542-6221,"2062 Lake Tahoe Blvd, South Lake Tahoe, CA 96150, USA",38.9137687,-120.0026326,false,1,bike shop; fishing bait and tackle shop; snowboard shop; sporting goods store,standard,2026-06-24,ChIJVQaY73VAmYARn0kEp4dptlI,false
ChIJRQ2OgNA-mYARvKDgeYqlR6c,Big 5 Sporting Goods,true,core,alpine-ski; cycling; gear-shop; snowboard,4,4.2,539,OPERATIONAL,Sporting Goods Store,http://www.big5sportinggoods.com/,https://maps.google.com/?cid=12053784941849256124&g_mp=Cidnb29nbGUubWFwcy5wbGFjZXMudjEuUGxhY2VzLlNlYXJjaFRleHQQAhgEIAA,(775) 331-1211,"558 N McCarran Blvd, Sparks, NV 89431, USA",39.539207,-119.733074,false,1,bike shop; ski shop; snowboard shop; sporting goods store,standard,2026-06-24,ChIJVQaY73VAmYARn0kEp4dptlI,false
ChIJgQ14cp19mYARmx8aB0KetHA,Truckee River Rafting,true,core; experience,kayak; rafting; river-tube,5,4.7,525,OPERATIONAL,,https://www.truckeeriverrafting.com/,https://maps.google.com/?cid=8121290034480029595&g_mp=Cidnb29nbGUubWFwcy5wbGFjZXMudjEuUGxhY2VzLlNlYXJjaFRleHQQAhgEIAA,(530) 583-1111,"175 W River Rd, Tahoe City, CA 96145, USA",39.1665263,-120.1454678,false,1,kayak rental; kayak tours; river float rental; river tubing rental; whitewater rafting,standard,2026-06-24,,false
ChIJ58U5ky45mYARhpveVjdZzrQ,Big R Sparks,true,core,gear-shop,1,4.5,520,OPERATIONAL,Hardware Store,https://www.bigrwest.com/,https://maps.google.com/?cid=13028448866244926342&g_mp=Cidnb29nbGUubWFwcy5wbGFjZXMudjEuUGxhY2VzLlNlYXJjaFRleHQQAhgEIAA,(775) 825-2447,"1299 Baring Blvd, Sparks, NV 89434, USA",39.5555571,-119.719978,false,1,sporting goods store,standard,2026-06-24,,false
ChIJfy2gDdKNmYARkg65MPDmlQ4,Lake Tahoe Adventures,true,core; experience,atv; snow-tube; snowmobile; utv,7,4.5,514,OPERATIONAL,Tour Agency,https://www.laketahoeadventures.com/?utm_source=google&utm_medium=organic&utm_campaign=gbp_listing,https://maps.google.com/?cid=1051000007344852626&g_mp=Cidnb29nbGUubWFwcy5wbGFjZXMudjEuUGxhY2VzLlNlYXJjaFRleHQQAhgEIAA,(800) 490-3995,"760 US-50, Zephyr Cove, NV 89448, USA",39.0058836,-119.94721100000001,false,1,atv rental; quad rental; rzr rental; side by side rental; sled rental; snowmobile rental; utv rental,standard,2026-06-24,,false
ChIJz27tiZ-amYARUgJHvRMubbg,Action Watersports at Lakeside Marina,true,core,alpine-ski; canoe; kayak; pontoon; powerboat; pwc; sailing; sup; wakeboard; watersports,17,4.3,511,OPERATIONAL,Services,http://www.action-watersports.com/,https://maps.google.com/?cid=13289328737755005522&g_mp=Cidnb29nbGUubWFwcy5wbGFjZXMudjEuUGxhY2VzLlNlYXJjaFRleHQQAhgEIAA,(530) 541-9800,"4041 Lakeshore Blvd, South Lake Tahoe, CA 96150, USA",38.95841060000001,-119.95153640000001,false,3,boat charter; boat rental; canoe rental; jet ski rental; kayak rental; kayak tours; motorboat rental; paddleboard rental; personal watercraft rental; pontoon rental; sailboat rental; ski boat rental; ski rental; watersports rental; waverunner rental,standard,2026-06-24,,false
ChIJ87kKrIuFmYARPZsnLzFwDFs,Camp Richardson Marina,true,core; gap,alpine-ski; camping; canoe; fishing-charter; kayak; pontoon; powerboat; pwc; sailing; sup; wakeboard; watersports,18,4.5,505,OPERATIONAL,Marina,https://action-watersports.com/camp-richardson-marina/,https://maps.google.com/?cid=6560742113718803261&g_mp=Cidnb29nbGUubWFwcy5wbGFjZXMudjEuUGxhY2VzLlNlYXJjaFRleHQQAhgEIAA,(530) 541-9800,"1900 Jameson Beach Rd, South Lake Tahoe, CA 96150, USA",38.938348999999995,-120.03945159999999,false,1,boat charter; boat rental; camping gear rental; canoe rental; fishing charter; jet ski rental; kayak rental; kayak tours; motorboat rental; paddleboard rental; personal watercraft rental; pontoon rental; sailboat rental; ski boat rental; ski rental; wakeboard boat rental; watersports rental; waverunner rental,standard,2026-06-24,,false
ChIJbYhgbxtwmYAR_mdxFLQOQZE,Tahoe Multisport - E-Bike Kayak Stand Up Paddle Board - Rentals & Tours,true,core,alpine-ski; canoe; cycling; ebike; gear-shop; kayak; mtb; nordic-ski; pwc; snowshoe; sup; watersports,17,4.9,503,OPERATIONAL,Tour Agency,http://tahoemultisport.com/,https://maps.google.com/?cid=10466663175585622014&g_mp=Cidnb29nbGUubWFwcy5wbGFjZXMudjEuUGxhY2VzLlNlYXJjaFRleHQQAhgEIAA,(775) 750-7386,"UPPER LOT, 797 Southwood Blvd unit #10, Incline Village, NV 89451, USA",39.2481885,-119.96235899999998,false,2,bike rental; canoe rental; cross country ski rental; ebike rental; jet ski rental; kayak rental; kayak tours; mountain bike rental; outdoor gear rental; paddleboard rental; ski rental; ski shop; snowshoe rental; watersports rental,standard,2026-06-24,,false
ChIJwdKiDN6amYARmHcUTF73q5k,Tahoe Cruises /Spirit of Tahoe / Safari Rose,true,core,powerboat,1,4.8,498,OPERATIONAL,Tour Agency,http://www.tahoecruises.com/,https://maps.google.com/?cid=11073216093195892632&g_mp=Cidnb29nbGUubWFwcy5wbGFjZXMudjEuUGxhY2VzLlNlYXJjaFRleHQQAhgEIAA,(775) 588-1881,"900 Ski Run Blvd, South Lake Tahoe, CA 96150, USA",38.949357899999995,-119.9592312,false,1,boat charter,standard,2026-06-24,,false
ChIJYSNv7aU4mYARz2iT6DLWU6U,Goodwill Industries Sacramento Valley & Northern Nevada,true,core,cycling,1,3.6,498,OPERATIONAL,Store,https://www.goodwillsacto.org/,https://maps.google.com/?cid=11913100953463777487&g_mp=Cidnb29nbGUubWFwcy5wbGFjZXMudjEuUGxhY2VzLlNlYXJjaFRleHQQAhgEIAA,(775) 358-6444,"2424 Oddie Blvd, Reno, NV 89512, USA",39.546978599999996,-119.78131969999998,false,1,bike shop,standard,2026-06-24,,false
ChIJt6Q_H6IKmYAR0mL8DUOh7aY,Carson Jewelry & Loan,true,core,cycling; gear-shop,2,5,487,OPERATIONAL,Services,http://www.battleborngems.com/,https://maps.google.com/?cid=12028447489145987794&g_mp=Cidnb29nbGUubWFwcy5wbGFjZXMudjEuUGxhY2VzLlNlYXJjaFRleHQQAhgEIAA,(775) 883-1717,"308 N Carson St, Carson City, NV 89701, USA",39.1654935,-119.76715000000002,false,1,bike shop; sporting goods store,standard,2026-06-24,,false
ChIJ8_oCjqZkmYARLdFYqALP_u8,North Tahoe Paddle,true,core,canoe; kayak; pontoon; powerboat; sup; watersports,7,5,484,OPERATIONAL,Services,https://www.northtahoepaddle.com/,https://maps.google.com/?cid=17293487229470560557&g_mp=Cidnb29nbGUubWFwcy5wbGFjZXMudjEuUGxhY2VzLlNlYXJjaFRleHQQAhgEIAA,(530) 448-7054,"141 Secline St, Kings Beach, CA 96143, USA",39.237164,-120.02998199999999,false,1,boat rental; canoe rental; kayak rental; kayak tours; paddleboard rental; pontoon rental; watersports rental,standard,2026-06-24,,false
ChIJ87o1B6NFmYARWznGWV_cHh8,Another Bike Shop Reno,true,core,cycling; dirtbike; ebike; gear-shop; mtb,6,5,482,OPERATIONAL,Bicycle Shop,https://www.anotherbikeshop.com/,https://maps.google.com/?cid=2242471966563252571&g_mp=Cidnb29nbGUubWFwcy5wbGFjZXMudjEuUGxhY2VzLlNlYXJjaFRleHQQAhgEIAA,(775) 800-1412,"8543 White Fir St d4, Reno, NV 89523, USA",39.5072198,-119.90177190000001,false,1,bike rental; bike shop; dirt bike rental; ebike rental; mountain bike rental; sporting goods store,standard,2026-06-24,,false
ChIJl1VVVSU-mYARJj-DrzWoUQQ,Burlington,true,core,gear-shop,2,3.5,482,OPERATIONAL,Clothing Store,https://www.burlington.com/stores/nv/reno/314?utm_source=google&utm_medium=organic&utm_campaign=maps,https://maps.google.com/?cid=311214797796622118&g_mp=Cidnb29nbGUubWFwcy5wbGFjZXMudjEuUGxhY2VzLlNlYXJjaFRleHQQAhgEIAA,(775) 825-0554,"4015 S Virginia St, Reno, NV 89502, USA",39.486466,-119.7948413,false,2,sporting goods store,standard,2026-06-24,,true
ChIJ37JzoTVHmYAR6R3WuiaDH1U,Palace Jewelry & Loan Company Inc,true,core,cycling,1,4.8,477,OPERATIONAL,Services,http://www.pjlreno.com/,https://maps.google.com/?cid=6133765419868495337&g_mp=Cidnb29nbGUubWFwcy5wbGFjZXMudjEuUGxhY2VzLlNlYXJjaFRleHQQAhgEIAA,(775) 322-2863,"300 N Virginia St, Reno, NV 89501, USA",39.529122400000006,-119.8137852,false,1,bike shop,standard,2026-06-24,,false
ChIJOTO1DhKQmYARgTor_IoKrSY,Rock House Discount Ski & Snowboard Rentals,true,core; experience,alpine-ski; gear-shop; snow-tube; snowboard; snowshoe,12,4.9,472,OPERATIONAL,Services,http://tahoediscountskis.com/,https://maps.google.com/?cid=2786895336464661121&g_mp=Cidnb29nbGUubWFwcy5wbGFjZXMudjEuUGxhY2VzLlNlYXJjaFRleHQQAhgEIAA,(530) 600-0450,"1098 Ski Run Blvd, South Lake Tahoe, CA 96150, USA",38.9455592,-119.9557682,false,2,outdoor equipment rental; outdoor gear rental; ski rental; ski shop; sled rental; snow tube rental; snowboard rental; snowboard shop; snowshoe rental; sporting goods store,standard,2026-06-24,,false
ChIJs20KKZiRmYARH90vw83AWkU,Sail Tahoe Blue | Sailing Cruises,true,core,alpine-ski; canoe; pontoon; powerboat; pwc; sailing; wakeboard,9,5,462,OPERATIONAL,Services,http://www.sailtahoeblue.com/,https://maps.google.com/?cid=4997518726496509215&g_mp=Cidnb29nbGUubWFwcy5wbGFjZXMudjEuUGxhY2VzLlNlYXJjaFRleHQQAhgEIAA,(530) 213-3451,"900 Ski Run Blvd, South Lake Tahoe, CA 96150, USA",38.9494404,-119.9592777,false,1,boat charter; boat rental; canoe rental; jet ski rental; motorboat rental; pontoon rental; sailboat rental; ski boat rental; ski rental,standard,2026-06-24,,false
ChIJyTEMtn0_mYARwkrufB2t4Fc,REI,true,core; experience,alpine-ski; backcountry-ski; backpacking; camping; canoe; climbing; cycling; gear-shop; ice-climb; kayak; mtb; nordic-ski; snow-tube; snowboard; snowshoe; sup; windsurf,24,4.3,458,OPERATIONAL,Store,https://www.rei.com/stores/reno?y_source=1_MTQ1MzQxOC03MTUtbG9jYXRpb24ud2Vic2l0ZQ%3D%3D,https://maps.google.com/?cid=6332251418244565698&g_mp=Cidnb29nbGUubWFwcy5wbGFjZXMudjEuUGxhY2VzLlNlYXJjaFRleHQQAhgEIAA,(775) 828-9090,"2225 Harvard Wy, Reno, NV 89502, USA",39.502213,-119.78673900000001,false,3,backcountry ski rental; backpacking gear rental; bike rental; bike shop; camping gear rental; canoe rental; climbing gear rental; cross country ski rental; kayak rental; mountain bike rental; mountaineering gear rental; outdoor equipment rental; outdoor gear rental; paddleboard rental; ski rental; ski shop; sled rental; snowboard rental; snowboard shop; snowshoe rental; sporting goods store; windsurfing rental,standard,2026-06-24,,false
ChIJ4xKSCRSgmYAR2-u3F9IfKCM,Greenhouse Garden Center and Gift Shop,true,core,gear-shop,1,4.6,450,OPERATIONAL,Garden Center,http://www.greenhousegardencenter.com/,https://maps.google.com/?cid=2533309777597426651&g_mp=Cidnb29nbGUubWFwcy5wbGFjZXMudjEuUGxhY2VzLlNlYXJjaFRleHQQAhgEIAA,(775) 882-8600,"2450 S Curry St, Carson City, NV 89703, USA",39.1454461,-119.77109019999999,false,1,sporting goods store,standard,2026-06-24,,false
ChIJVWZBYYOPmYAR_xt0WYQON0k,Lake Tahoe Boat Rides,true,core,canoe; pontoon; powerboat; pwc; sailing; wakeboard; watersports,13,4.9,438,OPERATIONAL,Tour Agency,https://www.tahoeboatrides.com/,https://maps.google.com/?cid=5275701450087078911&g_mp=Cidnb29nbGUubWFwcy5wbGFjZXMudjEuUGxhY2VzLlNlYXJjaFRleHQQAhgEIAA,(530) 545-1223,"2435 Venice Dr E, South Lake Tahoe, CA 96150, USA",38.9347725,-120.0024426,false,1,boat charter; boat rental; canoe rental; catamaran rental; jet ski rental; motorboat rental; personal watercraft rental; pontoon rental; sailboat rental; ski boat rental; wakeboard boat rental; watersports rental; waverunner rental,standard,2026-06-24,,false
ChIJZ5DAu_TXJIgR7irwk2GeSMo,PlumpJack Inn,true,core,alpine-ski,2,4.3,422,OPERATIONAL,Resort hotel,https://www.plumpjackinn.com/?utm_medium=organic&utm_source=google&utm_campaign=business-listing,https://maps.google.com/?cid=14576074335915617006&g_mp=Cidnb29nbGUubWFwcy5wbGFjZXMudjEuUGxhY2VzLlNlYXJjaFRleHQQAhgEIAA,(800) 323-7666,"1920 Olympic Vly Rd, Olympic Valley, CA 96146, USA",39.197266899999995,-120.23608349999999,false,2,ski rental,standard,2026-06-24,,false
ChIJ1RqB2urZm4AR4qcaOJAfq7M,Alpenglow Expeditions,true,core,backcountry-ski; climbing,2,4.9,420,OPERATIONAL,,https://alpenglowexpeditions.com/,https://maps.google.com/?cid=12946476258083645410&g_mp=Cidnb29nbGUubWFwcy5wbGFjZXMudjEuUGxhY2VzLlNlYXJjaFRleHQQAhgEIAA,(877) 873-5376,"1985 Olympic Vly Rd #23, Olympic Valley, CA 96146, USA",39.1971797,-120.2347986,false,1,backcountry ski rental; climbing gear rental,standard,2026-06-24,,false
ChIJEx2nu2A_mYARgbwxIv--PN8,Reno Guns & Range,true,core,gear-shop,3,4.4,418,OPERATIONAL,Sporting Goods Store,https://renoguns.com/,https://maps.google.com/?cid=16085941972060191873&g_mp=Cidnb29nbGUubWFwcy5wbGFjZXMudjEuUGxhY2VzLlNlYXJjaFRleHQQAhgEIAA,(775) 826-2626,"2325 Market St, Reno, NV 89502, USA",39.5151392,-119.7840464,false,3,sporting goods store,standard,2026-06-24,,false
ChIJh9PHTWc_mYARVC3YDBKB97I,Kawasaki Yamaha of Reno,true,core,alpine-ski; cycling; dirtbike,3,4.7,417,OPERATIONAL,Store,http://www.kawasakiofreno.com/,https://maps.google.com/?cid=12895917972523593044&g_mp=Cidnb29nbGUubWFwcy5wbGFjZXMudjEuUGxhY2VzLlNlYXJjaFRleHQQAhgEIAA,(775) 786-8696,"2345 Market St, Reno, NV 89502, USA",39.5145683,-119.7826291,false,1,bike shop; dirt bike rental; ski shop,standard,2026-06-24,,false
ChIJ9RqU0PY_mYARX46rK6djod4,DICK'S Sporting Goods,true,core,cycling; gear-shop; snowboard,3,3.9,415,OPERATIONAL,Sporting Goods Store,https://stores.dickssportinggoods.com/nv/reno/1215/?seo=localpack,https://maps.google.com/?cid=16042212917313769055&g_mp=Cidnb29nbGUubWFwcy5wbGFjZXMudjEuUGxhY2VzLlNlYXJjaFRleHQQAhgEIAA,(775) 636-7838,"5354 Meadowood Mall Cir, Reno, NV 89502, USA",39.4730428,-119.78195960000001,false,1,bike shop; snowboard shop; sporting goods store,standard,2026-06-24,,false
ChIJvxpWPuoKmYAR1zvHnsC7c2I,Classy Seconds Thrift Shop,true,core,cycling,1,4,381,OPERATIONAL,Thrift Store,https://www.facebook.com/classy.seconds,https://maps.google.com/?cid=7094220274010635223&g_mp=Cidnb29nbGUubWFwcy5wbGFjZXMudjEuUGxhY2VzLlNlYXJjaFRleHQQAhgEIAA,(775) 841-7081,"3590 Gordon St, Carson City, NV 89701, USA",39.178381099999996,-119.7274077,false,1,bike shop,standard,2026-06-24,,true
ChIJA5zRfb_fm4ARX7uJFFYj08w,Tahoe Sports Hub,true,core,alpine-ski; backcountry-ski; backpacking; camping; canoe; climbing; cycling; disc-golf; gear-shop; kayak; mtb; nordic-ski; pwc; snowboard; snowshoe; sup; watersports,25,4.5,373,OPERATIONAL,Sporting Goods Store,http://www.tahoesportshub.com/,https://maps.google.com/?cid=14759179256441977695&g_mp=Cidnb29nbGUubWFwcy5wbGFjZXMudjEuUGxhY2VzLlNlYXJjaFRleHQQAhgEIAA,(530) 582-4510,"10095 W River St #2, Truckee, CA 96161, USA",39.326738,-120.185346,false,3,backcountry ski rental; backpacking gear rental; bike rental; bike shop; camping gear rental; canoe rental; climbing gear rental; cross country ski rental; disc golf rental; jet ski rental; kayak rental; mountain bike rental; outdoor equipment rental; outdoor gear rental; paddleboard rental; ski rental; ski shop; snowboard rental; snowboard shop; snowshoe rental; splitboard rental; sporting goods store; watersports rental,standard,2026-06-24,,false
ChIJif-J2w8_mYAR3sySJaP30sI,C-A-L Ranch Stores,true,core; gap,fishing-gear; gear-shop,4,4.3,369,OPERATIONAL,Food Store,https://www.calranch.com/about/store-locations/reno,https://maps.google.com/?cid=14038555268549364958&g_mp=Cidnb29nbGUubWFwcy5wbGFjZXMudjEuUGxhY2VzLlNlYXJjaFRleHQQAhgEIAA,(775) 525-3737,"3400 Kietzke Ln, Reno, NV 89502, USA",39.490935,-119.788326,false,3,fishing bait and tackle shop; sporting goods store,standard,2026-06-24,ChIJTzn0DcAKmYARxoee15mGbs0,false
ChIJU6LE3i1HmYARG9mTGs97rkc,SPCA of Northern Nevada Thrift Store,true,core,cycling; gear-shop,3,4.2,368,OPERATIONAL,Thrift Store,https://spcanevada.org/spca-thrift-store/,https://maps.google.com/?cid=5165201952074881307&g_mp=Cidnb29nbGUubWFwcy5wbGFjZXMudjEuUGxhY2VzLlNlYXJjaFRleHQQAhgEIAA,(775) 324-7776,"75 E Moana Ln, Reno, NV 89502, USA",39.4923243,-119.79565869999999,false,2,bike shop; sporting goods store,standard,2026-06-24,,true
ChIJB3B2EWg_mYARI9BBbwzlLjI,RAC Guns & Ammo,true,core,gear-shop,1,4.4,367,OPERATIONAL,Sporting Goods Store,http://racgunsandammo.com/,https://maps.google.com/?cid=3616079392394039331&g_mp=Cidnb29nbGUubWFwcy5wbGFjZXMudjEuUGxhY2VzLlNlYXJjaFRleHQQAhgEIAA,(775) 240-8253,"1410 E Prater Way Ste B, Sparks, NV 89434, USA",39.5424396,-119.71779900000001,false,1,sporting goods store,standard,2026-06-24,,false
ChIJ9WJuI_w_mYAR23aOhUAK3sA,Sierra Cyclesmith Bicycle Shop,true,core,cycling; ebike; gear-shop; mtb,5,4.8,359,OPERATIONAL,Bicycle Shop,https://www.sierracyclesmith.com/,https://maps.google.com/?cid=13897556772346820315&g_mp=Cidnb29nbGUubWFwcy5wbGFjZXMudjEuUGxhY2VzLlNlYXJjaFRleHQQAhgEIAA,(775) 852-9253,"7007 S Virginia St A, Reno, NV 89511, USA",39.4629608,-119.78268369999999,false,1,bike rental; bike shop; ebike rental; mountain bike rental; sporting goods store,standard,2026-06-24,,false
ChIJ0_Pg0Y2PmYARaruB5PP2M5Q,Tahoe Sports Tahoe Keys Boat Rental,true,core,alpine-ski; canoe; kayak; pontoon; powerboat; pwc; sailing; sup; wakeboard; watersports,17,4.1,358,OPERATIONAL,Services,https://tahoesports.com/tahoekeysboatrentals/,https://maps.google.com/?cid=10679150668796771178&g_mp=Cidnb29nbGUubWFwcy5wbGFjZXMudjEuUGxhY2VzLlNlYXJjaFRleHQQAhgEIAA,(530) 544-8888,"2435 Venice Dr E #91, South Lake Tahoe, CA 96150, USA",38.934469799999995,-120.0025297,false,1,boat charter; boat rental; canoe rental; jet ski rental; kayak rental; kayak tours; lake toy rental; motorboat rental; paddleboard rental; personal watercraft rental; pontoon rental; sailboat rental; ski boat rental; ski rental; wakeboard boat rental; watersports rental; waverunner rental,standard,2026-06-24,,false
ChIJh3Vq9Erem4ARp7DlEopmp64,Starbucks Coffee Company,true,core,cycling,1,3.8,357,OPERATIONAL,Coffee Shop,https://www.starbucks.com/store-locator/store/1020531,https://maps.google.com/?cid=12585140426918703271&g_mp=Cidnb29nbGUubWFwcy5wbGFjZXMudjEuUGxhY2VzLlNlYXJjaFRleHQQAhgEIAA,(530) 582-4583,"11355 Deerfield Dr, Truckee, CA 96161, USA",39.31897,-120.207726,false,1,bike shop,standard,2026-06-24,,false
ChIJzWvvvHhAmYARWuyG43MMyYM,Anderson Powersports Reno,true,core,cycling; gear-shop,4,4.5,355,OPERATIONAL,Store,http://www.andersonpowersportsreno.com/,https://maps.google.com/?cid=9496134981165444186&g_mp=Cidnb29nbGUubWFwcy5wbGFjZXMudjEuUGxhY2VzLlNlYXJjaFRleHQQAhgEIAA,(775) 355-8810,"3445 Kietzke Ln, Reno, NV 89502, USA",39.4898292,-119.78948009999998,false,3,bike shop; sporting goods store,standard,2026-06-24,,false
ChIJs_Huhuh6mYARmK4uzYKbtXg,Speedboat Beach,true,core,powerboat,1,4.5,351,OPERATIONAL,Beach,http://northtahoeparks.com/beaches,https://maps.google.com/?cid=8698029241426423448&g_mp=Cidnb29nbGUubWFwcy5wbGFjZXMudjEuUGxhY2VzLlNlYXJjaFRleHQQAhgEIAA,(530) 546-4212,"Speedboat Beach, 9898 Lake St, Kings Beach, CA 96143, USA",39.2230688,-120.008631,false,1,boat rental,standard,2026-06-24,,false
ChIJIxqpMOs-mYARI02wa7Xy1fE,adidas OUTLET STORE,true,core,gear-shop,1,4.4,347,OPERATIONAL,Sportswear Store,https://go.adidas.com/ihha/11c0ab86,https://maps.google.com/?cid=17426101194189720867&g_mp=Cidnb29nbGUubWFwcy5wbGFjZXMudjEuUGxhY2VzLlNlYXJjaFRleHQQAhgEIAA,(775) 358-9700,"1420 Scheels Drive Suite E-126, Sparks, NV 89434, USA",39.531804699999995,-119.71927489999999,false,1,sporting goods store,standard,2026-06-24,,false
ChIJta3ByIBAmYARMwqbNFMU2e4,Rent-A-Wreck,true,core,offroad-4x4,1,4.4,345,OPERATIONAL,Car Rental Agency,http://www.rentawreck.com/cheap-car-rental-reno-NV.html,https://maps.google.com/?cid=17210809798570478131&g_mp=Cidnb29nbGUubWFwcy5wbGFjZXMudjEuUGxhY2VzLlNlYXJjaFRleHQQAhgEIAA,(775) 826-7676,"295 Gentry Wy Suite #6, Reno, NV 89502, USA",39.495505,-119.794012,false,1,4x4 rental,standard,2026-06-24,,true
ChIJn84-xYuPmYAR0Q_y8E3-ejo,Tahoe Outdoor Adventures,true,core; experience,atv; cycling; dirtbike; gear-shop; snow-tube; snowmobile; utv,11,5,341,OPERATIONAL,,https://tahoeoutdooradventures.com/,https://maps.google.com/?cid=4213960012066852817&g_mp=Cidnb29nbGUubWFwcy5wbGFjZXMudjEuUGxhY2VzLlNlYXJjaFRleHQQAhgEIAA,(530) 494-9968,"950 Emerald Bay Rd, South Lake Tahoe, CA 96150, USA",38.914426299999995,-120.00624549999999,false,1,atv rental; bike rental; dirt bike rental; outdoor equipment rental; outdoor gear rental; quad rental; rzr rental; side by side rental; sled rental; snowmobile rental; utv rental,standard,2026-06-24,,false
ChIJmf-M8-A-mYARc6_PtX-mJWY,MetroPawn,true,core,cycling; gear-shop,2,4.8,341,OPERATIONAL,Services,https://ezpawn.com/stores/nv/sparks/255-e-glendale-ave,https://maps.google.com/?cid=7360472233448288115&g_mp=Cidnb29nbGUubWFwcy5wbGFjZXMudjEuUGxhY2VzLlNlYXJjaFRleHQQAhgEIAA,(775) 359-5151,"255 E Glendale Ave, Sparks, NV 89431, USA",39.527069499999996,-119.73927780000001,false,1,bike shop; sporting goods store,standard,2026-06-24,,false
ChIJt_DfxUAVmYAR4rshiiKBf5k,EuroCycle Reno,true,core,cycling,1,4.4,337,OPERATIONAL,Store,https://rideeurocycle.com/,https://maps.google.com/?cid=11060701195191565282&g_mp=Cidnb29nbGUubWFwcy5wbGFjZXMudjEuUGxhY2VzLlNlYXJjaFRleHQQAhgEIAA,(775) 358-3500,"125 Gentry Wy, Reno, NV 89502, USA",39.495227799999995,-119.7964706,false,1,bike shop,standard,2026-06-24,,false
ChIJcaR1JCqMmYARM3vcgiLxcpM,Tahoe Paradise Park,true,core,disc-golf,1,4.8,336,OPERATIONAL,Park,http://www.tahoeparadisepark.com/,https://maps.google.com/?cid=10624819601447090995&g_mp=Cidnb29nbGUubWFwcy5wbGFjZXMudjEuUGxhY2VzLlNlYXJjaFRleHQQAhgEIAA,(530) 577-9881,"1011 E San Bernardino Ave, South Lake Tahoe, CA 96150, USA",38.8574901,-120.02516659999999,false,1,disc golf rental,standard,2026-06-24,,false
ChIJqyMGGrA4mYARwyzGSvxyrPM,Manila Hong Kong Store & Kitchen,true,core,gear-shop,1,4.1,334,OPERATIONAL,Asian Grocery Store,https://www.manilahkstore.com/,https://maps.google.com/?cid=17558535475122547907&g_mp=Cidnb29nbGUubWFwcy5wbGFjZXMudjEuUGxhY2VzLlNlYXJjaFRleHQQAhgEIAA,(775) 331-7877,"2233 Oddie Blvd, Sparks, NV 89431, USA",39.5444842,-119.77422649999998,false,1,sporting goods store,standard,2026-06-24,,false
ChIJR0FCx26RmYARC1DXrYKAuMU,Drink Coffee Do Stuff,true,core,alpine-ski,1,4.3,333,OPERATIONAL,Coffee Shop,https://drinkcoffeedostuff.com/,https://maps.google.com/?cid=14247278719937237003&g_mp=Cidnb29nbGUubWFwcy5wbGFjZXMudjEuUGxhY2VzLlNlYXJjaFRleHQQAhgEIAA,,"3894 Pioneer Trail, South Lake Tahoe, CA 96150, USA",38.9517777,-119.9470184,false,1,ski shop,standard,2026-06-24,,false
ChIJGdQ_nOvZm4ARCVcV08a8cic,Coffeebar,true,core,alpine-ski,1,4.2,332,OPERATIONAL,Coffee Shop,https://www.coffeebar.com/,https://maps.google.com/?cid=2842541876955141897&g_mp=Cidnb29nbGUubWFwcy5wbGFjZXMudjEuUGxhY2VzLlNlYXJjaFRleHQQAhgEIAA,(530) 580-4200,"1750 Village East Rd Unit 61, Olympic Valley, CA 96146, USA",39.1970369,-120.2331092,false,1,ski shop,standard,2026-06-24,,false
ChIJT2-7fvtxmYARWSzaVmVTCq4,Clearly Tahoe Kayak Rentals at Sand Harbor,true,core,alpine-ski; canoe; cycling; kayak; pontoon; powerboat; pwc; river-tube; sup; wakeboard; watersports,12,4.8,329,OPERATIONAL,Services,http://www.clearlytahoerentals.com/,https://maps.google.com/?cid=12540927807080508505&g_mp=Cidnb29nbGUubWFwcy5wbGFjZXMudjEuUGxhY2VzLlNlYXJjaFRleHQQAhgEIAA,(775) 600-2575,"Sand Harbor, State Park, NV-28, Incline Village, NV 89451, USA",39.1956973,-119.9288031,false,2,bike rental; boat rental; canoe rental; jet ski rental; kayak rental; kayak tours; paddleboard rental; pontoon rental; river float rental; ski boat rental; ski rental; watersports rental,standard,2026-06-24,,false
ChIJpWVWCE1jmYARGULCKQg4sJ0,Tahoe Waterman's Landing,true,core,alpine-ski; canoe; kayak; pontoon; powerboat; pwc; sup; wakeboard; watersports,11,4.5,329,OPERATIONAL,Coffee Shop,http://www.tahoewaterman.com/,https://maps.google.com/?cid=11362643467567251993&g_mp=Cidnb29nbGUubWFwcy5wbGFjZXMudjEuUGxhY2VzLlNlYXJjaFRleHQQAhgEIAA,(530) 546-3590,"5166 N Lake Blvd, Carnelian Bay, CA 96140, USA",39.22645,-120.0798846,false,3,boat rental; canoe rental; jet ski rental; kayak rental; kayak tours; paddleboard rental; pontoon rental; ski boat rental; ski rental; watersports rental,standard,2026-06-24,,false
ChIJT720oDKPmYARl61Bj0YsY04,Tahoe Lake Tours,true,core,canoe; kayak; pontoon; powerboat; sailing,8,4.7,328,OPERATIONAL,Tour Agency,https://tahoeboattours.com/,https://maps.google.com/?cid=5648407039215512983&g_mp=Cidnb29nbGUubWFwcy5wbGFjZXMudjEuUGxhY2VzLlNlYXJjaFRleHQQAhgEIAA,(775) 339-1574,"2435 Venice Dr E #91, South Lake Tahoe, CA 96150, USA",38.935153299999996,-120.00269720000001,false,1,boat charter; boat rental; canoe rental; catamaran rental; kayak rental; kayak tours; motorboat rental; pontoon rental,standard,2026-06-24,,false
ChIJH4LWWHR9mYARypcqpL18ETo,Tahoe City Marina,true,core,canoe; pontoon; powerboat; pwc; sailing; wakeboard,7,4.7,325,OPERATIONAL,Marina,https://tahoecitymarina.com/,https://maps.google.com/?cid=4184262682748819402&g_mp=Cidnb29nbGUubWFwcy5wbGFjZXMudjEuUGxhY2VzLlNlYXJjaFRleHQQAhgEIAA,(530) 583-1039,"700 N Lake Blvd, Tahoe City, CA 96145, USA",39.172015099999996,-120.1373623,false,1,boat charter; boat rental; canoe rental; jet ski rental; pontoon rental; sailboat rental; ski boat rental,standard,2026-06-24,,false
ChIJe7KVfY4UmYAR3qXoQM1Ay4Y,Reno Running Company,true,core,gear-shop,1,4.8,324,OPERATIONAL,Sporting Goods Store,http://www.renorunningcompany.com/?utm_source=GBP&utm_medium=organic&utm_campaign=office,https://maps.google.com/?cid=9712928271656068574&g_mp=Cidnb29nbGUubWFwcy5wbGFjZXMudjEuUGxhY2VzLlNlYXJjaFRleHQQAhgEIAA,(775) 853-8017,"13987 S Virginia St, Reno, NV 89511, USA",39.404479699999996,-119.75014739999999,false,1,sporting goods store,standard,2026-06-24,,false
ChIJ4S8bg5Q4mYARXFLK0q7-JzY,Wildcreek Golf Course,true,core,disc-golf,1,4.1,315,OPERATIONAL,Golf Course,http://wildcreekgolf.org/,https://maps.google.com/?cid=3902367628954063452&g_mp=Cidnb29nbGUubWFwcy5wbGFjZXMudjEuUGxhY2VzLlNlYXJjaFRleHQQAhgEIAA,(775) 673-3100,"3500 Sullivan Ln, Sparks, NV 89431, USA",39.5600196,-119.76970809999999,false,1,disc golf rental,standard,2026-06-24,,false
ChIJK_S0ZKNjmYARflMVD1YFGjY,"Lake Tahoe Snowmobile Tours, Inc.",true,core; experience,snow-tube; snowmobile,2,4.8,311,OPERATIONAL,Tour Agency,https://laketahoesnowmobile.com/,https://maps.google.com/?cid=3898434294620967806&g_mp=Cidnb29nbGUubWFwcy5wbGFjZXMudjEuUGxhY2VzLlNlYXJjaFRleHQQAhgEIAA,(530) 546-4280,"Brockway Summit, CA-267, Tahoe Vista, CA 96148, USA",39.2607372,-120.0717057,false,1,sled rental; snowmobile rental,standard,2026-06-24,,false
ChIJKxjishWgmYARWBVz_LczFyE,Ridezilla Carson City,true,core,alpine-ski; cycling; gear-shop,3,4.3,308,OPERATIONAL,Store,https://www.ridezillacarsoncity.com/?utm_source=GBP&utm_medium=organic&utm_campaign=Google+Business+Profile,https://maps.google.com/?cid=2384431393023399256&g_mp=Cidnb29nbGUubWFwcy5wbGFjZXMudjEuUGxhY2VzLlNlYXJjaFRleHQQAhgEIAA,(775) 883-6111,"2680 S Carson St, Carson City, NV 89701, USA",39.143085,-119.76911299999999,false,1,bike shop; ski shop; sporting goods store,standard,2026-06-24,,false
ChIJ68T-F6hAmYAREF_0sCPEfNg,Custom Truck Accessories,true,core,cycling,1,4.6,304,OPERATIONAL,Auto Parts Store,http://www.customtruckaccessories.com/,https://maps.google.com/?cid=15599558866876260112&g_mp=Cidnb29nbGUubWFwcy5wbGFjZXMudjEuUGxhY2VzLlNlYXJjaFRleHQQAhgEIAA,(775) 329-5111,"385 Kietzke Ln, Reno, NV 89502, USA",39.524999199999996,-119.7899425,false,1,bike shop,standard,2026-06-24,,false
ChIJaY2NIBtwmYARTpUYiTNrn8w,Village Ski Loft,true,core; experience,alpine-ski; backcountry-ski; cycling; ebike; gear-shop; mtb; nordic-ski; snow-tube; snowboard; snowshoe,19,4.6,302,OPERATIONAL,Sporting Goods Store,http://www.villageskiloft.com/,https://maps.google.com/?cid=14744621574121887054&g_mp=Cidnb29nbGUubWFwcy5wbGFjZXMudjEuUGxhY2VzLlNlYXJjaFRleHQQAhgEIAA,(775) 831-3537,"800 Tahoe Blvd, Incline Village, NV 89451, USA",39.250718299999996,-119.9610866,false,2,alpine touring ski rental; backcountry ski rental; bike rental; bike shop; cross country ski rental; ebike rental; mountain bike rental; outdoor equipment rental; outdoor gear rental; ski rental; ski shop; sled rental; snowboard rental; snowboard shop; snowshoe rental; splitboard rental; sporting goods store,standard,2026-06-24,,false
ChIJVVVVVSU-mYARjosZjhZhwqY,St Vincent's Thrift Store,true,core,cycling,1,4.2,301,OPERATIONAL,Thrift Store,https://ccsnn.org/pages/st-vincents-thrift-shop,https://maps.google.com/?cid=12016273505279118222&g_mp=Cidnb29nbGUubWFwcy5wbGFjZXMudjEuUGxhY2VzLlNlYXJjaFRleHQQAhgEIAA,(775) 322-7073,"500 E 4th St, Reno, NV 89512, USA",39.5306442,-119.8073409,false,1,bike shop,standard,2026-06-24,,true
ChIJOUiVhlJHmYARM_Bf0AcXNyw,D Bar M Western Store,true,core,gear-shop,1,4.8,298,OPERATIONAL,Clothing Store,http://www.dbarm.com/,https://maps.google.com/?cid=3186040583716073523&g_mp=Cidnb29nbGUubWFwcy5wbGFjZXMudjEuUGxhY2VzLlNlYXJjaFRleHQQAhgEIAA,(775) 329-9107,"1020 E 4th St, Reno, NV 89512, USA",39.5323229,-119.8000407,false,1,sporting goods store,standard,2026-06-24,,true
ChIJGQAqJTegmYAR8nyAN4saCSM,Big 5 Sporting Goods,true,core,alpine-ski; cycling; gear-shop; snowboard,5,4.2,297,OPERATIONAL,Sporting Goods Store,http://www.big5sportinggoods.com/,https://maps.google.com/?cid=2524578251351817458&g_mp=Cidnb29nbGUubWFwcy5wbGFjZXMudjEuUGxhY2VzLlNlYXJjaFRleHQQAhgEIAA,(775) 883-0848,"4219 S Carson St, Carson City, NV 89701, USA",39.128909,-119.766986,false,1,bike shop; ski shop; snowboard rental; snowboard shop; sporting goods store,standard,2026-06-24,ChIJVQaY73VAmYARn0kEp4dptlI,false
ChIJrZ0a2NKOmYARplzx7FF4nrQ,"Fallen Leaf Lake Store, Cafe and Marina",true,core,canoe; kayak; pontoon; powerboat; sup; watersports,7,4.6,296,OPERATIONAL,General Store,http://www.fallenleaflodge.com/,https://maps.google.com/?cid=13014972266410237094&g_mp=Cidnb29nbGUubWFwcy5wbGFjZXMudjEuUGxhY2VzLlNlYXJjaFRleHQQAhgEIAA,(530) 544-5323,"400 Fallen Leaf Rd, South Lake Tahoe, CA 96150, USA",38.879225999999996,-120.0655449,false,1,boat charter; boat rental; canoe rental; kayak rental; paddleboard rental; pontoon rental; watersports rental,standard,2026-06-24,,false
ChIJV-HhD14_mYAR-b3DwgBOgkM,Big Valley Honda,true,core,cycling,1,4.1,293,OPERATIONAL,Store,https://www.bigvalleyhonda.com/,https://maps.google.com/?cid=4864536312688131577&g_mp=Cidnb29nbGUubWFwcy5wbGFjZXMudjEuUGxhY2VzLlNlYXJjaFRleHQQAhgEIAA,(775) 322-4311,"2225 Market St, Reno, NV 89502, USA",39.516788999999996,-119.7834944,false,1,bike shop,standard,2026-06-24,,false
ChIJD5DUGp-PmYARqD8tvPx1aHE,Anderson's Bicycle Rental,true,core,cycling; dirtbike; ebike; mtb,5,4.9,290,OPERATIONAL,Services,http://www.andersonsbicyclerental.com/,https://maps.google.com/?cid=8171911252213055400&g_mp=Cidnb29nbGUubWFwcy5wbGFjZXMudjEuUGxhY2VzLlNlYXJjaFRleHQQAhgEIAA,(530) 541-0500,"645 Emerald Bay Rd, South Lake Tahoe, CA 96150, USA",38.921279899999995,-120.01683039999999,false,1,bike rental; bike shop; dirt bike rental; ebike rental; mountain bike rental,standard,2026-06-24,,false
ChIJudG9snaPmYARa7fYKkuik4s,South Lake E-bikes,true,core,cycling; dirtbike; ebike; mtb,5,5,287,OPERATIONAL,Services,http://southlakeebikes.com/,https://maps.google.com/?cid=10057560836573542251&g_mp=Cidnb29nbGUubWFwcy5wbGFjZXMudjEuUGxhY2VzLlNlYXJjaFRleHQQAhgEIAA,(530) 600-0012,"841 Emerald Bay Rd, South Lake Tahoe, CA 96150, USA",38.917246899999995,-120.0094371,false,1,bike rental; bike shop; dirt bike rental; ebike rental; mountain bike rental,standard,2026-06-24,,false
ChIJLUbndgCbmYARXvDGdiF1IDg,Tahoe Tours And Rentals,true,core,canoe; cycling; kayak; mtb; pwc; sup; watersports,8,4.9,281,OPERATIONAL,Tour Agency,http://laketahoetoursandrentals.com/,https://maps.google.com/?cid=4044361251965825118&g_mp=Cidnb29nbGUubWFwcy5wbGFjZXMudjEuUGxhY2VzLlNlYXJjaFRleHQQAhgEIAA,(775) 600-2002,"152 Hwy 50, Stateline, NV 89449, USA",38.9687061,-119.9360465,false,1,bike rental; canoe rental; jet ski rental; kayak rental; kayak tours; mountain bike rental; paddleboard rental; watersports rental,standard,2026-06-24,,false
ChIJPTg0tSKbmYARgDzXqwNGgqo,Clearly Tahoe,true,core,canoe; kayak; pwc; sup; watersports,6,4.8,281,OPERATIONAL,Tour Agency,http://www.clearlytahoe.com/,https://maps.google.com/?cid=12286459715001990272&g_mp=Cidnb29nbGUubWFwcy5wbGFjZXMudjEuUGxhY2VzLlNlYXJjaFRleHQQAhgEIAA,(530) 554-4664,"212 Elks Point Rd Ste 444, Zephyr Cove, NV 89448, USA",38.9851981,-119.94292990000001,false,1,canoe rental; kayak rental; kayak tours; paddleboard rental; watersports rental; waverunner rental,standard,2026-06-24,,false
ChIJVQxMsMKhmYAR_PyQ-fh0wow,395 Motorsports,true,core,cycling; gear-shop,2,4.7,281,OPERATIONAL,Store,https://395motorsports.com/,https://maps.google.com/?cid=10142797923479518460&g_mp=Cidnb29nbGUubWFwcy5wbGFjZXMudjEuUGxhY2VzLlNlYXJjaFRleHQQAhgEIAA,(775) 267-3767,"951 Jacks Valley Rd A, Carson City, NV 89705, USA",39.1012159,-119.77586869999999,false,1,bike shop; sporting goods store,standard,2026-06-24,,false
ChIJEdu51jmPmYARTJ23sNf4XRo,Boat Tahoe,true,core,canoe; kayak; powerboat; pwc; sailing; wakeboard; watersports,11,5,280,OPERATIONAL,Tour Agency,http://www.boat-tahoe.com/,https://maps.google.com/?cid=1899948223086697804&g_mp=Cidnb29nbGUubWFwcy5wbGFjZXMudjEuUGxhY2VzLlNlYXJjaFRleHQQAhgEIAA,(530) 208-0211,"2435 Venice Dr E, South Lake Tahoe, CA 96150, USA",38.9354569,-120.0024743,false,1,boat charter; boat rental; canoe rental; jet ski rental; kayak rental; kayak tours; motorboat rental; personal watercraft rental; sailboat rental; ski boat rental; watersports rental,standard,2026-06-24,,false
ChIJb7h4oHaQmYAR3aCog1QfgtE,Tahoe Sports Ltd.,true,core; experience,alpine-ski; backcountry-ski; backpacking; camping; canoe; climbing; cycling; disc-golf; ebike; gear-shop; kayak; mtb; nordic-ski; pwc; snow-tube; snowboard; snowshoe; sup,27,4.3,280,OPERATIONAL,Sporting Goods Store,http://www.tahoesportsltd.com/,https://maps.google.com/?cid=15096663348745904349&g_mp=Cidnb29nbGUubWFwcy5wbGFjZXMudjEuUGxhY2VzLlNlYXJjaFRleHQQAhgEIAA,(530) 542-4000,"4000 Lake Tahoe Blvd Ste #7, South Lake Tahoe, CA 96150, USA",38.9535687,-119.9431122,false,3,backcountry ski rental; backpacking gear rental; bike rental; bike shop; camping gear rental; canoe rental; climbing gear rental; cross country ski rental; disc golf rental; downhill bike park rental; ebike rental; jet ski rental; kayak rental; mountain bike rental; outdoor equipment rental; outdoor gear rental; paddleboard rental; ski rental; ski shop; sled rental; snowboard rental; snowboard shop; snowshoe rental; sporting goods store; tent rental,standard,2026-06-24,,false
ChIJQ3A0TXR9mYARj3o0wJE-6_M,Tahoe Dave's Skis & Boards,true,core; experience,alpine-ski; backcountry-ski; cycling; gear-shop; nordic-ski; pwc; snow-tube; snowboard; snowshoe,18,4.5,277,OPERATIONAL,Sporting Goods Store,http://www.tahoedaves.com/,https://maps.google.com/?cid=17576210766459337359&g_mp=Cidnb29nbGUubWFwcy5wbGFjZXMudjEuUGxhY2VzLlNlYXJjaFRleHQQAhgEIAA,(530) 583-6415,"590 N Lake Blvd, Tahoe City, CA 96145, USA",39.1717668,-120.13959620000001,false,2,alpine touring ski rental; backcountry ski rental; bike rental; bike shop; cross country ski rental; jet ski rental; outdoor equipment rental; outdoor gear rental; ski rental; ski shop; sled rental; snowboard rental; snowboard shop; snowshoe rental; splitboard rental; sporting goods store,standard,2026-06-24,,false
ChIJFXp61JZBmYARLPCUVD4_9J0,E-Bike Hub,true,core,cycling; ebike; gear-shop; mtb,6,4.9,271,OPERATIONAL,Services,http://e-bikehub.bike/,https://maps.google.com/?cid=11381791695211655212&g_mp=Cidnb29nbGUubWFwcy5wbGFjZXMudjEuUGxhY2VzLlNlYXJjaFRleHQQAhgEIAA,(775) 432-7986,"50 S Virginia St, Reno, NV 89501, USA",39.5247858,-119.81182190000001,false,2,bike rental; bike shop; ebike rental; mountain bike rental; sporting goods store,standard,2026-06-24,,false
ChIJZUB46UNhmYARbSvWYOfMMQA,Soaring Ranch,true,core,gear-shop,1,4.6,271,OPERATIONAL,Business Center,https://www.soaringranch.com/,https://maps.google.com/?cid=14017567992982381&g_mp=Cidnb29nbGUubWFwcy5wbGFjZXMudjEuUGxhY2VzLlNlYXJjaFRleHQQAhgEIAA,(530) 414-8500,"10001 Soaring Way Unit 140-B, Truckee, CA 96161, USA",39.3196182,-120.15513609999998,false,1,sporting goods store,standard,2026-06-24,,false
ChIJJZA09Q2QmYARPNHmaHVFSXU,The Ski Renter,true,core; experience,alpine-ski; backcountry-ski; gear-shop; nordic-ski; snow-tube; snowboard; snowshoe,13,4.7,266,OPERATIONAL,Services,http://skirenter.com/,https://maps.google.com/?cid=8451362546310893884&g_mp=Cidnb29nbGUubWFwcy5wbGFjZXMudjEuUGxhY2VzLlNlYXJjaFRleHQQAhgEIAA,(530) 544-2100,"1093 Ski Run Blvd, South Lake Tahoe, CA 96150, USA",38.9459501,-119.95527039999999,false,2,cross country ski rental; ski rental; ski shop; sled rental; snow tube rental; snowboard rental; snowboard shop; snowshoe rental; splitboard rental; sporting goods store,standard,2026-06-24,,false
ChIJc6q_mnR9mYARpe52BYgwqMY,North Tahoe Cruises - Tahoe Gal,true,core,powerboat,2,4.4,265,OPERATIONAL,Tour Agency,http://www.tahoegal.com/,https://maps.google.com/?cid=14314744776362487461&g_mp=Cidnb29nbGUubWFwcy5wbGFjZXMudjEuUGxhY2VzLlNlYXJjaFRleHQQAhgEIAA,(530) 448-5284,"952 N Lake Blvd, Tahoe City, CA 96145, USA",39.174732899999995,-120.1367398,false,1,boat charter; boat rental,standard,2026-06-24,,false
ChIJFZVNNyJsmYARqosfF4RISB4,Sky Tavern Ski Area,true,core; experience,alpine-ski; snow-tube; snowboard,3,4.7,260,OPERATIONAL,Ski Resort,http://www.skytavern.com/,https://maps.google.com/?cid=2182073751621831594&g_mp=Cidnb29nbGUubWFwcy5wbGFjZXMudjEuUGxhY2VzLlNlYXJjaFRleHQQAhgEIAA,(775) 323-5125,"21130 Sky Tavern Rd, Reno, NV 89511, USA",39.336911,-119.872522,false,1,ski rental; snow tube rental; snowboard rental,standard,2026-06-24,,false
ChIJjU1hg4XXm4AR1icF995eImA,Truckee River Raft Co.,true,core; experience,rafting; river-tube,3,4.8,257,OPERATIONAL,,http://www.truckeeriverraft.com/,https://maps.google.com/?cid=6927203488569305046&g_mp=Cidnb29nbGUubWFwcy5wbGFjZXMudjEuUGxhY2VzLlNlYXJjaFRleHQQAhgEIAA,(530) 583-0123,"2200 River Rd, Tahoe City, CA 96145, USA",39.1843736,-120.19396459999999,false,1,river float rental; river tubing rental; whitewater rafting,standard,2026-06-24,,false
ChIJw-nBPMePmYARVjuouyYWluc,Enterprise Rent-A-Car,true,core,offroad-4x4,1,4.3,254,OPERATIONAL,Car Rental Agency,https://www.enterprise.com/en/car-rental-locations/us/ca/south-lake-tahoe-546b.html?mcid=yext:245709,https://maps.google.com/?cid=16687549824880884566&g_mp=Cidnb29nbGUubWFwcy5wbGFjZXMudjEuUGxhY2VzLlNlYXJjaFRleHQQAhgEIAA,(530) 544-8844,"2281 Lake Tahoe Blvd, South Lake Tahoe, CA 96150, USA",38.919595699999995,-119.9954967,false,1,4x4 rental,standard,2026-06-24,ChIJqfzLx3A_mYARQSrlvQ1UiWI,true
ChIJlR4YgSrnm4ARApSSsylmGNE,Alder Creek Adventure Center,true,core,alpine-ski; nordic-ski; snowshoe,6,4.8,253,OPERATIONAL,Ski Resort,https://www.tahoedonner.com/amenities/amenities/alder-creek-adventure-center/,https://maps.google.com/?cid=15066904882660414466&g_mp=Cidnb29nbGUubWFwcy5wbGFjZXMudjEuUGxhY2VzLlNlYXJjaFRleHQQAhgEIAA,(530) 587-9484,"15275 Alder Creek Rd, Truckee, CA 96161, USA",39.3636501,-120.2539332,false,2,cross country ski rental; nordic ski center; ski rental; snowshoe rental,standard,2026-06-24,,false
ChIJb4kBX-c_mYARuEEVusInJmM,Reno Ice - The Jennifer M. O'Neal Community Ice Arena,true,core,ice-skate,1,4.7,253,OPERATIONAL,Ice Skating Rink,http://renoice.com/,https://maps.google.com/?cid=7144441576168964536&g_mp=Cidnb29nbGUubWFwcy5wbGFjZXMudjEuUGxhY2VzLlNlYXJjaFRleHQQAhgEIAA,(775) 636-6900,"15500 Wedge Pkwy, Reno, NV 89511, USA",39.405850699999995,-119.75888329999998,false,1,ice skate rental,standard,2026-06-24,,false
ChIJCUzMMIpAmYARavO2I270_68,Velo Reno,true,core,cycling; ebike; gear-shop; mtb,6,4.9,252,OPERATIONAL,Bicycle Shop,http://www.veloreno.com/,https://maps.google.com/?cid=12682123829581378410&g_mp=Cidnb29nbGUubWFwcy5wbGFjZXMudjEuUGxhY2VzLlNlYXJjaFRleHQQAhgEIAA,(775) 827-3277,"3450 Lakeside Dr, Reno, NV 89509, USA",39.4922665,-119.80738070000001,false,2,bike rental; bike shop; ebike rental; mountain bike rental; sporting goods store,standard,2026-06-24,,false
ChIJXa-Jk0w_mYARENcAHg6TRPA,Asia Market,true,core,gear-shop,1,4.3,248,OPERATIONAL,Asian Grocery Store,http://www.insta.com/,https://maps.google.com/?cid=17313124556361226000&g_mp=Cidnb29nbGUubWFwcy5wbGFjZXMudjEuUGxhY2VzLlNlYXJjaFRleHQQAhgEIAA,(775) 359-3636,"2152 Prater Wy, Sparks, NV 89431, USA",39.5368393,-119.77288420000001,false,1,sporting goods store,standard,2026-06-24,,false
ChIJS7Sl5rffm4ARB-OEDULe4ZE,RMU Truckee,true,core,alpine-ski; gear-shop,2,4.5,246,OPERATIONAL,Bar & Grill,http://mtnculture.com/pages/rmu-truckee,https://maps.google.com/?cid=10511927380535468807&g_mp=Cidnb29nbGUubWFwcy5wbGFjZXMudjEuUGxhY2VzLlNlYXJjaFRleHQQAhgEIAA,(530) 536-3208,"10292 Donner Pass Rd, Truckee, CA 96161, USA",39.3264292,-120.18952870000001,false,1,ski shop; sporting goods store,standard,2026-06-24,,false
ChIJE4diopI-mYARakKyMkQMXxk,Sierra Motorcycle Supply,true,core,cycling,1,3.8,244,OPERATIONAL,Store,http://www.shopbetamotorcycle.com/,https://maps.google.com/?cid=1828193460783563370&g_mp=Cidnb29nbGUubWFwcy5wbGFjZXMudjEuUGxhY2VzLlNlYXJjaFRleHQQAhgEIAA,(775) 355-0655,"1380 Kleppe Ln, Sparks, NV 89431, USA",39.524461099999996,-119.7202528,false,1,bike shop,standard,2026-06-24,,false
ChIJdyuLmx8_mYARJ3GHkUkHrTI,Juggernaut Arms,true,core,gear-shop,1,4.6,241,OPERATIONAL,Sporting Goods Store,http://www.juggernautarms.com/,https://maps.google.com/?cid=3651582885422919975&g_mp=Cidnb29nbGUubWFwcy5wbGFjZXMudjEuUGxhY2VzLlNlYXJjaFRleHQQAhgEIAA,(775) 358-8130,"55 Freeport Blvd #28, Sparks, NV 89431, USA",39.525298899999996,-119.744097,false,1,sporting goods store,standard,2026-06-24,,false
ChIJEYfb0JkVmYAR9btp1bOWetQ,Pedego Electric Bikes Reno,true,core,cycling; ebike; mtb,4,4.9,235,OPERATIONAL,Bicycle Shop,https://pedegoelectricbikes.com/dealers/reno/,https://maps.google.com/?cid=15310715582323211253&g_mp=Cidnb29nbGUubWFwcy5wbGFjZXMudjEuUGxhY2VzLlNlYXJjaFRleHQQAhgEIAA,(775) 997-3636,"3316 S McCarran Blvd, Reno, NV 89502, USA",39.483824899999995,-119.74725900000001,false,1,bike rental; bike shop; ebike rental; mountain bike rental,standard,2026-06-24,,false
ChIJxXW9W8-hmYARdqbQg-0ja_8,Famous Footwear,true,core,gear-shop,1,3.8,234,OPERATIONAL,Shoe Store,https://www.famousfootwear.com/stores/nv/carson-city/89705/carson-valley-plaza-02332?PartnerID=organic_search_google_storelisting&utm_medium=organic&utm_source=search&utm_campaign=google&utm_content=storelisting,https://maps.google.com/?cid=18404843805205374582&g_mp=Cidnb29nbGUubWFwcy5wbGFjZXMudjEuUGxhY2VzLlNlYXJjaFRleHQQAhgEIAA,(775) 267-5800,"CARSON VALLEY PLAZA, 911 Topsy Ln, Carson City, NV 89705, USA",39.1072845,-119.77713010000001,false,1,sporting goods store,standard,2026-06-24,,false
ChIJj16Gj0tHmYARBmHrNf9BE1M,Reno Bike Project,true,core,cycling; gear-shop; mtb,6,4.6,233,OPERATIONAL,Bicycle Shop,http://www.renobikeproject.org/,https://maps.google.com/?cid=5986200894082605318&g_mp=Cidnb29nbGUubWFwcy5wbGFjZXMudjEuUGxhY2VzLlNlYXJjaFRleHQQAhgEIAA,(775) 323-4488,"216 E Grove St, Reno, NV 89502, USA",39.5007124,-119.7955898,false,3,bike rental; bike shop; mountain bike rental; sporting goods store,standard,2026-06-24,,false
ChIJH-UJeuTzmYARQDbWPlfSFvE,Caples Lake Resort,true,core,powerboat; wakeboard,2,4.7,231,OPERATIONAL,Resort hotel,http://www.capleslakeresort.com/,https://maps.google.com/?cid=17372303884786480704&g_mp=Cidnb29nbGUubWFwcy5wbGFjZXMudjEuUGxhY2VzLlNlYXJjaFRleHQQAhgEIAA,(209) 258-8888,"1111 CA-88, Kirkwood, CA 95646, USA",38.7035445,-120.05166929999999,false,1,boat rental; ski boat rental,standard,2026-06-24,,false
ChIJV9AR3_4_mYARkO9aLg7uJmI,5.11,true,core,gear-shop,1,4.6,230,OPERATIONAL,Clothing Store,https://www.511tactical.com/?utm_source=googlelocal&utm_medium=search&utm_campaign=list,https://maps.google.com/?cid=7072602009506606992&g_mp=Cidnb29nbGUubWFwcy5wbGFjZXMudjEuUGxhY2VzLlNlYXJjaFRleHQQAhgEIAA,(775) 300-6016,"6667 S Virginia St, Reno, NV 89511, USA",39.4656903,-119.78537239999999,false,1,sporting goods store,standard,2026-06-24,,true
ChIJOZet7oxBmYARFkEseucIW5Q,Gear Hut,true,core,alpine-ski; backcountry-ski; backpacking; camping; climbing; cycling; gear-shop; ice-climb; mtb; snowboard; snowshoe,17,4.9,229,OPERATIONAL,Store,http://www.gearhutreno.com/,https://maps.google.com/?cid=10690147930774192406&g_mp=Cidnb29nbGUubWFwcy5wbGFjZXMudjEuUGxhY2VzLlNlYXJjaFRleHQQAhgEIAA,(775) 219-4612,"318 Broadway Blvd, Reno, NV 89502, USA",39.5113294,-119.8022072,false,3,backcountry ski rental; backpacking gear rental; bike shop; camping gear rental; climbing gear rental; mountain bike rental; mountaineering gear rental; outdoor equipment rental; outdoor gear rental; ski rental; ski shop; snowboard rental; snowboard shop; snowshoe rental; sporting goods store,standard,2026-06-24,,false
ChIJ29xY-Vc_mYARES9CKWKeUFU,Mark Fore and Strike,true,core; gap,fishing-gear; gear-shop,4,4.3,223,OPERATIONAL,Sporting Goods Store,http://mark-fore-and-strike.com/,https://maps.google.com/?cid=6147587635796913937&g_mp=Cidnb29nbGUubWFwcy5wbGFjZXMudjEuUGxhY2VzLlNlYXJjaFRleHQQAhgEIAA,(775) 322-9559,"490 Kietzke Ln, Reno, NV 89502, USA",39.524242199999996,-119.7886337,false,3,fishing bait and tackle shop; sporting goods store,standard,2026-06-24,,false
ChIJhS0NsNBFmYAR3M35xixz2VA,Mountain Dog Cycling,true,core,cycling; ebike; gear-shop; mtb,5,4.9,220,OPERATIONAL,Bicycle Shop,http://www.mountaindogcycling.com/,https://maps.google.com/?cid=5825814229134462428&g_mp=Cidnb29nbGUubWFwcy5wbGFjZXMudjEuUGxhY2VzLlNlYXJjaFRleHQQAhgEIAA,(775) 737-9007,"6300 Mae Anne Ave Ste 6, Reno, NV 89523, USA",39.527605799999996,-119.8856853,false,1,bike rental; bike shop; ebike rental; mountain bike rental; sporting goods store,standard,2026-06-24,,false
ChIJwVL3cRKQmYARlOGsH6VXGAs,"Lake Tahoe Computers, LLC",true,core,alpine-ski,1,4.8,220,OPERATIONAL,Services,http://www.laketahoecomputers.net/,https://maps.google.com/?cid=799485300570907028&g_mp=Cidnb29nbGUubWFwcy5wbGFjZXMudjEuUGxhY2VzLlNlYXJjaFRleHQQAhgEIAA,(530) 544-3782,"1169 Ski Run Blvd #1, South Lake Tahoe, CA 96150, USA",38.943480099999995,-119.9535638,false,1,ski shop,standard,2026-06-24,,false
ChIJkyK6XYVAmYAR2_whMgCjkok,MetroPawn,true,core,cycling; gear-shop,4,4.6,220,OPERATIONAL,Services,https://ezpawn.com/stores/nv/reno/50-e-grove-st-unit-a,https://maps.google.com/?cid=9913164951032298715&g_mp=Cidnb29nbGUubWFwcy5wbGFjZXMudjEuUGxhY2VzLlNlYXJjaFRleHQQAhgEIAA,(775) 828-0770,"50 E Grove St Unit A, Reno, NV 89502, USA",39.5006956,-119.79987089999997,false,3,bike shop; sporting goods store,standard,2026-06-24,ChIJmf-M8-A-mYARc6_PtX-mJWY,false
ChIJmVK1sDPem4AROEdsc6xHzUo,Granite Chief Powered by BlueZone Sports,true,core,alpine-ski; backcountry-ski; backpacking; camping; canoe; climbing; cycling; gear-shop; ice-climb; kayak; mtb; nordic-ski; snowboard; snowshoe,21,4.5,220,OPERATIONAL,Sporting Goods Store,https://bluezonesports.com/,https://maps.google.com/?cid=5390043135028774712&g_mp=Cidnb29nbGUubWFwcy5wbGFjZXMudjEuUGxhY2VzLlNlYXJjaFRleHQQAhgEIAA,(530) 550-8003,"11368 Donner Pass Rd, Truckee, CA 96161, USA",39.3265463,-120.20918719999999,false,3,backcountry ski rental; backpacking gear rental; bike rental; bike shop; camping gear rental; canoe rental; climbing gear rental; cross country ski rental; kayak rental; mountain bike rental; mountaineering gear rental; outdoor equipment rental; outdoor gear rental; ski rental; ski shop; snowboard rental; snowboard shop; snowshoe rental; sporting goods store,standard,2026-06-24,,false
ChIJr6aBxJ4_mYARktvKixiXrNU,FishAndSave,true,core; gap,fishing-gear; fly-fishing; gear-shop,3,4.8,216,OPERATIONAL,Store,http://www.fishandsave.com/,https://maps.google.com/?cid=15396847357753219986&g_mp=Cidnb29nbGUubWFwcy5wbGFjZXMudjEuUGxhY2VzLlNlYXJjaFRleHQQAhgEIAA,(775) 857-3474,"63 E Freeport Blvd, Sparks, NV 89431, USA",39.5251983,-119.7414276,false,1,fishing bait and tackle shop; fly fishing outfitter; sporting goods store,standard,2026-06-24,,false
ChIJRV9f9HaQmYAR6kmr0HZp9kE,Patagonia,true,core,alpine-ski; backpacking; gear-shop; snowboard,4,4.4,216,OPERATIONAL,Sportswear Store,http://www.patagonia.com/,https://maps.google.com/?cid=4753102415764081130&g_mp=Cidnb29nbGUubWFwcy5wbGFjZXMudjEuUGxhY2VzLlNlYXJjaFRleHQQAhgEIAA,(530) 542-3385,"1001 Heavenly Village Way #16, South Lake Tahoe, CA 96150, USA",38.9566221,-119.94329529999999,false,1,backpacking gear rental; ski shop; snowboard shop; sporting goods store,standard,2026-06-24,,false
ChIJ8XowCYO9mYARf9bJ0czzw5w,Big 5 Sporting Goods,true,core; gap,cycling; fishing-gear; gear-shop; snowboard,4,4.3,216,OPERATIONAL,Sporting Goods Store,http://www.big5sportinggoods.com/,https://maps.google.com/?cid=11296140351393879679&g_mp=Cidnb29nbGUubWFwcy5wbGFjZXMudjEuUGxhY2VzLlNlYXJjaFRleHQQAhgEIAA,(775) 782-3412,"1770 U.S. Hwy 395 N, Minden, NV 89423, USA",38.96330640000001,-119.78006740000001,false,1,bike shop; fishing bait and tackle shop; snowboard shop; sporting goods store,standard,2026-06-24,ChIJVQaY73VAmYARn0kEp4dptlI,false
ChIJD9EK9L0KmYARXzLg_JvXuwk,FISH Thrift Store - Carson City,true,core,cycling,1,4.1,215,OPERATIONAL,Thrift Store,http://nvfish.com/,https://maps.google.com/?cid=701391231948698207&g_mp=Cidnb29nbGUubWFwcy5wbGFjZXMudjEuUGxhY2VzLlNlYXJjaFRleHQQAhgEIAA,(775) 264-3474,"138 E Long St, Carson City, NV 89701, USA",39.174250199999996,-119.7666132,false,1,bike shop,standard,2026-06-24,,true
ChIJY9svMahxmYARM1p7-_L3-TA,Clearly Tahoe,true,core,canoe; kayak; pontoon; snowshoe; sup; watersports,7,4.9,214,OPERATIONAL,Tour Agency,https://clearlytahoe.com/incline-village/,https://maps.google.com/?cid=3529124405994805811&g_mp=Cidnb29nbGUubWFwcy5wbGFjZXMudjEuUGxhY2VzLlNlYXJjaFRleHQQAhgEIAA,(530) 554-4664,"893 Tahoe Blvd Ste 800, Incline Village, NV 89451, USA",39.249303499999996,-119.95368160000001,false,1,canoe rental; kayak rental; kayak tours; paddleboard rental; pontoon rental; snowshoe rental; watersports rental,standard,2026-06-24,ChIJPTg0tSKbmYARgDzXqwNGgqo,false
ChIJQTneuczfm4ARQ_PaEk5Escs,Pacos Truckee,true,core,alpine-ski; cycling; ebike; gear-shop; mtb; nordic-ski; snowboard,12,4.9,214,OPERATIONAL,Bicycle Shop,http://www.pacostruckee.com/,https://maps.google.com/?cid=14677587762691633987&g_mp=Cidnb29nbGUubWFwcy5wbGFjZXMudjEuUGxhY2VzLlNlYXJjaFRleHQQAhgEIAA,(530) 587-5561,"12047 Donner Pass Rd B4, Truckee, CA 96161, USA",39.3247029,-120.2218169,false,3,bike rental; bike shop; cross country ski rental; ebike rental; mountain bike rental; outdoor gear rental; ski rental; ski shop; snowboard rental; snowboard shop; sporting goods store,standard,2026-06-24,,false
ChIJE68KpgKQmYARnZ7aMZUmW88,South Lake Tahoe Ice Arena,true,core,ice-skate,1,4.5,214,OPERATIONAL,Ice Skating Rink,https://tahoeicearena.com/,https://maps.google.com/?cid=14941578610960146077&g_mp=Cidnb29nbGUubWFwcy5wbGFjZXMudjEuUGxhY2VzLlNlYXJjaFRleHQQAhgEIAA,(530) 544-7465,"1176 Rufus Allen Blvd, South Lake Tahoe, CA 96150, USA",38.941138099999996,-119.9742587,false,1,ice skate rental,standard,2026-06-24,,false
ChIJqbtmTxKQmYARYoi3TLVlolA,Rip N Willies Ski & Snowboard Rental Shop,true,core; experience,alpine-ski; backcountry-ski; nordic-ski; snow-tube; snowboard; snowshoe,9,4.7,212,OPERATIONAL,Services,http://www.ripnwillies.com/,https://maps.google.com/?cid=5810318298611943522&g_mp=Cidnb29nbGUubWFwcy5wbGFjZXMudjEuUGxhY2VzLlNlYXJjaFRleHQQAhgEIAA,(530) 541-6366,"1144 Ski Run Blvd, South Lake Tahoe, CA 96150, USA",38.9441938,-119.95478840000001,false,2,cross country ski rental; ski rental; ski shop; sled rental; snowboard rental; snowboard shop; snowshoe rental; splitboard rental,standard,2026-06-24,,false
ChIJgfqFQ-1AmYARdxg_shZp8lY,Tennis Nation Racquet Sports,true,core,gear-shop,3,5,211,OPERATIONAL,Sports Club,https://www.tennisnation.com/reno-tennis-center/,https://maps.google.com/?cid=6265185577826457719&g_mp=Cidnb29nbGUubWFwcy5wbGFjZXMudjEuUGxhY2VzLlNlYXJjaFRleHQQAhgEIAA,(775) 689-2975,"2601 Plumas St, Reno, NV 89509, USA",39.4989373,-119.81319169999999,false,3,sporting goods store,standard,2026-06-24,,false
ChIJ9zGF80tBmYARG7VY0fWoSs0,Branded Screen Printing & Embroidery,true,core,alpine-ski,1,4.7,211,OPERATIONAL,Clothing Store,https://www.brandedscreenprinting.com/,https://maps.google.com/?cid=14792821699784520987&g_mp=Cidnb29nbGUubWFwcy5wbGFjZXMudjEuUGxhY2VzLlNlYXJjaFRleHQQAhgEIAA,(775) 453-1921,"155 E Moana Ln, Reno, NV 89502, USA",39.492522199999996,-119.79441829999999,false,1,ski shop,standard,2026-06-24,,true
ChIJX18lP8pkmYARUAWMlFu8qbI,Tahoe Adventure Company,true,core,canoe; cycling; kayak; mtb; river-tube; snowshoe; sup; watersports,9,4.8,208,OPERATIONAL,Tour Agency,http://www.tahoeadventurecompany.com/,https://maps.google.com/?cid=12874028111335523664&g_mp=Cidnb29nbGUubWFwcy5wbGFjZXMudjEuUGxhY2VzLlNlYXJjaFRleHQQAhgEIAA,(530) 913-9212,"7010 N Lake Blvd, Tahoe Vista, CA 96148, USA",39.23928120000001,-120.04833789999998,false,1,bike rental; canoe rental; kayak rental; kayak tours; mountain bike rental; paddleboard rental; river float rental; snowshoe rental; watersports rental,standard,2026-06-24,,false
ChIJCcWhKwmQmYARh-UI_9eI3Qs,Art Of Gelato,true,core,alpine-ski,1,4.4,206,OPERATIONAL,Ice Cream Shop,,https://maps.google.com/?cid=854989965548381575&g_mp=Cidnb29nbGUubWFwcy5wbGFjZXMudjEuUGxhY2VzLlNlYXJjaFRleHQQAhgEIAA,(530) 600-3766,"900 Ski Run Blvd Ste 122, South Lake Tahoe, CA 96150, USA",38.949059999999996,-119.95895840000001,false,1,ski shop,standard,2026-06-24,,false
ChIJi0eh0nV9mYARmCTlc5MfYik,Tahoe City Kayak and Paddleboard Shop,true,core,canoe; kayak; powerboat; sup; watersports,6,4.7,203,OPERATIONAL,Services,http://tahoecitykayak.com/,https://maps.google.com/?cid=2981980621437740184&g_mp=Cidnb29nbGUubWFwcy5wbGFjZXMudjEuUGxhY2VzLlNlYXJjaFRleHQQAhgEIAA,(530) 581-4336,"521 N Lake Blvd, Tahoe City, CA 96145, USA",39.171326199999996,-120.140989,false,1,boat rental; canoe rental; kayak rental; kayak tours; paddleboard rental; watersports rental,standard,2026-06-24,,false
ChIJ5R9vP_Y_mYARBEjhA80OjxU,Beck's Shoes,true,core,gear-shop,1,4.7,198,OPERATIONAL,Shoe Store,https://www.beckshoes.com/,https://maps.google.com/?cid=1553476670162290692&g_mp=Cidnb29nbGUubWFwcy5wbGFjZXMudjEuUGxhY2VzLlNlYXJjaFRleHQQAhgEIAA,(775) 851-7177,"5318 Meadowood Mall Cir, Reno, NV 89502, USA",39.4733538,-119.78252880000001,false,1,sporting goods store,standard,2026-06-24,,false
ChIJfwaAbXZ9mYARDUP7ClnaRuk,Alpenglow Sports,true,core,alpine-ski; backcountry-ski; backpacking; camping; climbing; cycling; gear-shop; ice-climb; nordic-ski; snowboard; snowshoe,18,4.7,197,OPERATIONAL,Sporting Goods Store,http://www.alpenglowsports.com/,https://maps.google.com/?cid=16809362735178138381&g_mp=Cidnb29nbGUubWFwcy5wbGFjZXMudjEuUGxhY2VzLlNlYXJjaFRleHQQAhgEIAA,(530) 583-6917,"415 N Lake Blvd, Tahoe City, CA 96145, USA",39.1698392,-120.14274289999999,false,2,alpine touring ski rental; backcountry ski rental; backpacking gear rental; bike shop; camping gear rental; climbing gear rental; cross country ski rental; mountaineering gear rental; outdoor equipment rental; outdoor gear rental; ski rental; ski shop; snowboard rental; snowboard shop; snowshoe rental; sporting goods store,standard,2026-06-24,,false
ChIJNxrjaZ19mYARcNS3tWQt3xs,Truckee River Raft Co.,true,core; experience,powerboat; rafting; river-tube; snow-tube,5,4.7,197,OPERATIONAL,Tour Agency,http://www.truckeeriverraft.com/,https://maps.google.com/?cid=2008373869399233648&g_mp=Cidnb29nbGUubWFwcy5wbGFjZXMudjEuUGxhY2VzLlNlYXJjaFRleHQQAhgEIAA,(530) 583-0123,"185 W River Rd, Tahoe City, CA 96145, USA",39.1668047,-120.14588,false,1,boat rental; river float rental; river tubing rental; snow tube rental; whitewater rafting,standard,2026-06-24,ChIJjU1hg4XXm4AR1icF995eImA,false
ChIJV_LJMpCbmYARqs2mHwt-ZA4,Full Access Tahoe,true,core,atv; cycling; dirtbike; snowmobile; utv,8,5,195,OPERATIONAL,Services,https://fullaccesstahoe.com/,https://maps.google.com/?cid=1037092400442822058&g_mp=Cidnb29nbGUubWFwcy5wbGFjZXMudjEuUGxhY2VzLlNlYXJjaFRleHQQAhgEIAA,(775) 309-8789,"475 Andria Dr, Stateline, NV 89449, USA",38.9940923,-119.89564840000001,false,1,atv rental; bike rental; dirt bike rental; quad rental; rzr rental; side by side rental; snowmobile rental; utv rental,standard,2026-06-24,,false
ChIJ7VZB-_M_mYARzxu4TOQ1hPY,PINK,true,core,gear-shop,1,4.4,194,OPERATIONAL,Clothing Store,https://stores.victoriassecret.com/us/nv/reno/lingerie-1631.html,https://maps.google.com/?cid=17763382084912028623&g_mp=Cidnb29nbGUubWFwcy5wbGFjZXMudjEuUGxhY2VzLlNlYXJjaFRleHQQAhgEIAA,(775) 828-2785,"5000 Meadowood Mall Cir Space D115, Reno, NV 89502, USA",39.4738262,-119.78252499999999,false,1,sporting goods store,standard,2026-06-24,,true
ChIJTwiH0fU_mYARTN8u5jjQuhE,Foot Locker,true,core,gear-shop,1,4.2,192,OPERATIONAL,Shoe Store,https://stores.footlocker.com/nv/reno/5120-meadowood-mall-7437.html,https://maps.google.com/?cid=1277562387111534412&g_mp=Cidnb29nbGUubWFwcy5wbGFjZXMudjEuUGxhY2VzLlNlYXJjaFRleHQQAhgEIAA,(775) 826-8979,"5120 Meadowood Mall Cir Spc B116, Reno, NV 89502, USA",39.4746611,-119.78278409999999,false,1,sporting goods store,standard,2026-06-24,,false
ChIJRaNS4XdAmYARaEj_jq-1BFY,The Golf Mart,true,core,alpine-ski; gear-shop,4,4.5,191,OPERATIONAL,Sporting Goods Store,https://stores.worldwidegolfshops.com/nv/reno/the-golf-mart-rno.html,https://maps.google.com/?cid=6198278752791644264&g_mp=Cidnb29nbGUubWFwcy5wbGFjZXMudjEuUGxhY2VzLlNlYXJjaFRleHQQAhgEIAA,(775) 826-2245,"4112 Kietzke Ln, Reno, NV 89502, USA",39.4844168,-119.7888847,false,3,ski shop; sporting goods store,standard,2026-06-24,,false
ChIJjap9hHRxmYARaDQX4il7rik,Big Blue Bike Rentals and Tours,true,core,cycling; ebike; mtb,4,4.7,189,OPERATIONAL,Services,http://bigbluebikerentals.com/,https://maps.google.com/?cid=3003473421319746664&g_mp=Cidnb29nbGUubWFwcy5wbGFjZXMudjEuUGxhY2VzLlNlYXJjaFRleHQQAhgEIAA,(775) 899-4565,"111 Country Club Dr, Incline Village, NV 89451, USA",39.239816499999996,-119.9430998,false,1,bike rental; bike shop; ebike rental; mountain bike rental,standard,2026-06-24,,false
ChIJqXFkczDem4AR7b6Aqfody8M,Coldstream Adventures Tours,true,core; experience,atv; snow-tube; snowmobile,3,4.9,186,OPERATIONAL,Tour Agency,https://www.coldstreamadventures.com/,https://maps.google.com/?cid=14108403220091027181&g_mp=Cidnb29nbGUubWFwcy5wbGFjZXMudjEuUGxhY2VzLlNlYXJjaFRleHQQAhgEIAA,(530) 582-9090,"877 Cabin Creek Rd, Truckee, CA 96161, USA",39.2883071,-120.2135009,false,1,atv rental; sled rental; snowmobile rental,standard,2026-06-24,,false
ChIJd6rxZy5HmYARpxnN1onJdAc,MetroPawn,true,core,cycling; gear-shop,3,4.3,181,OPERATIONAL,Services,https://ezpawn.com/stores/nv/reno/800-w-5th-st,https://maps.google.com/?cid=537275849415399847&g_mp=Cidnb29nbGUubWFwcy5wbGFjZXMudjEuUGxhY2VzLlNlYXJjaFRleHQQAhgEIAA,(775) 322-1030,"800 W 5th St, Reno, NV 89502, USA",39.5287781,-119.8260519,false,2,bike shop; sporting goods store,standard,2026-06-24,ChIJmf-M8-A-mYARc6_PtX-mJWY,false
ChIJgTYWEC17mYARj2AvyfF7434,Wild Society Adventures,true,core,canoe; cycling; kayak; pontoon; powerboat; sup; watersports; windsurf,9,4,176,OPERATIONAL,Services,https://www.wildsocietylt.com/,https://maps.google.com/?cid=9143287946884898959&g_mp=Cidnb29nbGUubWFwcy5wbGFjZXMudjEuUGxhY2VzLlNlYXJjaFRleHQQAhgEIAA,(775) 902-2324,"North Lake Tahoe, Kings Beach, CA 96143, USA",39.237984000000004,-120.03149789999999,false,1,bike rental; boat rental; canoe rental; kayak rental; kayak tours; paddleboard rental; pontoon rental; watersports rental; windsurfing rental,standard,2026-06-24,,false
ChIJm9fPXcLfm4ARuHHBmQ3lAd4,Bio Bio Expeditions Worldwide,true,core; experience,kayak; rafting,2,5,174,OPERATIONAL,Tour Agency,https://bbxrafting.com/,https://maps.google.com/?cid=15997319197973639608&g_mp=Cidnb29nbGUubWFwcy5wbGFjZXMudjEuUGxhY2VzLlNlYXJjaFRleHQQAhgEIAA,(530) 582-6865,"P.O. Box 2028, Truckee, CA 96160, USA",39.33,-120.18,false,1,kayak tours; whitewater rafting,standard,2026-06-24,,false
ChIJjTEeMkCQmYAROcOVmckxT1s,Winter Wonderland Ski Shop,true,core,alpine-ski; backcountry-ski; gear-shop; nordic-ski; snowboard; snowshoe,11,4.8,174,OPERATIONAL,Sporting Goods Store,https://winterwonderlandskishop.com/,https://maps.google.com/?cid=6579532322546500409&g_mp=Cidnb29nbGUubWFwcy5wbGFjZXMudjEuUGxhY2VzLlNlYXJjaFRleHQQAhgEIAA,(530) 544-7903,"3672 Verdon Ln, South Lake Tahoe, CA 96150, USA",38.937663,-119.94840049999999,false,3,backcountry ski rental; cross country ski rental; ski rental; ski shop; snowboard rental; snowboard shop; snowshoe rental; sporting goods store,standard,2026-06-24,,false
ChIJD8M1RrqPmYARqqE-H3snqWg,BlueZone Sports - South Lake Tahoe,true,core,alpine-ski; backcountry-ski; backpacking; camping; climbing; cycling; gear-shop; kayak; mtb; nordic-ski; snowboard; snowshoe; sup,18,4.5,174,OPERATIONAL,Sporting Goods Store,http://www.bluezonesports.com/,https://maps.google.com/?cid=7541602460767265194&g_mp=Cidnb29nbGUubWFwcy5wbGFjZXMudjEuUGxhY2VzLlNlYXJjaFRleHQQAhgEIAA,(530) 542-2658,"2011 Lake Tahoe Blvd, South Lake Tahoe, CA 96150, USA",38.9147928,-120.00478960000001,false,1,backcountry ski rental; backpacking gear rental; bike rental; bike shop; camping gear rental; climbing gear rental; cross country ski rental; kayak rental; mountain bike rental; outdoor equipment rental; outdoor gear rental; paddleboard rental; ski rental; ski shop; snowboard rental; snowboard shop; snowshoe rental; sporting goods store,standard,2026-06-24,,false
ChIJy44L9ZOPmYARNWA0jJ9Jadc,Blue Granite Climbing Gym,true,core,climbing,1,4.9,173,OPERATIONAL,Sports Activity Location,http://bluegraniteclimbing.com/,https://maps.google.com/?cid=15522018540309995573&g_mp=Cidnb29nbGUubWFwcy5wbGFjZXMudjEuUGxhY2VzLlNlYXJjaFRleHQQAhgEIAA,(530) 600-2761,"1259 Emerald Bay Rd, South Lake Tahoe, CA 96150, USA",38.905651399999996,-119.9990962,false,1,climbing gear rental,standard,2026-06-24,,false
ChIJNd1MfXaQmYARGUhCfr5Mou8,Powder House Ski and Snowboard Main Store,true,core; experience,alpine-ski; cycling; gear-shop; mtb; snow-tube; snowboard; snowshoe,15,3.4,172,OPERATIONAL,Sporting Goods Store,http://www.tahoepowderhouse.com/powder-house-main-shop,https://maps.google.com/?cid=17267448302337673241&g_mp=Cidnb29nbGUubWFwcy5wbGFjZXMudjEuUGxhY2VzLlNlYXJjaFRleHQQAhgEIAA,(530) 542-6222,"4045 Lake Tahoe Blvd, South Lake Tahoe, CA 96150, USA",38.9562465,-119.94432470000001,false,3,bike rental; bike shop; mountain bike rental; outdoor equipment rental; outdoor gear rental; ski rental; ski shop; sled rental; snowboard rental; snowboard shop; snowshoe rental; sporting goods store,standard,2026-06-24,,false
ChIJ_ZaKcwOPmYAR-d2lx9V-6vQ,Clearly Tahoe Keys Marina,true,core,canoe; kayak; powerboat; sup; watersports,6,4.9,171,OPERATIONAL,,https://clearlytahoe.com/south-lake-tahoe/,https://maps.google.com/?cid=17648057546447379961&g_mp=Cidnb29nbGUubWFwcy5wbGFjZXMudjEuUGxhY2VzLlNlYXJjaFRleHQQAhgEIAA,(530) 554-4664,"2435 Venice Dr E, South Lake Tahoe, CA 96150, USA",38.9346864,-120.00263229999999,false,1,boat rental; canoe rental; kayak rental; kayak tours; paddleboard rental; watersports rental,standard,2026-06-24,,false
ChIJiyTp4yC_mYARByWcGt0Oz1s,Discover Tahoe Chartered Cruises,true,core,canoe; pontoon; powerboat,5,4.9,171,OPERATIONAL,Tour Agency,https://discovertahoecruises.com/,https://maps.google.com/?cid=6615522720427549959&g_mp=Cidnb29nbGUubWFwcy5wbGFjZXMudjEuUGxhY2VzLlNlYXJjaFRleHQQAhgEIAA,(530) 659-3452,"2435 Venice Dr E Ste 101, South Lake Tahoe, CA 96150, USA",38.9344684,-120.0020088,false,1,boat charter; boat rental; canoe rental; motorboat rental; pontoon rental,standard,2026-06-24,,false
ChIJ4bKEV8Dfm4ARCXr4XJYI-kk,TurnKey Vacation Rentals - North Tahoe,true,core,kayak,1,4.6,171,OPERATIONAL,Travel Agency,https://www.turnkeyvr.com/north-lake-tahoe-california,https://maps.google.com/?cid=5330582550844307977&g_mp=Cidnb29nbGUubWFwcy5wbGFjZXMudjEuUGxhY2VzLlNlYXJjaFRleHQQAhgEIAA,(888) 512-0498,"9705 CA-267 Ste 2, Truckee, CA 96161, USA",39.3161493,-120.1528293,false,1,kayak rental,standard,2026-06-24,,false
ChIJ07CIU3R9mYARTEdAY-tT9Tg,Olympic Bike Shop,true,core,alpine-ski; cycling; ebike; gear-shop; mtb,6,4.7,170,OPERATIONAL,Bicycle Shop,http://www.olympicbikeshop.com/,https://maps.google.com/?cid=4104278905865652044&g_mp=Cidnb29nbGUubWFwcy5wbGFjZXMudjEuUGxhY2VzLlNlYXJjaFRleHQQAhgEIAA,(530) 581-2500,"620 N Lake Blvd, Tahoe City, CA 96145, USA",39.1721324,-120.13925739999999,false,2,bike rental; bike shop; ebike rental; mountain bike rental; ski rental; sporting goods store,standard,2026-06-24,,false
ChIJjU5vgAOQmYARZWhfi_FXn7A,Ski Butlers Heavenly/South Lake Tahoe,true,core,alpine-ski; gear-shop; nordic-ski; snowboard; snowshoe,10,5,169,OPERATIONAL,Services,https://www.skibutlers.com/locations/heavenly-south-lake-tahoe,https://maps.google.com/?cid=12726987766909331557&g_mp=Cidnb29nbGUubWFwcy5wbGFjZXMudjEuUGxhY2VzLlNlYXJjaFRleHQQAhgEIAA,(775) 580-7809,"276 NV-207 Ste 104, Stateline, NV 89449, USA",38.9689469,-119.9285505,false,3,cross country ski rental; outdoor gear rental; ski rental; ski shop; snowboard rental; snowboard shop; snowshoe rental; sporting goods store,standard,2026-06-24,,false
ChIJR4kbYuePmYARjPe9igJbTiM,Tahoe Fly Fishing Outfitters,true,core; gap,fishing-gear; fly-fishing; outfitter,3,4.9,169,OPERATIONAL,Store,http://www.tahoeflyfishing.com/,https://maps.google.com/?cid=2544070905986676620&g_mp=Cidnb29nbGUubWFwcy5wbGFjZXMudjEuUGxhY2VzLlNlYXJjaFRleHQQAhgEIAA,(530) 541-8208,"2705 Lake Tahoe Blvd, South Lake Tahoe, CA 96150, USA",38.92895120000001,-119.98169700000001,false,1,fishing bait and tackle shop; fly fishing outfitter; guide service outfitter,standard,2026-06-24,,false
ChIJfWSXXwU_mYARbi4dhesjCa4,Moto Source,true,core,cycling,1,4.8,168,OPERATIONAL,Auto Parts Store,http://www.moto-source.com/,https://maps.google.com/?cid=12540594131847425646&g_mp=Cidnb29nbGUubWFwcy5wbGFjZXMudjEuUGxhY2VzLlNlYXJjaFRleHQQAhgEIAA,(775) 856-3855,"3180 Mill St, Reno, NV 89502, USA",39.5167007,-119.77422329999997,false,1,bike shop,standard,2026-06-24,,false
ChIJCR1fZF4_mYARLDJkpqw45Rs,Road Rider of Reno Ltd,true,core,cycling; gear-shop,3,4.7,168,OPERATIONAL,Store,http://www.roadriderofreno.com/,https://maps.google.com/?cid=2010075122867909164&g_mp=Cidnb29nbGUubWFwcy5wbGFjZXMudjEuUGxhY2VzLlNlYXJjaFRleHQQAhgEIAA,(775) 337-2011,"100 Gentry Wy Unit D2, Reno, NV 89502, USA",39.4945375,-119.7967038,false,2,bike shop; sporting goods store,standard,2026-06-24,,false
ChIJx0JixluZmYARnFheZMbToY4,Battle Born Powersports,true,core,atv; dirtbike; snowmobile; utv; watersports,8,5,167,OPERATIONAL,Services,http://www.battlebornpowersports.com/,https://maps.google.com/?cid=10277728673677072540&g_mp=Cidnb29nbGUubWFwcy5wbGFjZXMudjEuUGxhY2VzLlNlYXJjaFRleHQQAhgEIAA,(775) 721-4620,"1798 Johnson Ln, Minden, NV 89423, USA",39.026734600000005,-119.70537389999998,false,1,atv rental; dirt bike rental; quad rental; rzr rental; side by side rental; snowmobile rental; utv rental; watersports rental,standard,2026-06-24,,false
ChIJn9PrISdgmYARWfGaRaZBLE0,Riverview Sports Park,true,core,mtb,2,4.7,166,OPERATIONAL,Park,http://www.tdrpd.org/riverview-sports-park,https://maps.google.com/?cid=5560891822283878745&g_mp=Cidnb29nbGUubWFwcy5wbGFjZXMudjEuUGxhY2VzLlNlYXJjaFRleHQQAhgEIAA,(530) 582-7720,"12200 Joerger Dr, Truckee, CA 96161, USA",39.3292632,-120.15625539999999,false,1,downhill bike park rental; mountain bike rental,standard,2026-06-24,,false
ChIJLwHVPcePmYARl-yj-NLAYTY,Tahoe Bike Company,true,core; experience,alpine-ski; cycling; ebike; mtb; nordic-ski; snow-tube; snowboard,12,4.8,164,OPERATIONAL,Services,https://www.tahoebikeco.com/,https://maps.google.com/?cid=3918625163136199831&g_mp=Cidnb29nbGUubWFwcy5wbGFjZXMudjEuUGxhY2VzLlNlYXJjaFRleHQQAhgEIAA,(530) 600-0267,"3131 Harrison Ave, South Lake Tahoe, CA 96150, USA",38.9424572,-119.97766999999999,false,2,bike rental; bike shop; cross country ski rental; downhill bike park rental; ebike rental; mountain bike rental; ski rental; ski shop; sled rental; snowboard rental,standard,2026-06-24,,false
ChIJKZmdmSt7mYARgLmE0wQXf9c,Tahoe Mountain Sports,true,core,alpine-ski; backcountry-ski; backpacking; camping; climbing; cycling; disc-golf; gear-shop; ice-climb; kayak; mtb; nordic-ski; snowboard; snowshoe; sup,22,4.8,163,OPERATIONAL,Sporting Goods Store,http://www.tahoemountainsports.com/,https://maps.google.com/?cid=15528155349692758400&g_mp=Cidnb29nbGUubWFwcy5wbGFjZXMudjEuUGxhY2VzLlNlYXJjaFRleHQQAhgEIAA,(530) 536-5200,"11200 Donner Pass Rd Unit 5E, Truckee, CA 96161, USA",39.3268562,-120.20468960000001,false,2,backcountry ski rental; backpacking gear rental; bike rental; bike shop; camping gear rental; climbing gear rental; cross country ski rental; disc golf rental; kayak rental; mountain bike rental; mountaineering gear rental; outdoor equipment rental; outdoor gear rental; paddleboard rental; ski rental; ski shop; snowboard rental; snowboard shop; snowshoe rental; splitboard rental; sporting goods store; tent rental,standard,2026-06-24,,false
ChIJo8DetYtAmYAR4l0ifYIrIUo,Home Team Sports Collectibles,true,core,gear-shop,3,4.4,163,OPERATIONAL,Store,,https://maps.google.com/?cid=5341598472483266018&g_mp=Cidnb29nbGUubWFwcy5wbGFjZXMudjEuUGxhY2VzLlNlYXJjaFRleHQQAhgEIAA,(775) 823-9007,"3378 Lakeside Dr, Reno, NV 89509, USA",39.4931267,-119.80663539999999,false,3,sporting goods store,standard,2026-06-24,,false
ChIJT1VlrfNEmYARl0q7P6hBVgk,Nevada Adventure Rentals,true,core,alpine-ski; atv; backcountry-ski; backpacking; camping; climbing; cycling; dirtbike; gear-shop; ice-climb; mtb; snowmobile; utv,23,4.8,162,OPERATIONAL,Sporting Goods Store,http://nevadaadventurerentals.com/,https://maps.google.com/?cid=672797385218017943&g_mp=Cidnb29nbGUubWFwcy5wbGFjZXMudjEuUGxhY2VzLlNlYXJjaFRleHQQAhgEIAA,(775) 686-3557,"3060 Mill St, Reno, NV 89502, USA",39.516855,-119.77650600000001,false,3,atv rental; backcountry ski rental; backpacking gear rental; bike rental; bike shop; camping gear rental; climbing gear rental; dirt bike rental; motocross bike rental; mountain bike rental; mountaineering gear rental; outdoor equipment rental; outdoor gear rental; quad rental; rzr rental; side by side rental; ski rental; ski shop; snowmobile rental; sporting goods store; utv rental,standard,2026-06-24,,false
ChIJ88koT7hAmYARIc_o1nUkTN8,Uniforms 2 You - Reno,true,core,gear-shop,1,4.5,162,OPERATIONAL,Clothing Store,https://uniforms2you.com/,https://maps.google.com/?cid=16090275657223294753&g_mp=Cidnb29nbGUubWFwcy5wbGFjZXMudjEuUGxhY2VzLlNlYXJjaFRleHQQAhgEIAA,(775) 657-6025,"1270 E Plumb Ln, Reno, NV 89502, USA",39.5054163,-119.78381519999999,false,1,sporting goods store,standard,2026-06-24,,true
ChIJ6-009xdwmYARDWXIb985UoI,Mountain Hardware and Sports Incline,true,core,cycling; gear-shop,2,4.6,160,OPERATIONAL,Hardware Store,http://www.acehardware.com/store-details/18283?utm_source=google&utm_medium=local&utm_campaign=localmaps&utm_content=18283,https://maps.google.com/?cid=9390631804836799757&g_mp=Cidnb29nbGUubWFwcy5wbGFjZXMudjEuUGxhY2VzLlNlYXJjaFRleHQQAhgEIAA,(775) 831-2020,"910 Tahoe Blvd Unit 103, Incline Village, NV 89451, USA",39.2508791,-119.95141149999999,false,1,bike shop; sporting goods store,standard,2026-06-24,,false
ChIJZcLw1uYVmYAR1eVzoOZwDs0,Club Champion,true,core,gear-shop,1,4.9,157,OPERATIONAL,Sporting Goods Store,https://clubchampion.com/locations/reno?utm_source=gbp&utm_medium=local&utm_campaign=gbp&utm_term=gbp_Reno,https://maps.google.com/?cid=14775871563285915093&g_mp=Cidnb29nbGUubWFwcy5wbGFjZXMudjEuUGxhY2VzLlNlYXJjaFRleHQQAhgEIAA,(775) 473-1969,"13921 S Virginia St Ste 114, Reno, NV 89511, USA",39.406749,-119.75067899999999,false,1,sporting goods store,standard,2026-06-24,,false
ChIJWyo7Xhvem4AR9Udo4zpnGtQ,Tahoe Donner Beach Club Marina,true,core,kayak; pontoon; powerboat; wakeboard; watersports,5,4.6,157,OPERATIONAL,Marina,https://www.tahoedonner.com/amenities/amenities/beach-club-marina/,https://maps.google.com/?cid=15283641788056225781&g_mp=Cidnb29nbGUubWFwcy5wbGFjZXMudjEuUGxhY2VzLlNlYXJjaFRleHQQAhgEIAA,(530) 587-9460,"12915 Donner Pass Rd, Truckee, CA 96161, USA",39.3255756,-120.238242,false,1,boat rental; kayak rental; pontoon rental; ski boat rental; watersports rental,standard,2026-06-24,,false
ChIJB2hw9tJhmYARAOxZjb7NGRU,Black Tie Ski Rentals of North Lake Tahoe,true,core,alpine-ski; backcountry-ski; cycling; mtb; nordic-ski; snowboard,12,4.9,156,OPERATIONAL,Services,https://www.blacktieskis.com/north-tahoe/?utm_source=google&utm_medium=organic&utm_campaign=gmb&utm_term=black-tie-ski-rental-of-north-tahoe&utm_content=north-tahoe,https://maps.google.com/?cid=1520472567513213952&g_mp=Cidnb29nbGUubWFwcy5wbGFjZXMudjEuUGxhY2VzLlNlYXJjaFRleHQQAhgEIAA,(530) 550-1092,"12219 Business Park Dr Ste 6, Truckee, CA 96161, USA",39.315624,-120.149323,false,2,backcountry ski rental; bike rental; bike shop; cross country ski rental; mountain bike rental; ski rental; ski shop; snowboard rental; snowboard shop; splitboard rental,standard,2026-06-24,,false
ChIJZwsxJDFimYAR8mINJEAbvv4,Northstar Village Ice Skating Rink,true,core,ice-skate,1,4.3,156,OPERATIONAL,Ice Skating Rink,http://m.northstarcalifornia.com/things-to-do.html?page=viewall,https://maps.google.com/?cid=18356139093505434354&g_mp=Cidnb29nbGUubWFwcy5wbGFjZXMudjEuUGxhY2VzLlNlYXJjaFRleHQQAhgEIAA,(888) 367-5257,"100 Northstar Dr, Truckee, CA 96161, USA",39.274861099999995,-120.12102499999999,false,1,ice skate rental,standard,2026-06-24,,false
ChIJ-78KP60wmYARA0J4mS2n0u4,Cruz Entertainment,true,core,camping,1,5,154,OPERATIONAL,,https://cruzentnv.com/,https://maps.google.com/?cid=17209000940426248707&g_mp=Cidnb29nbGUubWFwcy5wbGFjZXMudjEuUGxhY2VzLlNlYXJjaFRleHQQAhgEIAA,(775) 636-3833,"235 E Sky Ranch Blvd, Sparks, NV 89441, USA",39.643557,-119.6950238,false,1,tent rental,standard,2026-06-24,,false
ChIJ9WHEhrdAmYARjmH30nNtNeA,Classic Skate Shop,true,core,gear-shop,3,4.7,153,OPERATIONAL,Sporting Goods Store,https://www.youtube.com/@classicskateshopreno,https://maps.google.com/?cid=16155939582489616782&g_mp=Cidnb29nbGUubWFwcy5wbGFjZXMudjEuUGxhY2VzLlNlYXJjaFRleHQQAhgEIAA,(775) 203-4025,"273 E Plumb Ln #105, Reno, NV 89502, USA",39.5060098,-119.80244950000001,false,3,sporting goods store,standard,2026-06-24,,false
ChIJSd31rEIPmYARLDXTr9G-coI,Virginia City off road Experience,true,core,atv; dirtbike; utv,5,5,151,OPERATIONAL,Tourist Attraction,https://virginiacityoffroad.com/,https://maps.google.com/?cid=9399785180082943276&g_mp=Cidnb29nbGUubWFwcy5wbGFjZXMudjEuUGxhY2VzLlNlYXJjaFRleHQQAhgEIAA,(775) 300-3099,"311 E St, Virginia City, NV 89440, USA",39.305727999999995,-119.65004369999998,false,1,atv rental; dirt bike rental; quad rental; rzr rental; utv rental,standard,2026-06-24,,false
ChIJWWOPcw-QmYARhEoevVFqLRs,The Village Board Shop,true,core,alpine-ski; climbing; cycling; gear-shop; snowboard; snowshoe,11,4.5,151,OPERATIONAL,Sporting Goods Store,http://www.thevillageboardshop.com/,https://maps.google.com/?cid=1958338312273808004&g_mp=Cidnb29nbGUubWFwcy5wbGFjZXMudjEuUGxhY2VzLlNlYXJjaFRleHQQAhgEIAA,(530) 541-4444,"3542 Lake Tahoe Blvd, South Lake Tahoe, CA 96150, USA",38.94671400000001,-119.9616477,false,2,bike rental; bike shop; climbing gear rental; ski rental; ski shop; snowboard rental; snowboard shop; snowshoe rental; sporting goods store,standard,2026-06-24,,false
ChIJKb9R3HdAmYARAS4Qy-DIhD0,"Ball Hogs Sports Cards, Collectibles & More",true,core,gear-shop,3,4.5,151,OPERATIONAL,Store,,https://maps.google.com/?cid=4432888801044475393&g_mp=Cidnb29nbGUubWFwcy5wbGFjZXMudjEuUGxhY2VzLlNlYXJjaFRleHQQAhgEIAA,(775) 432-2124,"4104 Kietzke Ln, Reno, NV 89502, USA",39.4845949,-119.7886386,false,3,sporting goods store,standard,2026-06-24,,false
ChIJx83JvkSQmYAR37b1G_O0P5E,Heavenly Sports - Marriott,true,core,alpine-ski; gear-shop; nordic-ski; pwc; snowboard,9,4.2,150,OPERATIONAL,Services,https://www.epicmountainrentals.com/,https://maps.google.com/?cid=10466283015271462623&g_mp=Cidnb29nbGUubWFwcy5wbGFjZXMudjEuUGxhY2VzLlNlYXJjaFRleHQQAhgEIAA,(530) 542-2859,"1001 Heavenly Village Way 18 & 19, South Lake Tahoe, CA 96150, USA",38.956311,-119.94261360000002,false,3,cross country ski rental; jet ski rental; ski rental; ski shop; snowboard rental; snowboard shop; sporting goods store,standard,2026-06-24,,false
ChIJ3-J6Qz0VmYARHxOTx23jJUY,Rental Guys,true,core,gear-shop,1,4.6,148,OPERATIONAL,Services,https://www.rentalguys.com/,https://maps.google.com/?cid=5054696217432494879&g_mp=Cidnb29nbGUubWFwcy5wbGFjZXMudjEuUGxhY2VzLlNlYXJjaFRleHQQAhgEIAA,(775) 284-1223,"10450 S Virginia St, Reno, NV 89511, USA",39.4365984,-119.7667302,false,1,outdoor equipment rental,standard,2026-06-24,,false
ChIJN23nv8tAmYARvgNORU9WE2Y,Reno Fly Shop,true,core; gap,fishing-gear; fly-fishing; gear-shop,3,4.6,147,OPERATIONAL,Store,http://renoflyshop.com/,https://maps.google.com/?cid=7355317514891297726&g_mp=Cidnb29nbGUubWFwcy5wbGFjZXMudjEuUGxhY2VzLlNlYXJjaFRleHQQAhgEIAA,(775) 323-3474,"238 S Arlington Ave, Reno, NV 89501, USA",39.5220677,-119.8162043,false,2,fishing bait and tackle shop; fly fishing outfitter; sporting goods store,standard,2026-06-24,,false
ChIJxVubU7qPmYARw4wCdUiXjLg,SUP Tahoe - Stand Up Paddle,true,core,canoe; ebike; kayak; powerboat; sup; watersports,7,4.9,146,OPERATIONAL,Services,http://www.supsouthlaketahoe.com/,https://maps.google.com/?cid=13298170137174772931&g_mp=Cidnb29nbGUubWFwcy5wbGFjZXMudjEuUGxhY2VzLlNlYXJjaFRleHQQAhgEIAA,(530) 545-6300,"871 Emerald Bay Rd, South Lake Tahoe, CA 96150, USA",38.916657099999995,-120.0082188,false,1,boat rental; canoe rental; ebike rental; kayak rental; kayak tours; paddleboard rental; watersports rental,standard,2026-06-24,,false
ChIJm5ZXkerZm4ARnAq7qThpZok,Olympic Bootworks,true,core,alpine-ski; backcountry-ski; cycling; gear-shop; snowboard,8,4.9,144,OPERATIONAL,Sporting Goods Store,http://olympicbootworks.com/,https://maps.google.com/?cid=9900716522907306652&g_mp=Cidnb29nbGUubWFwcy5wbGFjZXMudjEuUGxhY2VzLlNlYXJjaFRleHQQAhgEIAA,(530) 581-0747,"1602 Olympic Vly Rd, Olympic Valley, CA 96146, USA",39.1992039,-120.22939769999999,false,2,backcountry ski rental; bike shop; ski rental; ski shop; snowboard rental; snowboard shop; sporting goods store,standard,2026-06-24,,false
ChIJI4L6yJGRmYARfBLy5H-ZHGY,Adventure Lake Tahoe,true,core; experience; gap,archery; atv; powerboat; river-tube; snow-tube; snowmobile; utv; watersports,11,4.9,143,OPERATIONAL,Adventure Sports Center,http://adventureslaketahoe.com/,https://maps.google.com/?cid=7357924665797513852&g_mp=Cidnb29nbGUubWFwcy5wbGFjZXMudjEuUGxhY2VzLlNlYXJjaFRleHQQAhgEIAA,(530) 721-6662,"2700 Lake Tahoe Blvd, South Lake Tahoe, CA 96150, USA",38.928843900000004,-119.98093490000001,false,1,archery range; atv rental; boat rental; quad rental; river float rental; rzr rental; side by side rental; sled rental; snowmobile rental; utv rental; watersports rental,standard,2026-06-24,,false
ChIJHXsYzWtHmYARvB8imZGkceU,The Salvation Army Family Store & Donation Center,true,core,cycling,1,4.2,143,OPERATIONAL,Thrift Store,https://reno.salvationarmy.org/reno/,https://maps.google.com/?cid=16533176652300165052&g_mp=Cidnb29nbGUubWFwcy5wbGFjZXMudjEuUGxhY2VzLlNlYXJjaFRleHQQAhgEIAA,(775) 688-4559,"2300 Valley Rd, Reno, NV 89512, USA",39.549714699999996,-119.80717329999999,false,1,bike shop,standard,2026-06-24,,true
ChIJAUbDPrZ9mYARboTc4ZxoE8o,Tahoe Bliss Boat Charters,true,core,canoe; pontoon; powerboat,3,5,141,OPERATIONAL,Tour Agency,https://tahoeblissboatcharters.com/,https://maps.google.com/?cid=14561097043232457838&g_mp=Cidnb29nbGUubWFwcy5wbGFjZXMudjEuUGxhY2VzLlNlYXJjaFRleHQQAhgEIAA,(775) 954-0305,,,,true,1,boat rental; canoe rental; pontoon rental,service-area,2026-06-24,,false
ChIJ06O-A3y-mYARAPpXEQC8kUY,Eastern Sierra Feed,true,core,gear-shop,1,4.7,139,OPERATIONAL,Store,http://www.easternsierrafeed.com/,https://maps.google.com/?cid=5085052162755000832&g_mp=Cidnb29nbGUubWFwcy5wbGFjZXMudjEuUGxhY2VzLlNlYXJjaFRleHQQAhgEIAA,(775) 782-3143,"1245 Waterloo Ln, Gardnerville, NV 89410, USA",38.931847499999996,-119.7482574,false,1,sporting goods store,standard,2026-06-24,,false
ChIJNZPS_Q6QmYARBPfAmxo8EXg,TheTahoeVapory,true,core,alpine-ski,1,4.8,138,OPERATIONAL,Store,http://www.thetahoevapory.com/,https://maps.google.com/?cid=8651762444135364356&g_mp=Cidnb29nbGUubWFwcy5wbGFjZXMudjEuUGxhY2VzLlNlYXJjaFRleHQQAhgEIAA,(775) 580-6555,"31 US-50 203 Second Floor, Stateline, NV 89449, USA",38.961069699999996,-119.9401893,false,1,ski shop,standard,2026-06-24,,false
ChIJFZ9-H4eamYARz7y9J6SiK_k,Shoreline of Tahoe,true,core,alpine-ski; backcountry-ski; cycling; ebike; gear-shop; mtb; nordic-ski; pwc; snowboard; snowshoe,18,4.9,137,OPERATIONAL,Bicycle Shop,http://www.shorelineoftahoe.com/,https://maps.google.com/?cid=17954623165367696591&g_mp=Cidnb29nbGUubWFwcy5wbGFjZXMudjEuUGxhY2VzLlNlYXJjaFRleHQQAhgEIAA,(775) 588-8777,"259 Kingsbury Grade Rd, Stateline, NV 89449, USA",38.9680454,-119.9300637,false,3,backcountry ski rental; bike rental; bike shop; cross country ski rental; ebike rental; jet ski rental; mountain bike rental; outdoor equipment rental; outdoor gear rental; ski rental; ski shop; snowboard rental; snowboard shop; snowshoe rental; splitboard rental; sporting goods store,standard,2026-06-24,,false
ChIJoUWvFkFwmYARbrdYlmZOTEY,Action Water Sports of Incline Village,true,core,alpine-ski; canoe; kayak; pontoon; powerboat; pwc; sailing; sup; wakeboard; watersports,19,4.4,137,OPERATIONAL,Services,https://www.awsincline.com/,https://maps.google.com/?cid=5065509883400992622&g_mp=Cidnb29nbGUubWFwcy5wbGFjZXMudjEuUGxhY2VzLlNlYXJjaFRleHQQAhgEIAA,(775) 831-4386,"5000 N Lake Blvd, Carnelian Bay, CA 96140, USA",39.2254054,-120.08362910000001,false,3,boat charter; boat rental; canoe rental; catamaran rental; jet ski rental; kayak rental; kayak tours; motorboat rental; paddleboard rental; personal watercraft rental; pontoon rental; sailboat rental; ski boat rental; ski rental; wakeboard boat rental; watersports rental; waverunner rental,standard,2026-06-24,,false
ChIJPU_R4WtAmYAR4IgZPnf-fag,Reno Running Company,true,core,gear-shop,1,4.9,135,OPERATIONAL,Shoe Store,http://www.renorunningcompany.com/,https://maps.google.com/?cid=12141139958557149408&g_mp=Cidnb29nbGUubWFwcy5wbGFjZXMudjEuUGxhY2VzLlNlYXJjaFRleHQQAhgEIAA,(775) 827-2276,"3438 Lakeside Dr, Reno, NV 89509, USA",39.4924293,-119.8073812,false,1,sporting goods store,standard,2026-06-24,ChIJe7KVfY4UmYAR3qXoQM1Ay4Y,false
ChIJPbiUCRSgmYARvIz9v6Kkf8g,The WheelHouse,true,core,alpine-ski; cycling; gear-shop,3,4.8,134,OPERATIONAL,Sporting Goods Store,http://www.wheelhousecc.com/,https://maps.google.com/?cid=14447447148540562620&g_mp=Cidnb29nbGUubWFwcy5wbGFjZXMudjEuUGxhY2VzLlNlYXJjaFRleHQQAhgEIAA,(775) 461-3889,"1800 E William St Ste 1, Carson City, NV 89701, USA",39.172727099999996,-119.7491452,false,1,bike shop; ski shop; sporting goods store,standard,2026-06-24,,false
ChIJTb3VLfI_mYARC8xCjsfWDzE,Zumiez,true,core,gear-shop; snowboard,2,4.2,133,OPERATIONAL,Clothing Store,https://www.zumiez.com/stores/us222?utm_source=google+my+business&utm_medium=organic&utm_campaign=store+locations,https://maps.google.com/?cid=3535280385082706955&g_mp=Cidnb29nbGUubWFwcy5wbGFjZXMudjEuUGxhY2VzLlNlYXJjaFRleHQQAhgEIAA,(775) 828-9631,"5000 Meadowood Mall Cir b108, Reno, NV 89502, USA",39.4742398,-119.78278209999999,false,1,snowboard shop; sporting goods store,standard,2026-06-24,,true
ChIJXR7C1DPem4AR7cE519Weul4,Tahoe Forest Hospice Gift & Thrift,true,core,alpine-ski; cycling,2,3.9,132,OPERATIONAL,Thrift Store,http://www.tfhd.com/hospice-thrift-stores,https://maps.google.com/?cid=6825942826509517293&g_mp=Cidnb29nbGUubWFwcy5wbGFjZXMudjEuUGxhY2VzLlNlYXJjaFRleHQQAhgEIAA,(530) 582-4947,"10338 River Park Pl, Truckee, CA 96161, USA",39.322601999999996,-120.1936279,false,1,bike shop; ski shop,standard,2026-06-24,,true
ChIJI6gkh42PmYARD1_fHU6UOSg,Mile High Fishing Charters,true,core; gap,fishing-charter; powerboat,2,4.9,131,OPERATIONAL,Fishing Charter,http://www.fishtahoe.com/,https://maps.google.com/?cid=2898510898419162895&g_mp=Cidnb29nbGUubWFwcy5wbGFjZXMudjEuUGxhY2VzLlNlYXJjaFRleHQQAhgEIAA,(530) 541-5312,"2435 Venice Drive East Suite 5, Boats docked below, our office at Slips, B-6 And B-8, South Lake Tahoe, CA 96150, USA",38.9344684,-120.0020088,false,1,boat charter; fishing charter,standard,2026-06-24,,false
ChIJ693RXLqPmYARmhjcHSJaFis,South Shore Bikes,true,core,alpine-ski; backcountry-ski; cycling; ebike; gear-shop; mtb; snowboard,10,4.8,131,OPERATIONAL,Bicycle Shop,http://www.southshorebikestahoe.com/,https://maps.google.com/?cid=3104768095694887066&g_mp=Cidnb29nbGUubWFwcy5wbGFjZXMudjEuUGxhY2VzLlNlYXJjaFRleHQQAhgEIAA,(530) 544-7433,"2175 Lake Tahoe Blvd, South Lake Tahoe, CA 96150, USA",38.917022599999996,-119.99902010000001,false,1,backcountry ski rental; bike rental; bike shop; ebike rental; mountain bike rental; ski rental; ski shop; snowboard rental; snowboard shop; sporting goods store,standard,2026-06-24,,false
ChIJtW7Egsvfm4ARpLAHoUHGvuI,Start Haus Ski & Bike,true,core,alpine-ski; backcountry-ski; cycling; ebike; gear-shop; mtb; nordic-ski; snowboard; snowshoe,16,4.8,131,OPERATIONAL,Sporting Goods Store,https://www.starthaus.com/,https://maps.google.com/?cid=16338714483323547812&g_mp=Cidnb29nbGUubWFwcy5wbGFjZXMudjEuUGxhY2VzLlNlYXJjaFRleHQQAhgEIAA,(530) 582-5781,"11351 CA-89, Truckee, CA 96161, USA",39.318501999999995,-120.20735799999999,false,3,alpine touring ski rental; bike rental; bike shop; cross country ski rental; downhill bike park rental; ebike rental; mountain bike rental; outdoor gear rental; ski rental; ski shop; snowboard rental; snowboard shop; snowshoe rental; sporting goods store,standard,2026-06-24,,false
ChIJKfp1JQ5HmYARSPVLMInMi3U,Kiwanis Activity Center and Bike Program,true,core,cycling; ebike; mtb,4,4.8,131,OPERATIONAL,Bicycle Shop,http://www.kiwanisbikes.org/,https://maps.google.com/?cid=8470088413793219912&g_mp=Cidnb29nbGUubWFwcy5wbGFjZXMudjEuUGxhY2VzLlNlYXJjaFRleHQQAhgEIAA,(775) 337-1717,"5305 Mill St, Reno, NV 89502, USA",39.513951399999996,-119.74986369999998,false,1,bike rental; bike shop; ebike rental; mountain bike rental,standard,2026-06-24,,false
ChIJ8b6JVa6HDG8R4ciI6hKk4yg,Lake Level Surf Charters,true,core,canoe; pontoon; powerboat; pwc; sailing; wakeboard; watersports,9,5,129,OPERATIONAL,Tour Agency,https://www.lakelevelsurf.com/,https://maps.google.com/?cid=2946378982381635809&g_mp=Cidnb29nbGUubWFwcy5wbGFjZXMudjEuUGxhY2VzLlNlYXJjaFRleHQQAhgEIAA,(530) 307-3667,"2435 Venice Dr E #91, South Lake Tahoe, CA 96150, USA",38.9354568,-120.0024747,false,1,boat charter; boat rental; canoe rental; personal watercraft rental; pontoon rental; sailboat rental; ski boat rental; wakeboard boat rental; watersports rental,standard,2026-06-24,,false
ChIJmyuXjix7mYARCT8BNIAOv1k,North Shore Parasail,true,core,powerboat; pwc; sup; watersports,4,3.9,129,OPERATIONAL,Tour Agency,https://californiaparasail.com/,https://maps.google.com/?cid=6466903533718421257&g_mp=Cidnb29nbGUubWFwcy5wbGFjZXMudjEuUGxhY2VzLlNlYXJjaFRleHQQAhgEIAA,(530) 546-7698,"8299 N Lake Blvd, Kings Beach, CA 96143, USA",39.2378341,-120.02718189999999,false,1,boat rental; jet ski rental; paddleboard rental; watersports rental,standard,2026-06-24,,false
ChIJX19jQLs_mYAR1rSMr9FQlCg,Ski Pro,true,core,alpine-ski; backcountry-ski; gear-shop; nordic-ski; snowboard; snowshoe,11,4.7,126,OPERATIONAL,Sporting Goods Store,https://skipro.com/,https://maps.google.com/?cid=2924050919593915606&g_mp=Cidnb29nbGUubWFwcy5wbGFjZXMudjEuUGxhY2VzLlNlYXJjaFRleHQQAhgEIAA,(775) 420-3427,"6407 S Virginia St Ste 110, Reno, NV 89511, USA",39.4668073,-119.78521609999999,false,1,alpine touring ski rental; backcountry ski rental; cross country ski rental; outdoor gear rental; ski rental; ski shop; snowboard rental; snowboard shop; snowshoe rental; splitboard rental; sporting goods store,standard,2026-06-24,,false
ChIJwyQK8npHmYARefawNQnK1vM,Reno Brew Bike,true,core,cycling,2,4.7,126,OPERATIONAL,,http://www.renobrewbike.com/,https://maps.google.com/?cid=17570453137136875129&g_mp=Cidnb29nbGUubWFwcy5wbGFjZXMudjEuUGxhY2VzLlNlYXJjaFRleHQQAhgEIAA,(775) 771-0164,"401 E 4th St, Reno, NV 89512, USA",39.531259399999996,-119.80885839999998,false,1,bike rental; bike shop,standard,2026-06-24,,false
ChIJxf5jrKM_mYARnVfpd7z3YCg,Sierra Bicycle Supply,true,core,alpine-ski; cycling; ebike; gear-shop; mtb; snowboard,7,4,126,OPERATIONAL,Bicycle Shop,https://shopbikesupply.com/,https://maps.google.com/?cid=2909597748119033757&g_mp=Cidnb29nbGUubWFwcy5wbGFjZXMudjEuUGxhY2VzLlNlYXJjaFRleHQQAhgEIAA,(775) 355-0655,"1380 Kleppe Ln, Sparks, NV 89431, USA",39.5245854,-119.7202975,false,1,bike rental; bike shop; ebike rental; mountain bike rental; ski shop; snowboard shop; sporting goods store,standard,2026-06-24,,false
ChIJA2VHWIbfm4ARyNqBs2-GAEU,Ski Butlers Northstar/Palisades Tahoe,true,core,alpine-ski; backcountry-ski; gear-shop; nordic-ski; snowboard; snowshoe,11,4.9,125,OPERATIONAL,Services,https://www.skibutlers.com/locations/north-lake-tahoe,https://maps.google.com/?cid=4972121802928151240&g_mp=Cidnb29nbGUubWFwcy5wbGFjZXMudjEuUGxhY2VzLlNlYXJjaFRleHQQAhgEIAA,(530) 582-8277,"40169 Truckee Airport Rd, Truckee, CA 96161, USA",39.3155924,-120.14673200000001,false,2,backcountry ski rental; cross country ski rental; ski rental; ski shop; snowboard rental; snowboard shop; snowshoe rental; splitboard rental; sporting goods store,standard,2026-06-24,,false
ChIJFenZxXrnm4ARkt-aIgGLAqY,Donner Lake Marina,true,core; gap,alpine-ski; canoe; fishing-charter; gear-shop; kayak; pontoon; powerboat; pwc; sailing; sup; wakeboard; watersports,23,4.5,124,OPERATIONAL,Services,http://donnerlakemarina.com/,https://maps.google.com/?cid=11962276397241261970&g_mp=Cidnb29nbGUubWFwcy5wbGFjZXMudjEuUGxhY2VzLlNlYXJjaFRleHQQAhgEIAA,(530) 582-5112,"15755 Donner Pass Rd, Truckee, CA 96161, USA",39.3239297,-120.2870931,false,3,boat charter; boat rental; canoe rental; fishing charter; jet ski rental; kayak rental; kayak tours; lake toy rental; motorboat rental; paddleboard rental; personal watercraft rental; pontoon rental; sailboat rental; ski boat rental; ski rental; ski shop; sporting goods store; wakeboard boat rental; watersports rental; waverunner rental,standard,2026-06-24,,false
ChIJyVy-Bvc_mYARtL4-4BO64DY,MetroPawn,true,core,cycling; gear-shop,2,4.2,124,OPERATIONAL,Services,https://ezpawn.com/stores/nv/reno/6150-s-virginia-st,https://maps.google.com/?cid=3954365067360648884&g_mp=Cidnb29nbGUubWFwcy5wbGFjZXMudjEuUGxhY2VzLlNlYXJjaFRleHQQAhgEIAA,(775) 828-5454,"6150 S Virginia St, Reno, NV 89502, USA",39.4702668,-119.7854642,false,1,bike shop; sporting goods store,standard,2026-06-24,ChIJmf-M8-A-mYARc6_PtX-mJWY,false
ChIJG6LalSx7mYARRoeW-38NlmA,Tahoe Paddle & Oar,true,core,alpine-ski; canoe; kayak; pontoon; powerboat; pwc; sup; watersports,13,4.8,121,OPERATIONAL,Services,http://www.tahoepaddle.com/,https://maps.google.com/?cid=6959765117480634182&g_mp=Cidnb29nbGUubWFwcy5wbGFjZXMudjEuUGxhY2VzLlNlYXJjaFRleHQQAhgEIAA,(530) 581-3029,"8245 N Lake Blvd, Kings Beach, CA 96143, USA",39.2378383,-120.02772429999999,false,3,boat rental; canoe rental; jet ski rental; kayak rental; kayak tours; motorboat rental; paddleboard rental; personal watercraft rental; pontoon rental; ski rental; watersports rental; waverunner rental,standard,2026-06-24,,false
ChIJ9YtcA7WPmYARBsx33yY9tLI,Snowshoe Thompson's Ski and Snowboard Rentals,true,core; experience,alpine-ski; backcountry-ski; cycling; gear-shop; nordic-ski; snow-tube; snowboard; snowshoe,14,4.6,121,OPERATIONAL,Sporting Goods Store,http://snowshoelaketahoe.com/,https://maps.google.com/?cid=12876984471726312454&g_mp=Cidnb29nbGUubWFwcy5wbGFjZXMudjEuUGxhY2VzLlNlYXJjaFRleHQQAhgEIAA,(530) 544-4783,"1219 Emerald Bay Rd, South Lake Tahoe, CA 96150, USA",38.906533100000004,-119.99980980000001,false,1,alpine touring ski rental; backcountry ski rental; bike rental; bike shop; cross country ski rental; outdoor gear rental; ski rental; ski shop; sled rental; snowboard rental; snowboard shop; snowshoe rental; splitboard rental; sporting goods store,standard,2026-06-24,,false
ChIJZwdxF7BgmYARjbKNFXlQJdc,Gilligans Guide Service,true,core; gap,fishing-charter; fly-fishing; outfitter,3,4.9,120,OPERATIONAL,Fishing Charter,http://www.gilligansguideservice.com/,https://maps.google.com/?cid=15502885773275673229&g_mp=Cidnb29nbGUubWFwcy5wbGFjZXMudjEuUGxhY2VzLlNlYXJjaFRleHQQAhgEIAA,(775) 351-6665,"10849 Floriston Ave, Truckee, CA 96161, USA",39.3675021,-120.077243,false,1,fishing charter; fly fishing outfitter; guide service outfitter,standard,2026-06-24,,false
ChIJITkcCBM5mYARO5jDT_pvwDQ,Reno Running Company,true,core,gear-shop,1,4.9,120,OPERATIONAL,Sporting Goods Store,http://www.renorunningcompany.com/,https://maps.google.com/?cid=3801161206371424315&g_mp=Cidnb29nbGUubWFwcy5wbGFjZXMudjEuUGxhY2VzLlNlYXJjaFRleHQQAhgEIAA,(775) 683-9433,"1276 Disc Dr, Sparks, NV 89436, USA",39.577535,-119.722319,false,1,sporting goods store,standard,2026-06-24,ChIJe7KVfY4UmYAR3qXoQM1Ay4Y,false
ChIJi2iIy78KmYARSuIOwZTNaJU,Wild Bill's Guns Too,true,core,gear-shop,1,4.2,120,OPERATIONAL,Sporting Goods Store,,https://maps.google.com/?cid=10766080948007002698&g_mp=Cidnb29nbGUubWFwcy5wbGFjZXMudjEuUGxhY2VzLlNlYXJjaFRleHQQAhgEIAA,(775) 434-7125,"930 Corbett St, Carson City, NV 89701, USA",39.172195599999995,-119.75873980000001,false,1,sporting goods store,standard,2026-06-24,,false
ChIJw-qPGNZ_mYAR_mMlUj4Km5s,Obexer's Boat Company,true,core,canoe; pontoon; powerboat; pwc; sailing; wakeboard; watersports,10,4.7,119,OPERATIONAL,Marina,https://www.obexersboat.com/,https://maps.google.com/?cid=11212566960051414014&g_mp=Cidnb29nbGUubWFwcy5wbGFjZXMudjEuUGxhY2VzLlNlYXJjaFRleHQQAhgEIAA,(530) 525-7962,"5300 W Lake Blvd, Homewood, CA 96141, USA",39.0821663,-120.1579189,false,1,boat charter; boat rental; canoe rental; jet ski rental; motorboat rental; personal watercraft rental; pontoon rental; sailboat rental; ski boat rental; watersports rental,standard,2026-06-24,,false
ChIJr1XoLzkVmYARCcVd2sPgPHk,Willey Brothers Firearms,true,core,gear-shop,1,4.2,119,OPERATIONAL,Sporting Goods Store,http://willeybrothersfirearms.com/,https://maps.google.com/?cid=8736104508978742537&g_mp=Cidnb29nbGUubWFwcy5wbGFjZXMudjEuUGxhY2VzLlNlYXJjaFRleHQQAhgEIAA,(775) 853-2277,"9825 S Virginia St, Reno, NV 89511, USA",39.4414175,-119.7722354,false,1,sporting goods store,standard,2026-06-24,,false
ChIJs4FODOuPmYARFnBRKZVmBJ8,BayWatch Boat Charters,true,core,canoe; pontoon; powerboat; sailing,5,5,118,OPERATIONAL,Services,http://baywatchboatcharters.com/,https://maps.google.com/?cid=11458396142766747670&g_mp=Cidnb29nbGUubWFwcy5wbGFjZXMudjEuUGxhY2VzLlNlYXJjaFRleHQQAhgEIAA,(530) 670-0020,"2435 Venice Dr E, South Lake Tahoe, CA 96150, USA",38.9341357,-120.00131669999999,false,1,boat charter; boat rental; canoe rental; pontoon rental; sailboat rental,standard,2026-06-24,,false
ChIJywLR0bY4mYARjb9IMLxgX-k,All American Jewelry and Loan,true,core,cycling,1,4.4,118,OPERATIONAL,Services,http://allamericanjewelryloan.com/pawn/,https://maps.google.com/?cid=16816265895004913549&g_mp=Cidnb29nbGUubWFwcy5wbGFjZXMudjEuUGxhY2VzLlNlYXJjaFRleHQQAhgEIAA,(775) 358-7296,"1376 Sullivan Ln, Sparks, NV 89431, USA",39.5450326,-119.77106660000001,false,1,bike shop,standard,2026-06-24,,false
ChIJsXRiAIV9mYAREG8b5Eb_UG4,Battle Born Boat Rentals,true,core,canoe; kayak; pontoon; powerboat; pwc; sailing; sup; wakeboard; watersports,11,4.9,117,OPERATIONAL,Services,https://boattahoe.com/,https://maps.google.com/?cid=7949134022248722192&g_mp=Cidnb29nbGUubWFwcy5wbGFjZXMudjEuUGxhY2VzLlNlYXJjaFRleHQQAhgEIAA,(530) 213-3373,"2435 Venice Dr E, South Lake Tahoe, CA 96150, USA",38.9332596,-120.00115079999999,false,1,boat charter; boat rental; canoe rental; kayak rental; motorboat rental; paddleboard rental; personal watercraft rental; pontoon rental; sailboat rental; ski boat rental; watersports rental,standard,2026-06-24,,false
ChIJtYQxeHZ9mYARNYamcYRoFNY,New & Used Tahoe Sports,true,core,alpine-ski; gear-shop; nordic-ski; snowboard; snowshoe,10,4.7,117,OPERATIONAL,Store,https://nutsconsignment.com/,https://maps.google.com/?cid=15426069541702501941&g_mp=Cidnb29nbGUubWFwcy5wbGFjZXMudjEuUGxhY2VzLlNlYXJjaFRleHQQAhgEIAA,(530) 584-2236,"475 N Lake Blvd Unit 105, Tahoe City, CA 96145, USA",39.1706437,-120.1422287,false,2,cross country ski rental; outdoor equipment rental; outdoor gear rental; ski rental; ski shop; snowboard rental; snowboard shop; snowshoe rental; sporting goods store,standard,2026-06-24,,false
ChIJ3W82Nlw_mYAR-vmmwEdDv7Q,West Marine,true,core; gap,alpine-ski; fishing-gear; gear-shop,5,4.3,117,OPERATIONAL,Store,https://www.westmarine.com/stores/reno-nv-1219/?utm_source=GMB&utm_campaign=Local-Listings,https://maps.google.com/?cid=13024202622832671226&g_mp=Cidnb29nbGUubWFwcy5wbGFjZXMudjEuUGxhY2VzLlNlYXJjaFRleHQQAhgEIAA,(775) 329-2552,"2505 Mill St, Reno, NV 89502, USA",39.5195988,-119.7816483,false,3,fishing bait and tackle shop; ski shop; sporting goods store,standard,2026-06-24,,false
ChIJH7RaLsePmYARwBArVqhm0CM,Tahoe Used Ski and Snowboard,true,core,alpine-ski; cycling; gear-shop; nordic-ski; snowboard,9,3.8,117,OPERATIONAL,Sporting Goods Store,http://www.tahoeusedski.com/,https://maps.google.com/?cid=2580675459669496000&g_mp=Cidnb29nbGUubWFwcy5wbGFjZXMudjEuUGxhY2VzLlNlYXJjaFRleHQQAhgEIAA,(530) 721-7095,"1027 Emerald Bay Rd, South Lake Tahoe, CA 96150, USA",38.912689,-120.003522,false,1,bike rental; bike shop; cross country ski rental; outdoor gear rental; ski rental; ski shop; snowboard rental; snowboard shop; sporting goods store,standard,2026-06-24,,false
ChIJ6VGItV8_mYAR_2RlEpHcutA,Trek Bicycle Reno,true,core,cycling; ebike; gear-shop; mtb,5,5,115,OPERATIONAL,Bicycle Shop,https://www.trekbikes.com/us/en_US/retail/reno/?y_source=1_MTAzMjk3NDY1MC03MTUtbG9jYXRpb24ud2Vic2l0ZQ%3D%3D,https://maps.google.com/?cid=15040576421194196223&g_mp=Cidnb29nbGUubWFwcy5wbGFjZXMudjEuUGxhY2VzLlNlYXJjaFRleHQQAhgEIAA,(775) 624-7008,"6407 S Virginia St Ste 120, Reno, NV 89511, USA",39.4668073,-119.78521609999999,false,1,bike rental; bike shop; ebike rental; mountain bike rental; sporting goods store,standard,2026-06-24,,false
ChIJgdUHyKIKmYARaBDugkoQAKg,The Bike Smith,true,core,cycling; ebike; gear-shop; mtb,5,4.7,114,OPERATIONAL,Bicycle Shop,https://www.facebook.com/thebikesmithcc/,https://maps.google.com/?cid=12105693710582157416&g_mp=Cidnb29nbGUubWFwcy5wbGFjZXMudjEuUGxhY2VzLlNlYXJjaFRleHQQAhgEIAA,(775) 883-3210,"900 N Carson St, Carson City, NV 89701, USA",39.1694568,-119.76734420000001,false,1,bike rental; bike shop; ebike rental; mountain bike rental; sporting goods store,standard,2026-06-24,,false
ChIJSTGEgyx7mYARpkagCc9TK8A,North Tahoe Watersports Inc,true,core,alpine-ski; canoe; cycling; gear-shop; kayak; pontoon; powerboat; pwc; sailing; sup; wakeboard; watersports,18,4.6,114,OPERATIONAL,Services,https://www.northtahoewatersports.com/,https://maps.google.com/?cid=13847253627965556390&g_mp=Cidnb29nbGUubWFwcy5wbGFjZXMudjEuUGxhY2VzLlNlYXJjaFRleHQQAhgEIAA,(530) 546-9253,"State Recreation Area, 8400 N Lake Blvd, Kings Beach, CA 96143, USA",39.2358063,-120.02371559999999,false,3,bike rental; boat charter; boat rental; canoe rental; jet ski rental; kayak rental; lake toy rental; motorboat rental; outdoor equipment rental; paddleboard rental; personal watercraft rental; pontoon rental; sailboat rental; ski boat rental; ski rental; watersports rental; waverunner rental,standard,2026-06-24,,false
ChIJq5Q9LNZ_mYAR_7YexyN5loc,West Shore Sports,true,core,alpine-ski; canoe; cycling; dirtbike; ebike; gear-shop; kayak; mtb; nordic-ski; powerboat; pwc; snowboard; snowshoe; sup; wakeboard; watersports,22,4.6,113,OPERATIONAL,Services,http://www.westshoresports.com/,https://maps.google.com/?cid=9770129636198364927&g_mp=Cidnb29nbGUubWFwcy5wbGFjZXMudjEuUGxhY2VzLlNlYXJjaFRleHQQAhgEIAA,(530) 525-9920,"5395 W Lake Blvd, Homewood, CA 96141, USA",39.081140399999995,-120.1582036,false,1,bike rental; bike shop; boat rental; canoe rental; cross country ski rental; dirt bike rental; ebike rental; jet ski rental; kayak rental; mountain bike rental; outdoor equipment rental; outdoor gear rental; paddleboard rental; ski boat rental; ski rental; ski shop; snowboard rental; snowboard shop; snowshoe rental; sporting goods store; watersports rental; waverunner rental,standard,2026-06-24,,false
ChIJb6h9TYyFmYARfxDquuV848I,Camp Richardson Beachside Inn,true,core,powerboat,1,4.5,113,OPERATIONAL,Resort hotel,https://www.camprichardson.com/beachside-inn/,https://maps.google.com/?cid=14043205389196595327&g_mp=Cidnb29nbGUubWFwcy5wbGFjZXMudjEuUGxhY2VzLlNlYXJjaFRleHQQAhgEIAA,(800) 544-1801,"1902-3098 Jameson Beach Rd, South Lake Tahoe, CA 96150, USA",38.9382046,-120.04006249999999,false,1,boat rental,standard,2026-06-24,,false
ChIJOz_KFSdgmYARMCWq9Twp_qo,Truckee Bike Park,true,core,cycling; mtb,4,4.9,111,OPERATIONAL,Park,https://www.truckeebikepark.org/,https://maps.google.com/?cid=12321330972328600880&g_mp=Cidnb29nbGUubWFwcy5wbGFjZXMudjEuUGxhY2VzLlNlYXJjaFRleHQQAhgEIAA,(530) 401-0513,"12200 Joerger Dr, Truckee, CA 96161, USA",39.3298561,-120.1572441,false,1,bike rental; bike shop; downhill bike park rental; mountain bike rental,standard,2026-06-24,,false
ChIJieyd0sShmYARH6v55ShV9oM,Play It Again Sports,true,core,alpine-ski; cycling; disc-golf; gear-shop; ice-skate; mtb; snowboard; snowshoe,13,4.4,110,OPERATIONAL,Sporting Goods Store,http://www.playitagainsportscarsoncity.com/,https://maps.google.com/?cid=9508881297384778527&g_mp=Cidnb29nbGUubWFwcy5wbGFjZXMudjEuUGxhY2VzLlNlYXJjaFRleHQQAhgEIAA,(775) 267-3390,"911 Topsy Ln Ste 226A, Carson City, NV 89705, USA",39.1073491,-119.7770084,false,1,bike rental; bike shop; disc golf rental; ice skate rental; mountain bike rental; outdoor equipment rental; outdoor gear rental; ski rental; ski shop; snowboard rental; snowboard shop; snowshoe rental; sporting goods store,standard,2026-06-24,,false
ChIJp-VGuMC9mYARy9bsu8VKvsc,Testa Motorsports,true,core,cycling,1,4.7,109,OPERATIONAL,Store,https://testamotorsports.com/,https://maps.google.com/?cid=14393023672244557515&g_mp=Cidnb29nbGUubWFwcy5wbGFjZXMudjEuUGxhY2VzLlNlYXJjaFRleHQQAhgEIAA,(775) 782-6707,"1581 U.S. Hwy 395 N, Minden, NV 89423, USA",38.9517313,-119.76080400000001,false,1,bike shop,standard,2026-06-24,,false
ChIJhzIwLHpAmYARdDofgddYT1A,A Proper Fit Footwear,true,core,gear-shop,1,4.2,109,OPERATIONAL,Shoe Store,https://aproperfit.net/,https://maps.google.com/?cid=5786941728801897076&g_mp=Cidnb29nbGUubWFwcy5wbGFjZXMudjEuUGxhY2VzLlNlYXJjaFRleHQQAhgEIAA,(775) 323-3757,"4001 S Virginia St, Reno, NV 89502, USA",39.4862495,-119.79581230000001,false,1,sporting goods store,standard,2026-06-24,,false
ChIJQbD3TpBAmYARtqedhTR54Ac,Hi-cap firearms jewelry and more,true,core,gear-shop,3,4.9,107,OPERATIONAL,Sporting Goods Store,https://www.pawnworldrenonv.com/,https://maps.google.com/?cid=567586819535644598&g_mp=Cidnb29nbGUubWFwcy5wbGFjZXMudjEuUGxhY2VzLlNlYXJjaFRleHQQAhgEIAA,(775) 337-8989,"2295 S Virginia St Ste 5, Reno, NV 89502, USA",39.5028291,-119.8027145,false,3,sporting goods store,standard,2026-06-24,,false
ChIJ9UsF5i7fm4ARAGHBIGAM_Hc,Cook EFoiling,true,core; gap,canoe; efoil; foil-surf; kayak; pontoon; powerboat; watersports,7,5,106,OPERATIONAL,Services,https://www.cookefoiling.com/,https://maps.google.com/?cid=8645798991650447616&g_mp=Cidnb29nbGUubWFwcy5wbGFjZXMudjEuUGxhY2VzLlNlYXJjaFRleHQQAhgEIAA,(669) 238-7460,"10201 E River St, Truckee, CA 96161, USA",39.3281308,-120.18005169999999,false,1,boat rental; canoe rental; efoil rental; foil board rental; kayak rental; pontoon rental; watersports rental,standard,2026-06-24,,false
ChIJRyf15HaQmYARyGmCpy5p1Vk,Heavenly Village Ice Rink,true,core,ice-skate,1,4,106,OPERATIONAL,Ice Skating Rink,https://theshopsatheavenly.com/ice-rink/,https://maps.google.com/?cid=6473195688514709960&g_mp=Cidnb29nbGUubWFwcy5wbGFjZXMudjEuUGxhY2VzLlNlYXJjaFRleHQQAhgEIAA,(530) 542-4230,"1001 Heavenly Village Way, South Lake Tahoe, CA 96150, USA",38.9559308,-119.94261469999998,false,1,ice skate rental,standard,2026-06-24,,false
ChIJPRErSHaQmYAR-3WJQn9Xt6k,The North Face,true,core,alpine-ski; backpacking; camping; gear-shop,5,3.9,106,OPERATIONAL,Sportswear Store,https://www.thenorthface.com/,https://maps.google.com/?cid=12229339517236639227&g_mp=Cidnb29nbGUubWFwcy5wbGFjZXMudjEuUGxhY2VzLlNlYXJjaFRleHQQAhgEIAA,(530) 544-9062,"4118 Lake Tahoe Blvd #4, South Lake Tahoe, CA 96150, USA",38.9577859,-119.94259810000001,false,1,backpacking gear rental; camping gear rental; outdoor gear rental; ski shop; sporting goods store,standard,2026-06-24,,false
ChIJW4N6f1AVmYAR0Cc66XyOOng,Great Basin Bicycles,true,core,cycling; ebike; gear-shop; mtb,5,4.7,105,OPERATIONAL,Bicycle Shop,http://greatbasinbicycles.com/,https://maps.google.com/?cid=8663393500340561872&g_mp=Cidnb29nbGUubWFwcy5wbGFjZXMudjEuUGxhY2VzLlNlYXJjaFRleHQQAhgEIAA,(775) 825-8258,"8048 S Virginia St, Reno, NV 89511, USA",39.4547646,-119.77738559999999,false,1,bike rental; bike shop; ebike rental; mountain bike rental; sporting goods store,standard,2026-06-24,,false
ChIJl3QypgyOmYAR73tph_OvNyg,Birkholm's Water Ski Wakeboard School in Lake Tahoe,true,core,pwc; wakeboard; watersports,3,5,104,OPERATIONAL,School,https://birkholmswatersports.com/,https://maps.google.com/?cid=2897978345719954415&g_mp=Cidnb29nbGUubWFwcy5wbGFjZXMudjEuUGxhY2VzLlNlYXJjaFRleHQQAhgEIAA,(530) 573-1928,"2435 Venice Dr E, South Lake Tahoe, CA 96150, USA",38.9353957,-120.00237489999999,false,1,jet ski rental; wakeboard boat rental; watersports rental,standard,2026-06-24,,false
ChIJUfEcgi6PmYARLAfWEqrTzvU,Double Down Guide Service,true,core; gap,fishing-charter; outfitter; powerboat,3,4.8,104,OPERATIONAL,Fishing Charter,http://doubledowntahoe.com/,https://maps.google.com/?cid=17712327111908656940&g_mp=Cidnb29nbGUubWFwcy5wbGFjZXMudjEuUGxhY2VzLlNlYXJjaFRleHQQAhgEIAA,(530) 721-7253,"2435 Venice Dr E, South Lake Tahoe, CA 96150, USA",38.9339651,-120.00144549999999,false,1,boat charter; fishing charter; guide service outfitter,standard,2026-06-24,,false
ChIJl8WM-uE7mYARud8__I7uYnw,Wingfield Ace Hardware,true,core,gear-shop,1,4.5,103,OPERATIONAL,Hardware Store,http://www.acehardware.com/store-details/18349?utm_source=google&utm_medium=local&utm_campaign=localmaps&utm_content=18349,https://maps.google.com/?cid=8962988506305519545&g_mp=Cidnb29nbGUubWFwcy5wbGFjZXMudjEuUGxhY2VzLlNlYXJjaFRleHQQAhgEIAA,(775) 433-0800,"2464 Wingfield Hills Rd, Sparks, NV 89436, USA",39.608258899999996,-119.69587999999997,false,1,sporting goods store,standard,2026-06-24,,false
ChIJUwKFTX6RmYARqvQmPZ0vfAA,Rentools,true,core,gear-shop,1,5,102,OPERATIONAL,Services,https://rentools.pro/,https://maps.google.com/?cid=34955249494455466&g_mp=Cidnb29nbGUubWFwcy5wbGFjZXMudjEuUGxhY2VzLlNlYXJjaFRleHQQAhgEIAA,(530) 307-8146,"800 Emerald Bay Rd g, South Lake Tahoe, CA 96150, USA",38.917535099999995,-120.0110428,false,1,outdoor equipment rental,standard,2026-06-24,,false
ChIJ45T7dlp9mYARkLmSIVwT7J4,Cruisers Academy,true,core,sailing,1,5,102,OPERATIONAL,Sports School,https://www.cruisersacademy.com/,https://maps.google.com/?cid=11451549238917511568&g_mp=Cidnb29nbGUubWFwcy5wbGFjZXMudjEuUGxhY2VzLlNlYXJjaFRleHQQAhgEIAA,(530) 377-6696,"Boat Works Mall, 760 N Lake Blvd Ste 35, Tahoe City, CA 96145, USA",39.1725892,-120.1370604,false,1,sailboat rental,standard,2026-06-24,,false
ChIJjcqYrf83mYARi2reMygOHPo,Lizard Peak Disc Golf Course,true,core,disc-golf,1,4.6,102,OPERATIONAL,Athletic Field,,https://maps.google.com/?cid=18022295374661577355&g_mp=Cidnb29nbGUubWFwcy5wbGFjZXMudjEuUGxhY2VzLlNlYXJjaFRleHQQAhgEIAA,(775) 354-8985,"5905 Sidehill Dr, Sun Valley, NV 89433, USA",39.6111862,-119.78678409999998,false,1,disc golf rental,standard,2026-06-24,,false
ChIJKaXcJ-Y_mYARGWjckC10tx0,Roundabout Catering & Party Rentals,true,core,camping,1,4.3,102,OPERATIONAL,Food,http://roundaboutcatering.com/,https://maps.google.com/?cid=2141307886890674201&g_mp=Cidnb29nbGUubWFwcy5wbGFjZXMudjEuUGxhY2VzLlNlYXJjaFRleHQQAhgEIAA,(775) 747-2090,"631 Dunn Cir, Sparks, NV 89431, USA",39.528286,-119.73486399999997,false,1,tent rental,standard,2026-06-24,,false
ChIJqbAd6naQmYARzmDmLE2LviY,Powder House Ski and Snowboard At The Gondola,true,core; experience,alpine-ski; cycling; gear-shop; mtb; snow-tube; snowboard; snowshoe,14,3.6,102,OPERATIONAL,Services,http://www.tahoepowderhouse.com/powder-house-at-the-gondola,https://maps.google.com/?cid=2791821982598324430&g_mp=Cidnb29nbGUubWFwcy5wbGFjZXMudjEuUGxhY2VzLlNlYXJjaFRleHQQAhgEIAA,(530) 542-6222,"1001 Heavenly Village Way #20, South Lake Tahoe, CA 96150, USA",38.9560962,-119.94372080000001,false,3,bike rental; mountain bike rental; outdoor equipment rental; outdoor gear rental; ski rental; ski shop; sled rental; snowboard rental; snowboard shop; snowshoe rental; sporting goods store,standard,2026-06-24,ChIJNd1MfXaQmYARGUhCfr5Mou8,false
ChIJHdwDUcDfm4AReKIJrkARduU,TOTALLY BOARD,true,core,alpine-ski; backcountry-ski; gear-shop; snowboard; snowshoe,9,4.8,101,OPERATIONAL,Sporting Goods Store,http://www.totallyboardtahoe.com/,https://maps.google.com/?cid=16534422051432800888&g_mp=Cidnb29nbGUubWFwcy5wbGFjZXMudjEuUGxhY2VzLlNlYXJjaFRleHQQAhgEIAA,(530) 582-1584,"10060 Bridge St, Truckee, CA 96161, USA",39.3290128,-120.1846877,false,3,ski rental; ski shop; snowboard rental; snowboard shop; snowshoe rental; splitboard rental; sporting goods store,standard,2026-06-24,,false
ChIJG1pSOoE7WaIR4hsZXbN-jQY,The Tahoe Experience,true,core,powerboat,1,5,100,OPERATIONAL,Tour Agency,http://thetahoeexperience.com/,https://maps.google.com/?cid=472172844769942498&g_mp=Cidnb29nbGUubWFwcy5wbGFjZXMudjEuUGxhY2VzLlNlYXJjaFRleHQQAhgEIAA,(530) 721-2139,,,,true,1,boat rental,service-area,2026-06-24,,false
ChIJf_jpwMXZm4ARr6Nv9K2fSw8,Matt Heron Fly Fishing,true,core; gap,fishing-charter; fly-fishing; outfitter,3,5,100,OPERATIONAL,Fishing Charter,http://mattheronflyfishing.com/,https://maps.google.com/?cid=1102150103301333935&g_mp=Cidnb29nbGUubWFwcy5wbGFjZXMudjEuUGxhY2VzLlNlYXJjaFRleHQQAhgEIAA,(775) 686-8606,"400 Squaw Creek Rd, Olympic Valley, CA 96146, USA",39.1995,-120.217734,false,1,fishing charter; fly fishing outfitter; guide service outfitter,standard,2026-06-24,,false
ChIJO3GWY9-hmYAR6reGUxom-7k,Carson City Bike Shop Concept E-Bikes,true,core,cycling; ebike; gear-shop; mtb,5,3.5,99,OPERATIONAL,Bicycle Shop,https://carsoncitybikeshop.com/,https://maps.google.com/?cid=13401347010683385834&g_mp=Cidnb29nbGUubWFwcy5wbGFjZXMudjEuUGxhY2VzLlNlYXJjaFRleHQQAhgEIAA,(775) 885-2453,"3633 Research Way #102, Carson City, NV 89706, USA",39.191168999999995,-119.750584,false,1,bike rental; bike shop; ebike rental; mountain bike rental; sporting goods store,standard,2026-06-24,,false
ChIJMaQNh15ImYARe7EyWm5l1_w,Black Rock Bicycles,true,core,cycling; dirtbike; ebike; mtb,6,4.6,98,OPERATIONAL,Bicycle Shop,http://www.blackrockbicycles.com/,https://maps.google.com/?cid=18219142342184710523&g_mp=Cidnb29nbGUubWFwcy5wbGFjZXMudjEuUGxhY2VzLlNlYXJjaFRleHQQAhgEIAA,(775) 972-3336,"7875 N Virginia St Unit B, Reno, NV 89506, USA",39.5995602,-119.8440207,false,1,bike rental; bike shop; dirt bike rental; downhill bike park rental; ebike rental; mountain bike rental,standard,2026-06-24,,false
ChIJ4SI45Rk3mYARrUTt_tbOm9w,Bouncing Around,true,core,camping,1,5,97,OPERATIONAL,Services,http://bouncehousereno.com/,https://maps.google.com/?cid=15896526732529583277&g_mp=Cidnb29nbGUubWFwcy5wbGFjZXMudjEuUGxhY2VzLlNlYXJjaFRleHQQAhgEIAA,(775) 425-5867,"1603 Greg Ct, Sparks, NV 89431, USA",39.5232153,-119.7643406,false,1,tent rental,standard,2026-06-24,,false
ChIJrWqLVgSQmYAR0Q2mUtnaIDM,Sierra Ski & Cycle Works,true,core,alpine-ski; backcountry-ski; cycling; ebike; gear-shop; mtb; nordic-ski; snowboard; snowshoe,15,4.8,96,OPERATIONAL,Sporting Goods Store,https://sierraskiandcycleworks.com/,https://maps.google.com/?cid=3684185122118438353&g_mp=Cidnb29nbGUubWFwcy5wbGFjZXMudjEuUGxhY2VzLlNlYXJjaFRleHQQAhgEIAA,(530) 541-7505,"3430 Lake Tahoe Blvd, South Lake Tahoe, CA 96150, USA",38.9454371,-119.9662772,false,2,alpine touring ski rental; backcountry ski rental; bike rental; bike shop; cross country ski rental; ebike rental; mountain bike rental; ski rental; ski shop; snowboard rental; snowboard shop; snowshoe rental; sporting goods store,standard,2026-06-24,,false
ChIJ9U9G4Ok_mYARdr67s7o-XJg,Outdoor Power,true,core,gear-shop,1,4.3,94,OPERATIONAL,Store,http://www.opreno.com/,https://maps.google.com/?cid=10978718963222691446&g_mp=Cidnb29nbGUubWFwcy5wbGFjZXMudjEuUGxhY2VzLlNlYXJjaFRleHQQAhgEIAA,(775) 827-6937,"4995 Longley Ln, Reno, NV 89502, USA",39.477648699999996,-119.76593640000002,false,1,outdoor equipment rental,standard,2026-06-24,,false
ChIJw6CRhjXem4ARnUwmORNjzC8,Enterprise Rent-A-Car,true,core,offroad-4x4,1,3.9,94,OPERATIONAL,Car Rental Agency,https://www.enterprise.com/en/car-rental-locations/us/ca/truckee-3059.html?mcid=yext:245709,https://maps.google.com/?cid=3444236749245926557&g_mp=Cidnb29nbGUubWFwcy5wbGFjZXMudjEuUGxhY2VzLlNlYXJjaFRleHQQAhgEIAA,(530) 550-1550,"10266 Truckee Airport Rd Ste B, Truckee, CA 96161, USA",39.3185954,-120.14597930000001,false,1,4x4 rental,standard,2026-06-24,ChIJqfzLx3A_mYARQSrlvQ1UiWI,true
ChIJvdVfnIBxmYARVBhRpbkSIXU,"All Around Tahoe - Paddleboards, Kayaks, Bikes rental & more!",true,core,canoe; cycling; kayak; mtb; sup; watersports,6,5,93,OPERATIONAL,Services,http://allaroundtahoe.com/,https://maps.google.com/?cid=8440047765220825172&g_mp=Cidnb29nbGUubWFwcy5wbGFjZXMudjEuUGxhY2VzLlNlYXJjaFRleHQQAhgEIAA,(775) 527-2840,,,,true,1,bike rental; canoe rental; kayak rental; mountain bike rental; paddleboard rental; watersports rental,service-area,2026-06-24,,false
ChIJ59MHV2WbmYARHl_0nG6nCDI,"Rolling Freedom Motorcycles & Lake Tahoe Slingshots - Motorcycles, Moped Scooters, E-Bike Rentals & EagleRider Tours",true,core,cycling; dirtbike; ebike; mtb,6,4.8,93,OPERATIONAL,Services,http://www.rolltahoe.com/,https://maps.google.com/?cid=3605315595231584030&g_mp=Cidnb29nbGUubWFwcy5wbGFjZXMudjEuUGxhY2VzLlNlYXJjaFRleHQQAhgEIAA,(775) 580-7054,"152 US-50 #1, Stateline, NV 89449, USA",38.9686622,-119.9359776,false,1,bike rental; bike shop; dirt bike rental; ebike rental; motocross bike rental; mountain bike rental,standard,2026-06-24,,false
ChIJAfzNHYS-mYARMKVpPPix1Zk,Guns N Ammo,true,core,gear-shop,1,4,93,OPERATIONAL,Sporting Goods Store,http://www.gunsnarrows.com/,https://maps.google.com/?cid=11084961737565906224&g_mp=Cidnb29nbGUubWFwcy5wbGFjZXMudjEuUGxhY2VzLlNlYXJjaFRleHQQAhgEIAA,(775) 783-1858,"1321 US-395 N, 1321 U.S. Hwy 395 N, Gardnerville, NV 89410, USA",38.9348173,-119.7366543,false,1,sporting goods store,standard,2026-06-24,,false
ChIJ_5V_Qx2QmYARrhM3tg-HJxs,Bijou Municipal Golf Course,true,core,disc-golf,1,4.2,92,OPERATIONAL,Golf Course,https://cityofslt.us/267/Golf-Course,https://maps.google.com/?cid=1956681064667091886&g_mp=Cidnb29nbGUubWFwcy5wbGFjZXMudjEuUGxhY2VzLlNlYXJjaFRleHQQAhgEIAA,(530) 542-6097,"3464 Fairway Ave, South Lake Tahoe, CA 96150, USA",38.9440095,-119.965212,false,1,disc golf rental,standard,2026-06-24,,false
ChIJYRj0wmPZm4ARnFQfBfRclvg,Snowshoe Tahoe,true,core,snowshoe,1,5,91,OPERATIONAL,Tour Agency,https://www.snowshoetahoe.net/,https://maps.google.com/?cid=17912606771040441500&g_mp=Cidnb29nbGUubWFwcy5wbGFjZXMudjEuUGxhY2VzLlNlYXJjaFRleHQQAhgEIAA,(530) 536-0608,"2456 River Rd, Tahoe City, CA 96145, USA",39.192958999999995,-120.19578699999998,false,1,snowshoe rental,standard,2026-06-24,,false
ChIJIetiKMDfm4ARMau5JRoa_EU,Bike Truckee,true,core,alpine-ski; cycling; ebike; gear-shop; mtb,7,5,91,OPERATIONAL,Services,https://www.truckeebikerentals.com/,https://maps.google.com/?cid=5042934382352509745&g_mp=Cidnb29nbGUubWFwcy5wbGFjZXMudjEuUGxhY2VzLlNlYXJjaFRleHQQAhgEIAA,(530) 386-5700,"10015 Palisades Dr a4, Truckee, CA 96161, USA",39.3255043,-120.17679589999999,false,2,bike rental; bike shop; downhill bike park rental; ebike rental; mountain bike rental; ski rental; sporting goods store,standard,2026-06-24,,false
ChIJH4LWWHR9mYARcsCkDbE8oUA,Tahoe Sailing Charters,true,core,pontoon; powerboat; sailing,5,4.8,91,OPERATIONAL,Tour Agency,http://www.tahoesail.com/,https://maps.google.com/?cid=4657070220813582450&g_mp=Cidnb29nbGUubWFwcy5wbGFjZXMudjEuUGxhY2VzLlNlYXJjaFRleHQQAhgEIAA,(530) 583-6200,"700 N Lake Blvd, Tahoe City, CA 96145, USA",39.1717188,-120.13793349999999,false,1,boat charter; boat rental; catamaran rental; pontoon rental; sailboat rental,standard,2026-06-24,,false
ChIJJcZ34aSbmYARL8AlRsXZDuU,"Tahoe Paddle Sports Clear Kayak Adventures near South Lake Tahoe, CA",true,core,canoe; kayak; sup; watersports,5,4.7,91,OPERATIONAL,Tour Agency,https://tahoepaddlesports.com/,https://maps.google.com/?cid=16505369125668110383&g_mp=Cidnb29nbGUubWFwcy5wbGFjZXMudjEuUGxhY2VzLlNlYXJjaFRleHQQAhgEIAA,(775) 537-3305,"177 Hwy 50, Stateline, NV 89449, USA",38.971214499999995,-119.9341118,false,1,canoe rental; kayak rental; kayak tours; paddleboard rental; watersports rental,standard,2026-06-24,,false
ChIJ-Xt0guvZm4ARovxMnGTSl5I,Surefoot,true,core,alpine-ski; backcountry-ski; gear-shop; nordic-ski; snowboard; snowshoe,11,4.7,91,OPERATIONAL,Sporting Goods Store,https://www.surefoot.com/locations/palisades-tahoe,https://maps.google.com/?cid=10563142780581641378&g_mp=Cidnb29nbGUubWFwcy5wbGFjZXMudjEuUGxhY2VzLlNlYXJjaFRleHQQAhgEIAA,(530) 581-2421,"1850 Vlg S Rd, Olympic Valley, CA 96146, USA",39.1971369,-120.23337049999998,false,2,backcountry ski rental; cross country ski rental; outdoor gear rental; ski rental; ski shop; snowboard rental; snowboard shop; snowshoe rental; sporting goods store,standard,2026-06-24,,false
ChIJcSAJVZBhmYARzgK_2BUwZdU,Mountain Hardware and Sports,true,core,cycling; gear-shop,2,4.7,91,OPERATIONAL,Hardware Store,http://www.mountainhardwareandsports.com/?utm_source=google&utm_medium=local&utm_campaign=localmaps&utm_content=17493,https://maps.google.com/?cid=15376749373115269838&g_mp=Cidnb29nbGUubWFwcy5wbGFjZXMudjEuUGxhY2VzLlNlYXJjaFRleHQQAhgEIAA,(530) 563-2950,"10001 Soaring Way Ste 105, Truckee, CA 96161, USA",39.3194482,-120.15496200000001,false,1,bike shop; sporting goods store,standard,2026-06-24,,false
ChIJw8CAI-s-mYAR6H8Y6mZk23w,Lids,true,core,gear-shop,1,3.8,91,OPERATIONAL,Clothing Store,https://www.lids.com/store/lids-legends-at-sparks-marina/sd-39591224+z-859893-3342426993?_s=bm-LIDS-RETAIL-GMB,https://maps.google.com/?cid=8996895073779613672&g_mp=Cidnb29nbGUubWFwcy5wbGFjZXMudjEuUGxhY2VzLlNlYXJjaFRleHQQAhgEIAA,(775) 331-0103,"1310 Scheels Drive #154, Sparks, NV 89434, USA",39.5314416,-119.72129729999999,false,1,sporting goods store,standard,2026-06-24,,true
ChIJfbp-qiI_mYARD0_70XarbPM,Moment Skis,true,core,alpine-ski; backcountry-ski; climbing; gear-shop; nordic-ski; snowboard; snowshoe,13,5,90,OPERATIONAL,Sporting Goods Store,https://www.momentskis.com/,https://maps.google.com/?cid=17540583175518637839&g_mp=Cidnb29nbGUubWFwcy5wbGFjZXMudjEuUGxhY2VzLlNlYXJjaFRleHQQAhgEIAA,(775) 527-1595,"1085 Bible Wy, Reno, NV 89502, USA",39.5149411,-119.7760349,false,3,alpine touring ski rental; backcountry ski rental; climbing gear rental; cross country ski rental; ski rental; ski shop; snowboard rental; snowboard shop; snowshoe rental; splitboard rental; sporting goods store,standard,2026-06-24,,false
ChIJjXQMjKU4mYARRknghp8fkSI,Bizarre Guns,true,core,gear-shop,1,3.8,89,OPERATIONAL,Sporting Goods Store,,https://maps.google.com/?cid=2490806838935701830&g_mp=Cidnb29nbGUubWFwcy5wbGFjZXMudjEuUGxhY2VzLlNlYXJjaFRleHQQAhgEIAA,(775) 685-4867,"2677 Oddie Blvd, Reno, NV 89512, USA",39.5452011,-119.78095639999998,false,1,sporting goods store,standard,2026-06-24,,false
ChIJj78cC81AmYARXrge9vHyxRo,lululemon,true,core,gear-shop,1,3.6,89,OPERATIONAL,Sportswear Store,https://shop.lululemon.com/stores/us/reno/summit-sierra?utm_source=organic&utm_medium=local_listings&utm_campaign=GBP,https://maps.google.com/?cid=1929215136428374110&g_mp=Cidnb29nbGUubWFwcy5wbGFjZXMudjEuUGxhY2VzLlNlYXJjaFRleHQQAhgEIAA,(775) 242-6670,"13935 S Virginia St #304, Reno, NV 89511, USA",39.4041384,-119.75199490000001,false,1,sporting goods store,standard,2026-06-24,,false
ChIJlbrt8Q9wmYARYruixzJunF0,Tahoe Blue Boat Rentals,true,core,canoe; pontoon; powerboat; pwc; sailing; wakeboard; watersports,12,4.9,88,OPERATIONAL,Services,https://tahoeblueboatrentals.com/,https://maps.google.com/?cid=6745387506270911330&g_mp=Cidnb29nbGUubWFwcy5wbGFjZXMudjEuUGxhY2VzLlNlYXJjaFRleHQQAhgEIAA,(775) 241-8227,"770 Mays Blvd #5566, Incline Village, NV 89450, USA",39.2468564,-119.9626543,false,1,boat charter; boat rental; canoe rental; jet ski rental; motorboat rental; personal watercraft rental; pontoon rental; sailboat rental; ski boat rental; wakeboard boat rental; watersports rental; waverunner rental,standard,2026-06-24,,false
ChIJDSEciMvfm4ARrtIEaXBeUV4,Trout Creek Outfitters,true,core; gap,fishing-charter; fishing-gear; fly-fishing; gear-shop; hunting; outfitter,6,4.9,88,OPERATIONAL,Store,https://troutcreekoutfitters.com/,https://maps.google.com/?cid=6796317149570060974&g_mp=Cidnb29nbGUubWFwcy5wbGFjZXMudjEuUGxhY2VzLlNlYXJjaFRleHQQAhgEIAA,(530) 563-5119,"10115 Donner Pass Rd, Truckee, CA 96161, USA",39.3271416,-120.1868188,false,1,fishing bait and tackle shop; fishing charter; fly fishing outfitter; guide service outfitter; hunting guide outfitter; sporting goods store,standard,2026-06-24,,false
ChIJqXdfB01jmYARp9BUB8pw0H0,Reel-Lentless Fishing Charters,true,core; gap,fishing-charter; powerboat,2,5,87,OPERATIONAL,Fishing Charter,http://reellentless.com/,https://maps.google.com/?cid=9065870062905512103&g_mp=Cidnb29nbGUubWFwcy5wbGFjZXMudjEuUGxhY2VzLlNlYXJjaFRleHQQAhgEIAA,(530) 318-5525,"5146 N Lake Blvd, Carnelian Bay, CA 96140, USA",39.2265047,-120.08138550000001,false,1,boat charter; fishing charter,standard,2026-06-24,,false
ChIJtc1b56MVmYARnnQ_PQXZJG4,Rack 2 Roam,true,core,alpine-ski; cycling,2,4.8,87,OPERATIONAL,Store,https://www.rack2roam.com/,https://maps.google.com/?cid=7936707059859289246&g_mp=Cidnb29nbGUubWFwcy5wbGFjZXMudjEuUGxhY2VzLlNlYXJjaFRleHQQAhgEIAA,(775) 507-4153,"9728 S Virginia St Ste E, Reno, NV 89511, USA",39.4452487,-119.7703802,false,1,bike shop; ski shop,standard,2026-06-24,,false
ChIJT8gOyzRHmYAR_pIFikqKxJE,Reno Hexayurt,true,core,backpacking; camping; climbing; gear-shop,4,4.8,87,OPERATIONAL,Store,http://www.renohexayurt.com/,https://maps.google.com/?cid=10503672283682673406&g_mp=Cidnb29nbGUubWFwcy5wbGFjZXMudjEuUGxhY2VzLlNlYXJjaFRleHQQAhgEIAA,(775) 345-5857,"West side gravel entrance through the gate to the warehouse, 235 Hercules Dr, Sparks, NV 89441, USA",39.6380014,-119.694295,false,1,backpacking gear rental; camping gear rental; climbing gear rental; outdoor gear rental,standard,2026-06-24,,false
ChIJaWIl1NihmYARHdUPD0i6Qh4,The Spa and Sauna Co. - Carson City,true,core,gear-shop,1,4.8,86,OPERATIONAL,Store,https://spaandsauna.com/locations-s-carson-st-carson-city/,https://maps.google.com/?cid=2180509988253848861&g_mp=Cidnb29nbGUubWFwcy5wbGFjZXMudjEuUGxhY2VzLlNlYXJjaFRleHQQAhgEIAA,(775) 433-0460,"3355 S Carson St, Carson City, NV 89701, USA",39.1370697,-119.76838679999999,false,1,sporting goods store,standard,2026-06-24,,false
ChIJv_LEordAmYAR2Byih3bLqRA,College Cyclery,true,core,cycling; ebike; gear-shop; mtb,7,3.8,86,OPERATIONAL,Bicycle Shop,http://www.collegecyclery.net/,https://maps.google.com/?cid=1200714485613075672&g_mp=Cidnb29nbGUubWFwcy5wbGFjZXMudjEuUGxhY2VzLlNlYXJjaFRleHQQAhgEIAA,(775) 323-1809,"622 S Virginia St, Reno, NV 89501, USA",39.5196968,-119.8098443,false,3,bike rental; bike shop; ebike rental; mountain bike rental; sporting goods store,standard,2026-06-24,,false
ChIJPRErSHaQmYARa7QpkWhOUO0,Showcase - Heavenly,true,core,alpine-ski; gear-shop; snowboard; snowshoe,9,4.8,84,OPERATIONAL,Sporting Goods Store,https://www.epicmountainrentals.com/,https://maps.google.com/?cid=17100253996144768107&g_mp=Cidnb29nbGUubWFwcy5wbGFjZXMudjEuUGxhY2VzLlNlYXJjaFRleHQQAhgEIAA,(530) 542-5228,"4118 Lake Tahoe Blvd #8, South Lake Tahoe, CA 96150, USA",38.9577479,-119.94274270000001,false,3,outdoor gear rental; ski rental; ski shop; snowboard rental; snowboard shop; snowshoe rental; sporting goods store,standard,2026-06-24,,false
ChIJsZhIvhOgmYAR4IKgwjXO064,Rental Guys,true,core,gear-shop,1,4.6,84,OPERATIONAL,Services,https://www.rentalguys.com/,https://maps.google.com/?cid=12597639312979296992&g_mp=Cidnb29nbGUubWFwcy5wbGFjZXMudjEuUGxhY2VzLlNlYXJjaFRleHQQAhgEIAA,(775) 222-0081,"2292 S Carson St, Carson City, NV 89701, USA",39.146755,-119.769884,false,1,outdoor equipment rental,standard,2026-06-24,ChIJ3-J6Qz0VmYARHxOTx23jJUY,false
ChIJr81lwVkUmYARghRuPDYLA60,High Sierra Cycling,true,core,cycling; ebike; gear-shop; mtb,6,4.4,84,OPERATIONAL,Bicycle Shop,http://highsierracycling.com/,https://maps.google.com/?cid=12466820521061651586&g_mp=Cidnb29nbGUubWFwcy5wbGFjZXMudjEuUGxhY2VzLlNlYXJjaFRleHQQAhgEIAA,(775) 849-0111,"16795 Mt Rose Hwy, Reno, NV 89511, USA",39.3735748,-119.8433648,false,1,bike rental; bike shop; downhill bike park rental; ebike rental; mountain bike rental; sporting goods store,standard,2026-06-24,,false
ChIJbSnEiuQ_mYARc73G5CC_bHk,The Ice Rink at Grand Sierra Resort,true,core,ice-skate,1,2.7,84,OPERATIONAL,Ice Skating Rink,https://www.grandsierraresort.com/activities/the-ice-rink/,https://maps.google.com/?cid=8749578324072119667&g_mp=Cidnb29nbGUubWFwcy5wbGFjZXMudjEuUGxhY2VzLlNlYXJjaFRleHQQAhgEIAA,(775) 789-2545,"2500 E 2nd St, Reno, NV 89595, USA",39.5218853,-119.77953869999999,false,1,ice skate rental,standard,2026-06-24,,false
ChIJRcB8axGbmYARSmrRpDWNess,Zephyr Cove Disc Golf Course,true,core,disc-golf,1,4.9,83,OPERATIONAL,Athletic Field,,https://maps.google.com/?cid=14662186798396041802&g_mp=Cidnb29nbGUubWFwcy5wbGFjZXMudjEuUGxhY2VzLlNlYXJjaFRleHQQAhgEIAA,,"233 Warrior Way, Glenbrook, NV 89413, USA",39.0098422,-119.9432819,false,1,disc golf rental,standard,2026-06-24,,false
ChIJv41asuE-mYAR6TD34kRwZkU,Marine Specialties Boat Sales and Service,true,core,alpine-ski; pontoon; powerboat; pwc; wakeboard; watersports,9,4.9,83,OPERATIONAL,Suppliers,http://www.marine-specialties.com/,https://maps.google.com/?cid=5000807877409452265&g_mp=Cidnb29nbGUubWFwcy5wbGFjZXMudjEuUGxhY2VzLlNlYXJjaFRleHQQAhgEIAA,(775) 359-2363,"890 Steneri Wy, Sparks, NV 89431, USA",39.5257086,-119.74049369999999,false,1,boat rental; jet ski rental; pontoon rental; ski boat rental; ski rental; ski shop; wakeboard boat rental; watersports rental; waverunner rental,standard,2026-06-24,,false
ChIJOVc3YABHmYAREI58Kk_-iqE,High Sierra Power Sports,true,core,cycling,1,4.9,82,OPERATIONAL,Store,https://highsierrapowersports.com/,https://maps.google.com/?cid=11640395802861145616&g_mp=Cidnb29nbGUubWFwcy5wbGFjZXMudjEuUGxhY2VzLlNlYXJjaFRleHQQAhgEIAA,(775) 384-1398,"255 Bell St, Reno, NV 89503, USA",39.5261159,-119.82174549999999,false,1,bike shop,standard,2026-06-24,,false
ChIJe_1ZJbjfm4ARDr_pEqcpRzc,Technical Equipment Cleaners,true,core,backpacking; gear-shop,3,4.9,81,OPERATIONAL,Services,http://www.tectahoe.com/,https://maps.google.com/?cid=3983198192986078990&g_mp=Cidnb29nbGUubWFwcy5wbGFjZXMudjEuUGxhY2VzLlNlYXJjaFRleHQQAhgEIAA,(530) 582-0564,"10607 W River St Ste 1D, Truckee, CA 96161, USA",39.323603299999995,-120.1923124,false,1,backpacking gear rental; outdoor gear rental; sporting goods store,standard,2026-06-24,,false
ChIJ2YMdXQSQmYARX77l7FKok-A,Pyramid Peak Sports& Bike rentals,true,core,alpine-ski; backcountry-ski; cycling; dirtbike; gear-shop; mtb; nordic-ski; snowboard; snowshoe,14,4.8,80,OPERATIONAL,Services,http://www.pyramidpeak.ski/,https://maps.google.com/?cid=16182462960187588191&g_mp=Cidnb29nbGUubWFwcy5wbGFjZXMudjEuUGxhY2VzLlNlYXJjaFRleHQQAhgEIAA,(530) 541-3565,"3433 Lake Tahoe Blvd, South Lake Tahoe, CA 96150, USA",38.945923,-119.9660131,false,2,backcountry ski rental; bike rental; bike shop; cross country ski rental; dirt bike rental; mountain bike rental; ski rental; ski shop; snowboard rental; snowboard shop; snowshoe rental; sporting goods store,standard,2026-06-24,,false
ChIJVdd41bnfm4ARPek0pGcBuHw,Truckee Rents,true,core,gear-shop,1,4.4,80,OPERATIONAL,Services,http://www.truckeerents.com/,https://maps.google.com/?cid=8986934601066015037&g_mp=Cidnb29nbGUubWFwcy5wbGFjZXMudjEuUGxhY2VzLlNlYXJjaFRleHQQAhgEIAA,(530) 587-7832,"10410 River Park Pl, Truckee, CA 96160, USA",39.321906899999995,-120.1938093,false,1,outdoor equipment rental,standard,2026-06-24,,false
ChIJmzlezuOPmYARYWzhxk5kzYg,Watta Bike Shop,true,core,alpine-ski; backcountry-ski; cycling; ebike; mtb; snowboard,9,4.9,79,OPERATIONAL,Bicycle Shop,http://wattabike.com/,https://maps.google.com/?cid=9857645448890772577&g_mp=Cidnb29nbGUubWFwcy5wbGFjZXMudjEuUGxhY2VzLlNlYXJjaFRleHQQAhgEIAA,(530) 544-7700,"3071 US-50, South Lake Tahoe, CA 96150, USA",38.8534028,-120.0160723,false,1,backcountry ski rental; bike rental; bike shop; ebike rental; mountain bike rental; ski rental; ski shop; snowboard rental; splitboard rental,standard,2026-06-24,,false
ChIJ1fc-CLRjmYARfP56SzaO9XE,Surefoot,true,core,alpine-ski; gear-shop; snowboard,5,4.7,79,OPERATIONAL,Sporting Goods Store,https://www.surefoot.com/locations/northstar,https://maps.google.com/?cid=8211625859425697404&g_mp=Cidnb29nbGUubWFwcy5wbGFjZXMudjEuUGxhY2VzLlNlYXJjaFRleHQQAhgEIAA,(530) 523-8036,"3001 Northstar Dr Unit #3051, Truckee, CA 96161, USA",39.2755967,-120.12108200000002,false,2,ski rental; ski shop; snowboard rental; snowboard shop; sporting goods store,standard,2026-06-24,ChIJ-Xt0guvZm4ARovxMnGTSl5I,false
ChIJWRQo6XaQmYARVvIfFDUp3LY,On Tahoe Time,true,core,alpine-ski,1,4.6,79,OPERATIONAL,Gift Shop,http://ontahoetime.com/,https://maps.google.com/?cid=13176451917726872150&g_mp=Cidnb29nbGUubWFwcy5wbGFjZXMudjEuUGxhY2VzLlNlYXJjaFRleHQQAhgEIAA,(530) 541-3588,"1001 Heavenly Village Way #36b, South Lake Tahoe, CA 96150, USA",38.9560477,-119.94225449999999,false,1,ski shop,standard,2026-06-24,,false
ChIJN83rWezZm4ARtHEgfKt-QPs,Palisades Tahoe Ski & Snowboard Rental,true,core,alpine-ski; backcountry-ski; nordic-ski; snowboard; snowshoe,10,4,79,OPERATIONAL,Services,https://www.palisadestahoe.com/,https://maps.google.com/?cid=18104609777016402356&g_mp=Cidnb29nbGUubWFwcy5wbGFjZXMudjEuUGxhY2VzLlNlYXJjaFRleHQQAhgEIAA,(530) 452-4175,"1960 Olympic Vly Rd, Olympic Valley, CA 96146, USA",39.1960145,-120.2362477,false,2,alpine touring ski rental; backcountry ski rental; cross country ski rental; ski rental; ski shop; snowboard rental; snowboard shop; snowshoe rental; splitboard rental,standard,2026-06-24,,false
ChIJM-sCatkVmYARt85WX0sffoQ,Golf NV,true,core,gear-shop,1,4.9,78,OPERATIONAL,Sporting Goods Store,http://www.golfnvreno.com/?y_source=1_NjQyMTg0MzEtNzE1LWxvY2F0aW9uLndlYnNpdGU%3D,https://maps.google.com/?cid=9547102668654562999&g_mp=Cidnb29nbGUubWFwcy5wbGFjZXMudjEuUGxhY2VzLlNlYXJjaFRleHQQAhgEIAA,(775) 800-1600,"1445 S Meadows Pkwy Ste 206, Reno, NV 89521, USA",39.445329199999996,-119.74588809999997,false,1,sporting goods store,standard,2026-06-24,,false
ChIJG3AoBAE4mYAR80aPNjK7UUM,Sun Valley Regional Park,true,core,mtb,1,4.6,78,OPERATIONAL,Park,https://www.washoecounty.gov/parks/parks/park_directory_pages/north_region/sun_valley_regional_park.php,https://maps.google.com/?cid=4850864097992853235&g_mp=Cidnb29nbGUubWFwcy5wbGFjZXMudjEuUGxhY2VzLlNlYXJjaFRleHQQAhgEIAA,(775) 424-1866,"5905 Sidehill Dr, Sun Valley, NV 89433, USA",39.611649799999995,-119.7866141,false,1,downhill bike park rental,standard,2026-06-24,,false
ChIJh6DJolc5mYARsqodC8kpJps,Battleborn Surplus,true,core,gear-shop,1,4.6,78,OPERATIONAL,Clothing Store,,https://maps.google.com/?cid=11179669068445493938&g_mp=Cidnb29nbGUubWFwcy5wbGFjZXMudjEuUGxhY2VzLlNlYXJjaFRleHQQAhgEIAA,(775) 657-6131,"2161 Pyramid Way, Sparks, NV 89431, USA",39.5502298,-119.7529488,false,1,sporting goods store,standard,2026-06-24,,true
ChIJdWSt3M-hmYARaK4ho-Iv6rQ,BlueZone Sports - Carson City,true,core,alpine-ski; backpacking; camping; cycling; gear-shop; kayak; mtb; nordic-ski; pwc; snowboard; snowshoe; watersports,17,4.2,77,OPERATIONAL,Sporting Goods Store,http://www.bluezonesports.com/,https://maps.google.com/?cid=13036284721823329896&g_mp=Cidnb29nbGUubWFwcy5wbGFjZXMudjEuUGxhY2VzLlNlYXJjaFRleHQQAhgEIAA,(775) 267-3106,"3790 N Hwy 395 #402, Carson City, NV 89705, USA",39.1129447,-119.7761689,false,1,backpacking gear rental; bike rental; bike shop; camping gear rental; cross country ski rental; jet ski rental; kayak rental; mountain bike rental; outdoor equipment rental; outdoor gear rental; ski rental; ski shop; snowboard rental; snowboard shop; snowshoe rental; sporting goods store; watersports rental,standard,2026-06-24,,false
ChIJZRK_PHNlmYARCC9Jif-vstA,Tahoe Family Adventures,true,core; experience,alpine-ski; atv; canoe; pontoon; powerboat; pwc; snow-tube; snowmobile; utv; wakeboard; watersports,18,3,77,OPERATIONAL,Services,http://tahoefamilyadventures.com/,https://maps.google.com/?cid=15038275617798303496&g_mp=Cidnb29nbGUubWFwcy5wbGFjZXMudjEuUGxhY2VzLlNlYXJjaFRleHQQAhgEIAA,(805) 458-7561,"12369 Union Mills Rd, Truckee, CA 96161, USA",39.363031,-120.13005670000001,false,2,atv rental; boat rental; canoe rental; jet ski rental; lake toy rental; motorboat rental; pontoon rental; quad rental; rzr rental; side by side rental; ski boat rental; ski rental; sled rental; snow tube rental; snowmobile rental; utv rental; watersports rental; waverunner rental,standard,2026-06-24,,false
ChIJVbCLr9ttmA8RTDCg_LwdzV0,Sierra Surf House,true,core,canoe; pontoon; powerboat; pwc; wakeboard; watersports; windsurf,9,5,76,OPERATIONAL,Tour Agency,http://www.sierrasurfhouse.com/,https://maps.google.com/?cid=6759091313282396236&g_mp=Cidnb29nbGUubWFwcy5wbGFjZXMudjEuUGxhY2VzLlNlYXJjaFRleHQQAhgEIAA,(757) 660-8198,"2345 Venice Dr E, South Lake Tahoe, CA 96150, USA",38.9342688,-120.00162209999999,false,1,boat charter; boat rental; canoe rental; jet ski rental; pontoon rental; ski boat rental; wakeboard boat rental; watersports rental; windsurfing rental,standard,2026-06-24,,false
ChIJJ76TR3Z9mYARaOK4wl139gg,Pass It On Thrift,true,core,cycling,1,4.6,76,OPERATIONAL,Thrift Store,https://m.facebook.com/passitonthrift/,https://maps.google.com/?cid=645834841156805224&g_mp=Cidnb29nbGUubWFwcy5wbGFjZXMudjEuUGxhY2VzLlNlYXJjaFRleHQQAhgEIAA,(530) 581-3117,"599 N Lake Blvd, Tahoe City, CA 96145, USA",39.1720756,-120.14025199999999,false,1,bike shop,standard,2026-06-24,,true
ChIJO3hKsSt7mYARlKDHlA0MW7E,Lady Luck Skate & Smoke Shop,true,core,gear-shop,1,4.5,76,OPERATIONAL,Store,,https://maps.google.com/?cid=12779821620064133268&g_mp=Cidnb29nbGUubWFwcy5wbGFjZXMudjEuUGxhY2VzLlNlYXJjaFRleHQQAhgEIAA,(530) 580-0006,"8499 N Lake Blvd bx 54, Kings Beach, CA 96143, USA",39.2365138,-120.0232779,false,1,sporting goods store,standard,2026-06-24,,false
ChIJG2VG0agVmYAR-I4vqV1Yk84,"Reverie Picnics, Events and Rentals",true,core,camping,1,4.9,75,OPERATIONAL,Services,http://www.reveriepicnics.com/,https://maps.google.com/?cid=14885338352683290360&g_mp=Cidnb29nbGUubWFwcy5wbGFjZXMudjEuUGxhY2VzLlNlYXJjaFRleHQQAhgEIAA,(775) 217-3217,,,,true,1,tent rental,service-area,2026-06-24,,false
ChIJA06Ht8Dfm4ARNuJydH_UhEI,California 89,true,core,gear-shop,1,4.3,75,OPERATIONAL,Clothing Store,http://www.california89.com/,https://maps.google.com/?cid=4793189547308671542&g_mp=Cidnb29nbGUubWFwcy5wbGFjZXMudjEuUGxhY2VzLlNlYXJjaFRleHQQAhgEIAA,(530) 214-8989,"10156 Donner Pass Rd, Truckee, CA 96161, USA",39.3274742,-120.1872604,false,1,sporting goods store,standard,2026-06-24,,true
ChIJj-ULs7g_mYARcO8ZS2EJWq4,Legacy Sports International,true,core,gear-shop,3,3,75,OPERATIONAL,Sporting Goods Store,https://www.legacysports.com/,https://maps.google.com/?cid=12563364423979888496&g_mp=Cidnb29nbGUubWFwcy5wbGFjZXMudjEuUGxhY2VzLlNlYXJjaFRleHQQAhgEIAA,(775) 828-0555,"4674 Aircenter Cir, Reno, NV 89502, USA",39.488681,-119.76176699999999,false,3,sporting goods store,standard,2026-06-24,,false
ChIJtSGtrj5xmYARX_nBebLphFw,Efoil Tahoe,true,core; gap,canoe; efoil; foil-surf; pontoon; powerboat; watersports,6,5,74,OPERATIONAL,Services,https://efoiltahoe.com/,https://maps.google.com/?cid=6666710301171382623&g_mp=Cidnb29nbGUubWFwcy5wbGFjZXMudjEuUGxhY2VzLlNlYXJjaFRleHQQAhgEIAA,(775) 486-5836,"926 Incline Way, Incline Village, NV 89451, USA",39.248286,-119.9484617,false,1,boat rental; canoe rental; efoil rental; foil board rental; pontoon rental; watersports rental,standard,2026-06-24,,false
ChIJtV2R-gxJmYARcHq0UwoWOgg,D2 Party Rentals LLC,true,core,camping,1,5,74,OPERATIONAL,Services,https://www.d2partyrentals.com/,https://maps.google.com/?cid=592810534562462320&g_mp=Cidnb29nbGUubWFwcy5wbGFjZXMudjEuUGxhY2VzLlNlYXJjaFRleHQQAhgEIAA,(775) 313-5554,,,,true,1,tent rental,service-area,2026-06-24,,false
ChIJK4xcp5BAmYAREBaU9zUWJZs,Soccer City,true,core,gear-shop,3,3.2,74,OPERATIONAL,Sporting Goods Store,https://soccercityteam.com/,https://maps.google.com/?cid=11179366071059879440&g_mp=Cidnb29nbGUubWFwcy5wbGFjZXMudjEuUGxhY2VzLlNlYXJjaFRleHQQAhgEIAA,(775) 900-3446,"299 E Plumb Ln Ste 109, Reno, NV 89502, USA",39.507028000000005,-119.8001944,false,3,sporting goods store,standard,2026-06-24,,false
ChIJ45jPawR9mYARVSFNLBdAFbE,Lake Forest Boat Ramp,true,core,canoe; pontoon; powerboat,3,4.3,73,OPERATIONAL,,http://www.tcpud.org/boatramp,https://maps.google.com/?cid=12760175587495846229&g_mp=Cidnb29nbGUubWFwcy5wbGFjZXMudjEuUGxhY2VzLlNlYXJjaFRleHQQAhgEIAA,(530) 581-4017,"2500 Lake Forest Rd, Tahoe City, CA 96145, USA",39.181154299999996,-120.11973340000002,false,1,boat rental; canoe rental; pontoon rental,standard,2026-06-24,,false
ChIJkYDDOMtAmYAR3MpEhhvlzMo,"Sierra Adventures / Activities Reno Tahoe, LLC",true,core; experience,alpine-ski; atv; backpacking; canoe; climbing; cycling; dirtbike; ebike; gear-shop; kayak; mtb; pwc; river-tube; snow-tube; snowboard; snowmobile; snowshoe; utv; wakeboard; watersports,31,3.6,73,OPERATIONAL,,https://m.wildsierra.com/,https://maps.google.com/?cid=14613306797289949916&g_mp=Cidnb29nbGUubWFwcy5wbGFjZXMudjEuUGxhY2VzLlNlYXJjaFRleHQQAhgEIAA,(775) 323-8928,"135 N Sierra St, Reno, NV 89501, USA",39.526086,-119.81509999999999,false,1,atv rental; backpacking gear rental; bike rental; bike shop; canoe rental; climbing gear rental; dirt bike rental; ebike rental; jet ski rental; kayak rental; kayak tours; mountain bike rental; outdoor equipment rental; outdoor gear rental; quad rental; river float rental; river tubing rental; rzr rental; side by side rental; ski boat rental; ski rental; ski shop; sled rental; snow tube rental; snowboard rental; snowboard shop; snowmobile rental; snowshoe rental; sporting goods store; utv rental; watersports rental,standard,2026-06-24,,false
ChIJ9Va5sQOQmYARXg_PtKgUJDc,Lakeview Thrift Store,true,core,alpine-ski; cycling; gear-shop,3,2.8,73,OPERATIONAL,Thrift Store,,https://maps.google.com/?cid=3973323486068150110&g_mp=Cidnb29nbGUubWFwcy5wbGFjZXMudjEuUGxhY2VzLlNlYXJjaFRleHQQAhgEIAA,(530) 208-7168,"3320 Sandy Way, South Lake Tahoe, CA 96150, USA",38.944676799999996,-119.9708675,false,1,bike shop; ski shop; sporting goods store,standard,2026-06-24,,true
ChIJr_vLWwFHmYARZfCAoV4VfdI,The Ranch Disc Golf Course at Rancho San Rafael,true,core,disc-golf,1,4.3,72,OPERATIONAL,Athletic Field,http://www.dgcoursereview.com/course.php?id=3258,https://maps.google.com/?cid=15167302616234389605&g_mp=Cidnb29nbGUubWFwcy5wbGFjZXMudjEuUGxhY2VzLlNlYXJjaFRleHQQAhgEIAA,(775) 334-2262,"2975 N Virginia St, Reno, NV 89506, USA",39.5537226,-119.82983349999999,false,1,disc golf rental,standard,2026-06-24,,false
ChIJQc7aFQSQmYAR-OvmOAaFzzk,Action Watersports at Timber Cove Marina,true,core,alpine-ski; canoe; kayak; pontoon; powerboat; pwc; sailing; sup; wakeboard; watersports,16,3.9,72,OPERATIONAL,Services,http://www.action-watersports.com/,https://maps.google.com/?cid=4165694442111953912&g_mp=Cidnb29nbGUubWFwcy5wbGFjZXMudjEuUGxhY2VzLlNlYXJjaFRleHQQAhgEIAA,(530) 544-2942,"3411 Lake Tahoe Blvd, South Lake Tahoe, CA 96150, USA",38.9474909,-119.966656,false,2,boat charter; boat rental; canoe rental; jet ski rental; kayak rental; kayak tours; motorboat rental; paddleboard rental; personal watercraft rental; pontoon rental; sailboat rental; ski boat rental; ski rental; watersports rental; waverunner rental,standard,2026-06-24,,false
ChIJ7zT543dAmYAROJg-2K9kqGA,Adventure Scuba Center,true,core; experience,gear-shop; scuba,3,4.9,71,OPERATIONAL,Sporting Goods Store,http://www.renoscuba.com/,https://maps.google.com/?cid=6964927530138507320&g_mp=Cidnb29nbGUubWFwcy5wbGFjZXMudjEuUGxhY2VzLlNlYXJjaFRleHQQAhgEIAA,(775) 826-5333,"335 Edison Way Ste 2, Reno, NV 89502, USA",39.5088899,-119.75591589999999,false,2,dive shop; scuba diving; sporting goods store,standard,2026-06-24,,false
ChIJI1BVgLdAmYARw_8Ybrs2rqw,Satori Dancewear,true,core,gear-shop,1,4.8,71,OPERATIONAL,Sporting Goods Store,http://www.satoridancewear.com/,https://maps.google.com/?cid=12442942999105175491&g_mp=Cidnb29nbGUubWFwcy5wbGFjZXMudjEuUGxhY2VzLlNlYXJjaFRleHQQAhgEIAA,(775) 420-5357,"4840 Mill St Ste 5, Reno, NV 89502, USA",39.5141682,-119.75509079999999,false,1,sporting goods store,standard,2026-06-24,,false
ChIJFZZqJNZ6mYARCwL2MR8SdGY,Sierra Shirts & Shades,true,core,gear-shop,1,4.1,71,OPERATIONAL,Clothing Store,,https://maps.google.com/?cid=7382545614358577675&g_mp=Cidnb29nbGUubWFwcy5wbGFjZXMudjEuUGxhY2VzLlNlYXJjaFRleHQQAhgEIAA,(530) 546-7449,"8696 N Lake Blvd, Kings Beach, CA 96143, USA",39.234943699999995,-120.01988050000001,false,1,sporting goods store,standard,2026-06-24,,true
ChIJLcfk8AtEmYARiJVDMeAnT8k,Patagonia Service Center,true,core,gear-shop,1,4.7,70,OPERATIONAL,Storage,http://www.patagonia.com/,https://maps.google.com/?cid=14505856768636327304&g_mp=Cidnb29nbGUubWFwcy5wbGFjZXMudjEuUGxhY2VzLlNlYXJjaFRleHQQAhgEIAA,(800) 638-6464,"8550 White Fir St, Reno, NV 89523, USA",39.5060789,-119.8999372,false,1,sporting goods store,standard,2026-06-24,,false
ChIJieyd0sShmYARg1nVtxz28_c,Bike Habitat,true,core,cycling; ebike; gear-shop; mtb,5,4.5,69,OPERATIONAL,Bicycle Shop,http://bikehabitat.com/,https://maps.google.com/?cid=17866894749912619395&g_mp=Cidnb29nbGUubWFwcy5wbGFjZXMudjEuUGxhY2VzLlNlYXJjaFRleHQQAhgEIAA,(775) 267-5053,"CARSON VALLEY PLAZA, 911 Topsy Ln #238, Carson City, NV 89705, USA",39.1073051,-119.77615979999999,false,1,bike rental; bike shop; ebike rental; mountain bike rental; sporting goods store,standard,2026-06-24,,false
ChIJBbLkaLqbmYARbFRTUkYG8oI,Tahoe Event Rentals,true,core,alpine-ski; camping; gear-shop,4,5,68,OPERATIONAL,Services,https://tahoeeventrental.com/?utm_source=local&utm_medium=organic&utm_campaign=gmb,https://maps.google.com/?cid=9435611068393280620&g_mp=Cidnb29nbGUubWFwcy5wbGFjZXMudjEuUGxhY2VzLlNlYXJjaFRleHQQAhgEIAA,(775) 781-5029,"143 Michelle Dr Ste A, Stateline, NV 89449, USA",38.9710228,-119.93999319999999,false,3,outdoor equipment rental; ski rental; tent rental,standard,2026-06-24,,false
ChIJSVwePtZ_mYARHh8lr4sJEcU,Obexer's Water Sports,true,core,alpine-ski; canoe; kayak; pontoon; powerboat; pwc; wakeboard; watersports,14,4.9,68,OPERATIONAL,Services,https://www.obexersboat.com/water-sports.html,https://maps.google.com/?cid=14200141595619434270&g_mp=Cidnb29nbGUubWFwcy5wbGFjZXMudjEuUGxhY2VzLlNlYXJjaFRleHQQAhgEIAA,(530) 525-7962,"5300 W Lake Blvd, Homewood, CA 96141, USA",39.0823238,-120.15777109999999,false,1,boat charter; boat rental; canoe rental; jet ski rental; kayak rental; motorboat rental; personal watercraft rental; pontoon rental; ski boat rental; ski rental; ski shop; wakeboard boat rental; watersports rental; waverunner rental,standard,2026-06-24,ChIJw-qPGNZ_mYAR_mMlUj4Km5s,false
ChIJxStHgjHem4ARA7sY1gYJeQ4,Truckee Boardhouse,true,core,alpine-ski; backcountry-ski; cycling; gear-shop; snowboard; snowshoe,9,4.8,68,OPERATIONAL,Sporting Goods Store,http://www.truckeeboardhouse.com/,https://maps.google.com/?cid=1042874713679379203&g_mp=Cidnb29nbGUubWFwcy5wbGFjZXMudjEuUGxhY2VzLlNlYXJjaFRleHQQAhgEIAA,(530) 536-5006,"11486 Donner Pass Rd, Truckee, CA 96161, USA",39.326464699999995,-120.2113574,false,2,bike shop; outdoor gear rental; ski rental; ski shop; snowboard rental; snowboard shop; snowshoe rental; splitboard rental; sporting goods store,standard,2026-06-24,,false
ChIJlZtzS5VxmYARr41aqf9Kn-s,Sierra Mountain Surf,true,core,alpine-ski; backcountry-ski; canoe; nordic-ski; pontoon; powerboat; pwc; sailing; snowboard; sup; wakeboard; watersports; windsurf,22,4.1,68,OPERATIONAL,Services,http://www.sierramountainsurf.com/,https://maps.google.com/?cid=16978371582128459183&g_mp=Cidnb29nbGUubWFwcy5wbGFjZXMudjEuUGxhY2VzLlNlYXJjaFRleHQQAhgEIAA,(530) 448-2767,"120 Country Club Dr, Incline Village, NV 89451, USA",39.2399148,-119.9410633,false,4,backcountry ski rental; boat charter; boat rental; canoe rental; cross country ski rental; jet ski rental; motorboat rental; paddleboard rental; personal watercraft rental; pontoon rental; sailboat rental; ski boat rental; ski rental; ski shop; snowboard rental; wakeboard boat rental; watersports rental; waverunner rental; windsurfing rental,standard,2026-06-24,,false
ChIJ2ytQ03_Vm4AReD4NW1wne_4,SWA Watersports - Lake Tahoe Boat Rentals,true,core; gap,canoe; fishing-charter; kayak; pontoon; powerboat; pwc; sailing; snowmobile; wakeboard; watersports; windsurf,17,4.7,67,OPERATIONAL,Services,http://www.swawatersports.com/homewood/,https://maps.google.com/?cid=18337293585387175544&g_mp=Cidnb29nbGUubWFwcy5wbGFjZXMudjEuUGxhY2VzLlNlYXJjaFRleHQQAhgEIAA,(775) 400-6677,"5190 W Lake Blvd, Homewood, CA 96141, USA",39.084801399999996,-120.15929770000001,false,1,boat charter; boat rental; canoe rental; fishing charter; jet ski rental; kayak rental; kayak tours; motorboat rental; personal watercraft rental; pontoon rental; sailboat rental; ski boat rental; snowmobile rental; wakeboard boat rental; watersports rental; waverunner rental; windsurfing rental,standard,2026-06-24,,false
ChIJq7hAzxvfm4AR1KpsAkJLSNk,Tahoe Dave's Skis & Boards,true,core; experience,alpine-ski; backcountry-ski; gear-shop; nordic-ski; snow-tube; snowboard; snowshoe,15,4.9,66,OPERATIONAL,Services,https://www.tahoedaves.com/,https://maps.google.com/?cid=15656846851434130132&g_mp=Cidnb29nbGUubWFwcy5wbGFjZXMudjEuUGxhY2VzLlNlYXJjaFRleHQQAhgEIAA,(530) 582-0900,"10200 Donner Pass Rd, Truckee, CA 96161, USA",39.327167700000004,-120.18821550000001,false,3,alpine touring ski rental; backcountry ski rental; cross country ski rental; outdoor equipment rental; outdoor gear rental; ski rental; ski shop; sled rental; snowboard rental; snowboard shop; snowshoe rental; splitboard rental; sporting goods store,standard,2026-06-24,ChIJQ3A0TXR9mYARj3o0wJE-6_M,false
ChIJ_-5TXat6mYARCYfaxvb_aVg,Rent A Boat Lake Tahoe,true,core,canoe; kayak; pontoon; powerboat; pwc; watersports,9,4.5,66,OPERATIONAL,Services,https://www.rentaboattahoe.com/,https://maps.google.com/?cid=6370904583255525129&g_mp=Cidnb29nbGUubWFwcy5wbGFjZXMudjEuUGxhY2VzLlNlYXJjaFRleHQQAhgEIAA,(775) 443-4089,,,,true,1,boat rental; canoe rental; jet ski rental; kayak rental; motorboat rental; personal watercraft rental; pontoon rental; watersports rental; waverunner rental,service-area,2026-06-24,,false
ChIJp9AGVYRrmYARHvdI49jldr4,Galena Sports,true,core,alpine-ski; gear-shop; nordic-ski; snowboard; snowshoe,8,4.3,66,OPERATIONAL,Sporting Goods Store,,https://maps.google.com/?cid=13724409634147071774&g_mp=Cidnb29nbGUubWFwcy5wbGFjZXMudjEuUGxhY2VzLlNlYXJjaFRleHQQAhgEIAA,(775) 849-0111,"16795 Mt Rose Hwy, Reno, NV 89511, USA",39.3735674,-119.8432586,false,1,cross country ski rental; outdoor gear rental; ski rental; ski shop; snowboard rental; snowboard shop; snowshoe rental; sporting goods store,standard,2026-06-24,,false
ChIJuQx3sGNHmYARHGu8qqYIWEA,SuperPawn,true,core,cycling,1,3,66,OPERATIONAL,Services,https://www.firstcash.com/,https://maps.google.com/?cid=4636465328299993884&g_mp=Cidnb29nbGUubWFwcy5wbGFjZXMudjEuUGxhY2VzLlNlYXJjaFRleHQQAhgEIAA,(775) 324-2188,"1980 Selmi Dr, Reno, NV 89512, USA",39.557919,-119.79261379999998,false,1,bike shop,standard,2026-06-24,,false
ChIJ42ZPWIbfm4ARuH_EEWnjqJ0,IRIE Rafting Company Inc,true,core; experience,outfitter; rafting; river-tube,3,4.6,65,OPERATIONAL,Tour Agency,http://www.raftirie.com/,https://maps.google.com/?cid=11360580100451237816&g_mp=Cidnb29nbGUubWFwcy5wbGFjZXMudjEuUGxhY2VzLlNlYXJjaFRleHQQAhgEIAA,(530) 582-4900,"7320 River Rd, Olympic Valley, CA 96146, USA",39.236938099999996,-120.2071612,false,1,adventure outfitter; river float rental; whitewater rafting,standard,2026-06-24,,false
ChIJ49lVJYGecw0RKKXgkSl03yI,North Tahoe Wakesurf and Charter,true,core,canoe; pontoon; powerboat; watersports,4,5,64,OPERATIONAL,Services,http://wakesurfnorthtahoe.com/,https://maps.google.com/?cid=2512854838985925928&g_mp=Cidnb29nbGUubWFwcy5wbGFjZXMudjEuUGxhY2VzLlNlYXJjaFRleHQQAhgEIAA,(530) 412-3462,,,,true,1,boat rental; canoe rental; pontoon rental; watersports rental,service-area,2026-06-24,,false
ChIJ6dq1GMS9mYAR6bc--rU3SVk,Big Daddy's Bike & Brew,true,core,alpine-ski; cycling; ebike; gear-shop; mtb,6,4.5,64,OPERATIONAL,Bicycle Shop,https://www.bigdaddysbikeandbrew.com/,https://maps.google.com/?cid=6433734797402486761&g_mp=Cidnb29nbGUubWFwcy5wbGFjZXMudjEuUGxhY2VzLlNlYXJjaFRleHQQAhgEIAA,(775) 782-7077,"1546 U.S. Hwy 395 N, Gardnerville, NV 89410, USA",38.94837950000001,-119.7586694,false,1,bike rental; bike shop; ebike rental; mountain bike rental; ski shop; sporting goods store,standard,2026-06-24,,false
ChIJb986pfM_mYAREx531JabZMg,Lids,true,core,gear-shop,1,3.6,64,OPERATIONAL,Clothing Store,https://www.lids.com/store/lids-meadowood-mall/sd-28002995+z-835147-2683726853?_s=bm-LIDS-RETAIL-GMB,https://maps.google.com/?cid=14439837377368628755&g_mp=Cidnb29nbGUubWFwcy5wbGFjZXMudjEuUGxhY2VzLlNlYXJjaFRleHQQAhgEIAA,(775) 825-6699,"5000 Meadowood Mall Cir SPF126, Reno, NV 89502, USA",39.473464799999995,-119.78257370000001,false,1,sporting goods store,standard,2026-06-24,ChIJw8CAI-s-mYAR6H8Y6mZk23w,true
ChIJ-0fKxPqPmYARNUbLL93YtQU,Clearly Explorer,true,core,canoe; kayak; powerboat; sup; watersports,7,4.9,63,OPERATIONAL,Tour Agency,https://clearlytahoe.com/,https://maps.google.com/?cid=411473385475491381&g_mp=Cidnb29nbGUubWFwcy5wbGFjZXMudjEuUGxhY2VzLlNlYXJjaFRleHQQAhgEIAA,(530) 554-4664,"2435 Venice Dr E #91, South Lake Tahoe, CA 96150, USA",38.9341357,-120.00131669999999,false,1,boat charter; boat rental; canoe rental; kayak rental; kayak tours; paddleboard rental; watersports rental,standard,2026-06-24,,false
ChIJI_KoU5Xfm4ARF823vGxcmmI,"Adrenaline Connection, Inc.",true,core; experience,alpine-ski; atv; cycling; dirtbike; snow-tube; snowmobile; utv,12,4.1,63,OPERATIONAL,Services,,https://maps.google.com/?cid=7105092984222764311&g_mp=Cidnb29nbGUubWFwcy5wbGFjZXMudjEuUGxhY2VzLlNlYXJjaFRleHQQAhgEIAA,(530) 386-8389,"10117 E River St, Truckee, CA 96161, USA",39.3275461,-120.18175289999999,false,2,atv rental; bike rental; bike shop; dirt bike rental; quad rental; rzr rental; side by side rental; ski rental; ski shop; sled rental; snowmobile rental; utv rental,standard,2026-06-24,,false
ChIJL0PZlOrZm4ARCLy9I1WG14U,Mountain Mike's Sports,true,core; experience,alpine-ski; backcountry-ski; cycling; gear-shop; mtb; nordic-ski; snow-tube; snowboard; snowshoe,15,4.4,62,OPERATIONAL,Sporting Goods Store,https://olympicvalleyskiandbike.com/,https://maps.google.com/?cid=9644324827267185672&g_mp=Cidnb29nbGUubWFwcy5wbGFjZXMudjEuUGxhY2VzLlNlYXJjaFRleHQQAhgEIAA,(530) 581-4707,"1602 Olympic Vly Rd, Olympic Valley, CA 96146, USA",39.199211,-120.22958899999998,false,3,backcountry ski rental; bike rental; bike shop; cross country ski rental; mountain bike rental; ski rental; ski shop; sled rental; snowboard rental; snowboard shop; snowshoe rental; splitboard rental; sporting goods store,standard,2026-06-24,,false
ChIJWxyrn0w_mYARO7LbWv5KYMM,Reno KTM Husqvarna GasGas- Now owned by Michael's Reno Powersports,true,core,cycling,1,4.1,62,OPERATIONAL,Store,https://www.michaelsreno.com/,https://maps.google.com/?cid=14078334891466666555&g_mp=Cidnb29nbGUubWFwcy5wbGFjZXMudjEuUGxhY2VzLlNlYXJjaFRleHQQAhgEIAA,(775) 825-8680,"10828 S Virginia St, Reno, NV 89511, USA",39.4358914,-119.7653522,false,1,bike shop,standard,2026-06-24,ChIJQ9CNBxgVmYARWYRFC6jt0AI,false
ChIJ50KOrF-PmYARNY2CwzLFuOU,Tahoe Gear Exchange,true,core,alpine-ski; backpacking; camping; climbing; cycling; gear-shop; snowboard,7,4.8,61,OPERATIONAL,Sporting Goods Store,http://tahoegearexchange.com/?utm_source=google&utm_medium=wix_google_business_profile&utm_campaign=10809489412462484824,https://maps.google.com/?cid=16553197252219407669&g_mp=Cidnb29nbGUubWFwcy5wbGFjZXMudjEuUGxhY2VzLlNlYXJjaFRleHQQAhgEIAA,(530) 600-0303,"1076 Emerald Bay Rd, South Lake Tahoe, CA 96150, USA",38.91095,-120.00385170000001,false,1,backpacking gear rental; bike shop; camping gear rental; climbing gear rental; ski shop; snowboard shop; sporting goods store,standard,2026-06-24,,false
ChIJgfZGl0mRmYARkjSFLyB9uqo,Early 90's Coffee,true,core,alpine-ski,1,4.6,61,OPERATIONAL,Dog Cafe,https://early90scoffee.com/,https://maps.google.com/?cid=12302282909305615506&g_mp=Cidnb29nbGUubWFwcy5wbGFjZXMudjEuUGxhY2VzLlNlYXJjaFRleHQQAhgEIAA,(530) 600-0327,"900 Ski Run Blvd ste 118, South Lake Tahoe, CA 96150, USA",38.949284299999995,-119.9590466,false,1,ski shop,standard,2026-06-24,,false
ChIJU9TywWagmYARe8LCLhXehxE,The Thrifty Equine,true,core,gear-shop,1,4.8,60,OPERATIONAL,Sporting Goods Store,,https://maps.google.com/?cid=1263222403060908667&g_mp=Cidnb29nbGUubWFwcy5wbGFjZXMudjEuUGxhY2VzLlNlYXJjaFRleHQQAhgEIAA,(775) 400-6582,"1501 Fairview Dr, Carson City, NV 89701, USA",39.149712,-119.75162879999999,false,1,sporting goods store,standard,2026-06-24,,false
ChIJczI7McV9mYARz31hv3h7u3Q,Lady Luck Skate and Smoke Shop,true,core,gear-shop,1,4.8,60,OPERATIONAL,Store,http://facebook.com/ladyluckglass1,https://maps.google.com/?cid=8411452487581662671&g_mp=Cidnb29nbGUubWFwcy5wbGFjZXMudjEuUGxhY2VzLlNlYXJjaFRleHQQAhgEIAA,(530) 448-7497,"700 W River Rd b()x 6377, Tahoe City, CA 96145, USA",39.1639313,-120.1529093,false,1,sporting goods store,standard,2026-06-24,,false
ChIJySseGz9xmYARtuM4OmGK1G4,Tahoe Paddle Sports - Sand Harbor Clear Kayaking,true,core,canoe; kayak; sup; watersports,5,4.8,60,OPERATIONAL,Tour Agency,https://tahoepaddlesports.com/,https://maps.google.com/?cid=7986160189427999670&g_mp=Cidnb29nbGUubWFwcy5wbGFjZXMudjEuUGxhY2VzLlNlYXJjaFRleHQQAhgEIAA,(775) 537-3305,"201 Village Blvd, Incline Village, NV 89451, USA",39.2463698,-119.9518069,false,1,canoe rental; kayak rental; kayak tours; paddleboard rental; watersports rental,standard,2026-06-24,,false
ChIJ-W1pdhM5mYARUpkAEEWpK_U,Pedal Sports Reno-Sparks,true,core,cycling; ebike; gear-shop; mtb,5,4.7,60,OPERATIONAL,Bicycle Shop,https://www.pedalsportsrenosparks.com/,https://maps.google.com/?cid=17666400077377214802&g_mp=Cidnb29nbGUubWFwcy5wbGFjZXMudjEuUGxhY2VzLlNlYXJjaFRleHQQAhgEIAA,(775) 507-4494,"1278 Disc Dr, Sparks, NV 89436, USA",39.577524,-119.72216200000001,false,1,bike rental; bike shop; ebike rental; mountain bike rental; sporting goods store,standard,2026-06-24,,false
ChIJw3Ij6XaQmYARGv97ABLy2wY,Shirt Off My Back,true,core,alpine-ski,1,4.4,60,OPERATIONAL,Clothing Store,http://shirtoffmyback.com/,https://maps.google.com/?cid=494254743258660634&g_mp=Cidnb29nbGUubWFwcy5wbGFjZXMudjEuUGxhY2VzLlNlYXJjaFRleHQQAhgEIAA,(303) 795-7432,"1001 Heavenly Village Way #22, South Lake Tahoe, CA 96150, USA",38.9564478,-119.9427374,false,1,ski shop,standard,2026-06-24,,true
ChIJM967AtuRmYARFN3Q1kk8TMQ,Sports Ltd. Rentals,true,core; experience,alpine-ski; backcountry-ski; backpacking; camping; climbing; cycling; ebike; gear-shop; mtb; pwc; snow-tube; snowboard; snowshoe,22,4.3,60,OPERATIONAL,Services,http://www.sportsltdrentals.com/,https://maps.google.com/?cid=14144746817498176788&g_mp=Cidnb29nbGUubWFwcy5wbGFjZXMudjEuUGxhY2VzLlNlYXJjaFRleHQQAhgEIAA,(530) 600-4581,"4000 Lake Tahoe Blvd Ste 22b, South Lake Tahoe, CA 96150, USA",38.9542448,-119.9449078,false,3,backcountry ski rental; backpacking gear rental; bike rental; bike shop; camping gear rental; climbing gear rental; downhill bike park rental; ebike rental; jet ski rental; mountain bike rental; outdoor equipment rental; outdoor gear rental; ski rental; ski shop; sled rental; snowboard rental; snowboard shop; snowshoe rental; sporting goods store,standard,2026-06-24,,false
ChIJt_WCdbAJmYARz4cLmIhcl7k,Carson Armory,true,core,gear-shop,1,4.3,60,OPERATIONAL,Sporting Goods Store,https://www.carson-armory.com/,https://maps.google.com/?cid=13373259360236177359&g_mp=Cidnb29nbGUubWFwcy5wbGFjZXMudjEuUGxhY2VzLlNlYXJjaFRleHQQAhgEIAA,(775) 246-3646,"10113 US-50, Mound House, NV 89706, USA",39.2150314,-119.66447649999999,false,1,sporting goods store,standard,2026-06-24,,false
ChIJdbLVD7U_mYARyZhjF9taoco,Reno Bulk Ammo,true,core,gear-shop,1,5,59,OPERATIONAL,Suppliers,https://renobulkammo.com/,https://maps.google.com/?cid=14601051363948599497&g_mp=Cidnb29nbGUubWFwcy5wbGFjZXMudjEuUGxhY2VzLlNlYXJjaFRleHQQAhgEIAA,(775) 432-8315,"1220 E Greg St #9, Sparks, NV 89431, USA",39.5217259,-119.72371379999998,false,1,sporting goods store,standard,2026-06-24,,false
ChIJJSlKRdg5mYARURnkUp6_xOc,Photo Booth Rental Reno - Sparks | Fotobox 360 Studio,true,core,camping,1,5,59,OPERATIONAL,Services,http://fotobox360studio.com/,https://maps.google.com/?cid=16700684004913060177&g_mp=Cidnb29nbGUubWFwcy5wbGFjZXMudjEuUGxhY2VzLlNlYXJjaFRleHQQAhgEIAA,(775) 412-5397,"Leon Dr, Sun Valley, NV 89433, USA",39.5946206,-119.77581529999999,false,1,tent rental,standard,2026-06-24,,false
ChIJ5zLW07L2mYARbnUkbo-NMlY,Kirkwood Mountain Sports,true,core,alpine-ski; cycling; gear-shop; mtb; snowboard; snowshoe,8,4.7,59,OPERATIONAL,Sporting Goods Store,https://www.epicmountainrentals.com/,https://maps.google.com/?cid=6211182483265058158&g_mp=Cidnb29nbGUubWFwcy5wbGFjZXMudjEuUGxhY2VzLlNlYXJjaFRleHQQAhgEIAA,(209) 258-6000,"The Lodge, 1377 Kirkwood Meadows Dr, Kirkwood, CA 95646, USA",38.6835056,-120.06661389999998,false,1,bike shop; mountain bike rental; ski rental; ski shop; snowboard rental; snowboard shop; snowshoe rental; sporting goods store,standard,2026-06-24,,false
ChIJnz1Y90VimYARP7esc7rMHhk,"Northstar Cross-Country, Telemark, and Snowshoe Center",true,core,alpine-ski; backcountry-ski; cycling; gear-shop; mtb; nordic-ski; snowboard; snowshoe,13,4.8,58,OPERATIONAL,Sporting Goods Store,http://northstarcalifornia.com/,https://maps.google.com/?cid=1810109201426200383&g_mp=Cidnb29nbGUubWFwcy5wbGFjZXMudjEuUGxhY2VzLlNlYXJjaFRleHQQAhgEIAA,(530) 562-3270,"9001 Northstar Dr, Truckee, CA 96161, USA",39.274256099999995,-120.11968329999999,false,2,alpine touring ski rental; bike rental; bike shop; cross country ski rental; mountain bike rental; nordic ski center; ski rental; ski shop; snowboard rental; snowboard shop; snowshoe rental; sporting goods store,standard,2026-06-24,,false
ChIJoYYfU5cUmYAR2OrJNgktkYo,The Wedge at South Valleys Disc Golf Course,true,core,disc-golf,1,4.4,58,OPERATIONAL,Athletic Field,https://udisc.com/courses/the-wedge-80bC,https://maps.google.com/?cid=9984811366454258392&g_mp=Cidnb29nbGUubWFwcy5wbGFjZXMudjEuUGxhY2VzLlNlYXJjaFRleHQQAhgEIAA,,"15650 Wedge Pkwy, Reno, NV 89511, USA",39.400089099999995,-119.76000689999998,false,1,disc golf rental,standard,2026-06-24,,false
ChIJb9Vvv7SHmYARXA3c6wo9eCM,Kayak Tahoe,true,core,canoe; kayak; powerboat; sup; watersports,6,4.3,58,OPERATIONAL,Services,https://kayaktahoe.com/,https://maps.google.com/?cid=2555859905648790876&g_mp=Cidnb29nbGUubWFwcy5wbGFjZXMudjEuUGxhY2VzLlNlYXJjaFRleHQQAhgEIAA,(530) 544-2011,"Rubicon Trail, South Lake Tahoe, CA 96150, USA",38.9531789,-120.10673089999999,false,1,boat rental; canoe rental; kayak rental; kayak tours; paddleboard rental; watersports rental,standard,2026-06-24,,false
ChIJT6snIHIKmYARFEidNU8XVFw,SuperPawn,true,core,cycling,1,3.6,58,OPERATIONAL,Services,https://www.firstcash.com/,https://maps.google.com/?cid=6652968178502420500&g_mp=Cidnb29nbGUubWFwcy5wbGFjZXMudjEuUGxhY2VzLlNlYXJjaFRleHQQAhgEIAA,(775) 883-8896,"3816 US-50 E, Carson City, NV 89706, USA",39.180591899999996,-119.725139,false,1,bike shop,standard,2026-06-24,ChIJuQx3sGNHmYARHGu8qqYIWEA,false
ChIJJxL5DgtHmYARNfleoUTiV2w,Sierra Vista Park,true,core,mtb,1,4.8,57,OPERATIONAL,Park,https://www.reno.gov/Home/Components/FacilityDirectory/FacilityDirectory/151/2864?npage=4,https://maps.google.com/?cid=7806957263463053621&g_mp=Cidnb29nbGUubWFwcy5wbGFjZXMudjEuUGxhY2VzLlNlYXJjaFRleHQQAhgEIAA,(775) 334-2260,"1985 Beaumont Pkwy, Reno, NV 89523, USA",39.532777599999996,-119.90277789999999,false,1,downhill bike park rental,standard,2026-06-24,,false
ChIJtSJwIEcVmYAR0Ai9tyOvjuk,Custom Boat & Marine,true,core,pontoon; powerboat,2,4.5,57,OPERATIONAL,Suppliers,http://www.customboat.com/,https://maps.google.com/?cid=16829581425471457488&g_mp=Cidnb29nbGUubWFwcy5wbGFjZXMudjEuUGxhY2VzLlNlYXJjaFRleHQQAhgEIAA,(775) 852-4535,"9300 S Virginia St, Reno, NV 89511, USA",39.445888499999995,-119.77329250000001,false,1,boat rental; pontoon rental,standard,2026-06-24,,false
ChIJLRkzByxHmYARCrzPpyVrwPg,Global Goods Shop,true,core,gear-shop,2,4.3,57,OPERATIONAL,Shoe Store,,https://maps.google.com/?cid=17924444326407945226&g_mp=Cidnb29nbGUubWFwcy5wbGFjZXMudjEuUGxhY2VzLlNlYXJjaFRleHQQAhgEIAA,(775) 453-1496,"1155 W 4th St Ste 119, Reno, NV 89503, USA",39.526561199999996,-119.82932009999998,false,2,sporting goods store,standard,2026-06-24,,false
ChIJRwzm8KuQmYARyjfiJy1ABWs,CV Sports,true,core; experience,alpine-ski; gear-shop; nordic-ski; snow-tube; snowboard; snowshoe,11,3.9,57,OPERATIONAL,Services,https://cvsports.biz/,https://maps.google.com/?cid=7711640499628685258&g_mp=Cidnb29nbGUubWFwcy5wbGFjZXMudjEuUGxhY2VzLlNlYXJjaFRleHQQAhgEIAA,(775) 588-4420,"237 Tramway Dr, Stateline, NV 89449, USA",38.970418599999995,-119.8864421,false,4,cross country ski rental; outdoor gear rental; ski rental; ski shop; sled rental; snowboard rental; snowboard shop; snowshoe rental; sporting goods store,standard,2026-06-24,,false
ChIJHWLlJEyRmYARmnqvJTlgRBo,Lake Tahoe Pontoons,true,core,canoe; pontoon; powerboat; watersports,6,5,56,OPERATIONAL,Services,http://laketahoepontoon.com/,https://maps.google.com/?cid=1892743541964110490&g_mp=Cidnb29nbGUubWFwcy5wbGFjZXMudjEuUGxhY2VzLlNlYXJjaFRleHQQAhgEIAA,(530) 208-8795,"2435 Venice Dr E, South Lake Tahoe, CA 96150, USA",38.9341357,-120.00131669999999,false,1,boat charter; boat rental; canoe rental; motorboat rental; pontoon rental; watersports rental,standard,2026-06-24,,false
ChIJQfx6AlaHmYARoENnttnmR88,Fannette Island Tea House,true,core,canoe; kayak; powerboat; sup,5,4.8,56,OPERATIONAL,Scenic Spot,https://www.parks.ca.gov/?page_id=506,https://maps.google.com/?cid=14936160511940051872&g_mp=Cidnb29nbGUubWFwcy5wbGFjZXMudjEuUGxhY2VzLlNlYXJjaFRleHQQAhgEIAA,,"Rubicon Trail, South Lake Tahoe, CA 96150, USA",38.954163699999995,-120.1004426,false,1,boat rental; canoe rental; kayak rental; kayak tours; paddleboard rental,standard,2026-06-24,,false
ChIJZQCC5b8KmYARNusj23xm9GQ,sierra nevada sports collectibles,true,core,gear-shop,1,4.6,56,OPERATIONAL,Store,https://www.sierranvsportscollectibles.com/,https://maps.google.com/?cid=7274551984548735798&g_mp=Cidnb29nbGUubWFwcy5wbGFjZXMudjEuUGxhY2VzLlNlYXJjaFRleHQQAhgEIAA,(775) 515-4415,"1941 N Carson St, Carson City, NV 89701, USA",39.178446,-119.7658443,false,1,sporting goods store,standard,2026-06-24,,false
ChIJL7wHjix7mYARRPWyDUf7lI0,Tahoe Aquatic Center,true,core,alpine-ski; canoe; kayak; pontoon; powerboat; pwc; sup; wakeboard; watersports,13,4.3,56,OPERATIONAL,Services,https://tahoeaquaticcenter.com/,https://maps.google.com/?cid=10202055338492097860&g_mp=Cidnb29nbGUubWFwcy5wbGFjZXMudjEuUGxhY2VzLlNlYXJjaFRleHQQAhgEIAA,(530) 546-2419,"8299 N Lake Blvd, Kings Beach, CA 96143, USA",39.2378341,-120.02718189999999,false,3,boat rental; canoe rental; jet ski rental; kayak rental; motorboat rental; paddleboard rental; personal watercraft rental; pontoon rental; ski boat rental; ski rental; watersports rental; waverunner rental,standard,2026-06-24,,false
ChIJy9ppqHeQmYARudCSM07YImA,Gondola Ski + Sports,true,core; experience,alpine-ski; cycling; gear-shop; mtb; snow-tube; snowboard; snowshoe,14,4.2,56,OPERATIONAL,Sporting Goods Store,http://www.gondolaskitahoe.com/,https://maps.google.com/?cid=6927337007233552569&g_mp=Cidnb29nbGUubWFwcy5wbGFjZXMudjEuUGxhY2VzLlNlYXJjaFRleHQQAhgEIAA,(530) 544-1105,"4100 Lake Tahoe Blvd, South Lake Tahoe, CA 96150, USA",38.9565188,-119.94184290000001,false,3,bike rental; bike shop; mountain bike rental; outdoor equipment rental; outdoor gear rental; ski rental; ski shop; sled rental; snowboard rental; snowboard shop; snowshoe rental; sporting goods store,standard,2026-06-24,,false
ChIJ4VlaHh0KmYARw4o5IhkXiGA,Super Sport Motors LLC,true,core,gear-shop,1,4.2,56,OPERATIONAL,Car Dealer,http://ssmotorsnv.com/,https://maps.google.com/?cid=6955835021189548739&g_mp=Cidnb29nbGUubWFwcy5wbGFjZXMudjEuUGxhY2VzLlNlYXJjaFRleHQQAhgEIAA,(775) 883-5959,"5921 US-50, Carson City, NV 89701, USA",39.1896287,-119.69991359999999,false,1,sporting goods store,standard,2026-06-24,,false
ChIJhd-GMLffm4AR0oD6swap668,Unique Boutique-Viviane's Vintage & Vogue,true,core,gear-shop,1,4.8,55,OPERATIONAL,Thrift Store,,https://maps.google.com/?cid=12676411422418829522&g_mp=Cidnb29nbGUubWFwcy5wbGFjZXMudjEuUGxhY2VzLlNlYXJjaFRleHQQAhgEIAA,(530) 582-8484,"10925 W River St, Truckee, CA 96161, USA",39.3200248,-120.1952335,false,1,sporting goods store,standard,2026-06-24,,true
ChIJOU6AfIbVm4ARAr-8-2eYj_8,Cedar Crest Cottages,true,core,kayak,1,4.6,55,OPERATIONAL,Travel Agency,http://www.cedarcrestcottages.com/,https://maps.google.com/?cid=18415104973713751810&g_mp=Cidnb29nbGUubWFwcy5wbGFjZXMudjEuUGxhY2VzLlNlYXJjaFRleHQQAhgEIAA,(530) 412-9222,"4815 W Lake Blvd, Homewood, CA 96141, USA",39.093758,-120.16449739999999,false,1,kayak rental,standard,2026-06-24,,false
ChIJ11kk0kg_mYARLCJtcRJt2BY,Illumined Arms,true,core,gear-shop,3,4.3,55,OPERATIONAL,Sporting Goods Store,https://illuminedarms.com/,https://maps.google.com/?cid=1646185589783732780&g_mp=Cidnb29nbGUubWFwcy5wbGFjZXMudjEuUGxhY2VzLlNlYXJjaFRleHQQAhgEIAA,(775) 221-9260,"2597 Mill St C, Reno, NV 89502, USA",39.5187941,-119.77984329999998,false,3,sporting goods store,standard,2026-06-24,,false
ChIJz9w2VrePmYARDBJh0xkdUUc,Mountain West,true,core; experience,alpine-ski; backcountry-ski; backpacking; climbing; cycling; ebike; gear-shop; mtb; snow-tube; snowboard; snowshoe,19,4.9,54,OPERATIONAL,Sporting Goods Store,http://mountainwestonline.com/,https://maps.google.com/?cid=5138920646564188684&g_mp=Cidnb29nbGUubWFwcy5wbGFjZXMudjEuUGxhY2VzLlNlYXJjaFRleHQQAhgEIAA,(530) 600-4144,"3535 Lake Tahoe Blvd #120, South Lake Tahoe, CA 96150, USA",38.9472036,-119.96301809999999,false,2,backcountry ski rental; backpacking gear rental; bike rental; bike shop; climbing gear rental; ebike rental; mountain bike rental; outdoor equipment rental; outdoor gear rental; ski rental; ski shop; sled rental; snowboard rental; snowboard shop; snowshoe rental; splitboard rental; sporting goods store,standard,2026-06-24,,false
ChIJ41T2aT1wmYARZhLS4WhuZSY,Pacific Crest Snowcats,true,core,alpine-ski; backcountry-ski; snowmobile,3,4.8,54,OPERATIONAL,Ski Resort,http://www.pacificcrestsnowcats.com/,https://maps.google.com/?cid=2766738942833332838&g_mp=Cidnb29nbGUubWFwcy5wbGFjZXMudjEuUGxhY2VzLlNlYXJjaFRleHQQAhgEIAA,(530) 608-0272,"Cabin Creek Rd, Truckee, CA 96161, USA",39.285395699999995,-120.2109724,false,2,backcountry ski rental; ski rental; snowmobile rental,standard,2026-06-24,,false
ChIJ1S2uDXV9mYARl_oxHYjBsPA,North Tahoe Watersports Tahoe City Boat Rentals,true,core,alpine-ski; canoe; kayak; pontoon; powerboat; pwc; sailing; sup; wakeboard; watersports,16,4.7,54,OPERATIONAL,Services,https://www.northtahoewatersports.com/,https://maps.google.com/?cid=17343574955353307799&g_mp=Cidnb29nbGUubWFwcy5wbGFjZXMudjEuUGxhY2VzLlNlYXJjaFRleHQQAhgEIAA,(530) 583-9253,"120 Grove St, Tahoe City, CA 96145, USA",39.17098010000001,-120.13859799999999,false,2,boat charter; boat rental; canoe rental; jet ski rental; kayak rental; motorboat rental; paddleboard rental; personal watercraft rental; pontoon rental; sailboat rental; ski boat rental; ski rental; wakeboard boat rental; watersports rental; waverunner rental,standard,2026-06-24,,false
ChIJK6qqqk1jmYARl6SlxzB9nSM,Sierra Boat Company,true,core,canoe; pontoon; powerboat; sailing,5,4.7,54,OPERATIONAL,Marina,https://sierraboat.com/,https://maps.google.com/?cid=2566345011132474519&g_mp=Cidnb29nbGUubWFwcy5wbGFjZXMudjEuUGxhY2VzLlNlYXJjaFRleHQQAhgEIAA,(530) 546-2551,"5146 N Lake Blvd, Carnelian Bay, CA 96140, USA",39.226633400000004,-120.08055920000001,false,1,boat charter; boat rental; canoe rental; pontoon rental; sailboat rental,standard,2026-06-24,,false
ChIJ3cW_CKOPmYARU-J7LxoYX78,Tahoe Merchant Thrift,true,core,cycling,1,4.1,54,OPERATIONAL,Thrift Store,,https://maps.google.com/?cid=13789767084776612435&g_mp=Cidnb29nbGUubWFwcy5wbGFjZXMudjEuUGxhY2VzLlNlYXJjaFRleHQQAhgEIAA,(530) 541-1663,"800 Emerald Bay Rd, South Lake Tahoe, CA 96150, USA",38.917431,-120.01142700000001,false,1,bike shop,standard,2026-06-24,,true
ChIJv5Tn-32amYARy09fERwNttU,Black Tie Ski & Bike Rental Delivery of South Tahoe,true,core,alpine-ski; backcountry-ski; canoe; cycling; gear-shop; kayak; snowboard,14,4.9,53,OPERATIONAL,Services,https://www.blacktiebikes.com/south-tahoe/?utm_source=google&utm_medium=organic&utm_campaign=gmb&utm_term=black-tie-ski-rental-south-tahoe&utm_content=south-tahoe,https://maps.google.com/?cid=15399510390041694155&g_mp=Cidnb29nbGUubWFwcy5wbGFjZXMudjEuUGxhY2VzLlNlYXJjaFRleHQQAhgEIAA,(775) 588-5800,"298 NV-207 Ste #1A, Stateline, NV 89449, USA",38.968401,-119.927258,false,3,backcountry ski rental; bike rental; bike shop; canoe rental; kayak rental; outdoor equipment rental; outdoor gear rental; ski rental; ski shop; snowboard rental; snowboard shop; sporting goods store,standard,2026-06-24,,false
ChIJk6BUqq8HmYARnMejwU4XLbQ,"Lost Art Graphics - Embroidery, Screen Printing, Team Wear, Print, Copy & Design",true,core,gear-shop,1,4.9,53,OPERATIONAL,Manufacturer,http://lostartgraphicsnv.com/,https://maps.google.com/?cid=12983058927802632092&g_mp=Cidnb29nbGUubWFwcy5wbGFjZXMudjEuUGxhY2VzLlNlYXJjaFRleHQQAhgEIAA,(775) 301-7655,"4630 US-50 #10, Carson City, NV 89701, USA",39.1844228,-119.71550090000001,false,1,sporting goods store,standard,2026-06-24,,false
ChIJCR2Tax0_mYARFTQneIZ1XiE,Camelot Party Rentals,true,core,camping; gear-shop,2,4.5,53,OPERATIONAL,Services,http://www.camelotpartyrentals.com/,https://maps.google.com/?cid=2404488471464326165&g_mp=Cidnb29nbGUubWFwcy5wbGFjZXMudjEuUGxhY2VzLlNlYXJjaFRleHQQAhgEIAA,(775) 355-9004,"152 Coney Island Dr, Sparks, NV 89431, USA",39.519635699999995,-119.7439277,false,1,outdoor equipment rental; tent rental,standard,2026-06-24,,false
ChIJg2OclY2PmYAR5NI116CXf8k,Nor-Cal Charters,true,core; gap,fishing-charter; powerboat,2,5,52,OPERATIONAL,Fishing Charter,http://www.fishingintahoe.com/,https://maps.google.com/?cid=14519490440726958820&g_mp=Cidnb29nbGUubWFwcy5wbGFjZXMudjEuUGxhY2VzLlNlYXJjaFRleHQQAhgEIAA,(530) 318-1981,"PO 301, 300 Hwy 50, Zephyr Cove, NV 89448, USA",38.989771499999996,-119.95247880000001,false,1,boat charter; fishing charter,standard,2026-06-24,,false
ChIJHUtqcWFxmYAR1Wfw0__0ydc,Lake Tahoe Luxury Boat Rentals,true,core,canoe; pontoon; powerboat; pwc; sailing; wakeboard; watersports,12,4.9,52,OPERATIONAL,Services,http://laketahoeluxuryboatrentals.com/,https://maps.google.com/?cid=15549228568082933717&g_mp=Cidnb29nbGUubWFwcy5wbGFjZXMudjEuUGxhY2VzLlNlYXJjaFRleHQQAhgEIAA,(775) 400-0898,"111 Country Club Dr, Incline Village, NV 89451, USA",39.237012899999996,-119.94470100000001,false,1,boat charter; boat rental; canoe rental; catamaran rental; jet ski rental; motorboat rental; personal watercraft rental; pontoon rental; sailboat rental; ski boat rental; watersports rental; waverunner rental,standard,2026-06-24,,false
ChIJq0RntF6PmYARjW0JBP6obyQ,Tahoe Emerald Bliss Boat Tour,true,core,powerboat,2,4.8,52,OPERATIONAL,Tour Agency,http://tahoeboattour.com/,https://maps.google.com/?cid=2625502916723174797&g_mp=Cidnb29nbGUubWFwcy5wbGFjZXMudjEuUGxhY2VzLlNlYXJjaFRleHQQAhgEIAA,(530) 307-2659,"2435 Venice Dr E, South Lake Tahoe, CA 96150, USA",38.9346363,-120.00215109999999,false,1,boat charter; boat rental,standard,2026-06-24,,false
ChIJeUDaKo0VmYARYOXHK-9TNj4,Lake Tahoe Casino Party,true,core,camping,1,4.8,52,OPERATIONAL,Services,http://www.laketahoecasinoparty.com/,https://maps.google.com/?cid=4482862765790717280&g_mp=Cidnb29nbGUubWFwcy5wbGFjZXMudjEuUGxhY2VzLlNlYXJjaFRleHQQAhgEIAA,(530) 208-0397,,,,true,1,tent rental,service-area,2026-06-24,,false
ChIJ_0j1GpdlmYARXQTkQJyQp44,Tahoe Ebikes,true,core,cycling; dirtbike; ebike; mtb,5,4.8,52,OPERATIONAL,Services,https://tahoeebikes.com/,https://maps.google.com/?cid=10279343675274429533&g_mp=Cidnb29nbGUubWFwcy5wbGFjZXMudjEuUGxhY2VzLlNlYXJjaFRleHQQAhgEIAA,(530) 553-1455,"8331 N Lake Blvd Unit A, Kings Beach, CA 96143, USA",39.2375578,-120.02617339999999,false,1,bike rental; bike shop; dirt bike rental; ebike rental; mountain bike rental,standard,2026-06-24,,false
ChIJG0Si6IBJ06MR7bsVTLyVQaI,South Tahoe Ebike Rentals - Margaritaville,true,core,cycling; ebike,3,5,51,OPERATIONAL,Services,http://southtahoeebikerentals.com/,https://maps.google.com/?cid=11691790743593401325&g_mp=Cidnb29nbGUubWFwcy5wbGFjZXMudjEuUGxhY2VzLlNlYXJjaFRleHQQAhgEIAA,(530) 539-5100,"4130 Lake Tahoe Blvd, South Lake Tahoe, CA 96150, USA",38.9582553,-119.9412583,false,1,bike rental; bike shop; ebike rental,standard,2026-06-24,,false
ChIJ7dvAtqubmYARB5Qvm7DHvUE,Zephyr Cove Snowmobiling Tours,true,core; experience,snow-tube; snowmobile,2,4,51,OPERATIONAL,Services,https://www.zephyrcove.com/snowmobiles/tahoe-snowmobiling-experience?utm_source=google&utm_medium=organic&utm_campaign=gbp_listing,https://maps.google.com/?cid=4737161944395387911&g_mp=Cidnb29nbGUubWFwcy5wbGFjZXMudjEuUGxhY2VzLlNlYXJjaFRleHQQAhgEIAA,(800) 238-2463,"760 US-50, Zephyr Cove, NV 89448, USA",39.0056771,-119.9472566,false,1,sled rental; snowmobile rental,standard,2026-06-24,,false
ChIJoSCfNYk_mYARf9Q6PFUHmVM,Victory Bowling Services LLC,true,core,gear-shop,3,5,50,OPERATIONAL,Sporting Goods Store,https://victorybowlingservices.com/,https://maps.google.com/?cid=6023854039248852095&g_mp=Cidnb29nbGUubWFwcy5wbGFjZXMudjEuUGxhY2VzLlNlYXJjaFRleHQQAhgEIAA,(775) 391-8442,"2500 E 2nd St, Reno, NV 89595, USA",39.523854,-119.7775139,false,3,sporting goods store,standard,2026-06-24,,false
ChIJ7afDCtE_mYARa43wgDEc1EA,Huntnhouse Archery Center,true,core; gap,archery; gear-shop,4,4.9,50,OPERATIONAL,Sports Activity Location,http://www.huntnhouse.com/,https://maps.google.com/?cid=4671389712432270699&g_mp=Cidnb29nbGUubWFwcy5wbGFjZXMudjEuUGxhY2VzLlNlYXJjaFRleHQQAhgEIAA,(775) 762-6104,"4690 Longley Ln Ste 20, Reno, NV 89502, USA",39.4882394,-119.7587547,false,3,archery pro shop; archery range; sporting goods store,standard,2026-06-24,,false
ChIJv-yKNHaQmYARw929njJWAu4,Heavenly Sports - Cecil's Plaza,true,core,alpine-ski; gear-shop; snowboard; snowshoe,9,4.5,50,OPERATIONAL,Services,https://www.epicmountainrentals.com/,https://maps.google.com/?cid=17150365106391866819&g_mp=Cidnb29nbGUubWFwcy5wbGFjZXMudjEuUGxhY2VzLlNlYXJjaFRleHQQAhgEIAA,(530) 214-3241,"4118 Lake Tahoe Blvd #2, South Lake Tahoe, CA 96150, USA",38.9580288,-119.9424248,false,3,outdoor gear rental; ski rental; ski shop; snowboard rental; snowboard shop; snowshoe rental; sporting goods store,standard,2026-06-24,ChIJPRErSHaQmYARa7QpkWhOUO0,false
ChIJy_eG4DBimYARKG5IS_ziWW4,TrueNorth - Northstar Village,true,core,alpine-ski; gear-shop; snowboard,9,3.8,50,OPERATIONAL,Sporting Goods Store,https://www.epicmountainrentals.com/,https://maps.google.com/?cid=7951636190321995304&g_mp=Cidnb29nbGUubWFwcy5wbGFjZXMudjEuUGxhY2VzLlNlYXJjaFRleHQQAhgEIAA,(530) 562-3670,"4001 Northstar Dr Ste 4111, Truckee, CA 96161, USA",39.27526230000001,-120.12149489999999,false,5,ski rental; ski shop; snowboard rental; snowboard shop; sporting goods store,standard,2026-06-24,,false
ChIJ2yA4ce1ImYARtodTJSBRGiE,TapSnap Photo Booth's Reno-Tahoe,true,core,camping,1,5,49,OPERATIONAL,Services,https://www.tapsnap.net/ms/tapsnap-1156-photo-booth-rentals?utm_source=google&utm_medium=local&utm_campaign=1156&utm_content=primary,https://maps.google.com/?cid=2385308151153133494&g_mp=Cidnb29nbGUubWFwcy5wbGFjZXMudjEuUGxhY2VzLlNlYXJjaFRleHQQAhgEIAA,(775) 453-4720,,,,true,1,tent rental,service-area,2026-06-24,,false
ChIJqcC_TFfom4ARrt8jKoleVz0,Donner Ski Shop,true,core,alpine-ski; backcountry-ski; gear-shop; nordic-ski; snowboard; snowshoe,11,4.5,49,OPERATIONAL,Sporting Goods Store,https://donnerskishop.com/,https://maps.google.com/?cid=4420105502497955758&g_mp=Cidnb29nbGUubWFwcy5wbGFjZXMudjEuUGxhY2VzLlNlYXJjaFRleHQQAhgEIAA,(530) 426-0739,"21728 Donner Pass Rd, Soda Springs, CA 95728, USA",39.324687,-120.3836346,false,1,alpine touring ski rental; backcountry ski rental; cross country ski rental; outdoor gear rental; ski rental; ski shop; snowboard rental; snowboard shop; snowshoe rental; splitboard rental; sporting goods store,standard,2026-06-24,,false
ChIJk1C7K8IKmYAR8LizZU5aSmE,Talents Athletic Center,true,core,gear-shop,1,4.2,49,OPERATIONAL,Sports Complex,http://talentsathleticcenter.com/,https://maps.google.com/?cid=7010515062715824368&g_mp=Cidnb29nbGUubWFwcy5wbGFjZXMudjEuUGxhY2VzLlNlYXJjaFRleHQQAhgEIAA,(775) 220-8610,"2749 #b N Carson St, Carson City, NV 89701, USA",39.184385999999996,-119.76837549999998,false,1,sporting goods store,standard,2026-06-24,,false
ChIJh9KoYGmbmYARGpvXaVOtq6I,Enterprise Rent-A-Car,true,core,offroad-4x4,1,3.9,49,OPERATIONAL,Car Rental Agency,https://www.enterprise.com/en/car-rental-locations/us/nv/caesars-republic-hotel-546h.html?mcid=yext:245709,https://maps.google.com/?cid=11721653028931476250&g_mp=Cidnb29nbGUubWFwcy5wbGFjZXMudjEuUGxhY2VzLlNlYXJjaFRleHQQAhgEIAA,(775) 339-3458,"18 US-50, Stateline, NV 89449, USA",38.9624887,-119.9406888,false,1,4x4 rental,standard,2026-06-24,ChIJqfzLx3A_mYARQSrlvQ1UiWI,true
ChIJYbJ4aiXem4ARgHw0k0IyyiU,Tahoe Dirt Bikes,true,core,atv; cycling; dirtbike; mtb,5,5,48,OPERATIONAL,Corporate Office,http://tahoedirtbikes.com/,https://maps.google.com/?cid=2723044186217806976&g_mp=Cidnb29nbGUubWFwcy5wbGFjZXMudjEuUGxhY2VzLlNlYXJjaFRleHQQAhgEIAA,(530) 386-2952,"12675 Lee Rd, Truckee, CA 96161, USA",39.328129,-120.234291,false,1,atv rental; bike rental; bike shop; dirt bike rental; mountain bike rental,standard,2026-06-24,,false
ChIJn4NRm2c_mYARA1hSIv9WIfo,High Desert Archery Reno,true,gap,archery,2,4.5,48,OPERATIONAL,Sports Activity Location,http://www.highdesertarcherynv.com/,https://maps.google.com/?cid=18023782837505906691&g_mp=Cidnb29nbGUubWFwcy5wbGFjZXMudjEuUGxhY2VzLlNlYXJjaFRleHQQAhgEIAA,(775) 432-4041,"940 Matley Ln #5, Reno, NV 89502, USA",39.516537,-119.779844,false,1,archery pro shop; archery range,standard,2026-06-24,,false
ChIJG08rYgJ9mYARK7QUK0ob7SE,Truckee River Bikes,true,core,cycling; ebike; gear-shop; mtb,6,4.4,48,OPERATIONAL,Bicycle Shop,https://truckeeriverbikes.com/,https://maps.google.com/?cid=2444640178096354347&g_mp=Cidnb29nbGUubWFwcy5wbGFjZXMudjEuUGxhY2VzLlNlYXJjaFRleHQQAhgEIAA,(530) 581-3399,"3039 CA-89, Olympic Valley, CA 96146, USA",39.2058402,-120.19982680000001,false,1,bike rental; bike shop; downhill bike park rental; ebike rental; mountain bike rental; sporting goods store,standard,2026-06-24,,false
ChIJO5ZJ7MDfm4AR2tMJvfGbHIY,Cabona's,true,core,gear-shop,1,3.3,48,OPERATIONAL,Clothing Store,http://www.cabonas.com/,https://maps.google.com/?cid=9663770362991203290&g_mp=Cidnb29nbGUubWFwcy5wbGFjZXMudjEuUGxhY2VzLlNlYXJjaFRleHQQAhgEIAA,(530) 587-3161,"10100 Donner Pass Rd, Truckee, CA 96161, USA",39.3279322,-120.1857875,false,1,sporting goods store,standard,2026-06-24,,true
ChIJ1WuLO_N9mYARa9axpI-c0e8,High Sierra Water Ski School,true,core,alpine-ski; canoe; kayak; pontoon; powerboat; pwc; sup; wakeboard; watersports,13,4.9,47,OPERATIONAL,Services,https://www.highsierrawaterskiing.com/,https://maps.google.com/?cid=17280765385954678379&g_mp=Cidnb29nbGUubWFwcy5wbGFjZXMudjEuUGxhY2VzLlNlYXJjaFRleHQQAhgEIAA,(530) 525-1214,"5190 W Lake Blvd, Homewood, CA 96141, USA",39.084801399999996,-120.15929770000001,false,1,boat rental; canoe rental; jet ski rental; kayak rental; paddleboard rental; personal watercraft rental; pontoon rental; ski boat rental; ski rental; ski shop; wakeboard boat rental; watersports rental; waverunner rental,standard,2026-06-24,,false
ChIJoT09E7Q5mYARlJTJcnE5-DY,"11 Eleven Tactical USA, LLC",true,core,gear-shop,1,4.8,47,OPERATIONAL,Sporting Goods Store,https://shop.11eleventacticalusa.com/,https://maps.google.com/?cid=3960979031692252308&g_mp=Cidnb29nbGUubWFwcy5wbGFjZXMudjEuUGxhY2VzLlNlYXJjaFRleHQQAhgEIAA,(775) 622-8027,"1111 Rock Blvd, Sparks, NV 89431, USA",39.5433133,-119.76487309999999,false,1,sporting goods store,standard,2026-06-24,,false
ChIJHVBEJX7Vm4ARgxnBF0Loy9I,Homewood High & Dry Marina,true,core,alpine-ski; canoe; pontoon; powerboat; pwc; wakeboard,8,4.7,47,OPERATIONAL,Marina,https://www.homewoodmarina.net/,https://maps.google.com/?cid=15189489538801146243&g_mp=Cidnb29nbGUubWFwcy5wbGFjZXMudjEuUGxhY2VzLlNlYXJjaFRleHQQAhgEIAA,(530) 525-5966,"5190 W Lake Blvd, Homewood, CA 96141, USA",39.084759,-120.159322,false,1,boat rental; canoe rental; jet ski rental; personal watercraft rental; pontoon rental; ski boat rental; ski rental; ski shop,standard,2026-06-24,,false
ChIJmUKkOV2FfoIRnXIQCTxI5RU,Super Simple Photography,true,core,camping,1,5,46,OPERATIONAL,Services,https://www.supersimpleco.com/,https://maps.google.com/?cid=1577746667150537373&g_mp=Cidnb29nbGUubWFwcy5wbGFjZXMudjEuUGxhY2VzLlNlYXJjaFRleHQQAhgEIAA,,,,,true,1,tent rental,service-area,2026-06-24,,false
ChIJ9Z_krJdAmYARAiI7L6yFAf0,Dragon Spring,true,core,gear-shop,3,4.9,46,OPERATIONAL,Sporting Goods Store,http://www.dragonspringreno.com/,https://maps.google.com/?cid=18230999741145752066&g_mp=Cidnb29nbGUubWFwcy5wbGFjZXMudjEuUGxhY2VzLlNlYXJjaFRleHQQAhgEIAA,(775) 323-2298,"1707 S Wells Ave, Reno, NV 89502, USA",39.5086314,-119.8032786,false,3,sporting goods store,standard,2026-06-24,,false
ChIJLeqjOjFimYARNK0OnSfFaiY,Patagonia,true,core,alpine-ski; gear-shop; snowboard,3,4.7,46,OPERATIONAL,Sportswear Store,http://www.patagonia.com/,https://maps.google.com/?cid=2768241694901972276&g_mp=Cidnb29nbGUubWFwcy5wbGFjZXMudjEuUGxhY2VzLlNlYXJjaFRleHQQAhgEIAA,(530) 562-8012,"5001 Northstar Dr Ste 5110, Truckee, CA 96161, USA",39.274844099999996,-120.1205664,false,1,ski shop; snowboard shop; sporting goods store,standard,2026-06-24,ChIJRV9f9HaQmYAR6kmr0HZp9kE,false
ChIJmx2pNG2gmYARrmVHQTMvuNo,Kabayan Asian Multi Mart,true,core,gear-shop,1,4.6,46,OPERATIONAL,Asian Grocery Store,https://www.kabayanasianmultimart.com/,https://maps.google.com/?cid=15760398793168086446&g_mp=Cidnb29nbGUubWFwcy5wbGFjZXMudjEuUGxhY2VzLlNlYXJjaFRleHQQAhgEIAA,(775) 301-6998,"321 Fairview Dr, Carson City, NV 89701, USA",39.149696,-119.7652145,false,1,sporting goods store,standard,2026-06-24,,false
ChIJpyMc-NRGmYARcJjhQAJrL-I,L.A.G. Tactical Inc,true,core,gear-shop,2,4.5,46,OPERATIONAL,Sporting Goods Store,http://www.lagtactical.com/,https://maps.google.com/?cid=16298363233899747440&g_mp=Cidnb29nbGUubWFwcy5wbGFjZXMudjEuUGxhY2VzLlNlYXJjaFRleHQQAhgEIAA,(775) 636-6532,"2305 Dickerson Rd, Reno, NV 89503, USA",39.5219868,-119.83916380000001,false,2,sporting goods store,standard,2026-06-24,,false
ChIJxQ-MO-rZm4ARu5s3wrvkG-g,SnoVentures Activity Zone,true,core; experience,snow-tube; snowmobile,3,4.1,46,OPERATIONAL,Ski Resort,,https://maps.google.com/?cid=16725213136238910395&g_mp=Cidnb29nbGUubWFwcy5wbGFjZXMudjEuUGxhY2VzLlNlYXJjaFRleHQQAhgEIAA,(530) 452-4511,"1651 Olympic Vly Rd, Olympic Valley, CA 96146, USA",39.1964962,-120.2300216,false,1,sled rental; snow tube rental; snowmobile rental,standard,2026-06-24,,false
ChIJc-6tR-yOmYARNxSXTGmhdsQ,Tahoe Dave's Boardshop,true,core,alpine-ski; backcountry-ski; gear-shop; nordic-ski; pwc; snowboard; snowshoe,14,4.8,45,OPERATIONAL,Sporting Goods Store,http://www.tahoedaves.com/,https://maps.google.com/?cid=14156679952314340407&g_mp=Cidnb29nbGUubWFwcy5wbGFjZXMudjEuUGxhY2VzLlNlYXJjaFRleHQQAhgEIAA,(530) 583-0400,"600 N Lake Blvd, Tahoe City, CA 96145, USA",39.1720245,-120.13937349999999,false,2,backcountry ski rental; cross country ski rental; jet ski rental; outdoor equipment rental; outdoor gear rental; ski rental; ski shop; snowboard rental; snowboard shop; snowshoe rental; splitboard rental; sporting goods store,standard,2026-06-24,ChIJQ3A0TXR9mYARj3o0wJE-6_M,false
ChIJ_1tItoJxmYARveWs9_5FjoM,Lady Luck Skate and Smoke Shop,true,core,cycling; gear-shop,2,4.8,45,OPERATIONAL,Store,,https://maps.google.com/?cid=9479591227040785853&g_mp=Cidnb29nbGUubWFwcy5wbGFjZXMudjEuUGxhY2VzLlNlYXJjaFRleHQQAhgEIAA,(775) 300-1872,"799 Southwood Blvd #10, Incline Village, NV 89451, USA",39.2476485,-119.96190299999999,false,1,bike shop; sporting goods store,standard,2026-06-24,,false
ChIJ29aIoVN7mYARNwACnbaZVTY,Tahoe Beach Company,true,core,canoe; kayak; sup; watersports,5,4.7,45,OPERATIONAL,Services,https://www.tahoebeachco.com/,https://maps.google.com/?cid=3915204460665765943&g_mp=Cidnb29nbGUubWFwcy5wbGFjZXMudjEuUGxhY2VzLlNlYXJjaFRleHQQAhgEIAA,(775) 484-6062,"8299 N Lake Blvd, Kings Beach, CA 96143, USA",39.2378341,-120.02718189999999,false,1,canoe rental; kayak rental; lake toy rental; paddleboard rental; watersports rental,standard,2026-06-24,,false
ChIJC4WqdspkmYARjmkilsXLjts,North Tahoe Marina,true,core,pontoon; powerboat; sailing,4,4.6,45,OPERATIONAL,Marina,http://www.northtahoemarina.com/,https://maps.google.com/?cid=15820806590486964622&g_mp=Cidnb29nbGUubWFwcy5wbGFjZXMudjEuUGxhY2VzLlNlYXJjaFRleHQQAhgEIAA,(530) 546-8248,"7360 N Lake Blvd, Tahoe Vista, CA 96148, USA",39.237398999999996,-120.04269149999998,false,1,boat charter; boat rental; pontoon rental; sailboat rental,standard,2026-06-24,,false
ChIJVVJQEh9gmYARhP2i4lexGrY,Tahoe Surf Company,true,core,watersports,1,5,44,OPERATIONAL,Services,http://www.tahoesurfcompany.com/,https://maps.google.com/?cid=13121995455319965060&g_mp=Cidnb29nbGUubWFwcy5wbGFjZXMudjEuUGxhY2VzLlNlYXJjaFRleHQQAhgEIAA,(530) 401-6899,,,,true,1,watersports rental,service-area,2026-06-24,,false
ChIJ5xUS1MgJmYAR2mg-JQXeYgo,Carson Ridge Disc Golf Park & Interpretive Trails,true,core,disc-golf,1,4.9,44,OPERATIONAL,Athletic Field,https://www.facebook.com/CCPRDept,https://maps.google.com/?cid=748404601777973466&g_mp=Cidnb29nbGUubWFwcy5wbGFjZXMudjEuUGxhY2VzLlNlYXJjaFRleHQQAhgEIAA,,"Rifle Range Rd, Carson City, NV 89701, USA",39.1946352,-119.68399249999999,false,1,disc golf rental,standard,2026-06-24,,false
ChIJIQPZm4ZHmYAR1cpCgw_mjW0,Current Fly Fishing,true,core; gap,fishing-charter; fly-fishing; outfitter,3,4.9,44,OPERATIONAL,Fishing Charter,https://www.currentflyfishing.com/,https://maps.google.com/?cid=7894218676151438037&g_mp=Cidnb29nbGUubWFwcy5wbGFjZXMudjEuUGxhY2VzLlNlYXJjaFRleHQQAhgEIAA,(760) 937-2234,"1075 University Terrace, Reno, NV 89503, USA",39.532395,-119.8304524,false,1,fishing charter; fly fishing outfitter; guide service outfitter,standard,2026-06-24,,false
ChIJN5P-aoVAmYARBqPI792sXls,Sierra Diving Center,true,core; experience,gear-shop; scuba,4,4.7,44,OPERATIONAL,Sporting Goods Store,https://www.sierradive.com/,https://maps.google.com/?cid=6583889774472897286&g_mp=Cidnb29nbGUubWFwcy5wbGFjZXMudjEuUGxhY2VzLlNlYXJjaFRleHQQAhgEIAA,(775) 825-2147,"104 E Grove St, Reno, NV 89502, USA",39.5006857,-119.7988872,false,2,dive shop; scuba diving; sporting goods store,standard,2026-06-24,,false
ChIJzQaIBT8VmYARN38F8ZrErmA,Nevada Spas & Billiards,true,core,gear-shop,2,4.6,44,OPERATIONAL,Store,https://nvspas.com/?utm_source=google&utm_medium=organic&utm_campaign=gbp,https://maps.google.com/?cid=6966721843336412983&g_mp=Cidnb29nbGUubWFwcy5wbGFjZXMudjEuUGxhY2VzLlNlYXJjaFRleHQQAhgEIAA,(775) 851-8901,"4165 S Virginia St, Reno, NV 89502, USA",39.4853807,-119.79364729999999,false,2,sporting goods store,standard,2026-06-24,,false
ChIJP0bKrdJkmYARfFNNkdWSgZ4,Full Throttle Tahoe,true,core; gap,alpine-ski; atv; canoe; fishing-charter; kayak; pontoon; powerboat; pwc; sailing; snowmobile; sup; utv; wakeboard; watersports,21,5,43,OPERATIONAL,Services,https://www.fullthrottletahoeboats.com/,https://maps.google.com/?cid=11421571575951741820&g_mp=Cidnb29nbGUubWFwcy5wbGFjZXMudjEuUGxhY2VzLlNlYXJjaFRleHQQAhgEIAA,(530) 546-8774,"8200 N Lake Blvd, Kings Beach, CA 96143, USA",39.237282199999996,-120.02805349999998,false,3,atv rental; boat charter; boat rental; canoe rental; fishing charter; jet ski rental; kayak rental; kayak tours; motorboat rental; paddleboard rental; personal watercraft rental; pontoon rental; sailboat rental; side by side rental; ski boat rental; ski rental; snowmobile rental; wakeboard boat rental; watersports rental; waverunner rental,standard,2026-06-24,,false
ChIJKx4AZMvfm4ARYXTbCQnZlWk,CyclePaths BikeShop,true,core,alpine-ski; cycling; ebike; gear-shop; mtb,6,4.8,43,OPERATIONAL,Bicycle Shop,http://www.cyclepaths.com/,https://maps.google.com/?cid=7608225778355631201&g_mp=Cidnb29nbGUubWFwcy5wbGFjZXMudjEuUGxhY2VzLlNlYXJjaFRleHQQAhgEIAA,(530) 582-1890,"10825 Pioneer Trail, Truckee, CA 96161, USA",39.335533399999996,-120.1812056,false,1,bike rental; bike shop; ebike rental; mountain bike rental; ski shop; sporting goods store,standard,2026-06-24,,false
ChIJvy_6Wobfm4AR0Ly51UvuIAM,Stealth Tahoe,true,core,cycling; dirtbike; ebike; gear-shop; mtb,6,4.8,43,OPERATIONAL,Bicycle Shop,http://stealthtahoe.com/,https://maps.google.com/?cid=225441990844202192&g_mp=Cidnb29nbGUubWFwcy5wbGFjZXMudjEuUGxhY2VzLlNlYXJjaFRleHQQAhgEIAA,(530) 536-5089,"11253 Brockway Rd #103a, Truckee, CA 96161, USA",39.3218485,-120.16268280000001,false,1,bike rental; bike shop; dirt bike rental; ebike rental; mountain bike rental; sporting goods store,standard,2026-06-24,,false
ChIJq7hWJ1P4wy8RHFfAyQsOfBw,Bash and Bounce-Reno/Tahoe Modern Bounce Houses,true,core,camping,1,4.9,42,OPERATIONAL,Services,http://bashandbounce.com/,https://maps.google.com/?cid=2052530973966358300&g_mp=Cidnb29nbGUubWFwcy5wbGFjZXMudjEuUGxhY2VzLlNlYXJjaFRleHQQAhgEIAA,(775) 450-1663,,,,true,1,tent rental,service-area,2026-06-24,,false
ChIJFV9YYBI4mYARh7eVDmvZSjY,Little City Guns,true,core,gear-shop,1,4.4,42,OPERATIONAL,Sporting Goods Store,,https://maps.google.com/?cid=3912178280154118023&g_mp=Cidnb29nbGUubWFwcy5wbGFjZXMudjEuUGxhY2VzLlNlYXJjaFRleHQQAhgEIAA,(775) 762-5029,"5464 Sun Valley Blvd, Sun Valley, NV 89433, USA",39.5919032,-119.77967649999998,false,1,sporting goods store,standard,2026-06-24,,false
ChIJYXYrLonfm4AR9xfL-eRx0VU,Dirt Gypsy Adventures,true,core,cycling; dirtbike; ebike; mtb,6,5,41,OPERATIONAL,Services,http://www.dirtgypsyadventures.com/,https://maps.google.com/?cid=6183848991613720567&g_mp=Cidnb29nbGUubWFwcy5wbGFjZXMudjEuUGxhY2VzLlNlYXJjaFRleHQQAhgEIAA,(530) 580-7447,"within Start Haus, 11351 CA-89, Truckee, CA 96161, USA",39.318501999999995,-120.20735799999999,false,1,bike rental; bike shop; dirt bike rental; downhill bike park rental; ebike rental; mountain bike rental,standard,2026-06-24,,false
ChIJRwgfDQ-QmYARJY-eSWao8iM,Tahoe Hemp Co,true,core,gear-shop,1,4.7,41,OPERATIONAL,Clothing Store,http://www.tahoehemp.com/,https://maps.google.com/?cid=2590317892966715173&g_mp=Cidnb29nbGUubWFwcy5wbGFjZXMudjEuUGxhY2VzLlNlYXJjaFRleHQQAhgEIAA,(530) 544-4367,"3564 Lake Tahoe Blvd, South Lake Tahoe, CA 96150, USA",38.946984199999996,-119.9609633,false,1,sporting goods store,standard,2026-06-24,,true
ChIJmc7yP03xmYARjfw0zAijR7g,Kirkwood General Store,true,core,alpine-ski,1,4.2,41,OPERATIONAL,General Store,https://www.kirkwood.com/explore-the-resort/during-your-stay/general-store.aspx,https://maps.google.com/?cid=13278761284506287245&g_mp=Cidnb29nbGUubWFwcy5wbGFjZXMudjEuUGxhY2VzLlNlYXJjaFRleHQQAhgEIAA,(209) 258-7294,"1501 Kirkwood Meadows Dr, Kirkwood, CA 95646, USA",38.6847224,-120.0651546,false,1,ski shop,standard,2026-06-24,,false
ChIJ5-ebE6ZO6IARlahxThFkjrA,GBrakes,true,core,cycling,1,4.1,41,OPERATIONAL,Auto Parts Store,http://www.gbrakes.com/,https://maps.google.com/?cid=12722216022861523093&g_mp=Cidnb29nbGUubWFwcy5wbGFjZXMudjEuUGxhY2VzLlNlYXJjaFRleHQQAhgEIAA,(805) 988-2900,"4388 N Carson St, Carson City, NV 89706, USA",39.198276,-119.7784099,false,1,bike shop,standard,2026-06-24,,false
ChIJJUe0GCM_mYARrWg2J82g8ec,United Rentals,true,core,gear-shop,1,4.2,40,OPERATIONAL,Services,https://www.unitedrentals.com/locations/nv/sparks/equipment-tool-rentals/528?utm_source=google&utm_medium=distrib&utm_campaign=yext,https://maps.google.com/?cid=16713316495135238317&g_mp=Cidnb29nbGUubWFwcy5wbGFjZXMudjEuUGxhY2VzLlNlYXJjaFRleHQQAhgEIAA,(775) 359-6660,"790 Glendale Ave, Sparks, NV 89431, USA",39.5281429,-119.75314209999999,false,1,outdoor equipment rental,standard,2026-06-24,,false
ChIJH3N6t5hHmYARQS0VFKaENvY,Sunbelt Rentals,true,core,gear-shop,1,3.5,40,OPERATIONAL,Services,https://www.sunbeltrentals.com/location/nv/reno/equipment-tool-rentals/768/?utm_source=gmb&utm_medium=organic&utm_campaign=pc768&y_source=1_MTc2MDYyNjAtNzE1LWxvY2F0aW9uLndlYnNpdGU%3D,https://maps.google.com/?cid=17741513630909017409&g_mp=Cidnb29nbGUubWFwcy5wbGFjZXMudjEuUGxhY2VzLlNlYXJjaFRleHQQAhgEIAA,(775) 343-7488,"695 Ferrari McLeod Blvd, Reno, NV 89512, USA",39.570414299999996,-119.810976,false,1,outdoor equipment rental,standard,2026-06-24,,false
ChIJFZUMgCx7mYARHHrlmZXu1t0,Adrift Tahoe,true,core,canoe; cycling; kayak; powerboat; river-tube; sup; watersports; windsurf,10,4.8,39,OPERATIONAL,Services,http://www.standuppaddletahoe.com/,https://maps.google.com/?cid=15985226253697645084&g_mp=Cidnb29nbGUubWFwcy5wbGFjZXMudjEuUGxhY2VzLlNlYXJjaFRleHQQAhgEIAA,(530) 546-4112,"8338 N Lake Blvd, Kings Beach, CA 96143, USA",39.2371324,-120.02587379999999,false,1,bike rental; bike shop; boat rental; canoe rental; kayak rental; kayak tours; paddleboard rental; river float rental; watersports rental; windsurfing rental,standard,2026-06-24,,false
ChIJ3cwzCAb0mYARwLrhHkeigtQ,Kirkwood Ski Summer Resort,true,core,alpine-ski,1,4.7,39,OPERATIONAL,Resort hotel,https://www.kirkwood.com/,https://maps.google.com/?cid=15312980109357595328&g_mp=Cidnb29nbGUubWFwcy5wbGFjZXMudjEuUGxhY2VzLlNlYXJjaFRleHQQAhgEIAA,(800) 967-7500,"Kirkwood, CA 95646, USA",38.7023082,-120.0722442,false,1,ski rental,standard,2026-06-24,,false
ChIJF11O4DebmYARdLerJ-Le_s8,Tahoe Dive Center,true,core; experience,gear-shop; scuba,3,4.7,39,OPERATIONAL,School,https://tahoedive.com/,https://maps.google.com/?cid=14987661672845129588&g_mp=Cidnb29nbGUubWFwcy5wbGFjZXMudjEuUGxhY2VzLlNlYXJjaFRleHQQAhgEIAA,(775) 884-3483,"100 Mcfaul Way g, Zephyr Cove, NV 89448, USA",38.9866428,-119.94292449999999,false,1,dive shop; scuba diving; sporting goods store,standard,2026-06-24,,false
ChIJp8qpqvY_mYARR05jFE_BOGY,Silver and Blue Outfitters,true,core,gear-shop,1,4.2,39,OPERATIONAL,Clothing Store,http://www.silverandblueoutfitters.com/,https://maps.google.com/?cid=7365849735953075783&g_mp=Cidnb29nbGUubWFwcy5wbGFjZXMudjEuUGxhY2VzLlNlYXJjaFRleHQQAhgEIAA,(775) 324-7225,"1505 N Virginia St, Reno, NV 89503, USA",39.54383,-119.8190802,false,1,sporting goods store,standard,2026-06-24,,true
ChIJ67e0W4xhmYAR7ek85J3KG0c,Truckee Watersports,true,core,canoe; kayak; pontoon; powerboat; pwc; sup; watersports,10,5,38,OPERATIONAL,Services,https://www.truckeewatersports.com/,https://maps.google.com/?cid=5123911780551944685&g_mp=Cidnb29nbGUubWFwcy5wbGFjZXMudjEuUGxhY2VzLlNlYXJjaFRleHQQAhgEIAA,(530) 212-0500,,,,true,1,boat rental; canoe rental; jet ski rental; kayak rental; motorboat rental; paddleboard rental; personal watercraft rental; pontoon rental; watersports rental; waverunner rental,service-area,2026-06-24,,false
ChIJxxotdBdwmYARTk4xdGJPMPA,AROUND TAHOE TOURS / TALBOT FINE ART GALLERY,true,core,snowmobile,1,4.9,38,OPERATIONAL,,https://aroundtahoe.com/,https://maps.google.com/?cid=17307420652259593806&g_mp=Cidnb29nbGUubWFwcy5wbGFjZXMudjEuUGxhY2VzLlNlYXJjaFRleHQQAhgEIAA,(775) 345-5966,"889 Tahoe Blvd C, Incline Village, NV 89451, USA",39.2494352,-119.9539896,false,1,snowmobile rental,standard,2026-06-24,,false
ChIJ1YG3NXaQmYARh1HPVAwE_5w,Helly Hansen,true,core,alpine-ski; gear-shop,2,4.8,38,OPERATIONAL,Sportswear Store,https://www.skiheavenly.com/explore-the-resort/experience-heavenly/shopping.aspx,https://maps.google.com/?cid=11312765239986966919&g_mp=Cidnb29nbGUubWFwcy5wbGFjZXMudjEuUGxhY2VzLlNlYXJjaFRleHQQAhgEIAA,(530) 214-3242,"4118 Lake Tahoe Blvd #3, South Lake Tahoe, CA 96150, USA",38.9579272,-119.9425712,false,1,ski shop; sporting goods store,standard,2026-06-24,,false
ChIJpVyybrw_mYARqy0ZcVhj8Fk,4 Ever Sports,true,core,gear-shop,1,4.8,38,OPERATIONAL,Sporting Goods Store,https://www.simon.com/mall/meadowood-mall/stores/4-ever-sports,https://maps.google.com/?cid=6480789095291891115&g_mp=Cidnb29nbGUubWFwcy5wbGFjZXMudjEuUGxhY2VzLlNlYXJjaFRleHQQAhgEIAA,(775) 507-7090,"5124 Meadowood Mall Cir, Reno, NV 89502, USA",39.474716099999995,-119.78282859999997,false,1,sporting goods store,standard,2026-06-24,,false
ChIJYV1LEL1kmYARoubcysA5OkY,North Tahoe Winter Adventures,true,core; experience,snow-tube; snowmobile,3,4.7,38,OPERATIONAL,Services,,https://maps.google.com/?cid=5060420631504152226&g_mp=Cidnb29nbGUubWFwcy5wbGFjZXMudjEuUGxhY2VzLlNlYXJjaFRleHQQAhgEIAA,(530) 546-0605,"6600 Donner Rd, Tahoe Vista, CA 96148, USA",39.244986,-120.0543283,false,1,sled rental; snow tube rental; snowmobile rental,standard,2026-06-24,,false
ChIJF3o2J4SamYARi10rkwciOeI,Tahoe Jack's Adventure Authority,true,core,camping; canoe; kayak; sup; watersports,6,3.9,38,OPERATIONAL,Tour Agency,https://www.tahoejacks.com/,https://maps.google.com/?cid=16301097742173429131&g_mp=Cidnb29nbGUubWFwcy5wbGFjZXMudjEuUGxhY2VzLlNlYXJjaFRleHQQAhgEIAA,(775) 901-3307,"310 Dorla Ct Ste 102, Zephyr Cove, NV 89448, USA",38.9826919,-119.94303819999999,false,1,camping gear rental; canoe rental; kayak rental; kayak tours; paddleboard rental; watersports rental,standard,2026-06-24,,false
ChIJGyAIrCTem4ARSHXoD3Glbig,Truckee Powersports Supply,true,core,cycling; gear-shop,2,5,37,OPERATIONAL,Auto Parts Store,,https://maps.google.com/?cid=2913447913972069704&g_mp=Cidnb29nbGUubWFwcy5wbGFjZXMudjEuUGxhY2VzLlNlYXJjaFRleHQQAhgEIAA,(530) 550-7758,"12030 Donner Pass Rd #6, Truckee, CA 96161, USA",39.3260933,-120.2222015,false,1,bike shop; sporting goods store,standard,2026-06-24,,false
ChIJMUL3Lg7tmYARJzN9pwJCink,Hope Valley Sno-Park,true,core,snowmobile,1,4.9,37,OPERATIONAL,Parking Lot,https://ohv.parks.ca.gov/?page_id=23053,https://maps.google.com/?cid=8757885004542718759&g_mp=Cidnb29nbGUubWFwcy5wbGFjZXMudjEuUGxhY2VzLlNlYXJjaFRleHQQAhgEIAA,,"P3X6+73, Hope Valley, CA 96120, USA",38.750697699999996,-119.94128239999999,false,1,snowmobile rental,standard,2026-06-24,,false
ChIJ03PeAneQmYARisbooJUWr4c,Powder House Ski & Board: Pro Snow,true,core,alpine-ski; backcountry-ski; gear-shop; snowboard; snowshoe,12,4.6,37,OPERATIONAL,Services,http://www.tahoepowderhouse.com/powder-house-boot-demo-center,https://maps.google.com/?cid=9777058147950184074&g_mp=Cidnb29nbGUubWFwcy5wbGFjZXMudjEuUGxhY2VzLlNlYXJjaFRleHQQAhgEIAA,(530) 542-6222,"1001 Heavenly Village Way, South Lake Tahoe, CA 96150, USA",38.95599,-119.94375950000001,false,3,backcountry ski rental; outdoor equipment rental; outdoor gear rental; ski rental; ski shop; snowboard rental; snowboard shop; snowshoe rental; sporting goods store,standard,2026-06-24,ChIJNd1MfXaQmYARGUhCfr5Mou8,false
ChIJ3b0hArtAmYAROuFhYcUjIJg,Lee Joseph Inc. Swim Pool & Spa Supply,true,core,gear-shop,2,4.5,37,OPERATIONAL,Sporting Goods Store,http://www.leejosephpools.com/,https://maps.google.com/?cid=10961800823669121338&g_mp=Cidnb29nbGUubWFwcy5wbGFjZXMudjEuUGxhY2VzLlNlYXJjaFRleHQQAhgEIAA,(775) 786-5085,"864 S Wells Ave, Reno, NV 89502, USA",39.517727400000005,-119.8029659,false,2,sporting goods store,standard,2026-06-24,,false
ChIJLYpGqfE_mYARZY9qhmUYsw0,Silver and Blue Outfitters,true,core,gear-shop,1,4.4,37,OPERATIONAL,Clothing Store,http://www.silverandblueoutfitters.com/,https://maps.google.com/?cid=987159567650164581&g_mp=Cidnb29nbGUubWFwcy5wbGFjZXMudjEuUGxhY2VzLlNlYXJjaFRleHQQAhgEIAA,(775) 448-9653,"5191 Meadowood Mall Cir, Reno, NV 89502, USA",39.4736633,-119.78316240000001,false,1,sporting goods store,standard,2026-06-24,ChIJp8qpqvY_mYARR05jFE_BOGY,true
ChIJvQljRxsKmYAR8E-wFKkJ6zw,United Rentals,true,core,gear-shop,1,4.2,37,OPERATIONAL,Services,https://www.unitedrentals.com/locations/nv/carson-city/equipment-tool-rentals/552?utm_source=google&utm_medium=distrib&utm_campaign=yext,https://maps.google.com/?cid=4389612883603902448&g_mp=Cidnb29nbGUubWFwcy5wbGFjZXMudjEuUGxhY2VzLlNlYXJjaFRleHQQAhgEIAA,(775) 884-4745,"3223 N Deer Run Rd, Carson City, NV 89701, USA",39.1884303,-119.7024905,false,1,outdoor equipment rental,standard,2026-06-24,ChIJJUe0GCM_mYARrWg2J82g8ec,false
ChIJ2QgACRZwmYARMOCQpl2hsXQ,Lake Tahoe Boat Rentals,true,core,alpine-ski; canoe; kayak; pontoon; powerboat; pwc; sailing; wakeboard; watersports,15,4,37,OPERATIONAL,Services,http://tahoeadventurerentals.com/,https://maps.google.com/?cid=8408679402875969584&g_mp=Cidnb29nbGUubWFwcy5wbGFjZXMudjEuUGxhY2VzLlNlYXJjaFRleHQQAhgEIAA,(530) 368-3858,"1060 Tahoe Blvd, Incline Village, NV 89451, USA",39.2409494,-119.9298375,false,3,boat charter; boat rental; canoe rental; jet ski rental; kayak rental; motorboat rental; personal watercraft rental; pontoon rental; sailboat rental; ski boat rental; ski rental; wakeboard boat rental; watersports rental; waverunner rental,standard,2026-06-24,,false
ChIJXUJD9HaQmYARD6ipyZKodhc,Heavenly Ski And Ride School,true,core,alpine-ski; snowboard,3,3.6,37,OPERATIONAL,,https://www.skiheavenly.com/plan-your-trip/ski-and-ride-lessons/what-to-know.aspx,https://maps.google.com/?cid=1690724058526230543&g_mp=Cidnb29nbGUubWFwcy5wbGFjZXMudjEuUGxhY2VzLlNlYXJjaFRleHQQAhgEIAA,,"South Lake Tahoe, CA 96150, USA",38.956649399999996,-119.94320649999999,false,3,ski rental; snowboard rental,standard,2026-06-24,,false
ChIJLZ_n5pyamYARNc28zFd5tGU,Budget car rental,true,core,offroad-4x4,1,2.9,37,OPERATIONAL,Car Rental Agency,https://www.budget.com/en/locations/us/nv/stateline/l1t?utm_source=google&utm_medium=gbp&utm_campaign=budget_gbp,https://maps.google.com/?cid=7328615911642680629&g_mp=Cidnb29nbGUubWFwcy5wbGFjZXMudjEuUGxhY2VzLlNlYXJjaFRleHQQAhgEIAA,(530) 544-3439,"50 Lincoln Hwy, Stateline, NV 89449, USA",38.9603988,-119.94282609999999,false,1,4x4 rental,standard,2026-06-24,ChIJGdMkj3A_mYARRfV7GFK36mQ,true
ChIJi--nu62NmYARJiuXEQuXRIk,Ride Tahoe Rentals,true,core,alpine-ski; cycling; ebike; mtb; snowboard,8,5,36,OPERATIONAL,Services,https://www.ridetahoerentals.com/,https://maps.google.com/?cid=9891196755408005926&g_mp=Cidnb29nbGUubWFwcy5wbGFjZXMudjEuUGxhY2VzLlNlYXJjaFRleHQQAhgEIAA,(530) 600-1111,"3071 US-50, South Lake Tahoe, CA 96150, USA",38.8534028,-120.0160723,false,1,bike rental; bike shop; downhill bike park rental; ebike rental; mountain bike rental; ski rental; snowboard rental; snowboard shop,standard,2026-06-24,,false
ChIJB2pWdNaPmYARsJbG6fsk5Ms,South Tahoe Kayak and Paddleboard,true,core,canoe; kayak; sup; watersports,5,4.8,36,OPERATIONAL,Services,https://southtahoekayak.com/,https://maps.google.com/?cid=14691908548766897840&g_mp=Cidnb29nbGUubWFwcy5wbGFjZXMudjEuUGxhY2VzLlNlYXJjaFRleHQQAhgEIAA,(530) 548-5288,"1004 Lakeview Ave, South Lake Tahoe, CA 96150, USA",38.9447591,-119.97701810000001,false,1,canoe rental; kayak rental; kayak tours; paddleboard rental; watersports rental,standard,2026-06-24,,false
ChIJNXFuBOCFmYARtl4ApM3dPTI,Baldwin Beach Kayak Tahoe,true,core,canoe; kayak; powerboat; sup; watersports,6,4.7,36,OPERATIONAL,Services,http://kayaktahoe.com/,https://maps.google.com/?cid=3620293550765268662&g_mp=Cidnb29nbGUubWFwcy5wbGFjZXMudjEuUGxhY2VzLlNlYXJjaFRleHQQAhgEIAA,,"2200 Baldwin Beach Rd, South Lake Tahoe, CA 96150, USA",38.9427763,-120.06611,false,1,boat rental; canoe rental; kayak rental; kayak tours; paddleboard rental; watersports rental,standard,2026-06-24,,false
ChIJGZdOriY_mYAR0oBBbGMuJoc,JD Sports,true,core,gear-shop,1,3.4,36,OPERATIONAL,Shoe Store,https://www.jdsports.com/?utm_source=googlemybusiness&utm_medium=organic,https://maps.google.com/?cid=9738522248788148434&g_mp=Cidnb29nbGUubWFwcy5wbGFjZXMudjEuUGxhY2VzLlNlYXJjaFRleHQQAhgEIAA,(775) 827-8989,"5117 Meadowood Mall Cir Ste B114, Reno, NV 89502, USA",39.4745005,-119.7828868,false,1,sporting goods store,standard,2026-06-24,,false
ChIJ2bzs4B9LymoR99arC6jqe2s,Scotty's Sportfishing,true,core; gap,fishing-charter; powerboat,2,5,35,OPERATIONAL,Fishing Charter,https://scottyssportfishingllc.com/,https://maps.google.com/?cid=7745041991664916215&g_mp=Cidnb29nbGUubWFwcy5wbGFjZXMudjEuUGxhY2VzLlNlYXJjaFRleHQQAhgEIAA,(530) 318-1154,"3001 Jameson Beach Rd, South Lake Tahoe, CA 96150, USA",38.93787400000001,-120.0394429,false,1,boat charter; fishing charter,standard,2026-06-24,,false
ChIJJ0Wml7nnm4ARQzYJGGA5H-Y,Tahoe Snowbike Rental,true,core; experience,atv; cycling; dirtbike; mtb; snow-tube; snowboard; snowmobile; utv,9,5,35,OPERATIONAL,Services,http://www.tahoesnowbikerental.com/,https://maps.google.com/?cid=16582035437884356163&g_mp=Cidnb29nbGUubWFwcy5wbGFjZXMudjEuUGxhY2VzLlNlYXJjaFRleHQQAhgEIAA,(530) 536-0532,"15600 Donner Pass Rd, Truckee, CA 96161, USA",39.325473699999996,-120.28460039999999,false,1,atv rental; bike rental; dirt bike rental; mountain bike rental; rzr rental; sled rental; snowboard rental; snowmobile rental; utv rental,standard,2026-06-24,,false
ChIJC-M6c2mDmYARooZiRflQOuc,Tahoe Wakebusters,true,core,canoe; pontoon; powerboat,3,4.9,35,OPERATIONAL,Services,http://www.tahoewakebusters.com/,https://maps.google.com/?cid=16661718802951734946&g_mp=Cidnb29nbGUubWFwcy5wbGFjZXMudjEuUGxhY2VzLlNlYXJjaFRleHQQAhgEIAA,(775) 241-4039,,,,true,1,boat rental; canoe rental; pontoon rental,service-area,2026-06-24,,false
ChIJ0wYJ9o6RmYAR1kC1SzvBUJI,Bijou Disc Golf Course,true,core,disc-golf,1,4.9,35,OPERATIONAL,Athletic Field,,https://maps.google.com/?cid=10543139188091732182&g_mp=Cidnb29nbGUubWFwcy5wbGFjZXMudjEuUGxhY2VzLlNlYXJjaFRleHQQAhgEIAA,,"1201 Al Tahoe Blvd, South Lake Tahoe, CA 96150, USA",38.932172099999995,-119.9685906,false,1,disc golf rental,standard,2026-06-24,,false
ChIJ2VIUhUsjkSURmXmxNTg5nlE,Janie Miller Events,true,core,camping,1,4.9,35,OPERATIONAL,Services,http://www.janiemillerevents.com/,https://maps.google.com/?cid=5881201076974221721&g_mp=Cidnb29nbGUubWFwcy5wbGFjZXMudjEuUGxhY2VzLlNlYXJjaFRleHQQAhgEIAA,(951) 675-9316,,,,true,1,tent rental,service-area,2026-06-24,,false
ChIJrZ0a2NKOmYAR1Uv4br5voss,Fallen Leaf Lake Association,true,core,kayak,1,4.6,35,OPERATIONAL,Association / Organization,,https://maps.google.com/?cid=14673413399622732757&g_mp=Cidnb29nbGUubWFwcy5wbGFjZXMudjEuUGxhY2VzLlNlYXJjaFRleHQQAhgEIAA,(530) 542-4609,"391 Fallen Leaf Rd, South Lake Tahoe, CA 96150, USA",38.87865000000001,-120.066096,false,1,kayak rental,standard,2026-06-24,,false
ChIJj4eVaL1kmYARwbaaWrt3uAU,Tahoe Vista Disc Golf Course,true,core,disc-golf,1,4.6,35,OPERATIONAL,Athletic Field,,https://maps.google.com/?cid=412211012467078849&g_mp=Cidnb29nbGUubWFwcy5wbGFjZXMudjEuUGxhY2VzLlNlYXJjaFRleHQQAhgEIAA,,"875 National Ave, Tahoe Vista, CA 96148, USA",39.2511721,-120.05319220000001,false,1,disc golf rental,standard,2026-06-24,,false
ChIJA6BEGyFJmYARF8aTBvmDVHw,Mayor's Park Disc Golf Course,true,core,disc-golf,1,4.4,35,OPERATIONAL,Athletic Field,,https://maps.google.com/?cid=8958930664327202327&g_mp=Cidnb29nbGUubWFwcy5wbGFjZXMudjEuUGxhY2VzLlNlYXJjaFRleHQQAhgEIAA,,"14000 Stead Blvd, Reno, NV 89506, USA",39.6466681,-119.8774602,false,1,disc golf rental,standard,2026-06-24,,false
ChIJ87kKrIuFmYARe1NNd8uMRh8,Camp Richardson Mountain Sports Center,true,core,alpine-ski; cycling; ebike; mtb; nordic-ski; snowboard; snowshoe,11,3.9,35,OPERATIONAL,Services,https://camprichardsonresort.com/rentals/,https://maps.google.com/?cid=2253643469053318011&g_mp=Cidnb29nbGUubWFwcy5wbGFjZXMudjEuUGxhY2VzLlNlYXJjaFRleHQQAhgEIAA,(530) 494-3375,"1900 Jameson Beach Rd, South Lake Tahoe, CA 96150, USA",38.933875,-120.04059009999997,false,1,bike rental; bike shop; cross country ski rental; downhill bike park rental; ebike rental; mountain bike rental; ski rental; ski shop; snowboard rental; snowboard shop; snowshoe rental,standard,2026-06-24,,false
ChIJKWiUL7BlmYARCMYFwnzatRY,Uplyft Tahoe Jet Ski Rentals,true,core,alpine-ski; canoe; pontoon; powerboat; pwc; wakeboard; watersports,13,5,34,OPERATIONAL,Services,https://www.uplyfttahoe.com/,https://maps.google.com/?cid=1636454268985001480&g_mp=Cidnb29nbGUubWFwcy5wbGFjZXMudjEuUGxhY2VzLlNlYXJjaFRleHQQAhgEIAA,(530) 723-4505,"6870 N Lake Blvd, Tahoe Vista, CA 96148, USA",39.239297,-120.051117,false,3,boat rental; canoe rental; jet ski rental; motorboat rental; personal watercraft rental; pontoon rental; ski boat rental; ski rental; wakeboard boat rental; watersports rental; waverunner rental,standard,2026-06-24,,false
ChIJ8atHbUdlmYART4wRbng-hVc,Endless Wave Charters,true,core,canoe; pontoon; powerboat; sailing; wakeboard,6,5,34,OPERATIONAL,Services,https://www.endlesswavecharters.com/,https://maps.google.com/?cid=6306515540165889103&g_mp=Cidnb29nbGUubWFwcy5wbGFjZXMudjEuUGxhY2VzLlNlYXJjaFRleHQQAhgEIAA,(916) 257-2164,"8001 N Lake Blvd, Kings Beach, CA 96143, USA",39.2383139,-120.03110980000001,false,1,boat charter; boat rental; canoe rental; pontoon rental; sailboat rental; wakeboard boat rental,standard,2026-06-24,,false
ChIJD0ev0i9lmYARGPj28bfNzw8,Lake Tahoe Fishing Trips and Pyramid Lake Fishing Trips,true,core; gap,fishing-charter; powerboat,2,5,34,OPERATIONAL,Fishing Charter,https://www.laketahoefishingtrips.com/,https://maps.google.com/?cid=1139355420670228504&g_mp=Cidnb29nbGUubWFwcy5wbGFjZXMudjEuUGxhY2VzLlNlYXJjaFRleHQQAhgEIAA,(775) 690-5357,"7010 N Lake Blvd, Tahoe Vista, CA 96148, USA",39.2389801,-120.04849059999998,false,1,boat charter; fishing charter,standard,2026-06-24,,false
ChIJf7buvpGamYARP8xoDRlvlWI,Day Go Adventures,true,core,canoe; kayak; river-tube; sup; watersports,6,4.6,34,OPERATIONAL,Services,http://daygoadventures.com/,https://maps.google.com/?cid=7103706140636662847&g_mp=Cidnb29nbGUubWFwcy5wbGFjZXMudjEuUGxhY2VzLlNlYXJjaFRleHQQAhgEIAA,(775) 450-4757,"193 Kahle Dr, Stateline, NV 89449, USA",38.9703814,-119.9356973,false,1,canoe rental; kayak rental; kayak tours; paddleboard rental; river tubing rental; watersports rental,standard,2026-06-24,,false
ChIJh8E1mcJ7mYAR6reKkCHBjKY,Brockway Springs Rentals,true,core,alpine-ski,1,4.4,34,OPERATIONAL,Travel Agency,https://brockwayspringsrentals.com/,https://maps.google.com/?cid=12001179456938620906&g_mp=Cidnb29nbGUubWFwcy5wbGFjZXMudjEuUGxhY2VzLlNlYXJjaFRleHQQAhgEIAA,(530) 546-4201,"9200 Brockway Springs Dr, Kings Beach, CA 96143, USA",39.2302466,-120.01556880000001,false,1,ski rental,standard,2026-06-24,,false
ChIJyfRTIq1Y4UERUPq6TCYbdm8,A&A Event Rentals,true,core,camping,1,5,33,OPERATIONAL,Services,https://www.aaevent-rentals.com/homepage,https://maps.google.com/?cid=8031636836771887696&g_mp=Cidnb29nbGUubWFwcy5wbGFjZXMudjEuUGxhY2VzLlNlYXJjaFRleHQQAhgEIAA,(775) 383-7889,,,,true,1,tent rental,service-area,2026-06-24,,false
ChIJea4sRnh9mYARc91N6W9sWDk,evo Tahoe City,true,core,alpine-ski; camping; cycling; ebike; gear-shop; mtb; snowboard; watersports,15,4.8,33,OPERATIONAL,Bicycle Shop,https://www.evo.com/pages/locations-tahoe-city?utm_source=GMBlisting&utm_medium=organic,https://maps.google.com/?cid=4132171886023794035&g_mp=Cidnb29nbGUubWFwcy5wbGFjZXMudjEuUGxhY2VzLlNlYXJjaFRleHQQAhgEIAA,(530) 213-0021,"425 N Lake Blvd, Tahoe City, CA 96145, USA",39.169966699999996,-120.1424904,false,2,bike rental; bike shop; camping gear rental; ebike rental; mountain bike rental; outdoor gear rental; ski rental; ski shop; snowboard rental; snowboard shop; sporting goods store; watersports rental,standard,2026-06-24,,false
ChIJm_OOpPdxmYAR1VliycpjzoA,East Shore E-Bikes Tours & Rentals,true,core,alpine-ski; cycling; ebike; kayak; mtb; nordic-ski; sup,11,4.7,33,OPERATIONAL,Services,https://tahoemultisport.com/home-2/,https://maps.google.com/?cid=9281465604670380501&g_mp=Cidnb29nbGUubWFwcy5wbGFjZXMudjEuUGxhY2VzLlNlYXJjaFRleHQQAhgEIAA,(775) 432-0866,"UPPER, LOT, 797 Southwood Blvd #10, Incline Village, NV 89451, USA",39.247980399999996,-119.9623764,false,1,bike rental; bike shop; cross country ski rental; downhill bike park rental; ebike rental; kayak rental; kayak tours; mountain bike rental; paddleboard rental; ski rental; ski shop,standard,2026-06-24,ChIJbYhgbxtwmYAR_mdxFLQOQZE,false
ChIJ3-eUguXfm4AR4e9K0PioJZE,Mountain Kids Consignment,true,core,alpine-ski,1,4.2,33,OPERATIONAL,Store,https://mountainkidstruckee.com/,https://maps.google.com/?cid=10458951496237772769&g_mp=Cidnb29nbGUubWFwcy5wbGFjZXMudjEuUGxhY2VzLlNlYXJjaFRleHQQAhgEIAA,(530) 550-5295,"11429 Donner Pass Rd #6, Truckee, CA 96161, USA",39.3254977,-120.2106329,false,1,ski shop,standard,2026-06-24,,false
ChIJuwLh4faLfgURUsImlalbIaw,The Water Traveler,true,core,powerboat,1,5,32,OPERATIONAL,Tour Agency,https://www.thewatertraveler.com/,https://maps.google.com/?cid=12403295632665002578&g_mp=Cidnb29nbGUubWFwcy5wbGFjZXMudjEuUGxhY2VzLlNlYXJjaFRleHQQAhgEIAA,(305) 209-8348,,,,true,1,boat rental,service-area,2026-06-24,,false
ChIJ4XP3hnRmFUQRwCjwaFfHQaY,Float Reno,true,core,river-tube,2,4.9,32,OPERATIONAL,,http://www.floatreno.com/,https://maps.google.com/?cid=11980075662018881728&g_mp=Cidnb29nbGUubWFwcy5wbGFjZXMudjEuUGxhY2VzLlNlYXJjaFRleHQQAhgEIAA,(775) 235-2486,,,,true,1,river float rental; river tubing rental,service-area,2026-06-24,,false
ChIJPVNwMnt9mYARjCm76sJdqbE,BlueZone Sports - Tahoe City,true,core,alpine-ski; backpacking; camping; cycling; gear-shop; mtb; nordic-ski; snowboard; snowshoe,17,4.2,32,OPERATIONAL,Sporting Goods Store,https://www.bluezonesports.com/,https://maps.google.com/?cid=12801866507520518540&g_mp=Cidnb29nbGUubWFwcy5wbGFjZXMudjEuUGxhY2VzLlNlYXJjaFRleHQQAhgEIAA,(530) 542-2404,"501 N Lake Blvd, Tahoe City, CA 96145, USA",39.171183299999996,-120.14122549999998,false,2,backpacking gear rental; bike rental; bike shop; camping gear rental; cross country ski rental; mountain bike rental; outdoor equipment rental; outdoor gear rental; ski rental; ski shop; snowboard rental; snowboard shop; snowshoe rental; sporting goods store,standard,2026-06-24,,false
ChIJzUBQ9uzZm4ARv8ZP7EJ-tgE,Parallel Mountain Sports,true,core,alpine-ski; cycling; gear-shop; mtb; snowboard; snowshoe,13,3.9,32,OPERATIONAL,Sporting Goods Store,https://www.palisadestahoe.com/events-and-activities/shopping/parallel,https://maps.google.com/?cid=123424865696859839&g_mp=Cidnb29nbGUubWFwcy5wbGFjZXMudjEuUGxhY2VzLlNlYXJjaFRleHQQAhgEIAA,(530) 452-4478,"1960 Olympic Vly Rd, Olympic Valley, CA 96146, USA",39.1965016,-120.23590890000001,false,2,bike rental; bike shop; mountain bike rental; outdoor equipment rental; outdoor gear rental; ski rental; ski shop; snowboard rental; snowboard shop; snowshoe rental; sporting goods store,standard,2026-06-24,ChIJN83rWezZm4ARtHEgfKt-QPs,false
ChIJ2TBGYxY_mYARcF9WLyI9jhQ,Long Ride Shields,true,core,cycling,1,3.8,32,OPERATIONAL,Auto Parts Store,https://longrideshields.com/,https://maps.google.com/?cid=1481188544483843952&g_mp=Cidnb29nbGUubWFwcy5wbGFjZXMudjEuUGxhY2VzLlNlYXJjaFRleHQQAhgEIAA,(775) 331-3789,"1685 Industrial Wy, Sparks, NV 89431, USA",39.5207698,-119.75935679999999,false,1,bike shop,standard,2026-06-24,,false
ChIJXzlju-Pnm4ARLtrc5m-supY,Floater with a Motor,true,core,canoe; kayak; pontoon; powerboat; pwc; sailing; wakeboard; watersports,12,5,31,OPERATIONAL,Services,http://www.floaterwithamotor.com/,https://maps.google.com/?cid=10861183047971953198&g_mp=Cidnb29nbGUubWFwcy5wbGFjZXMudjEuUGxhY2VzLlNlYXJjaFRleHQQAhgEIAA,(530) 217-3884,"850 N Lake Blvd, Tahoe City, CA 96145, USA",39.1739451,-120.1369173,false,1,boat rental; canoe rental; catamaran rental; jet ski rental; kayak rental; motorboat rental; personal watercraft rental; pontoon rental; sailboat rental; ski boat rental; watersports rental; waverunner rental,standard,2026-06-24,,false
ChIJYa4VWaPnm4ARDZV0frrN70w,Upcycled Adventures,true,core,alpine-ski; backcountry-ski; backpacking; camping; climbing; cycling; gear-shop; mtb; nordic-ski; snowboard; snowshoe,19,5,31,OPERATIONAL,Sporting Goods Store,https://upcycledadventures.square.site/,https://maps.google.com/?cid=5543875867185550605&g_mp=Cidnb29nbGUubWFwcy5wbGFjZXMudjEuUGxhY2VzLlNlYXJjaFRleHQQAhgEIAA,(530) 350-6724,"15695 Donner Pass Rd #100, Truckee, CA 96161, USA",39.324452799999996,-120.2865688,false,3,backcountry ski rental; backpacking gear rental; bike rental; bike shop; camping gear rental; climbing gear rental; cross country ski rental; mountain bike rental; outdoor equipment rental; outdoor gear rental; ski rental; ski shop; snowboard rental; snowboard shop; snowshoe rental; sporting goods store,standard,2026-06-24,,false
ChIJ61OIM8JdvisRals0bp9N-Kw,Tahoe Paddleboard,true,core,sup; watersports,2,5,31,OPERATIONAL,Services,http://tahoepaddleboards.com/,https://maps.google.com/?cid=12463797315891911530&g_mp=Cidnb29nbGUubWFwcy5wbGFjZXMudjEuUGxhY2VzLlNlYXJjaFRleHQQAhgEIAA,(603) 545-7161,,,,true,1,paddleboard rental; watersports rental,service-area,2026-06-24,,false
ChIJu5xhn0HZm4ARO3ETVqLq1ec,Olympic Valley Ski & Bike,true,core,alpine-ski; backcountry-ski; backpacking; climbing; cycling; ebike; gear-shop; mtb; nordic-ski; pwc; snowboard; snowshoe,20,4.6,31,OPERATIONAL,Sporting Goods Store,https://olympicvalleyskiandbike.com/,https://maps.google.com/?cid=16705516375750439227&g_mp=Cidnb29nbGUubWFwcy5wbGFjZXMudjEuUGxhY2VzLlNlYXJjaFRleHQQAhgEIAA,(530) 581-4707,"1602 Olympic Vly Rd, Olympic Valley, CA 96146, USA",39.199211,-120.22958899999998,false,3,alpine touring ski rental; backcountry ski rental; backpacking gear rental; bike rental; bike shop; climbing gear rental; cross country ski rental; ebike rental; jet ski rental; mountain bike rental; outdoor gear rental; ski rental; ski shop; snowboard rental; snowboard shop; snowshoe rental; splitboard rental; sporting goods store,standard,2026-06-24,ChIJL0PZlOrZm4ARCLy9I1WG14U,false
ChIJTVSD7gJ9mYARDENg9bm9QZ0,Alpine Power Equipment,true,core,gear-shop,1,4.6,31,OPERATIONAL,Services,https://alpinepowerequip.com/,https://maps.google.com/?cid=11331546743824204556&g_mp=Cidnb29nbGUubWFwcy5wbGFjZXMudjEuUGxhY2VzLlNlYXJjaFRleHQQAhgEIAA,(530) 583-0600,"2770 Lake Forest Rd, Tahoe City, CA 96145, USA",39.1841661,-120.114347,false,1,outdoor equipment rental,standard,2026-06-24,,false
ChIJl0TlebtAmYARbM6MlQqNAXA,Reno Embroidery Company,true,core,gear-shop,1,4.6,31,OPERATIONAL,Services,http://www.renoembroiderycompany.com/,https://maps.google.com/?cid=8070887083822861932&g_mp=Cidnb29nbGUubWFwcy5wbGFjZXMudjEuUGxhY2VzLlNlYXJjaFRleHQQAhgEIAA,(775) 322-2590,"940 Terminal Wy, Reno, NV 89502, USA",39.5168886,-119.7770792,false,1,sporting goods store,standard,2026-06-24,,false
ChIJv39nHstvmYARRthSt17BGyA,Nevada Nordic,true,core,alpine-ski; nordic-ski,4,5,30,OPERATIONAL,Ski Resort,https://nevadanordic.org/,https://maps.google.com/?cid=2313655446131628102&g_mp=Cidnb29nbGUubWFwcy5wbGFjZXMudjEuUGxhY2VzLlNlYXJjaFRleHQQAhgEIAA,,"Mt Rose Hwy, New Washoe City, NV 89704, USA",39.2982296,-119.9212039,false,1,cross country ski rental; nordic ski center; ski rental; ski shop,standard,2026-06-24,,false
ChIJJez0XB9HmYAR_EXAqHzvYb8,D&R Event Rentals LLC,true,core,camping,1,5,30,OPERATIONAL,Services,http://www.dreventrentals.com/,https://maps.google.com/?cid=13790566852671325692&g_mp=Cidnb29nbGUubWFwcy5wbGFjZXMudjEuUGxhY2VzLlNlYXJjaFRleHQQAhgEIAA,(775) 453-4243,,,,true,1,tent rental,service-area,2026-06-24,,false
ChIJXVHrZwSQmYAR1rciIWM8e6k,Lake Tahoe LSP Boat Rentals,true,core,canoe; kayak; pontoon; powerboat; pwc; sailing; wakeboard,11,4.9,30,OPERATIONAL,Services,http://www.laketahoe-boatrentals.com/,https://maps.google.com/?cid=12212421211000584150&g_mp=Cidnb29nbGUubWFwcy5wbGFjZXMudjEuUGxhY2VzLlNlYXJjaFRleHQQAhgEIAA,(916) 791-1833,"1020 Johnson Lane, South Lake Tahoe, CA 96158, USA",38.943986800000005,-119.96763229999999,false,1,boat charter; boat rental; canoe rental; jet ski rental; kayak rental; motorboat rental; personal watercraft rental; pontoon rental; sailboat rental; ski boat rental; waverunner rental,standard,2026-06-24,,false
ChIJg0OaHHV9mYARB86oFpI-82Y,Captain Chris' Fishing Charters,true,core; gap,fishing-charter; powerboat,2,4.9,30,OPERATIONAL,Fishing Charter,http://www.tahoefishingcharters.com/,https://maps.google.com/?cid=7418341808375647751&g_mp=Cidnb29nbGUubWFwcy5wbGFjZXMudjEuUGxhY2VzLlNlYXJjaFRleHQQAhgEIAA,(530) 583-4857,"700 N Lake Blvd, Tahoe City, CA 96145, USA",39.1719252,-120.13787950000001,false,1,boat charter; fishing charter,standard,2026-06-24,,false
ChIJa0YAwPk_mYARqgM5APMeVvo,Nevada Home Fitness,true,core,cycling; gear-shop,2,4.7,30,OPERATIONAL,Sporting Goods Store,http://nevadahomefitness.com/,https://maps.google.com/?cid=18038639386508723114&g_mp=Cidnb29nbGUubWFwcy5wbGFjZXMudjEuUGxhY2VzLlNlYXJjaFRleHQQAhgEIAA,(775) 852-0300,"6465 S Virginia St, Reno, NV 89511, USA",39.4672802,-119.78671779999998,false,1,bike shop; sporting goods store,standard,2026-06-24,,false
ChIJfzHSBHV9mYARIT8np-2e_4A,North Tahoe Watersports,true,core,alpine-ski; canoe; pontoon; powerboat; pwc; wakeboard; watersports,10,4.4,30,OPERATIONAL,Tour Agency,https://northtahoewatersports.com/,https://maps.google.com/?cid=9295322899464797985&g_mp=Cidnb29nbGUubWFwcy5wbGFjZXMudjEuUGxhY2VzLlNlYXJjaFRleHQQAhgEIAA,(530) 583-7245,"Marina, 700 N Lake Blvd, Tahoe City, CA 96145, USA",39.1717016,-120.13796740000001,false,2,boat rental; canoe rental; jet ski rental; motorboat rental; personal watercraft rental; pontoon rental; ski boat rental; ski rental; watersports rental; waverunner rental,standard,2026-06-24,,false
ChIJzyZuiZl9mYARNyV5iLZ93n4,Tahoe City Kayak & Paddleboard Beach Rental,true,core,canoe; kayak; pontoon; powerboat; sup; watersports,7,4.3,30,OPERATIONAL,Services,https://tahoecitykayak.com/rentals/kayak-rentals/,https://maps.google.com/?cid=9141882516535846199&g_mp=Cidnb29nbGUubWFwcy5wbGFjZXMudjEuUGxhY2VzLlNlYXJjaFRleHQQAhgEIAA,(530) 581-4336,"400 N Lake Blvd, Tahoe City, CA 96145, USA",39.1695065,-120.14168889999999,false,1,boat rental; canoe rental; kayak rental; kayak tours; paddleboard rental; pontoon rental; watersports rental,standard,2026-06-24,,false
ChIJJarksiY_mYARCe1jFh-igpU,Bikes Etc,true,core,cycling,1,4.8,29,OPERATIONAL,Bicycle Shop,http://misfitsports.com/,https://maps.google.com/?cid=10773351513026981129&g_mp=Cidnb29nbGUubWFwcy5wbGFjZXMudjEuUGxhY2VzLlNlYXJjaFRleHQQAhgEIAA,(775) 622-3568,"885 Sparks Blvd #200, Sparks, NV 89434, USA",39.543365699999995,-119.71582989999999,false,1,bike shop,standard,2026-06-24,,false
ChIJg8GBjOdBmYARo-ZoH4j-CYM,Rightful Liberty Arms,true,core,gear-shop,2,4.7,29,OPERATIONAL,Sporting Goods Store,http://rightfullibertyarms.com/,https://maps.google.com/?cid=9442357954354931363&g_mp=Cidnb29nbGUubWFwcy5wbGFjZXMudjEuUGxhY2VzLlNlYXJjaFRleHQQAhgEIAA,(775) 900-2767,"2105 Kietzke Ln, Reno, NV 89502, USA",39.5035789,-119.7894244,false,2,sporting goods store,standard,2026-06-24,,false
ChIJ0a5rnMvfm4ARp1ExdGMo2YQ,ASC Training Center (formerly Auburn Ski Club),true,core,alpine-ski; nordic-ski; snowboard,5,4.5,29,OPERATIONAL,,http://asctrainingcenter.org/,https://maps.google.com/?cid=9572726890568962471&g_mp=Cidnb29nbGUubWFwcy5wbGFjZXMudjEuUGxhY2VzLlNlYXJjaFRleHQQAhgEIAA,(530) 426-3313,"19749 Boreal Ridge Rd, Soda Springs, CA 95728, USA",39.3337133,-120.3550647,false,1,cross country ski rental; nordic ski center; ski rental; ski shop; snowboard rental,standard,2026-06-24,,false
ChIJA6CYKrP2mYARLQS5eCAlfVQ,Kirkwood Village Rentals,true,core,alpine-ski; gear-shop; snowboard,5,4.3,29,OPERATIONAL,Services,https://www.epicmountainrentals.com/,https://maps.google.com/?cid=6088063092669350957&g_mp=Cidnb29nbGUubWFwcy5wbGFjZXMudjEuUGxhY2VzLlNlYXJjaFRleHQQAhgEIAA,(209) 258-7292,"MWMM+58, 1399 Kirkwood Meadows Dr, Kirkwood, CA 95646, USA",38.683028,-120.06656400000001,false,1,ski rental; ski shop; snowboard rental; snowboard shop; sporting goods store,standard,2026-06-24,ChIJ5zLW07L2mYARbnUkbo-NMlY,false
ChIJy_vGuj5wmYAREIrw_EyQqEw,Ridgeline Park,true,core,disc-golf,1,4.2,29,OPERATIONAL,Park,https://www.yourtahoeplace.com/parks-recreation/outdoor-recreation/parks-fields,https://maps.google.com/?cid=5523823603305450000&g_mp=Cidnb29nbGUubWFwcy5wbGFjZXMudjEuUGxhY2VzLlNlYXJjaFRleHQQAhgEIAA,(775) 832-1310,"939 Southwood Blvd, Incline Village, NV 89451, USA",39.2472475,-119.94597010000001,false,1,disc golf rental,standard,2026-06-24,,false
ChIJa3e6BNiimYARtDa_YjDTw84,ODM Defense,true,core,gear-shop,1,5,28,OPERATIONAL,Sporting Goods Store,http://www.odmdefense.com/,https://maps.google.com/?cid=14898984197040322228&g_mp=Cidnb29nbGUubWFwcy5wbGFjZXMudjEuUGxhY2VzLlNlYXJjaFRleHQQAhgEIAA,(775) 468-6874,"2559 Precision Dr, Minden, NV 89423, USA",39.024825199999995,-119.7432374,false,1,sporting goods store,standard,2026-06-24,,false
ChIJYztGswQ_mYAR-1DoiY39h3s,Tahoe Electric Bike Rental,true,core,cycling; ebike; mtb,4,4.9,28,OPERATIONAL,Services,http://www.tahoeelectricbikerental.com/,https://maps.google.com/?cid=8901361972866994427&g_mp=Cidnb29nbGUubWFwcy5wbGFjZXMudjEuUGxhY2VzLlNlYXJjaFRleHQQAhgEIAA,(775) 376-2071,"35 N Edison Way Ste 22, Reno, NV 89502, USA",39.5166587,-119.7491683,false,1,bike rental; bike shop; ebike rental; mountain bike rental,standard,2026-06-24,,false
ChIJ97RGLQmQmYARsf9k5-VcRds,Cabin Fever,true,core,alpine-ski,1,4.2,28,OPERATIONAL,Store,https://tahoe.com/south-lake-tahoe/cabin-fever,https://maps.google.com/?cid=15800137010198675377&g_mp=Cidnb29nbGUubWFwcy5wbGFjZXMudjEuUGxhY2VzLlNlYXJjaFRleHQQAhgEIAA,(530) 541-5500,"900 Ski Run Blvd #113, South Lake Tahoe, CA 96150, USA",38.9494433,-119.9590503,false,1,ski shop,standard,2026-06-24,,false
ChIJPRErSHaQmYAR6GJasIPw_so,Heavenly Sports - Tamarack Lodge,true,core; experience,alpine-ski; backpacking; camping; gear-shop; snow-tube,11,4,28,OPERATIONAL,Sporting Goods Store,,https://maps.google.com/?cid=14627393088136045288&g_mp=Cidnb29nbGUubWFwcy5wbGFjZXMudjEuUGxhY2VzLlNlYXJjaFRleHQQAhgEIAA,,"4111 Lake Tahoe Blvd #4, South Lake Tahoe, CA 96150, USA",38.936464,-119.909967,false,3,backpacking gear rental; camping gear rental; outdoor gear rental; ski rental; ski shop; sled rental; snow tube rental; sporting goods store,standard,2026-06-24,,false
ChIJIS8f4SJAwGQRY_STjnFxYgY,Surf n' Foil Tahoe,true,gap,foil-surf,1,5,27,OPERATIONAL,,https://www.surfnfoiltahoe.com/,https://maps.google.com/?cid=460054844482516067&g_mp=Cidnb29nbGUubWFwcy5wbGFjZXMudjEuUGxhY2VzLlNlYXJjaFRleHQQAhgEIAA,(530) 532-2435,,,,true,1,foil board rental,service-area,2026-06-24,,false
ChIJH4LWWHR9mYAR8-gd1xMqkHs,Tahoe Yacht Club,true,core,pontoon; powerboat; sailing,4,4.3,27,OPERATIONAL,Marina,http://www.tahoeyc.com/,https://maps.google.com/?cid=8903662728013277427&g_mp=Cidnb29nbGUubWFwcy5wbGFjZXMudjEuUGxhY2VzLlNlYXJjaFRleHQQAhgEIAA,(530) 581-4700,"700 N Lake Blvd, Tahoe City, CA 96145, USA",39.171993,-120.13794,false,1,boat charter; boat rental; pontoon rental; sailboat rental,standard,2026-06-24,,false
ChIJDY3LujhwmYARB3QpchaRpYo,Incline Bike Park,true,core,mtb,2,4.9,26,OPERATIONAL,Park,http://www.yourtahoeplace.com/parks-recreation/outdoor-recreation/community-bike-park,https://maps.google.com/?cid=9990550873981940743&g_mp=Cidnb29nbGUubWFwcy5wbGFjZXMudjEuUGxhY2VzLlNlYXJjaFRleHQQAhgEIAA,(775) 832-1310,"980 Incline Way, Incline Village, NV 89451, USA",39.2445035,-119.9441724,false,1,downhill bike park rental; mountain bike rental,standard,2026-06-24,,false
ChIJ8X4WX_jsmYARZDHIUyU4Gjk,Hope Valley Outdoors,true,core; experience,alpine-ski; nordic-ski; snow-tube; snowshoe,4,4.8,26,OPERATIONAL,Camping cabin,,https://maps.google.com/?cid=4114662942526943588&g_mp=Cidnb29nbGUubWFwcy5wbGFjZXMudjEuUGxhY2VzLlNlYXJjaFRleHQQAhgEIAA,,"Markleeville, CA 96120, USA",38.7762811,-119.91900559999999,false,1,cross country ski rental; ski rental; sled rental; snowshoe rental,standard,2026-06-24,,false
ChIJu5iA_mKPmYAR1kyrpj_9aSU,Blue Warrior Cruises Lake Tahoe,true,core,powerboat; sailing,3,4.7,26,OPERATIONAL,Tour Agency,https://laketahoe.cruises/,https://maps.google.com/?cid=2695964301778963670&g_mp=Cidnb29nbGUubWFwcy5wbGFjZXMudjEuUGxhY2VzLlNlYXJjaFRleHQQAhgEIAA,(530) 213-3511,"2435 Venice Dr E, South Lake Tahoe, CA 96150, USA",38.9341357,-120.00131669999999,false,1,boat charter; boat rental; sailboat rental,standard,2026-06-24,,false
ChIJjc8RwrVkmYARLt8eXO4qLhc,Natural Retreats - Lake Tahoe,true,core,cycling,1,4.6,26,OPERATIONAL,Travel Agency,https://www.naturalretreats.com/lake-tahoe-vacation-rentals,https://maps.google.com/?cid=1670319715037142830&g_mp=Cidnb29nbGUubWFwcy5wbGFjZXMudjEuUGxhY2VzLlNlYXJjaFRleHQQAhgEIAA,(530) 395-1029,"8130 N Lake Blvd, Kings Beach, CA 96143, USA",39.2373725,-120.02894269999999,false,1,bike rental,standard,2026-06-24,,false
ChIJW8FpkpTfm4ARUoLiK3L3pa8,Truckee Ice Rink,true,core,ice-skate,1,4.2,26,OPERATIONAL,Ice Skating Rink,https://www.tdrpd.org/rink,https://maps.google.com/?cid=12656794397529244242&g_mp=Cidnb29nbGUubWFwcy5wbGFjZXMudjEuUGxhY2VzLlNlYXJjaFRleHQQAhgEIAA,(530) 587-6172,"10500 Brockway Rd, Truckee, CA 96161, USA",39.3271735,-120.1755156,false,1,ice skate rental,standard,2026-06-24,,false
ChIJBxY2qUdwmYARsWk3B5VqXTI,North Tahoe Lions Club Disc Golf Course,true,core,disc-golf,1,4.1,26,OPERATIONAL,Athletic Field,https://www.yourtahoeplace.com/parks-recreation/outdoor-recreation/disc-golf-course,https://maps.google.com/?cid=3629174063034231217&g_mp=Cidnb29nbGUubWFwcy5wbGFjZXMudjEuUGxhY2VzLlNlYXJjaFRleHQQAhgEIAA,(775) 832-1300,"980 Incline Way, Incline Village, NV 89451, USA",39.243221,-119.9440396,false,1,disc golf rental,standard,2026-06-24,,false
ChIJJxPM4N-bmYARIJTP7vf24oQ,Deep Abliss Diveshop,true,core; experience,scuba,2,5,25,OPERATIONAL,School,https://www.scubatahoe.com/,https://maps.google.com/?cid=9575487302467032096&g_mp=Cidnb29nbGUubWFwcy5wbGFjZXMudjEuUGxhY2VzLlNlYXJjaFRleHQQAhgEIAA,(530) 659-3495,"152 Hwy 50 #1, Stateline, NV 89449, USA",38.968677299999996,-119.93598440000001,false,1,dive shop; scuba diving,standard,2026-06-24,,false
ChIJXXG-t3R9mYARhlQxfLkRAss,Tahoe Jet Boats,true,core,alpine-ski; canoe; kayak; pontoon; powerboat; pwc; sup; wakeboard; watersports,15,4.6,25,OPERATIONAL,Services,https://tahoejetboats.com/,https://maps.google.com/?cid=14628274028003021958&g_mp=Cidnb29nbGUubWFwcy5wbGFjZXMudjEuUGxhY2VzLlNlYXJjaFRleHQQAhgEIAA,,"950 N Lake Blvd Ste 12 #5782, Tahoe City, CA 96145, USA",39.1738703,-120.136459,false,2,boat charter; boat rental; canoe rental; jet ski rental; kayak rental; motorboat rental; paddleboard rental; personal watercraft rental; pontoon rental; ski boat rental; ski rental; wakeboard boat rental; watersports rental; waverunner rental,standard,2026-06-24,,false
ChIJuRP5DxBwmYARH0WvcMcU-Zs,Village Christian Thrift Shop,true,core,snowboard,1,4.2,25,OPERATIONAL,Discount Store,,https://maps.google.com/?cid=11239037191901365535&g_mp=Cidnb29nbGUubWFwcy5wbGFjZXMudjEuUGxhY2VzLlNlYXJjaFRleHQQAhgEIAA,(775) 831-3902,"799 Southwood Blvd, Incline Village, NV 89451, USA",39.2476048,-119.96175149999999,false,1,snowboard shop,standard,2026-06-24,,false
ChIJB86ZgevZm4ARL9lBYbnhpIw,The Ledge Board Shop,true,core,alpine-ski; gear-shop; snowboard,4,3.3,25,OPERATIONAL,Sporting Goods Store,https://www.palisadestahoe.com/events-and-activities/shopping/the-ledge,https://maps.google.com/?cid=10134473247807363375&g_mp=Cidnb29nbGUubWFwcy5wbGFjZXMudjEuUGxhY2VzLlNlYXJjaFRleHQQAhgEIAA,(530) 452-4477,"Olympic Valley, CA 96146, USA",39.196880199999995,-120.2337899,false,1,ski shop; snowboard rental; snowboard shop; sporting goods store,standard,2026-06-24,,false
ChIJsx-cX9vjmiERQCS6KfXmm5k,Flip's Boats,true,core,canoe; pontoon; powerboat; pwc,4,5,24,OPERATIONAL,Services,http://flipsboats.com/,https://maps.google.com/?cid=11068694449834566720&g_mp=Cidnb29nbGUubWFwcy5wbGFjZXMudjEuUGxhY2VzLlNlYXJjaFRleHQQAhgEIAA,(650) 636-3783,,,,true,1,boat rental; canoe rental; personal watercraft rental; pontoon rental,service-area,2026-06-24,,false
ChIJ6aQor253uo8RDEohBxTKGO0,Reno-Tahoe Party Rentals,true,core,camping,1,5,24,OPERATIONAL,Services,https://renotahoepartyrentals.com/,https://maps.google.com/?cid=17084627373797755404&g_mp=Cidnb29nbGUubWFwcy5wbGFjZXMudjEuUGxhY2VzLlNlYXJjaFRleHQQAhgEIAA,(928) 277-3347,"120 Country Club Dr #25U, Incline Village, NV 89451, USA",39.2403845,-119.9403999,false,1,tent rental,standard,2026-06-24,,false
ChIJCXttlL0KmYARYuDYUruR2B4,Bicycle Authority,true,core,cycling; gear-shop; mtb,4,4.8,24,OPERATIONAL,Bicycle Shop,,https://maps.google.com/?cid=2222686649842196578&g_mp=Cidnb29nbGUubWFwcy5wbGFjZXMudjEuUGxhY2VzLlNlYXJjaFRleHQQAhgEIAA,(775) 230-3117,"385 Hot Springs Rd #1, Carson City, NV 89706, USA",39.183582,-119.76439500000001,false,1,bike rental; bike shop; mountain bike rental; sporting goods store,standard,2026-06-24,,false
ChIJIVZP0zZimYAROBY6dU1DrSI,The North Face,true,core,gear-shop,1,4.7,24,OPERATIONAL,Sportswear Store,https://www.northstarcalifornia.com/,https://maps.google.com/?cid=2498727368218777144&g_mp=Cidnb29nbGUubWFwcy5wbGFjZXMudjEuUGxhY2VzLlNlYXJjaFRleHQQAhgEIAA,(530) 562-3663,"6001 Northstar Dr Ste 5106, Truckee, CA 96161, USA",39.2751211,-120.1208154,false,1,sporting goods store,standard,2026-06-24,,false
ChIJ3wYiRlOhmYAR6gsldj8em18,"Win's Wheels, Inc.",true,core,cycling,1,5,23,OPERATIONAL,Services,https://winswheels.com/,https://maps.google.com/?cid=6889133312907217898&g_mp=Cidnb29nbGUubWFwcy5wbGFjZXMudjEuUGxhY2VzLlNlYXJjaFRleHQQAhgEIAA,(775) 392-0195,"933 Mica Dr #9, Carson City, NV 89705, USA",39.0922297,-119.7766814,false,1,bike shop,standard,2026-06-24,,false
ChIJa8tIsCc_mYAR34cz1JmSao8,Disc Giant,true,core,disc-golf; gear-shop,2,5,23,OPERATIONAL,Store,https://discgiant.com/,https://maps.google.com/?cid=10334233484342822879&g_mp=Cidnb29nbGUubWFwcy5wbGFjZXMudjEuUGxhY2VzLlNlYXJjaFRleHQQAhgEIAA,(775) 622-3691,"2900 Clear Acre Ln Ste. M, Reno, NV 89512, USA",39.5575973,-119.7912515,false,2,disc golf rental; sporting goods store,standard,2026-06-24,,false
ChIJ04d3lvZ9mYAR9avi2snSt1s,West Shore Sports,true,core,alpine-ski; canoe; cycling; ebike; gear-shop; kayak; mtb; pwc; snowboard; snowshoe; sup; wakeboard; watersports,17,4.9,23,OPERATIONAL,Services,http://westshoresports.com/,https://maps.google.com/?cid=6608982742592039925&g_mp=Cidnb29nbGUubWFwcy5wbGFjZXMudjEuUGxhY2VzLlNlYXJjaFRleHQQAhgEIAA,(530) 583-9920,"1785 W Lake Blvd, Tahoe City, CA 96145, USA",39.140905499999995,-120.1548854,false,1,bike rental; bike shop; canoe rental; downhill bike park rental; ebike rental; jet ski rental; kayak rental; mountain bike rental; paddleboard rental; ski boat rental; ski rental; ski shop; snowboard rental; snowboard shop; snowshoe rental; sporting goods store; watersports rental,standard,2026-06-24,ChIJq5Q9LNZ_mYAR_7YexyN5loc,false
ChIJx68svkAVmYARK85DK2S18jA,Denver’s Choppers,true,core,cycling,1,4.9,23,OPERATIONAL,Store,https://denverschoppers.com/,https://maps.google.com/?cid=3527080900011740715&g_mp=Cidnb29nbGUubWFwcy5wbGFjZXMudjEuUGxhY2VzLlNlYXJjaFRleHQQAhgEIAA,(775) 813-1994,"3445 Airway Dr Ste D, Reno, NV 89511, USA",39.4698855,-119.7721645,false,1,bike shop,standard,2026-06-24,,false
ChIJe7OtZ8o4mYARk5kHXSj2LTE,House Of Arrows Archery,true,core; gap,archery; gear-shop,3,4.9,23,OPERATIONAL,Sporting Goods Store,,https://maps.google.com/?cid=3543759135030352275&g_mp=Cidnb29nbGUubWFwcy5wbGFjZXMudjEuUGxhY2VzLlNlYXJjaFRleHQQAhgEIAA,(775) 356-6614,"1121 Rock Blvd, Sparks, NV 89431, USA",39.543420399999995,-119.76483900000001,false,2,archery pro shop; archery range; sporting goods store,standard,2026-06-24,,false
ChIJfSZPZo_3mYARk2BMe8-JyF8,Silver Lake boat ramp,true,core,powerboat,1,4.7,23,OPERATIONAL,,,https://maps.google.com/?cid=6901917953165123731&g_mp=Cidnb29nbGUubWFwcy5wbGFjZXMudjEuUGxhY2VzLlNlYXJjaFRleHQQAhgEIAA,,"48400 Kays Rd, Pioneer, CA 95666, USA",38.6669844,-120.12197599999999,false,1,boat rental,standard,2026-06-24,,false
ChIJc1phmRnem4ARgqGhLxI1jtM,Donner Lake Water Sports,true,core,alpine-ski; canoe; kayak; pontoon; powerboat; pwc; sup; wakeboard; watersports,17,4.6,23,OPERATIONAL,Services,http://donnerlakewatersports.com/,https://maps.google.com/?cid=15244180140920512898&g_mp=Cidnb29nbGUubWFwcy5wbGFjZXMudjEuUGxhY2VzLlNlYXJjaFRleHQQAhgEIAA,(530) 582-1999,"Donner Memorial State Park, 12593 Donner Pass Rd, Truckee, CA 96161, USA",39.3228911,-120.24317269999999,false,3,boat rental; canoe rental; jet ski rental; kayak rental; lake toy rental; motorboat rental; paddleboard rental; personal watercraft rental; pontoon rental; ski boat rental; ski rental; ski shop; wakeboard boat rental; watersports rental; waverunner rental,standard,2026-06-24,,false
ChIJQSqWAgb0mYARj5rac5qWfRY,Cross Country Center,true,core,alpine-ski; nordic-ski; snowboard; snowshoe,7,4.4,23,OPERATIONAL,Ski Resort,https://www.kirkwood.com/explore-the-resort/activities-and-events/cross-country.aspx,https://maps.google.com/?cid=1620617031036082831&g_mp=Cidnb29nbGUubWFwcy5wbGFjZXMudjEuUGxhY2VzLlNlYXJjaFRleHQQAhgEIAA,(209) 258-7248,"Kirkwood, CA 95646, USA",38.703153799999995,-120.07166939999999,false,1,cross country ski rental; nordic ski center; ski rental; ski shop; snowboard rental; snowboard shop; snowshoe rental,standard,2026-06-24,,false
ChIJE1amPXSQmYAR0IbbbnD6ocI,Mountain Mike's Tees and Skis,true,core,alpine-ski; backcountry-ski; gear-shop; nordic-ski; snowboard; snowshoe,10,4,22,OPERATIONAL,Services,http://www.mtnmikeslaketahoe.com/,https://maps.google.com/?cid=14024766075411597008&g_mp=Cidnb29nbGUubWFwcy5wbGFjZXMudjEuUGxhY2VzLlNlYXJjaFRleHQQAhgEIAA,,"1219 Emerald Bay Rd, South Lake Tahoe, CA 96150, USA",38.9064671,-120.00000469999999,false,1,backcountry ski rental; cross country ski rental; outdoor equipment rental; outdoor gear rental; ski rental; ski shop; snowboard rental; snowboard shop; snowshoe rental; sporting goods store,standard,2026-06-24,,false
ChIJTb3VLfI_mYARvjX3Oc0PeVE,Tillys,true,core,gear-shop,1,3.2,22,OPERATIONAL,Clothing Store,https://www.tillys.com/store/?StoreID=0065&utm_source=Google&utm_medium=Local_Directory,https://maps.google.com/?cid=5870740963369366974&g_mp=Cidnb29nbGUubWFwcy5wbGFjZXMudjEuUGxhY2VzLlNlYXJjaFRleHQQAhgEIAA,(775) 826-4519,"5000 Meadowood Mall Cir, Reno, NV 89502, USA",39.4735424,-119.78276189999998,false,1,sporting goods store,standard,2026-06-24,,true
ChIJN5Y-66KPmYARbTv4tFWci-o,Kj's Watersports Lake Tahoe,true,core,powerboat; watersports,2,5,21,OPERATIONAL,School,http://www.kjswatersports.com/,https://maps.google.com/?cid=16900773918560238445&g_mp=Cidnb29nbGUubWFwcy5wbGFjZXMudjEuUGxhY2VzLlNlYXJjaFRleHQQAhgEIAA,(530) 489-8180,,,,true,1,boat rental; watersports rental,service-area,2026-06-24,,false
ChIJyVdCASNbmYARRh59jM_gZAA,Free Lap Collective,true,core,cycling; ebike; gear-shop; mtb,5,5,21,OPERATIONAL,Bicycle Shop,https://freelap.cc/,https://maps.google.com/?cid=28394679690927686&g_mp=Cidnb29nbGUubWFwcy5wbGFjZXMudjEuUGxhY2VzLlNlYXJjaFRleHQQAhgEIAA,(775) 420-5016,"55 Foothill Rd #2, Reno, NV 89511, USA",39.4398876,-119.7719634,false,1,bike rental; bike shop; ebike rental; mountain bike rental; sporting goods store,standard,2026-06-24,,false
ChIJcwZv5SiFmYARPiMfMm6tk_c,Kayak Tahoe- Pope Beach,true,core,canoe; kayak; powerboat; sup; watersports,6,4.7,21,OPERATIONAL,Services,http://www.kayaktahoe.com/,https://maps.google.com/?cid=17839793237743575870&g_mp=Cidnb29nbGUubWFwcy5wbGFjZXMudjEuUGxhY2VzLlNlYXJjaFRleHQQAhgEIAA,(530) 544-2011,"Pope Beach Rd, South Lake Tahoe, CA 96150, USA",38.937328099999995,-120.0322573,false,1,boat rental; canoe rental; kayak rental; kayak tours; paddleboard rental; watersports rental,standard,2026-06-24,,false
ChIJ05aMQi7nm4ARY8LfV8veeys,Tahoe Donner Lodge Condos and Ski Hill,true,core,alpine-ski; nordic-ski,4,4.7,21,OPERATIONAL,Ski Resort,https://www.tahoedonner.com/news-events/private-events/weddings/venues/lodge/,https://maps.google.com/?cid=3133342930700321379&g_mp=Cidnb29nbGUubWFwcy5wbGFjZXMudjEuUGxhY2VzLlNlYXJjaFRleHQQAhgEIAA,(530) 587-9400,"11591 Snowpeak Way #121, Truckee, CA 96161, USA",39.354740299999996,-120.2585675,false,3,cross country ski rental; ski rental,standard,2026-06-24,,false
ChIJc5BUK1UOmYARfxaHFH3Jw-A,Buzzard Creek,true,core,gear-shop,1,4.6,21,OPERATIONAL,Store,http://buzzardcreekvc.com/,https://maps.google.com/?cid=16196010224006927999&g_mp=Cidnb29nbGUubWFwcy5wbGFjZXMudjEuUGxhY2VzLlNlYXJjaFRleHQQAhgEIAA,(775) 720-6314,"145-D S C St, Virginia City, NV 89440, USA",39.308721999999996,-119.650112,false,1,sporting goods store,standard,2026-06-24,,false
ChIJw4IO6vA_mYARJeIG0ONTalw,The Bounce house Guy,true,core,camping,1,4.6,21,OPERATIONAL,Services,http://bouncehouseguy.net/,https://maps.google.com/?cid=6659227236933493285&g_mp=Cidnb29nbGUubWFwcy5wbGFjZXMudjEuUGxhY2VzLlNlYXJjaFRleHQQAhgEIAA,(775) 315-9517,"6200 Meadowood Mall Cir #343, Reno, NV 89502, USA",39.4704109,-119.7831047,false,1,tent rental,standard,2026-06-24,,false
ChIJ98uN8zpxmYAR6Lo4aW7z85o,Elevated Boat Club Lake Tahoe,true,core,alpine-ski; canoe; kayak; pontoon; powerboat; pwc; sailing; wakeboard; watersports,13,3.1,21,OPERATIONAL,Marina,http://www.elevatedwatersports.com/,https://maps.google.com/?cid=11165535556718869224&g_mp=Cidnb29nbGUubWFwcy5wbGFjZXMudjEuUGxhY2VzLlNlYXJjaFRleHQQAhgEIAA,(775) 391-6622,"1060 Tahoe Blvd, Incline Village, NV 89451, USA",39.241046,-119.92978269999999,false,4,boat charter; boat rental; canoe rental; jet ski rental; kayak rental; motorboat rental; pontoon rental; sailboat rental; ski boat rental; ski rental; watersports rental,standard,2026-06-24,,false
ChIJnZwMRViPmYAR81YU5xC_3wI,Alpenglow Boat Co.,true,core,canoe; powerboat; sailing,4,5,20,OPERATIONAL,,http://www.alpenglowboat.com/,https://maps.google.com/?cid=207094187199583987&g_mp=Cidnb29nbGUubWFwcy5wbGFjZXMudjEuUGxhY2VzLlNlYXJjaFRleHQQAhgEIAA,(775) 230-8907,"Tahoe Keys Marina, 2435 Venice Dr E, South Lake Tahoe, CA 96150, USA",38.9341357,-120.00131669999999,false,1,boat charter; boat rental; canoe rental; sailboat rental,standard,2026-06-24,,false
ChIJK_VySspkmYARqifFho-Rgb0,Grand Tahoe Charters,true,core; gap,canoe; fishing-charter; kayak; pontoon; powerboat; sailing; wakeboard; watersports,11,5,20,OPERATIONAL,Services,http://www.wildgoose2.com/,https://maps.google.com/?cid=13655355590791473066&g_mp=Cidnb29nbGUubWFwcy5wbGFjZXMudjEuUGxhY2VzLlNlYXJjaFRleHQQAhgEIAA,(530) 412-4064,"7360 N Lake Blvd, Tahoe Vista, CA 96148, USA",39.2378721,-120.04325630000001,false,1,boat charter; boat rental; canoe rental; catamaran rental; fishing charter; kayak rental; motorboat rental; pontoon rental; sailboat rental; ski boat rental; watersports rental,standard,2026-06-24,,false
ChIJZV6NRQAVmYARwRilGYrPDgU,Biggest Little Booth,true,core,camping,1,5,20,OPERATIONAL,Services,https://biggestlittlebooth.com/,https://maps.google.com/?cid=364456811906275521&g_mp=Cidnb29nbGUubWFwcy5wbGFjZXMudjEuUGxhY2VzLlNlYXJjaFRleHQQAhgEIAA,(775) 225-9459,"S Virginia St, Reno, NV 89521, USA",39.4306099,-119.7641822,false,1,tent rental,standard,2026-06-24,,false
ChIJr8KGILqFmYAR9Io5VfHLwyg,"TAHOE REEL, POWER, & PADDLE",true,core,alpine-ski; canoe; kayak; pontoon; powerboat; pwc; sup; wakeboard; watersports,14,4.9,20,OPERATIONAL,Services,https://adventuretahoe.com/,https://maps.google.com/?cid=2937415619353086708&g_mp=Cidnb29nbGUubWFwcy5wbGFjZXMudjEuUGxhY2VzLlNlYXJjaFRleHQQAhgEIAA,(530) 318-1981,"1900 Jameson Beach Rd, South Lake Tahoe, CA 96150, USA",38.9383389,-120.0397773,false,1,boat charter; boat rental; canoe rental; jet ski rental; kayak rental; kayak tours; motorboat rental; paddleboard rental; personal watercraft rental; pontoon rental; ski boat rental; ski rental; watersports rental; waverunner rental,standard,2026-06-24,,false
ChIJY1ZkJDdimYARcO61nq-AAdA,Northstar Ski-In/Ski-Out Vacation Rental,true,core,alpine-ski,7,4.3,20,OPERATIONAL,Travel Agency,http://epicvacationstays.com/,https://maps.google.com/?cid=14988402526636076656&g_mp=Cidnb29nbGUubWFwcy5wbGFjZXMudjEuUGxhY2VzLlNlYXJjaFRleHQQAhgEIAA,(510) 550-5111,"4062 Coyote Fork, Truckee, CA 96161, USA",39.272989599999995,-120.1219483,false,6,ski rental,standard,2026-06-24,,false
ChIJiXzgguvZm4ARr8S_DTldMD0,Patagonia,true,core,alpine-ski; gear-shop,2,3.6,20,OPERATIONAL,Clothing Store,https://www.patagonia.com/store-locator/,https://maps.google.com/?cid=4409126534820906159&g_mp=Cidnb29nbGUubWFwcy5wbGFjZXMudjEuUGxhY2VzLlNlYXJjaFRleHQQAhgEIAA,(530) 452-4455,"1850 Vlg S Rd, Olympic Valley, CA 96146, USA",39.1968092,-120.2333849,false,1,ski shop; sporting goods store,standard,2026-06-24,ChIJRV9f9HaQmYAR6kmr0HZp9kE,true
ChIJBfSNl42PmYAROOFC1bLjLTg,Walker Marine Inc,true,core,powerboat,1,4.9,19,OPERATIONAL,Services,http://walkermarinetahoe.com/,https://maps.google.com/?cid=4048141997297557816&g_mp=Cidnb29nbGUubWFwcy5wbGFjZXMudjEuUGxhY2VzLlNlYXJjaFRleHQQAhgEIAA,(530) 541-8514,"2118 Eloise Ave, South Lake Tahoe, CA 96150, USA",38.916678499999996,-120.00174679999998,false,1,boat rental,standard,2026-06-24,,false
ChIJsapa4IShmYARLM_eFb0_jdg,Blissed Out Skate Shop,true,core,gear-shop,1,4.7,19,OPERATIONAL,Sporting Goods Store,https://blissed-out-skate-shop.myshopify.com/,https://maps.google.com/?cid=15604198365256929068&g_mp=Cidnb29nbGUubWFwcy5wbGFjZXMudjEuUGxhY2VzLlNlYXJjaFRleHQQAhgEIAA,(775) 781-0258,"1313 S Carson St, Carson City, NV 89701, USA",39.1557416,-119.76559890000001,false,1,sporting goods store,standard,2026-06-24,,false
ChIJbzu7vXSPmYAROH1u0aSqiBg,Emerald Bay Bikes,true,core,alpine-ski; cycling; ebike; gear-shop; mtb; snowboard,7,4.4,19,OPERATIONAL,Bicycle Shop,https://www.emeraldbaybikes.com/,https://maps.google.com/?cid=1767850478607957304&g_mp=Cidnb29nbGUubWFwcy5wbGFjZXMudjEuUGxhY2VzLlNlYXJjaFRleHQQAhgEIAA,(530) 600-0094,"854 Emerald Bay Rd # C, South Lake Tahoe, CA 96150, USA",38.9166768,-120.00959180000001,false,1,bike rental; bike shop; ebike rental; mountain bike rental; ski shop; snowboard shop; sporting goods store,standard,2026-06-24,,false
ChIJIYz5124_mYARRchEA8-Ha4c,Auto Bike Sales,true,core,cycling,1,3.7,19,OPERATIONAL,Store,http://www.autobikesales.com/,https://maps.google.com/?cid=9758042340811130949&g_mp=Cidnb29nbGUubWFwcy5wbGFjZXMudjEuUGxhY2VzLlNlYXJjaFRleHQQAhgEIAA,(530) 307-9275,"1000 Bible Wy, Reno, NV 89502, USA",39.515751,-119.774586,false,1,bike shop,standard,2026-06-24,,false
ChIJXcDVAiuAfIkR3b282FAnaj0,Dirty Wheel Tahoe,true,core,cycling; dirtbike; mtb,3,5,18,OPERATIONAL,Services,https://www.dirtywheeltahoe.com/,https://maps.google.com/?cid=4425392812032048605&g_mp=Cidnb29nbGUubWFwcy5wbGFjZXMudjEuUGxhY2VzLlNlYXJjaFRleHQQAhgEIAA,(530) 563-6885,,,,true,1,bike rental; dirt bike rental; mountain bike rental,service-area,2026-06-24,,false
ChIJ16lWevLhm4ARS1iyzJGWud4,Tahoe Waves Boat Rental,true,core,canoe; pontoon; powerboat; pwc; sailing; sup; wakeboard; watersports,13,4.9,18,OPERATIONAL,Services,http://www.tahoewaves.com/,https://maps.google.com/?cid=16049024300060137547&g_mp=Cidnb29nbGUubWFwcy5wbGFjZXMudjEuUGxhY2VzLlNlYXJjaFRleHQQAhgEIAA,(530) 429-2837,"2600 Lake Forest Rd, Tahoe City, CA 96145, USA",39.1839383,-120.11653639999999,false,1,boat charter; boat rental; canoe rental; jet ski rental; motorboat rental; paddleboard rental; personal watercraft rental; pontoon rental; sailboat rental; ski boat rental; wakeboard boat rental; watersports rental; waverunner rental,standard,2026-06-24,,false
ChIJBVry7qk3mYARhoLTUz5d3Ko,"360 Entertainment Services Photo Booth Rentals Reno, Nevada",true,core,camping,1,4.8,18,OPERATIONAL,Services,,https://maps.google.com/?cid=12311818003599819398&g_mp=Cidnb29nbGUubWFwcy5wbGFjZXMudjEuUGxhY2VzLlNlYXJjaFRleHQQAhgEIAA,(775) 276-5599,,,,true,1,tent rental,service-area,2026-06-24,,false
ChIJe9JOgrM3mYARCPOpQPGsx7c,Biggest Little Bike Park,true,core,mtb,1,4.5,18,OPERATIONAL,Park,,https://maps.google.com/?cid=13242743381478208264&g_mp=Cidnb29nbGUubWFwcy5wbGFjZXMudjEuUGxhY2VzLlNlYXJjaFRleHQQAhgEIAA,,"6033 Middle Fork Dr, Sun Valley, NV 89433, USA",39.6120734,-119.7831721,false,1,downhill bike park rental,standard,2026-06-24,,false
ChIJ6RoWGbmPmYARkCigY0BBPlQ,South Shore Boats & Powersports,true,core,canoe; gear-shop; powerboat; pwc; watersports,7,4.2,18,OPERATIONAL,Services,http://www.sshoreboats.com/,https://maps.google.com/?cid=6070361092547160208&g_mp=Cidnb29nbGUubWFwcy5wbGFjZXMudjEuUGxhY2VzLlNlYXJjaFRleHQQAhgEIAA,(530) 600-1548,"931 3rd St, South Lake Tahoe, CA 96150, USA",38.91879050000001,-120.00085399999999,false,1,boat charter; boat rental; canoe rental; personal watercraft rental; sporting goods store; watersports rental; waverunner rental,standard,2026-06-24,,false
ChIJCcWhKwmQmYARgCkaufWt1HM,Party Boat Lake Tahoe,true,core,canoe; powerboat; watersports,5,5,17,OPERATIONAL,Wedding Venue,http://tahoesports.com/,https://maps.google.com/?cid=8346487280308464000&g_mp=Cidnb29nbGUubWFwcy5wbGFjZXMudjEuUGxhY2VzLlNlYXJjaFRleHQQAhgEIAA,(530) 542-2111,"2435 Venice Dr E, South Lake Tahoe, CA 96150, USA",38.9341357,-120.00131669999999,false,1,boat charter; boat rental; canoe rental; motorboat rental; watersports rental,standard,2026-06-24,,false
ChIJW-ltlyGbmYARiz-gTw6o1hE,Inclusive Excursions,true,core,canoe; kayak; sup; watersports,5,5,17,OPERATIONAL,Travel Agency,https://www.inclusiveexcursions.com/contact,https://maps.google.com/?cid=1285399523079765899&g_mp=Cidnb29nbGUubWFwcy5wbGFjZXMudjEuUGxhY2VzLlNlYXJjaFRleHQQAhgEIAA,(775) 600-2002,"605 Hwy 50, Zephyr Cove, NV 89448, USA",38.997901,-119.9530225,false,1,canoe rental; kayak rental; kayak tours; paddleboard rental; watersports rental,standard,2026-06-24,,false
ChIJw_C0jV9K3ioRUXC7gO5M2a8,Jet Ski Rental Lake Tahoe,true,core,alpine-ski; canoe; pontoon; powerboat; pwc; watersports,8,5,17,OPERATIONAL,Services,https://www.jetskirentallaketahoe.com/,https://maps.google.com/?cid=12671243613829296209&g_mp=Cidnb29nbGUubWFwcy5wbGFjZXMudjEuUGxhY2VzLlNlYXJjaFRleHQQAhgEIAA,(619) 538-8939,,,,true,1,canoe rental; jet ski rental; motorboat rental; personal watercraft rental; pontoon rental; ski rental; watersports rental; waverunner rental,service-area,2026-06-24,,false
ChIJqQ_uWj6PmYARwRNk218KGRI,Cruise Tahoe,true,core,powerboat,2,4.9,17,OPERATIONAL,Tour Agency,https://www.cruisetahoe.com/,https://maps.google.com/?cid=1304084973919409089&g_mp=Cidnb29nbGUubWFwcy5wbGFjZXMudjEuUGxhY2VzLlNlYXJjaFRleHQQAhgEIAA,(775) 230-8907,"2435 Venice Dr E, South Lake Tahoe, CA 96150, USA",38.9344684,-120.0020088,false,1,boat charter; boat rental,standard,2026-06-24,,false
ChIJT3AtiYuRmYAR7mv9uZ9N700,Bearry Sweet,true,core,alpine-ski,1,4.8,17,OPERATIONAL,Dessert Shop,https://bearrysweet.com/,https://maps.google.com/?cid=5615792608769829870&g_mp=Cidnb29nbGUubWFwcy5wbGFjZXMudjEuUGxhY2VzLlNlYXJjaFRleHQQAhgEIAA,(530) 237-1779,"900 Ski Run Blvd ste 118, South Lake Tahoe, CA 96150, USA",38.9494404,-119.9592777,false,1,ski shop,standard,2026-06-24,,false
ChIJd_neN5HXm4ARGFrU46r4VLo,Truckee River Bike trail,true,core,cycling; mtb,3,4.7,17,OPERATIONAL,Hiking Area,https://biketahoe.org/bike-trails/historic-truckee-river-bike-path/,https://maps.google.com/?cid=13426629801948764696&g_mp=Cidnb29nbGUubWFwcy5wbGFjZXMudjEuUGxhY2VzLlNlYXJjaFRleHQQAhgEIAA,,"1480 River Rd, Tahoe City, CA 96145, USA",39.1643602,-120.1707285,false,1,bike rental; downhill bike park rental; mountain bike rental,standard,2026-06-24,,false
ChIJd4Jcuaw_mYAR7m4Neb2imh0,REI Bike Shop,true,core,cycling; ebike; gear-shop; mtb,7,4.6,17,OPERATIONAL,Services,https://www.rei.com/stores/reno/bike-shop,https://maps.google.com/?cid=2133196308176793326&g_mp=Cidnb29nbGUubWFwcy5wbGFjZXMudjEuUGxhY2VzLlNlYXJjaFRleHQQAhgEIAA,(775) 828-9090,"2225 Harvard Wy, Reno, NV 89502, USA",39.502227,-119.78671539999998,false,3,bike rental; bike shop; ebike rental; mountain bike rental; sporting goods store,standard,2026-06-24,ChIJyTEMtn0_mYARwkrufB2t4Fc,false
ChIJcRjOh3oLmYAR1m744YPDVGI,Concept Electric Bikes,true,core,cycling; ebike; mtb,4,4.4,17,OPERATIONAL,Bicycle Shop,https://conceptebikes.com/,https://maps.google.com/?cid=7085503084959919830&g_mp=Cidnb29nbGUubWFwcy5wbGFjZXMudjEuUGxhY2VzLlNlYXJjaFRleHQQAhgEIAA,(775) 885-2453,"3633 Research Way #102, Carson City, NV 89706, USA",39.191168999999995,-119.750584,false,1,bike rental; bike shop; ebike rental; mountain bike rental,standard,2026-06-24,,false
ChIJT-EusXrnm4ARCgLLirRCLxE,Donner Lake Gift Shop,true,gap,fishing-gear,1,4.4,17,OPERATIONAL,Gift Shop,,https://maps.google.com/?cid=1238281765740282378&g_mp=Cidnb29nbGUubWFwcy5wbGFjZXMudjEuUGxhY2VzLlNlYXJjaFRleHQQAhgEIAA,(530) 587-6748,"15688 Donner Pass Rd, Truckee, CA 96161, USA",39.325172699999996,-120.28650320000001,false,1,fishing bait and tackle shop,standard,2026-06-24,,false
ChIJpyw94lM_mYAR1vBTjcuyw98,"Fun Events NV, One Stop Shop For All Events, Party Rentals & Entertainment Reno Nevada",true,core,camping; climbing,2,3.8,17,OPERATIONAL,Services,http://www.funeventsnv.com/,https://maps.google.com/?cid=16123927678235701462&g_mp=Cidnb29nbGUubWFwcy5wbGFjZXMudjEuUGxhY2VzLlNlYXJjaFRleHQQAhgEIAA,(775) 338-1422,"4935 Energy Way, Reno, NV 89502, USA",39.506822299999996,-119.76130579999999,false,1,climbing gear rental; tent rental,standard,2026-06-24,,false
ChIJoxkdpYVlmYARbWvsipu9vwY,Elevation Surf Charters,true,core,canoe; pontoon; powerboat; sailing; wakeboard; watersports,7,5,16,OPERATIONAL,Tour Agency,https://elevationcharters.com/,https://maps.google.com/?cid=486315760527633261&g_mp=Cidnb29nbGUubWFwcy5wbGFjZXMudjEuUGxhY2VzLlNlYXJjaFRleHQQAhgEIAA,(530) 494-9018,"7360 N Lake Blvd, Tahoe Vista, CA 96148, USA",39.237837,-120.0436417,false,1,boat charter; boat rental; canoe rental; pontoon rental; sailboat rental; wakeboard boat rental; watersports rental,standard,2026-06-24,,false
ChIJbcjDZ4wLmYAR2mVre3nV9CU,Mountain Cat,true,core,alpine-ski; backcountry-ski; gear-shop; nordic-ski; snowboard; snowshoe,9,5,16,OPERATIONAL,Sporting Goods Store,http://www.mountaincatshop.com/,https://maps.google.com/?cid=2735045591459128794&g_mp=Cidnb29nbGUubWFwcy5wbGFjZXMudjEuUGxhY2VzLlNlYXJjaFRleHQQAhgEIAA,(775) 297-6767,"1815 N Carson St, Carson City, NV 89701, USA",39.176150799999995,-119.76616480000001,false,1,backcountry ski rental; cross country ski rental; ski rental; ski shop; snowboard rental; snowboard shop; snowshoe rental; splitboard rental; sporting goods store,standard,2026-06-24,,false
ChIJ15wO24rfm4ARg1gatAOrBV8,Captain Jack's Tahoe,true,core,pontoon; watersports,2,5,16,OPERATIONAL,School,http://www.captainjackstahoe.com/,https://maps.google.com/?cid=6847066840881584259&g_mp=Cidnb29nbGUubWFwcy5wbGFjZXMudjEuUGxhY2VzLlNlYXJjaFRleHQQAhgEIAA,(650) 678-5521,,,,true,1,pontoon rental; watersports rental,service-area,2026-06-24,,false
ChIJfbqzSWQB3IARKnzOXWEAbY4,Orucase,true,core,cycling; gear-shop,2,5,16,OPERATIONAL,Services,http://www.orucase.com/,https://maps.google.com/?cid=10262859544032869418&g_mp=Cidnb29nbGUubWFwcy5wbGFjZXMudjEuUGxhY2VzLlNlYXJjaFRleHQQAhgEIAA,(888) 413-0899,"7485 Longley Ln E, Reno, NV 89511, USA",39.4585705,-119.77521739999999,false,1,bike shop; sporting goods store,standard,2026-06-24,,false
ChIJMwihuow_mYAR-a9XQKs3g6M,Custom Racquet,true,core,gear-shop,3,4.9,16,OPERATIONAL,Sporting Goods Store,,https://maps.google.com/?cid=11782322258789773305&g_mp=Cidnb29nbGUubWFwcy5wbGFjZXMudjEuUGxhY2VzLlNlYXJjaFRleHQQAhgEIAA,(775) 826-5643,"4921 Catalina Dr #4, Reno, NV 89502, USA",39.479141,-119.7823164,false,3,sporting goods store,standard,2026-06-24,,false
ChIJQzRtOC2AmYARJIZqMz5Wvbk,West Shore Sports,true,core,canoe; cycling; kayak; powerboat; sup; watersports,7,4.6,16,OPERATIONAL,Services,http://westshoresports.com/,https://maps.google.com/?cid=13383948492765562404&g_mp=Cidnb29nbGUubWFwcy5wbGFjZXMudjEuUGxhY2VzLlNlYXJjaFRleHQQAhgEIAA,(530) 525-9920,"Ca State Park Rd, Tahoma, CA 96142, USA",39.0545433,-120.11357669999998,false,1,bike rental; boat rental; canoe rental; kayak rental; kayak tours; paddleboard rental; watersports rental,standard,2026-06-24,ChIJq5Q9LNZ_mYAR_7YexyN5loc,false
ChIJL83lmDWPmYARMYI1LGrsaJg,Tahoe Luxury Charters,true,core,canoe; pontoon; powerboat; pwc; wakeboard,7,4.4,16,OPERATIONAL,Services,http://tahoeluxurycharters.com/,https://maps.google.com/?cid=10982287632095347249&g_mp=Cidnb29nbGUubWFwcy5wbGFjZXMudjEuUGxhY2VzLlNlYXJjaFRleHQQAhgEIAA,(530) 721-2955,"2435 Venice Dr E, South Lake Tahoe, CA 96150, USA",38.9341357,-120.00131669999999,false,1,boat charter; boat rental; canoe rental; jet ski rental; motorboat rental; pontoon rental; ski boat rental,standard,2026-06-24,,false
ChIJqUSXYIU_mYARZbEBWum17ng,Zumiez,true,core,gear-shop; snowboard,2,4.4,16,OPERATIONAL,Sporting Goods Store,https://www.zumiez.com/stores/us717?utm_source=google+my+business&utm_medium=organic&utm_campaign=store+locations,https://maps.google.com/?cid=8714102342850556261&g_mp=Cidnb29nbGUubWFwcy5wbGFjZXMudjEuUGxhY2VzLlNlYXJjaFRleHQQAhgEIAA,(775) 434-1244,"1310 Scheels Drive #d126, Sparks, NV 89434, USA",39.5321468,-119.72010050000002,false,1,snowboard shop; sporting goods store,standard,2026-06-24,ChIJTb3VLfI_mYARC8xCjsfWDzE,false
ChIJsUbbEhBwmYARaLq8s6d072E,Presbyterian Womens Thrift Shp,true,core,gear-shop,1,4.3,16,OPERATIONAL,Thrift Store,,https://maps.google.com/?cid=7056987404736707176&g_mp=Cidnb29nbGUubWFwcy5wbGFjZXMudjEuUGxhY2VzLlNlYXJjaFRleHQQAhgEIAA,(775) 831-3902,"799 Southwood Blvd #12, Incline Village, NV 89451, USA",39.2476466,-119.9617737,false,1,sporting goods store,standard,2026-06-24,,true
ChIJr5zA0Kk_mYARLQMKNULVZOs,Tahoe-Pyramid Bikeway,true,core,mtb,1,4.3,16,OPERATIONAL,Park,,https://maps.google.com/?cid=16961916576918537005&g_mp=Cidnb29nbGUubWFwcy5wbGFjZXMudjEuUGxhY2VzLlNlYXJjaFRleHQQAhgEIAA,,"Tahoe - Pyramid Bikeway, Sparks, NV 89431, USA",39.513238699999995,-119.73341649999999,false,1,downhill bike park rental,standard,2026-06-24,,false
ChIJ6cmYBsxHmYARXIdxQ1MJbPI,United Rentals,true,core,gear-shop,1,3.9,16,OPERATIONAL,Services,https://www.unitedrentals.com/locations/nv/reno/equipment-tool-rentals/dl8?utm_source=google&utm_medium=distrib&utm_campaign=yext,https://maps.google.com/?cid=17468347307881760604&g_mp=Cidnb29nbGUubWFwcy5wbGFjZXMudjEuUGxhY2VzLlNlYXJjaFRleHQQAhgEIAA,(775) 322-8228,"3750 N Virginia St, Reno, NV 89506, USA",39.5654171,-119.82376950000001,false,1,outdoor equipment rental,standard,2026-06-24,ChIJJUe0GCM_mYARrWg2J82g8ec,false
ChIJQyqVfYmbmYARRq9JoIFNTlo,Blue Sun Boat Rentals,true,core,canoe; pontoon; powerboat,4,5,15,OPERATIONAL,Services,,https://maps.google.com/?cid=6507223730732248902&g_mp=Cidnb29nbGUubWFwcy5wbGFjZXMudjEuUGxhY2VzLlNlYXJjaFRleHQQAhgEIAA,(530) 254-4620,,,,true,1,boat rental; canoe rental; motorboat rental; pontoon rental,service-area,2026-06-24,,false
ChIJWUMQ4Te5G2wRwZWD1zkhze8,Battle Born Bouncers Nevada LLC,true,core,camping,1,5,15,OPERATIONAL,Services,https://www.bbbnv.com/,https://maps.google.com/?cid=17279503877603038657&g_mp=Cidnb29nbGUubWFwcy5wbGFjZXMudjEuUGxhY2VzLlNlYXJjaFRleHQQAhgEIAA,(775) 209-9663,,,,true,1,tent rental,service-area,2026-06-24,,false
ChIJ1YNUPVyhmYARFTF88U7uXd0,Tahoe Sled School,true,core; experience,alpine-ski; snow-tube; snowmobile,4,5,15,OPERATIONAL,Services,https://www.tahoesledschool.com/,https://maps.google.com/?cid=15951167478042472725&g_mp=Cidnb29nbGUubWFwcy5wbGFjZXMudjEuUGxhY2VzLlNlYXJjaFRleHQQAhgEIAA,(530) 651-3645,"2106 Idaho St, Carson City, NV 89701, USA",39.147999399999996,-119.76450600000001,false,1,ski rental; sled rental; snow tube rental; snowmobile rental,standard,2026-06-24,,false
ChIJb-b8_CxxmYAR8pbPESGXLFM,Tahoe Paradise Boat Rentals,true,core,canoe; pontoon; powerboat; wakeboard,4,5,15,OPERATIONAL,Services,http://tahoeparadiseboatrentals.com/,https://maps.google.com/?cid=5993331372411819762&g_mp=Cidnb29nbGUubWFwcy5wbGFjZXMudjEuUGxhY2VzLlNlYXJjaFRleHQQAhgEIAA,(775) 546-8279,"Southwood Blvd, Incline Village, NV 89451, USA",39.2465106,-119.95457259999999,false,1,boat rental; canoe rental; pontoon rental; ski boat rental,standard,2026-06-24,,false
ChIJa9GSkfMKmYARqZGsBmvllNg,Sweatsedo,true,core,gear-shop,1,5,15,OPERATIONAL,Clothing Store,http://www.sweatsedo.com/,https://maps.google.com/?cid=15606350856581845417&g_mp=Cidnb29nbGUubWFwcy5wbGFjZXMudjEuUGxhY2VzLlNlYXJjaFRleHQQAhgEIAA,(775) 883-2096,"3140 Research Way, Carson City, NV 89706, USA",39.1872799,-119.7495054,false,1,sporting goods store,standard,2026-06-24,,true
ChIJ3QrEBjigKQ4RM2Iv18oYRiw,Electronic Shooters Protection (ESP),true,core,gear-shop,2,5,15,OPERATIONAL,Manufacturer,https://www.espamerica.com/,https://maps.google.com/?cid=3190264645511242291&g_mp=Cidnb29nbGUubWFwcy5wbGFjZXMudjEuUGxhY2VzLlNlYXJjaFRleHQQAhgEIAA,(303) 659-8844,"767 Mill St, Reno, NV 89502, USA",39.5257915,-119.8011892,false,2,sporting goods store,standard,2026-06-24,,false
ChIJcR0S28ZHmYARZh-UJ4_MEpw,Spearhead Tactical,true,core,gear-shop,1,5,15,OPERATIONAL,Sporting Goods Store,https://spearheadtactical.us/,https://maps.google.com/?cid=11246276134713958246&g_mp=Cidnb29nbGUubWFwcy5wbGFjZXMudjEuUGxhY2VzLlNlYXJjaFRleHQQAhgEIAA,(775) 446-9746,"111 Spearhead Ct, Reno, NV 89506, USA",39.5979543,-119.81703099999999,false,1,sporting goods store,standard,2026-06-24,,false
ChIJHy3S4TBimYAR8wZL0zU3DRk,Showcase - Northstar,true,core,alpine-ski; gear-shop; nordic-ski; snowboard,9,4.9,15,OPERATIONAL,Sporting Goods Store,https://www.epicmountainrentals.com/,https://maps.google.com/?cid=1805159729963140851&g_mp=Cidnb29nbGUubWFwcy5wbGFjZXMudjEuUGxhY2VzLlNlYXJjaFRleHQQAhgEIAA,(530) 562-3650,"3001 Northstar Dr Ste 3055, Truckee, CA 96161, USA",39.2755967,-120.12108200000002,false,4,cross country ski rental; ski rental; ski shop; snowboard rental; snowboard shop; sporting goods store,standard,2026-06-24,ChIJy_eG4DBimYARKG5IS_ziWW4,false
ChIJZSQyrBqbmYARCOrt-c8l9Yc,Katoma LLC boat rental Lake Tahoe,true,core,canoe; kayak; pontoon; powerboat; pwc; sailing; wakeboard; watersports,12,4.7,15,OPERATIONAL,Services,http://boatrentalslaketahoe.com/,https://maps.google.com/?cid=9796778139595958792&g_mp=Cidnb29nbGUubWFwcy5wbGFjZXMudjEuUGxhY2VzLlNlYXJjaFRleHQQAhgEIAA,(775) 297-2970,"pb 5442, 1109 Hwy 50, Zephyr Cove, NV 89448, USA",39.0263977,-119.9456558,false,1,boat charter; boat rental; canoe rental; jet ski rental; kayak rental; motorboat rental; personal watercraft rental; pontoon rental; sailboat rental; ski boat rental; watersports rental; waverunner rental,standard,2026-06-24,,false
ChIJ0QGtlag_mYARyoq16DanUaY,Celebrations Event Rentals,true,core,camping,1,4.7,15,OPERATIONAL,Services,http://www.celebrationspartyrentals.com/,https://maps.google.com/?cid=11984543937683884746&g_mp=Cidnb29nbGUubWFwcy5wbGFjZXMudjEuUGxhY2VzLlNlYXJjaFRleHQQAhgEIAA,(775) 773-8900,"230-A Coney Island Dr, Sparks, NV 89431, USA",39.519557899999995,-119.74538419999999,false,1,tent rental,standard,2026-06-24,,false
ChIJQRxN-dqimYARBJcnuPARAN4,Sunrise Pass Arms Co,true,core,gear-shop,1,4.5,15,OPERATIONAL,Sporting Goods Store,,https://maps.google.com/?cid=15996805601999427332&g_mp=Cidnb29nbGUubWFwcy5wbGFjZXMudjEuUGxhY2VzLlNlYXJjaFRleHQQAhgEIAA,(775) 267-2284,"1693 Toni Ct, Minden, NV 89423, USA",39.019990899999996,-119.7059752,false,1,sporting goods store,standard,2026-06-24,,false
ChIJ3TnKH9ajV2gRZyxjDGMuk50,Tahoe Swell Seekers,true,core,canoe; pontoon; powerboat; watersports,4,5,14,OPERATIONAL,Services,https://www.tahoeswellseekers.com/,https://maps.google.com/?cid=11354470088475618407&g_mp=Cidnb29nbGUubWFwcy5wbGFjZXMudjEuUGxhY2VzLlNlYXJjaFRleHQQAhgEIAA,(707) 294-8757,,,,true,1,boat rental; canoe rental; pontoon rental; watersports rental,service-area,2026-06-24,,false
ChIJt_L3ZgMKmYARNYr60Gefwmc,Carson Tahoe Marine Inc,true,core,pontoon,1,4.5,14,OPERATIONAL,Services,,https://maps.google.com/?cid=7476713599624972853&g_mp=Cidnb29nbGUubWFwcy5wbGFjZXMudjEuUGxhY2VzLlNlYXJjaFRleHQQAhgEIAA,(775) 887-1771,"38 Cygnet Dr, Mound House, NV 89706, USA",39.234397,-119.66473699999999,false,1,pontoon rental,standard,2026-06-24,,false
ChIJlcG4XATem4ARzXynGIqukgk,Donner Memorial State Park Watersport Rental,true,core,alpine-ski; canoe; kayak; pontoon; powerboat; pwc; wakeboard; watersports,11,4.5,14,OPERATIONAL,Park,,https://maps.google.com/?cid=689805601083456717&g_mp=Cidnb29nbGUubWFwcy5wbGFjZXMudjEuUGxhY2VzLlNlYXJjaFRleHQQAhgEIAA,(530) 582-1999,"S Shore Dr, Truckee, CA 96161, USA",39.3229817,-120.2432773,false,3,boat rental; canoe rental; jet ski rental; kayak rental; pontoon rental; ski boat rental; ski rental; watersports rental,standard,2026-06-24,,false
ChIJc7xrQz1wmYARNoqosr-SE3U,TahoeJetBoats,true,core,alpine-ski; canoe; gear-shop; pontoon; powerboat; pwc; wakeboard; watersports,18,4.4,14,OPERATIONAL,Services,http://www.tahoejetboats.com/,https://maps.google.com/?cid=8436247879028869686&g_mp=Cidnb29nbGUubWFwcy5wbGFjZXMudjEuUGxhY2VzLlNlYXJjaFRleHQQAhgEIAA,,"930 Tahoe Blvd #802, Incline Village, NV 89451, USA",39.24915,-119.95619099999999,false,2,boat charter; boat rental; canoe rental; jet ski rental; motorboat rental; personal watercraft rental; pontoon rental; ski boat rental; ski rental; ski shop; sporting goods store; wakeboard boat rental; watersports rental; waverunner rental,standard,2026-06-24,,false
ChIJIXaPqFCHwoART-UxC5Iq0Ag,Leatt USA,true,core,cycling,1,4.1,14,OPERATIONAL,Suppliers,http://www.us.leatt.com/,https://maps.google.com/?cid=635054354200651087&g_mp=Cidnb29nbGUubWFwcy5wbGFjZXMudjEuUGxhY2VzLlNlYXJjaFRleHQQAhgEIAA,(661) 287-9258,"9555 N Virginia St #105, Reno, NV 89506, USA",39.6095992,-119.87024120000001,false,1,bike shop,standard,2026-06-24,,false
ChIJF7B73zBimYARrR4Fd3o5ESU,Northstar Performance Demo,true,core,alpine-ski; cycling; gear-shop; mtb; snowboard,12,3.4,14,OPERATIONAL,Services,https://www.epicmountainrentals.com/,https://maps.google.com/?cid=2670979252153032365&g_mp=Cidnb29nbGUubWFwcy5wbGFjZXMudjEuUGxhY2VzLlNlYXJjaFRleHQQAhgEIAA,(530) 562-3532,"6001 Northstar Dr Suite 6103, Truckee, CA 96161, USA",39.274992,-120.12142910000001,false,5,bike rental; bike shop; mountain bike rental; ski rental; ski shop; snowboard rental; snowboard shop; sporting goods store,standard,2026-06-24,ChIJy_eG4DBimYARKG5IS_ziWW4,false
ChIJuYGQMXaQmYARCO9oO_RTRQQ,Powder House Stateline at Zalanta,true,core,alpine-ski; gear-shop; snowboard,9,2.6,14,OPERATIONAL,Services,http://tahoepowderhouse.com/,https://maps.google.com/?cid=307744457978605320&g_mp=Cidnb29nbGUubWFwcy5wbGFjZXMudjEuUGxhY2VzLlNlYXJjaFRleHQQAhgEIAA,(530) 542-6222,"4101 Lake Tahoe Blvd #109, South Lake Tahoe, CA 96150, USA",38.9572346,-119.9440467,false,3,outdoor gear rental; ski rental; ski shop; snowboard rental; snowboard shop; sporting goods store,standard,2026-06-24,,false
ChIJATguosatFikRDeuaSAe-XfU,Tahoe Star Charters,true,core,powerboat,2,5,13,OPERATIONAL,Tour Agency,http://tahoestar.com/,https://maps.google.com/?cid=17680496650618596109&g_mp=Cidnb29nbGUubWFwcy5wbGFjZXMudjEuUGxhY2VzLlNlYXJjaFRleHQQAhgEIAA,(530) 578-0041,"2435 Venice Dr E, South Lake Tahoe, CA 96150, USA",38.9344684,-120.0020088,false,1,boat charter; boat rental,standard,2026-06-24,,false
ChIJU-YPoOI-mYAR0XlUUDVc59c,Creative Coverings,true,core,camping,1,5,13,OPERATIONAL,Services,http://creativecoverings.com/,https://maps.google.com/?cid=15557504821825403345&g_mp=Cidnb29nbGUubWFwcy5wbGFjZXMudjEuUGxhY2VzLlNlYXJjaFRleHQQAhgEIAA,(877) 410-6367,"87 Coney Island Dr, Sparks, NV 89431, USA",39.519445999999995,-119.74265100000001,false,1,tent rental,standard,2026-06-24,,false
ChIJZX543IdImYARa1KaVSIFuqo,Herc Rentals,true,core,gear-shop,1,5,13,OPERATIONAL,Services,https://www.hercrentals.com/locations/nevada/reno/reno-he.html?utm_source=GMB&utm_medium=organic&utm_campaign=H-and-E-Reno-NV-958A-USA,https://maps.google.com/?cid=12302150977139135083&g_mp=Cidnb29nbGUubWFwcy5wbGFjZXMudjEuUGxhY2VzLlNlYXJjaFRleHQQAhgEIAA,(775) 358-3323,"845 N Hills Blvd, Reno, NV 89506, USA",39.596629899999996,-119.82808650000001,false,1,outdoor equipment rental,standard,2026-06-24,,false
ChIJr-7qm6mPmYARmJYhaIYHFa4,Tahoe Boat Tours,true,core,powerboat,2,4.8,13,OPERATIONAL,Tour Agency,http://www.tahoelaketours.com/,https://maps.google.com/?cid=12543940610964428440&g_mp=Cidnb29nbGUubWFwcy5wbGFjZXMudjEuUGxhY2VzLlNlYXJjaFRleHQQAhgEIAA,(530) 318-0123,"2435 Venice Dr E, South Lake Tahoe, CA 96150, USA",38.935427499999996,-120.00246039999999,false,1,boat charter; boat rental,standard,2026-06-24,,false
ChIJDYgTz9G5mYARbnlNDuIvi5I,The Pine Nuts Disc Golf Course,true,core,disc-golf,1,4.8,13,OPERATIONAL,Athletic Field,,https://maps.google.com/?cid=10559586399249332590&g_mp=Cidnb29nbGUubWFwcy5wbGFjZXMudjEuUGxhY2VzLlNlYXJjaFRleHQQAhgEIAA,,"920 Dump Rd, Gardnerville, NV 89410, USA",38.9032473,-119.6760745,false,1,disc golf rental,standard,2026-06-24,,false
ChIJYxHckB8KmYARtyYl0qc4ZRU,Carson City Centennial Park Archery Range,true,gap,archery,2,4.8,13,OPERATIONAL,Sports Activity Location,http://www.clearcreekbowmen.com/,https://maps.google.com/?cid=1541700740880606903&g_mp=Cidnb29nbGUubWFwcy5wbGFjZXMudjEuUGxhY2VzLlNlYXJjaFRleHQQAhgEIAA,(775) 882-2379,"Centennial Dr, Carson City, NV 89701, USA",39.1979427,-119.69828589999997,false,1,archery pro shop; archery range,standard,2026-06-24,,false
ChIJOeyRBRvgm4ARNbELv-Coabk,Off Road Tahoe Tours,true,core,atv; offroad-4x4; utv,3,4.8,13,OPERATIONAL,,http://www.offroadtahoe.com/,https://maps.google.com/?cid=13360395452802642229&g_mp=Cidnb29nbGUubWFwcy5wbGFjZXMudjEuUGxhY2VzLlNlYXJjaFRleHQQAhgEIAA,,,,,true,1,atv rental; off road jeep rental; utv rental,service-area,2026-06-24,,false
ChIJu16hqyI_mYARQ8iPpauNDUc,Gianola's Boat Canvas,true,core,powerboat,1,4.8,13,OPERATIONAL,,,https://maps.google.com/?cid=5119904119746709571&g_mp=Cidnb29nbGUubWFwcy5wbGFjZXMudjEuUGxhY2VzLlNlYXJjaFRleHQQAhgEIAA,(775) 331-5331,"1455 Linda Wy, Sparks, NV 89431, USA",39.5228647,-119.7490387,false,1,boat rental,standard,2026-06-24,,false
ChIJN8tf2vwJmYARmoi1an3P_G0,Pony Express Disc Golf Trail,true,core,disc-golf,1,4.7,13,OPERATIONAL,Athletic Field,https://www.facebook.com/groups/825020027941346,https://maps.google.com/?cid=7925437581833373850&g_mp=Cidnb29nbGUubWFwcy5wbGFjZXMudjEuUGxhY2VzLlNlYXJjaFRleHQQAhgEIAA,,"Rifle Range Rd, Carson City, NV 89701, USA",39.195185599999995,-119.6834674,false,1,disc golf rental,standard,2026-06-24,,false
ChIJTXYPIfxHmYARV7PRV5mpUq8,Bicycle Service Center,true,core,cycling; ebike; mtb,4,4.7,13,OPERATIONAL,Services,http://bicycleservicecenter.com/,https://maps.google.com/?cid=12633346380796113751&g_mp=Cidnb29nbGUubWFwcy5wbGFjZXMudjEuUGxhY2VzLlNlYXJjaFRleHQQAhgEIAA,(775) 683-9003,"5902 Los Altos Pkwy, Sparks, NV 89434, USA",39.5648346,-119.7034292,false,1,bike rental; bike shop; ebike rental; mountain bike rental,standard,2026-06-24,,false
ChIJw3MOz9wVmYARAEFgfTnECA0,Home Means Nevada Co.,true,core,gear-shop,1,4.5,13,OPERATIONAL,Clothing Store,https://homemeansnevada.com/,https://maps.google.com/?cid=939216273502388480&g_mp=Cidnb29nbGUubWFwcy5wbGFjZXMudjEuUGxhY2VzLlNlYXJjaFRleHQQAhgEIAA,(775) 376-1115,"15 Foothill Rd #3, Reno, NV 89511, USA",39.4393557,-119.77069689999999,false,1,sporting goods store,standard,2026-06-24,,true
ChIJH4LWWHR9mYARuTdZVvZ9k_c,Tahoe Marine Supply,true,core,alpine-ski; gear-shop; pontoon; powerboat; pwc; watersports,7,4.3,13,OPERATIONAL,Store,https://tahoemarinesupply.com/,https://maps.google.com/?cid=17839741045908780985&g_mp=Cidnb29nbGUubWFwcy5wbGFjZXMudjEuUGxhY2VzLlNlYXJjaFRleHQQAhgEIAA,(530) 583-0925,"700 N Lake Blvd, Tahoe City, CA 96145, USA",39.17163010000001,-120.1381845,false,2,boat rental; jet ski rental; pontoon rental; ski rental; sporting goods store; watersports rental,standard,2026-06-24,,false
ChIJyXzw2lwVmYARdxP1vdq8bFs,Athleta,true,core,gear-shop,1,4.1,13,OPERATIONAL,Clothing Store,https://athleta.gap.com/stores/nv/reno/athleta-7305.html,https://maps.google.com/?cid=6587848002612040567&g_mp=Cidnb29nbGUubWFwcy5wbGFjZXMudjEuUGxhY2VzLlNlYXJjaFRleHQQAhgEIAA,(775) 260-1527,"13925 S Virginia St Ste 220, Reno, NV 89511, USA",39.406134699999996,-119.75201759999997,false,1,sporting goods store,standard,2026-06-24,,true
ChIJFSc40LNHmYAR14L8LUqZynw,Dannys Party Rental LLC,true,core,camping,1,5,12,OPERATIONAL,Services,https://dannyspartyrental.com/,https://maps.google.com/?cid=8992168149876769495&g_mp=Cidnb29nbGUubWFwcy5wbGFjZXMudjEuUGxhY2VzLlNlYXJjaFRleHQQAhgEIAA,(775) 219-0797,"1815 Dream Catcher Rd, Sun Valley, NV 89433, USA",39.6002496,-119.80662029999999,false,1,tent rental,standard,2026-06-24,,false
ChIJ5XChC66PmYARGYPDyVK_DUg,South Tahoe Bikeway Trailheads,true,core,cycling,1,4.9,12,OPERATIONAL,Park,,https://maps.google.com/?cid=5192016307721306905&g_mp=Cidnb29nbGUubWFwcy5wbGFjZXMudjEuUGxhY2VzLlNlYXJjaFRleHQQAhgEIAA,,"2326 Eloise Ave, South Lake Tahoe, CA 96150, USA",38.921330999999995,-119.99503779999999,false,1,bike shop,standard,2026-06-24,,false
ChIJmdK4WBY_mYARgLyU-DYuncQ,Sunstate Equipment,true,core,gear-shop,1,4.8,12,OPERATIONAL,Services,https://www.sunstateequip.com/locations/NV/Reno/RNO?utm_source=local&utm_medium=organic&utm_campaign=gmb&utm_content=Reno&utm_term=RNO,https://maps.google.com/?cid=14167530816411057280&g_mp=Cidnb29nbGUubWFwcy5wbGFjZXMudjEuUGxhY2VzLlNlYXJjaFRleHQQAhgEIAA,(775) 473-4509,"750 S Rock Blvd, Reno, NV 89502, USA",39.5017372,-119.76064489999999,false,1,outdoor equipment rental,standard,2026-06-24,,false
ChIJfTRnuRxjmYARfCI5ES3Jhes,TrueNorth - Ritz Carlton,true,core,alpine-ski; gear-shop; snowboard,8,4.7,12,OPERATIONAL,Sporting Goods Store,https://www.epicmountainrentals.com/,https://maps.google.com/?cid=16971191966215250556&g_mp=Cidnb29nbGUubWFwcy5wbGFjZXMudjEuUGxhY2VzLlNlYXJjaFRleHQQAhgEIAA,(530) 562-3269,"13031 Ritz Carlton Highlands Ct, Truckee, CA 96161, USA",39.266892299999995,-120.1276171,false,3,ski rental; ski shop; snowboard rental; snowboard shop; sporting goods store,standard,2026-06-24,,false
ChIJO1eBm2AVmYAR5zBLIu_Vo64,Lakeshore Paddleboard Co.,true,core,backpacking; camping; gear-shop; sup,5,4.7,12,OPERATIONAL,Sporting Goods Store,http://www.lakeshoresup.com/,https://maps.google.com/?cid=12584137006852550887&g_mp=Cidnb29nbGUubWFwcy5wbGFjZXMudjEuUGxhY2VzLlNlYXJjaFRleHQQAhgEIAA,(775) 852-9100,"South Meadows, Reno, NV 89521, USA",39.4484491,-119.74912549999999,false,1,backpacking gear rental; camping gear rental; outdoor gear rental; paddleboard rental; sporting goods store,standard,2026-06-24,,false
ChIJx83JvkSQmYARUR15qJdOarY,Heavenly Ski & Snowboard Foundation,true,core,alpine-ski; snowboard,5,4.5,12,OPERATIONAL,Non-Profit Organization,https://www.skiheavenly.com/,https://maps.google.com/?cid=13144404875707751761&g_mp=Cidnb29nbGUubWFwcy5wbGFjZXMudjEuUGxhY2VzLlNlYXJjaFRleHQQAhgEIAA,(530) 542-6912,"Parking lot, 3860 Saddle Rd, South Lake Tahoe, CA 96150, USA",38.9371128,-119.93840800000001,false,3,ski rental; ski shop; snowboard rental; snowboard shop,standard,2026-06-24,,false
ChIJMVsYHAA_mYARtgG8R5GfFtQ,Reno Sparks Asian Market,true,core,gear-shop,1,4.4,12,OPERATIONAL,Asian Grocery Store,,https://maps.google.com/?cid=15282577831850934710&g_mp=Cidnb29nbGUubWFwcy5wbGFjZXMudjEuUGxhY2VzLlNlYXJjaFRleHQQAhgEIAA,(775) 686-6795,"1639 Prater Wy, Sparks, NV 89431, USA",39.5377236,-119.7648164,false,1,sporting goods store,standard,2026-06-24,,false
ChIJ0a_a06oPmYARQJw30EcMg_8,MX Trophies,true,core,cycling,1,4,12,OPERATIONAL,Store,https://mx-trophies.com/,https://maps.google.com/?cid=18411573204196236352&g_mp=Cidnb29nbGUubWFwcy5wbGFjZXMudjEuUGxhY2VzLlNlYXJjaFRleHQQAhgEIAA,(775) 847-0795,"4010 Technology Way Ste A, Carson City, NV 89706, USA",39.195322399999995,-119.7258981,false,1,bike shop,standard,2026-06-24,,false
ChIJT7htblBlmYARTQqbT8qDVvE,Mountain Uniforms,true,core,alpine-ski; gear-shop,2,3.3,12,OPERATIONAL,Clothing Store,http://mountainuniforms.com/,https://maps.google.com/?cid=17390231916079942221&g_mp=Cidnb29nbGUubWFwcy5wbGFjZXMudjEuUGxhY2VzLlNlYXJjaFRleHQQAhgEIAA,(775) 831-7670,"800 Southwood Blvd Ste 101-102, Incline Village, NV 89451, USA",39.2479289,-119.96076629999999,false,1,ski shop; sporting goods store,standard,2026-06-24,,true
ChIJz9LoO3Yjm4ARzVOHCjitZ3A,"BabyQuip, Baby Gear Rentals, Juliana Elia, Serving Lake Tahoe",true,core,camping,1,5,11,OPERATIONAL,Child Care Agency,https://www.babyquip.com/juliana765,https://maps.google.com/?cid=8099632911055541197&g_mp=Cidnb29nbGUubWFwcy5wbGFjZXMudjEuUGxhY2VzLlNlYXJjaFRleHQQAhgEIAA,(530) 368-1598,,,,true,1,tent rental,service-area,2026-06-24,,false
ChIJ--mKYFwVmYARgBqJWOJo4L0,Exposure Photo Booths,true,core,camping,1,5,11,OPERATIONAL,Services,https://www.exposure-photobooths.com/photo-booth-rental-reno/,https://maps.google.com/?cid=13682050989308844672&g_mp=Cidnb29nbGUubWFwcy5wbGFjZXMudjEuUGxhY2VzLlNlYXJjaFRleHQQAhgEIAA,(800) 581-0399,"7383 Wallsend Dr, Reno, NV 89511, USA",39.4584354,-119.7662936,false,1,tent rental,standard,2026-06-24,,false
ChIJfQ2xKDjZbmsRP7dHMFOo8Po,Hoop Northern Nevada,true,core,camping,1,5,11,OPERATIONAL,Services,https://www.hoopnorthernnevada.com/,https://maps.google.com/?cid=18082137579138299711&g_mp=Cidnb29nbGUubWFwcy5wbGFjZXMudjEuUGxhY2VzLlNlYXJjaFRleHQQAhgEIAA,(775) 369-4667,,,,true,1,tent rental,service-area,2026-06-24,,false
ChIJdbUphSJBmYARxt5rt9PTo8M,Special Event Party Rentals,true,core,camping,1,5,11,OPERATIONAL,Services,https://specialeventnv.com/,https://maps.google.com/?cid=14097344164868644550&g_mp=Cidnb29nbGUubWFwcy5wbGFjZXMudjEuUGxhY2VzLlNlYXJjaFRleHQQAhgEIAA,(775) 686-0890,"1275 Kleppe Ln #7, Sparks, NV 89431, USA",39.5227472,-119.7228112,false,1,tent rental,standard,2026-06-24,,false
ChIJE6syEhp3m4ARUMhGPMndkhc,Shaun's Guide Service Donner lake,true,core; gap,fishing-charter; powerboat,2,4.8,11,OPERATIONAL,Fishing Charter,http://shaunsguideservice.net/,https://maps.google.com/?cid=1698663865841535056&g_mp=Cidnb29nbGUubWFwcy5wbGFjZXMudjEuUGxhY2VzLlNlYXJjaFRleHQQAhgEIAA,(530) 802-4484,"Donner Pass Rd, Truckee, CA 96161, USA",39.3277523,-120.30640960000001,false,1,boat charter; fishing charter,standard,2026-06-24,,false
ChIJ_8Cim7ZxmYARueAdx_9SVak,Sand Harbor Boat Ramp,true,core,kayak,1,4.5,11,OPERATIONAL,,https://parks.nv.gov/parks/lake-tahoe-nevada-state-park,https://maps.google.com/?cid=12201750023940989113&g_mp=Cidnb29nbGUubWFwcy5wbGFjZXMudjEuUGxhY2VzLlNlYXJjaFRleHQQAhgEIAA,,"2005 NV-28, New Washoe City, NV 89704, USA",39.200518599999995,-119.93019439999999,false,1,kayak rental,standard,2026-06-24,,false
ChIJH4LWWHR9mYARzGkBcHGIW7E,Reel Deal Sportfishing,true,core; gap,fishing-charter; powerboat,2,4.4,11,OPERATIONAL,Fishing Charter,,https://maps.google.com/?cid=12779958388385737164&g_mp=Cidnb29nbGUubWFwcy5wbGFjZXMudjEuUGxhY2VzLlNlYXJjaFRleHQQAhgEIAA,(530) 318-6272,"700 N Lake Blvd, Tahoe City, CA 96145, USA",39.171861,-120.13792169999999,false,1,boat charter; fishing charter,standard,2026-06-24,,false
ChIJMX6vn0ChmYARSywE0MlNSWA,Burlington,true,core,gear-shop,1,4.1,11,OPERATIONAL,Clothing Store,https://www.burlington.com/stores/nv/carson-city/1681?utm_source=google&utm_medium=organic&utm_campaign=maps,https://maps.google.com/?cid=6938162230114659403&g_mp=Cidnb29nbGUubWFwcy5wbGFjZXMudjEuUGxhY2VzLlNlYXJjaFRleHQQAhgEIAA,(775) 486-1367,"911 Topsy Ln, Carson City, NV 89705, USA",39.1094949,-119.7787134,false,1,sporting goods store,standard,2026-06-24,ChIJl1VVVSU-mYARJj-DrzWoUQQ,true
ChIJZ7lyYOePmYARxMLs_LA_idk,Lake Tahoe Boat Company,true,core,powerboat,1,5,10,OPERATIONAL,Suppliers,http://laketahoeboatco.com/,https://maps.google.com/?cid=15675130007429890756&g_mp=Cidnb29nbGUubWFwcy5wbGFjZXMudjEuUGxhY2VzLlNlYXJjaFRleHQQAhgEIAA,(530) 541-2628,"2709 Lake Tahoe Blvd, South Lake Tahoe, CA 96150, USA",38.929109,-119.98132070000001,false,1,boat rental,standard,2026-06-24,,false
ChIJ1ZaQUzKPmYAR57-3OAiU3i4,Imaginecharterstahoe,true,core,powerboat,1,5,10,OPERATIONAL,Tour Agency,https://imaginecharterstahoe.com/,https://maps.google.com/?cid=3377299533606666215&g_mp=Cidnb29nbGUubWFwcy5wbGFjZXMudjEuUGxhY2VzLlNlYXJjaFRleHQQAhgEIAA,(530) 307-8537,"2435 Venice Dr E, South Lake Tahoe, CA 96150, USA",38.9344684,-120.0020088,false,1,boat charter,standard,2026-06-24,,false
ChIJXeFVzDc_mYARuEWfdb99QAM,Fiesta Rental Central in Reno,true,core,camping; gear-shop,2,5,10,OPERATIONAL,Services,https://www.fiestarentalcentral.com/,https://maps.google.com/?cid=234325441888863672&g_mp=Cidnb29nbGUubWFwcy5wbGFjZXMudjEuUGxhY2VzLlNlYXJjaFRleHQQAhgEIAA,(775) 444-8080,"5401 Longley Ln Bldg B, Suite 45, Reno, NV 89521, USA",39.4712698,-119.7674988,false,1,outdoor equipment rental; tent rental,standard,2026-06-24,,false
ChIJhxVohCeCIo0R_2rmHoLtP5k,La Magie Party,true,core,camping,1,5,10,OPERATIONAL,Services,https://lamagieparty.godaddysites.com/,https://maps.google.com/?cid=11042805954455694079&g_mp=Cidnb29nbGUubWFwcy5wbGFjZXMudjEuUGxhY2VzLlNlYXJjaFRleHQQAhgEIAA,(775) 443-9506,,,,true,1,tent rental,service-area,2026-06-24,,false
ChIJg0A1VQFJmYARY_YXzZERZRw,F&S Powersports,true,core,cycling,1,5,10,OPERATIONAL,Auto Parts Store,,https://maps.google.com/?cid=2046060923618588259&g_mp=Cidnb29nbGUubWFwcy5wbGFjZXMudjEuUGxhY2VzLlNlYXJjaFRleHQQAhgEIAA,(775) 566-1227,"9255 Lemmon Dr, Reno, NV 89506, USA",39.6386021,-119.8443178,false,1,bike shop,standard,2026-06-24,,false
ChIJBVFIjxCPmYARx7hTuDwYGzM,Tahoe Yacht Cruises,true,core,canoe; powerboat; sailing,4,4.9,10,OPERATIONAL,Services,http://www.tahoeyachtcruises.com/,https://maps.google.com/?cid=3682563769375111367&g_mp=Cidnb29nbGUubWFwcy5wbGFjZXMudjEuUGxhY2VzLlNlYXJjaFRleHQQAhgEIAA,(530) 494-9222,"2435 Venice Dr E, South Lake Tahoe, CA 96150, USA",38.9341357,-120.00131669999999,false,1,boat charter; boat rental; canoe rental; sailboat rental,standard,2026-06-24,,false
ChIJJW55yF2jX4ERvzcyVVnCWhI,Gzm Party Rentals Reno,true,core,camping,1,4.9,10,OPERATIONAL,Services,http://gzmpartyrentals.com/,https://maps.google.com/?cid=1322583129523894207&g_mp=Cidnb29nbGUubWFwcy5wbGFjZXMudjEuUGxhY2VzLlNlYXJjaFRleHQQAhgEIAA,(775) 895-1228,,,,true,1,tent rental,service-area,2026-06-24,,false
ChIJBWDI1OY5XmURrYNeiUP2qBU,Nor-Cal Charters,true,core; gap,fishing-charter; powerboat,2,4.8,10,OPERATIONAL,Fishing Charter,https://www.fishingintahoe.com/,https://maps.google.com/?cid=1560768040811791277&g_mp=Cidnb29nbGUubWFwcy5wbGFjZXMudjEuUGxhY2VzLlNlYXJjaFRleHQQAhgEIAA,(530) 318-1981,"1900 Jameson Beach Rd, South Lake Tahoe, CA 96150, USA",38.938325299999995,-120.0397779,false,1,boat charter; fishing charter,standard,2026-06-24,ChIJg2OclY2PmYAR5NI116CXf8k,false
ChIJlesyeO9NNSIR4-yHkkq9kkU,Cloud of Goods Reno,true,core,cycling; ebike,2,4.8,10,OPERATIONAL,Services,https://www.cloudofgoods.com/reno-nv?utm_source=GMB-RNO&utm_medium=organic,https://maps.google.com/?cid=5013277463200394467&g_mp=Cidnb29nbGUubWFwcy5wbGFjZXMudjEuUGxhY2VzLlNlYXJjaFRleHQQAhgEIAA,(407) 545-3103,"255 Bell St, Reno, NV 89503, USA",39.5261117,-119.82175629999999,false,1,bike rental; ebike rental,standard,2026-06-24,,false
ChIJZ37pmCrnm4ARZSL7KmoQYw8,Tahoe Donner Bikeworks,true,core,cycling; ebike; mtb,5,4.5,10,OPERATIONAL,Services,https://www.tahoedonner.com/amenities/amenities/bikeworks/,https://maps.google.com/?cid=1108747981436953189&g_mp=Cidnb29nbGUubWFwcy5wbGFjZXMudjEuUGxhY2VzLlNlYXJjaFRleHQQAhgEIAA,(530) 582-9694,"15275 Alder Creek Rd, Truckee, CA 96161, USA",39.3635541,-120.2539303,false,1,bike rental; bike shop; downhill bike park rental; ebike rental; mountain bike rental,standard,2026-06-24,ChIJlR4YgSrnm4ARApSSsylmGNE,false
ChIJ8Xm0sOZBmYARAFonC28TGws,Alpinistas,true,core,alpine-ski; backcountry-ski; backpacking; camping; climbing; gear-shop; ice-climb; snowboard; snowshoe,13,4.2,10,OPERATIONAL,Clothing Store,https://www.thealpinistas.com/,https://maps.google.com/?cid=800254726437820928&g_mp=Cidnb29nbGUubWFwcy5wbGFjZXMudjEuUGxhY2VzLlNlYXJjaFRleHQQAhgEIAA,(888) 431-2785,"17025 Mt Rose Hwy, Reno, NV 89511, USA",39.3720557,-119.8450276,false,1,backcountry ski rental; backpacking gear rental; camping gear rental; climbing gear rental; mountaineering gear rental; outdoor equipment rental; outdoor gear rental; ski rental; ski shop; snowboard rental; snowboard shop; snowshoe rental; sporting goods store,standard,2026-06-24,,true
ChIJffjgxCuPmYARu_8tdozjXHE,Tahoe Tessie Trading Post,true,core,gear-shop,1,5,9,OPERATIONAL,Store,https://tahoetessietrading.com/,https://maps.google.com/?cid=8168654016560889787&g_mp=Cidnb29nbGUubWFwcy5wbGFjZXMudjEuUGxhY2VzLlNlYXJjaFRleHQQAhgEIAA,(530) 307-8618,"800 Emerald Bay Rd g, South Lake Tahoe, CA 96150, USA",38.917535099999995,-120.0110428,false,1,outdoor gear rental,standard,2026-06-24,,false
ChIJ8QD9nXS5mYARLd5aEr9DpzA,Scuba Mask Defog,true,core; experience,scuba,2,5,9,OPERATIONAL,Sports Activity Location,https://www.scubamaskdefog.com/,https://maps.google.com/?cid=3505845322856980013&g_mp=Cidnb29nbGUubWFwcy5wbGFjZXMudjEuUGxhY2VzLlNlYXJjaFRleHQQAhgEIAA,(775) 230-1116,"1925 Wiseman Ln, Gardnerville, NV 89410, USA",38.880197599999995,-119.681264,false,1,dive shop; scuba diving,standard,2026-06-24,,false
ChIJJ3ab3DcqFUERO5RPuK1cVVk,Tahoe Boat co,true,core,canoe; pontoon; powerboat,3,5,9,OPERATIONAL,Services,https://tahoeboatco.com/,https://maps.google.com/?cid=6437153143587312699&g_mp=Cidnb29nbGUubWFwcy5wbGFjZXMudjEuUGxhY2VzLlNlYXJjaFRleHQQAhgEIAA,(530) 324-2158,,,,true,1,boat rental; canoe rental; pontoon rental,service-area,2026-06-24,,false
ChIJcYv34f2imYARTFNk7shoRdw,DDC Racing (Delaney Drive Components),true,core,cycling,1,5,9,OPERATIONAL,Auto Parts Store,http://www.ddcracing.net/,https://maps.google.com/?cid=15872207673939481420&g_mp=Cidnb29nbGUubWFwcy5wbGFjZXMudjEuUGxhY2VzLlNlYXJjaFRleHQQAhgEIAA,(775) 250-8489,"2888 Hot Springs Dr, Minden, NV 89423, USA",39.0480447,-119.74361549999999,false,1,bike shop,standard,2026-06-24,,false
ChIJEXU9NRkLmYAR3wxdjo3xn0E,L&N Party Rentals,true,core,camping,1,5,9,OPERATIONAL,Banquet hall,,https://maps.google.com/?cid=4728763724043455711&g_mp=Cidnb29nbGUubWFwcy5wbGFjZXMudjEuUGxhY2VzLlNlYXJjaFRleHQQAhgEIAA,(775) 230-5254,"1770 Dori Wy, Carson City, NV 89706, USA",39.1771131,-119.7398753,false,1,tent rental,standard,2026-06-24,,false
ChIJx0Y-vBM_mYARFu44Zse9xSY,Sierra Propeller & fabrication,true,core,alpine-ski,1,5,9,OPERATIONAL,Store,,https://maps.google.com/?cid=2793847807964409366&g_mp=Cidnb29nbGUubWFwcy5wbGFjZXMudjEuUGxhY2VzLlNlYXJjaFRleHQQAhgEIAA,(775) 322-2011,"3785 Mill St, Reno, NV 89502, USA",39.5170165,-119.7642925,false,1,ski shop,standard,2026-06-24,,false
ChIJl8-H1OGPmYARSzMIQpKESLM,TahoeJetBoats,true,core,canoe; kayak; powerboat; pwc; wakeboard; watersports,9,4.6,9,OPERATIONAL,Services,https://www.tahoejetboats.com/,https://maps.google.com/?cid=12918721294820193099&g_mp=Cidnb29nbGUubWFwcy5wbGFjZXMudjEuUGxhY2VzLlNlYXJjaFRleHQQAhgEIAA,,"1046 Al Tahoe Blvd #18969, South Lake Tahoe, CA 96150, USA",38.9335135,-119.97437289999998,false,1,boat rental; canoe rental; jet ski rental; kayak rental; motorboat rental; personal watercraft rental; ski boat rental; watersports rental; waverunner rental,standard,2026-06-24,ChIJc7xrQz1wmYARNoqosr-SE3U,false
ChIJCcyG3hpwmYARrEh-q3-C4t0,The Bike Shop,true,core,alpine-ski; cycling; ebike; gear-shop; mtb,8,4.6,9,OPERATIONAL,Bicycle Shop,,https://maps.google.com/?cid=15988485111968319660&g_mp=Cidnb29nbGUubWFwcy5wbGFjZXMudjEuUGxhY2VzLlNlYXJjaFRleHQQAhgEIAA,(775) 831-3537,"800 Tahoe Blvd, Incline Village, NV 89451, USA",39.250715799999995,-119.96127059999999,false,2,bike rental; bike shop; ebike rental; mountain bike rental; ski rental; ski shop; sporting goods store,standard,2026-06-24,,false
ChIJh_0E4E99mYAR0zBdX3N682c,"Tahoe Jeep Rentals, Inc",true,core,atv; offroad-4x4,3,4.6,9,OPERATIONAL,Car Rental Agency,http://www.tahoejeeprental.com/,https://maps.google.com/?cid=7490465241187037395&g_mp=Cidnb29nbGUubWFwcy5wbGFjZXMudjEuUGxhY2VzLlNlYXJjaFRleHQQAhgEIAA,(530) 324-5850,,,,true,1,4x4 rental; atv rental; off road jeep rental,service-area,2026-06-24,,true
ChIJCcDsdZjfm4AR9IZtywC9KAw,Hunter's Bigger Fish,true,gap,fishing-charter; fly-fishing,2,4.6,9,OPERATIONAL,Fishing Charter,http://huntersbiggerfish.com/,https://maps.google.com/?cid=876157938634163956&g_mp=Cidnb29nbGUubWFwcy5wbGFjZXMudjEuUGxhY2VzLlNlYXJjaFRleHQQAhgEIAA,(530) 523-3018,"10858 Manchester Dr, Truckee, CA 96161, USA",39.3618805,-120.09969450000001,false,1,fishing charter; fly fishing outfitter,standard,2026-06-24,,false
ChIJAQAAAFBamYARDU3sBOHlO4M,"Sports Attack, LLC",true,core,gear-shop,1,4.6,9,OPERATIONAL,Manufacturer,http://sportsattack.com/,https://maps.google.com/?cid=9456404597207485709&g_mp=Cidnb29nbGUubWFwcy5wbGFjZXMudjEuUGxhY2VzLlNlYXJjaFRleHQQAhgEIAA,(775) 345-2882,"2805 US-40, Verdi, NV 89439, USA",39.51458530000001,-119.9534669,false,1,sporting goods store,standard,2026-06-24,,false
ChIJy8NTwde_mYARTyT6ZaOhJug,Carson Valley Event Rentals,true,core,camping,1,4.2,9,OPERATIONAL,Services,http://www.carsonvalleyeventrentals.com/,https://maps.google.com/?cid=16728235589076919375&g_mp=Cidnb29nbGUubWFwcy5wbGFjZXMudjEuUGxhY2VzLlNlYXJjaFRleHQQAhgEIAA,(775) 315-6034,,,,true,1,tent rental,service-area,2026-06-24,,false
ChIJ342p8srfm4ARij5KU6LiwFE,Sawmill Lake Private Water Fly Fishing,true,gap,fishing-charter; fly-fishing,2,4.2,9,OPERATIONAL,Fishing Charter,http://www.tahoeflyfishing.com/,https://maps.google.com/?cid=5890957499410562698&g_mp=Cidnb29nbGUubWFwcy5wbGFjZXMudjEuUGxhY2VzLlNlYXJjaFRleHQQAhgEIAA,(530) 541-8208,"500 Rd, Truckee, CA 96161, USA",39.2578062,-120.1119804,false,1,fishing charter; fly fishing outfitter,standard,2026-06-24,,false
ChIJ5-rxdgI5mYARxyyQRkgGrz0,Rental Center at The Home Depot,true,core,gear-shop,1,3.9,9,OPERATIONAL,Services,https://www.homedepot.com/l/Spanish-Springs/NV/Sparks/89436/3313/rentals?emt=RCGoogleMaps,https://maps.google.com/?cid=4444778264729234631&g_mp=Cidnb29nbGUubWFwcy5wbGFjZXMudjEuUGxhY2VzLlNlYXJjaFRleHQQAhgEIAA,(775) 626-3168,"4655 Galleria Pkwy, Sparks, NV 89436, USA",39.5779996,-119.742423,false,1,outdoor equipment rental,standard,2026-06-24,,false
ChIJc7BEfezZm4AR0MDluFCGDAw,THE NORTH FACE at PALISADES TAHOE,true,core,alpine-ski; gear-shop; snowboard,3,3.7,9,OPERATIONAL,Clothing Store,https://thenorthface.com/en-us/stores/ca/olympic-valley/tnfap-1880vsrs32,https://maps.google.com/?cid=868216509433233616&g_mp=Cidnb29nbGUubWFwcy5wbGFjZXMudjEuUGxhY2VzLlNlYXJjaFRleHQQAhgEIAA,(530) 452-4365,"1880 Vlg S Rd, Olympic Valley, CA 96146, USA",39.1966739,-120.2340009,false,1,ski shop; snowboard shop; sporting goods store,standard,2026-06-24,,true
ChIJheKSfkxHmYARUyoYKNs2qK4,Dynareno Motorcycles,true,core,cycling,1,3.7,9,OPERATIONAL,Store,http://dynarenomotorcycles.com/,https://maps.google.com/?cid=12585369473585261139&g_mp=Cidnb29nbGUubWFwcy5wbGFjZXMudjEuUGxhY2VzLlNlYXJjaFRleHQQAhgEIAA,(775) 323-8846,"608 E 4th St, Reno, NV 89512, USA",39.5313625,-119.8060271,false,1,bike shop,standard,2026-06-24,,false
ChIJgzX-hWAHBykRK5PyawtJSQQ,Let’s Bounce Tahoe,true,core,camping,1,5,8,OPERATIONAL,Services,https://letsbouncetahoe.com/,https://maps.google.com/?cid=308858362856117035&g_mp=Cidnb29nbGUubWFwcy5wbGFjZXMudjEuUGxhY2VzLlNlYXJjaFRleHQQAhgEIAA,(530) 489-8796,,,,true,1,tent rental,service-area,2026-06-24,,false
ChIJFThm4a-PmYAR-6x777jSJvo,Lake Tahoe Boat Charters,true,core,canoe; pontoon; powerboat; sailing,5,5,8,OPERATIONAL,Services,https://tahoeboattours.com/,https://maps.google.com/?cid=18025326250330664187&g_mp=Cidnb29nbGUubWFwcy5wbGFjZXMudjEuUGxhY2VzLlNlYXJjaFRleHQQAhgEIAA,(775) 339-1574,"2435 Venice Dr E, South Lake Tahoe, CA 96150, USA",38.9352987,-120.00232639999999,false,1,boat charter; boat rental; canoe rental; pontoon rental; sailboat rental,standard,2026-06-24,ChIJT720oDKPmYARl61Bj0YsY04,false
ChIJ41zCOjuPmYARpdNalS_jld8,TahoeTrophyTrout,true,core,powerboat,1,5,8,OPERATIONAL,Tour Agency,http://tahoetrophytrout.com/,https://maps.google.com/?cid=16111033035496543141&g_mp=Cidnb29nbGUubWFwcy5wbGFjZXMudjEuUGxhY2VzLlNlYXJjaFRleHQQAhgEIAA,(530) 318-0791,"Tahoe Keys Marina & Yacht Club, 2433 Venice Dr E, South Lake Tahoe, CA 96150, USA",38.9302667,-120.00366929999998,false,1,boat charter,standard,2026-06-24,,false
ChIJ__-P0xBwmYARBwqqmQYJZvQ,Praxis Skis,true,core,alpine-ski; backcountry-ski; gear-shop; snowboard,9,5,8,OPERATIONAL,Sporting Goods Store,https://www.praxisskis.com/pages/customer-service/contact-us.html,https://maps.google.com/?cid=17610773316831414791&g_mp=Cidnb29nbGUubWFwcy5wbGFjZXMudjEuUGxhY2VzLlNlYXJjaFRleHQQAhgEIAA,(775) 413-9061,"848 Tanager St, Incline Village, NV 89451, USA",39.2477989,-119.95665679999999,false,2,backcountry ski rental; ski rental; ski shop; snowboard rental; snowboard shop; splitboard rental; sporting goods store,standard,2026-06-24,,false
ChIJ-czLcgB7mYARDMTVL1KyqCQ,Desert Southwest Event Rentals of Lake Tahoe,true,core,camping,1,5,8,OPERATIONAL,Services,https://desertsouthwesteventrentals.com/,https://maps.google.com/?cid=2641557247512396812&g_mp=Cidnb29nbGUubWFwcy5wbGFjZXMudjEuUGxhY2VzLlNlYXJjaFRleHQQAhgEIAA,(775) 292-5602,"22 NV-28 #101B, Crystal Bay, NV 89402, USA",39.2283311,-120.00363279999998,false,1,tent rental,standard,2026-06-24,,false
ChIJw8H_AiLfm4AREgoERMP4snM,Tahoe Mountain Life,true,core,alpine-ski; gear-shop,2,5,8,OPERATIONAL,Clothing Store,https://tahoemountainsports.com/pages/tahoemountainlife/tahoemountainlife-3sqvjwrv,https://maps.google.com/?cid=8336999377759635986&g_mp=Cidnb29nbGUubWFwcy5wbGFjZXMudjEuUGxhY2VzLlNlYXJjaFRleHQQAhgEIAA,(530) 214-8593,"10120 Jibboom St #102, Truckee, CA 96161, USA",39.328304599999996,-120.18655419999999,false,1,ski shop; sporting goods store,standard,2026-06-24,,true
ChIJY2KOcOzZm4ARsXlV8OfJKjA,Members Locker Room,true,core,alpine-ski,2,4.9,8,OPERATIONAL,Sports Activity Location,https://www.palisadestahoe.com/footer/locker-rentals,https://maps.google.com/?cid=3470808460849150385&g_mp=Cidnb29nbGUubWFwcy5wbGFjZXMudjEuUGxhY2VzLlNlYXJjaFRleHQQAhgEIAA,(800) 403-0206,"1775 Olympic Vly Rd, Olympic Valley, CA 96146, USA",39.1961516,-120.2344705,false,2,ski rental,standard,2026-06-24,,false
ChIJuZS8zz_3mYARG7alCsHDeII,DiscWood Disc Golf Course,true,core,disc-golf,1,4.6,8,OPERATIONAL,Athletic Field,,https://maps.google.com/?cid=9401479456010647067&g_mp=Cidnb29nbGUubWFwcy5wbGFjZXMudjEuUGxhY2VzLlNlYXJjaFRleHQQAhgEIAA,,"Kirkwood, CA 95646, USA",38.689277,-120.07526469999999,false,1,disc golf rental,standard,2026-06-24,,false
ChIJof15zDsLmYARzX1_Gbkqtxw,BNL Enterprises Guns and Ammo,true,core,gear-shop,1,4.1,8,OPERATIONAL,Sporting Goods Store,http://bnlllc.com/,https://maps.google.com/?cid=2069169528285134285&g_mp=Cidnb29nbGUubWFwcy5wbGFjZXMudjEuUGxhY2VzLlNlYXJjaFRleHQQAhgEIAA,(775) 461-0673,"301 Hackamore Way, Carson City, NV 89701, USA",39.1652878,-119.75631759999999,false,1,sporting goods store,standard,2026-06-24,,false
ChIJn62LLHMVmYARbArYbQtB6N4,Quiver Sports,true,core,alpine-ski; gear-shop; kayak; pwc; sup; watersports,7,4,8,OPERATIONAL,Clothing Store,http://www.quiversports.com/,https://maps.google.com/?cid=16062159588360194668&g_mp=Cidnb29nbGUubWFwcy5wbGFjZXMudjEuUGxhY2VzLlNlYXJjaFRleHQQAhgEIAA,(775) 686-6515,"8975 Double Diamond Pkwy, Reno, NV 89521, USA",39.4502823,-119.75124849999999,false,1,jet ski rental; kayak rental; paddleboard rental; ski rental; ski shop; sporting goods store; watersports rental,standard,2026-06-24,,true
ChIJCVzk_MkUPgMRT8xv4Emnt1Y,Boat Rental Lake Tahoe,true,core,canoe; pontoon; powerboat; pwc,6,5,7,OPERATIONAL,Services,https://www.boatrentallaketahoe.com/,https://maps.google.com/?cid=6248646943739726927&g_mp=Cidnb29nbGUubWFwcy5wbGFjZXMudjEuUGxhY2VzLlNlYXJjaFRleHQQAhgEIAA,(619) 538-8939,,,,true,1,boat rental; canoe rental; jet ski rental; motorboat rental; personal watercraft rental; pontoon rental,service-area,2026-06-24,,false
ChIJZdaw6wl9mYARfdsKpDupMtI,Lake Tahoe Sailing,true,core,pontoon; powerboat; sailing,4,5,7,OPERATIONAL,Sports School,https://www.laketahoesail.com/,https://maps.google.com/?cid=15146354570420738941&g_mp=Cidnb29nbGUubWFwcy5wbGFjZXMudjEuUGxhY2VzLlNlYXJjaFRleHQQAhgEIAA,(530) 412-1101,"2500 Lake Forest Rd, Tahoe City, CA 96145, USA",39.181830999999995,-120.1184816,false,1,boat charter; boat rental; pontoon rental; sailboat rental,standard,2026-06-24,,false
ChIJK2R0Y2AKmYAR96a3U46S_d4,Rocys Choppers,true,core,cycling,1,5,7,OPERATIONAL,Store,,https://maps.google.com/?cid=16068160185515353847&g_mp=Cidnb29nbGUubWFwcy5wbGFjZXMudjEuUGxhY2VzLlNlYXJjaFRleHQQAhgEIAA,(775) 722-2205,"1820 Maxwell Rd, Carson City, NV 89706, USA",39.2111502,-119.74830299999999,false,1,bike shop,standard,2026-06-24,,false
ChIJ-0E9UJrhm4AReRY7fH4VbfE,Donner Lake E Bikes,true,core,cycling; ebike,2,5,7,OPERATIONAL,Services,,https://maps.google.com/?cid=17396584568596403833&g_mp=Cidnb29nbGUubWFwcy5wbGFjZXMudjEuUGxhY2VzLlNlYXJjaFRleHQQAhgEIAA,(787) 562-2582,,,,true,1,bike rental; ebike rental,service-area,2026-06-24,,false
ChIJGYSqOG6_ra4RftVNJXeN1tg,Sierra Wake Surf,true,core,canoe; pontoon; powerboat,3,5,7,OPERATIONAL,Services,http://sierrawakesurf.com/,https://maps.google.com/?cid=15624831500074997118&g_mp=Cidnb29nbGUubWFwcy5wbGFjZXMudjEuUGxhY2VzLlNlYXJjaFRleHQQAhgEIAA,(775) 303-8885,,,,true,1,boat rental; canoe rental; pontoon rental,service-area,2026-06-24,,false
ChIJ6Wq3kUs_mYARd6fokHUazI4,JNS party rentals,true,core,camping,1,5,7,OPERATIONAL,Services,,https://maps.google.com/?cid=10289628340879402871&g_mp=Cidnb29nbGUubWFwcy5wbGFjZXMudjEuUGxhY2VzLlNlYXJjaFRleHQQAhgEIAA,(530) 710-1820,,,,true,1,tent rental,service-area,2026-06-24,,false
ChIJPaASz4ePmYARTV345IBCFXk,Lake Tahoe Motorcycle,true,core,cycling,1,4.4,7,OPERATIONAL,Store,https://laketahoemotorcycle.com/,https://maps.google.com/?cid=8724952974464933197&g_mp=Cidnb29nbGUubWFwcy5wbGFjZXMudjEuUGxhY2VzLlNlYXJjaFRleHQQAhgEIAA,(530) 320-7225,"2042 5th St Ste 88, South Lake Tahoe, CA 96150, USA",38.916354999999996,-120.00576389999999,false,1,bike shop,standard,2026-06-24,,false
ChIJwdx57kE9mYARwGWlbPy6uvQ,WillScot,true,core,camping,1,4.4,7,OPERATIONAL,Storage,https://www.willscot.com/locations/details/reno-nv-modular?utm_source=google&utm_medium=organic&utm_campaign=gbp-listing,https://maps.google.com/?cid=17634612884239902144&g_mp=Cidnb29nbGUubWFwcy5wbGFjZXMudjEuUGxhY2VzLlNlYXJjaFRleHQQAhgEIAA,(775) 329-5054,"12050 Truckee Canyon Ct, Sparks, NV 89434, USA",39.518520599999995,-119.6260829,false,1,tent rental,standard,2026-06-24,,false
ChIJJ8NWXnaQmYARFeEzIbBrhr0,Ski Demo Center,true,core,alpine-ski; backcountry-ski; gear-shop; snowboard; snowshoe,10,4.3,7,OPERATIONAL,Sporting Goods Store,,https://maps.google.com/?cid=13656721324263072021&g_mp=Cidnb29nbGUubWFwcy5wbGFjZXMudjEuUGxhY2VzLlNlYXJjaFRleHQQAhgEIAA,,"South Lake Tahoe, CA 96150, USA",38.956497999999996,-119.94347,false,3,ski rental; ski shop; snowboard rental; snowboard shop; snowshoe rental; splitboard rental; sporting goods store,standard,2026-06-24,,false
ChIJWZ_9qaw4mYARXW6zI6flqI4,Prinoth LLC,true,core,alpine-ski,1,4.3,7,OPERATIONAL,Store,https://www.prinoth-snowgroomers.com/en-us,https://maps.google.com/?cid=10279718655494418013&g_mp=Cidnb29nbGUubWFwcy5wbGFjZXMudjEuUGxhY2VzLlNlYXJjaFRleHQQAhgEIAA,(775) 359-7517,"2620 E 5th St, Reno, NV 89512, USA",39.5354526,-119.78314809999998,false,1,ski shop,standard,2026-06-24,,false
ChIJK5Q_ITFimYAReguvjAbFR4k,Oakley,true,core,alpine-ski; gear-shop; snowboard,3,3.9,7,OPERATIONAL,Sportswear Store,http://www.oakley.com/,https://maps.google.com/?cid=9892091738463341434&g_mp=Cidnb29nbGUubWFwcy5wbGFjZXMudjEuUGxhY2VzLlNlYXJjaFRleHQQAhgEIAA,(530) 562-3630,"5001 Northstar Dr Ste 5115, Truckee, CA 96161, USA",39.274705499999996,-120.12050049999999,false,1,ski shop; snowboard shop; sporting goods store,standard,2026-06-24,,false
ChIJkf2Q10u9mYAR5lhJ7iEIZwE,Synergy Wetsuits,true,core,gear-shop,1,3.3,7,OPERATIONAL,Sporting Goods Store,https://synergywetsuits.com/,https://maps.google.com/?cid=101058458463852774&g_mp=Cidnb29nbGUubWFwcy5wbGFjZXMudjEuUGxhY2VzLlNlYXJjaFRleHQQAhgEIAA,(415) 895-8192,"2236 Park Pl Ste D, Minden, NV 89423, USA",39.0000652,-119.76476670000001,false,1,sporting goods store,standard,2026-06-24,,false
ChIJWRQo6XaQmYARPFU-QgLAS9Y,Lake Tahoe Bike Rentals,true,core,cycling; ebike; mtb,4,3.1,7,OPERATIONAL,Services,http://tahoepowderhouse.com/,https://maps.google.com/?cid=15441646863303726396&g_mp=Cidnb29nbGUubWFwcy5wbGFjZXMudjEuUGxhY2VzLlNlYXJjaFRleHQQAhgEIAA,(530) 542-1215,"1001 Heavenly Village Way, South Lake Tahoe, CA 96150, USA",38.9562319,-119.9443143,false,1,bike rental; bike shop; ebike rental; mountain bike rental,standard,2026-06-24,ChIJNd1MfXaQmYARGUhCfr5Mou8,false
ChIJl8-H1OGPmYARrRJCYDUCkE4,Tahoe Wake Tubing Boat Rentals,true,core,canoe; pontoon; powerboat; pwc; river-tube; wakeboard; watersports,13,5,6,OPERATIONAL,Services,https://www.tahoewaketubing.com/,https://maps.google.com/?cid=5661027159876178605&g_mp=Cidnb29nbGUubWFwcy5wbGFjZXMudjEuUGxhY2VzLlNlYXJjaFRleHQQAhgEIAA,,"1046 Al Tahoe Blvd #18969, South Lake Tahoe, CA 96150, USA",38.9335135,-119.97437289999998,false,1,boat charter; boat rental; canoe rental; jet ski rental; motorboat rental; personal watercraft rental; pontoon rental; river float rental; river tubing rental; ski boat rental; wakeboard boat rental; watersports rental; waverunner rental,standard,2026-06-24,,false
ChIJs1Lcg6Z_w0IRIjZ8jXNMGus,The AIM Collection Event Rentals,true,core,camping,1,5,6,OPERATIONAL,Services,https://www.theaimcollection.com/,https://maps.google.com/?cid=16940937007486219810&g_mp=Cidnb29nbGUubWFwcy5wbGFjZXMudjEuUGxhY2VzLlNlYXJjaFRleHQQAhgEIAA,(760) 815-6000,,,,true,1,tent rental,service-area,2026-06-24,,false
ChIJR0KXpF2hmYAR0cqHyu5p4Sw,Silver State Bounce LLC,true,core,camping,1,5,6,OPERATIONAL,Services,https://www.silverstatebounce.com/,https://maps.google.com/?cid=3233982481749756625&g_mp=Cidnb29nbGUubWFwcy5wbGFjZXMudjEuUGxhY2VzLlNlYXJjaFRleHQQAhgEIAA,(775) 315-7783,"1139 Lahontan Dr, Carson City, NV 89701, USA",39.1059315,-119.7581948,false,1,tent rental,standard,2026-06-24,,false
ChIJvTXOCrjXm4ARCjpfzIBOhIQ,Slant Skis,true,core,alpine-ski; snowboard,2,5,6,OPERATIONAL,Manufacturer,http://www.slantskis.com/,https://maps.google.com/?cid=9548843425023867402&g_mp=Cidnb29nbGUubWFwcy5wbGFjZXMudjEuUGxhY2VzLlNlYXJjaFRleHQQAhgEIAA,,"950 North Lake Blvd #12 B1829, Tahoe City, CA 96145, USA",39.173809899999995,-120.1362922,false,1,ski shop; snowboard shop,standard,2026-06-24,,false
ChIJqSpsKJFxmYARcscdz11UktE,LS Boat Rentals - Tahoe,true,core,canoe; pontoon; powerboat; sailing,5,5,6,OPERATIONAL,Services,https://lsboatrentals.com/,https://maps.google.com/?cid=15101225262410221426&g_mp=Cidnb29nbGUubWFwcy5wbGFjZXMudjEuUGxhY2VzLlNlYXJjaFRleHQQAhgEIAA,(530) 580-8017,"967 Lakeshore Blvd, Incline Village, NV 89451, USA",39.2406001,-119.9450837,false,1,boat rental; canoe rental; motorboat rental; pontoon rental; sailboat rental,standard,2026-06-24,,false
ChIJj_bJFLEYzQ4RibgHgB0sDms,Alpenthrow,true,core,camping,1,5,6,OPERATIONAL,Services,http://alpenthrow.com/,https://maps.google.com/?cid=7714151716945901705&g_mp=Cidnb29nbGUubWFwcy5wbGFjZXMudjEuUGxhY2VzLlNlYXJjaFRleHQQAhgEIAA,(530) 606-5418,,,,true,1,tent rental,service-area,2026-06-24,,false
ChIJwz6I0D8_mYARZ1-BD7rmItI,Boca Motorsports,true,core,cycling,1,5,6,OPERATIONAL,Store,https://bocamotorsports.com/,https://maps.google.com/?cid=15141918583971471207&g_mp=Cidnb29nbGUubWFwcy5wbGFjZXMudjEuUGxhY2VzLlNlYXJjaFRleHQQAhgEIAA,(775) 360-6714,"3781 Mill St, Reno, NV 89502, USA",39.516826099999996,-119.76432030000001,false,1,bike shop,standard,2026-06-24,,false
ChIJdWg3iPU5mYARPg-voPlKpYo,"Shoot Your Shot360 LLC Photo Booth Rentals Reno, Nevada",true,core,camping,1,5,6,OPERATIONAL,Services,http://shootyourshot360.us/,https://maps.google.com/?cid=9990473784394452798&g_mp=Cidnb29nbGUubWFwcy5wbGFjZXMudjEuUGxhY2VzLlNlYXJjaFRleHQQAhgEIAA,(775) 857-6564,"6980 Bannister Rd, Sparks, NV 89436, USA",39.616352299999996,-119.69663269999998,false,1,tent rental,standard,2026-06-24,,false
ChIJCX5BwLw_mYARxWPBHNVkz28,Grand Event Rental Reno-Tahoe,true,core,camping,1,4.7,6,OPERATIONAL,Services,https://www.grandeventrental.com/,https://maps.google.com/?cid=8056769124862354373&g_mp=Cidnb29nbGUubWFwcy5wbGFjZXMudjEuUGxhY2VzLlNlYXJjaFRleHQQAhgEIAA,(775) 993-0993,"5350 Capital Ct #107, Reno, NV 89502, USA",39.5023583,-119.75306399999998,false,1,tent rental,standard,2026-06-24,,false
ChIJx83JvkSQmYARKn4staJO7Ko,Heavenly Sports - Lake Tahoe Resort Hotel,true,core,alpine-ski; backpacking; camping; gear-shop; snowboard,12,4.3,6,OPERATIONAL,Services,https://www.epicmountainrentals.com/,https://maps.google.com/?cid=12316305541682724394&g_mp=Cidnb29nbGUubWFwcy5wbGFjZXMudjEuUGxhY2VzLlNlYXJjaFRleHQQAhgEIAA,(530) 541-4293,"4130 Lake Tahoe Blvd, South Lake Tahoe, CA 96150, USA",38.9580542,-119.94247119999999,false,3,backpacking gear rental; camping gear rental; outdoor equipment rental; outdoor gear rental; ski rental; ski shop; snowboard rental; snowboard shop; sporting goods store; tent rental,standard,2026-06-24,ChIJPRErSHaQmYARa7QpkWhOUO0,false
ChIJ49SCxemhmYAROdwzxV_MoXs,James Lee Park Disc Golf Course,true,core,disc-golf,1,4.3,6,OPERATIONAL,Athletic Field,,https://maps.google.com/?cid=8908626249618021433&g_mp=Cidnb29nbGUubWFwcy5wbGFjZXMudjEuUGxhY2VzLlNlYXJjaFRleHQQAhgEIAA,,"James Lee, Carson City, NV 89705, USA",39.085791799999996,-119.785914,false,1,disc golf rental,standard,2026-06-24,,false
ChIJayhFRykVmYARUOf8v6UMRqw,Bar Down Hockey Shop NV,true,core,gear-shop,1,4.3,6,OPERATIONAL,Sporting Goods Store,https://bardownhockeyshop.square.site/,https://maps.google.com/?cid=12413623328923510608&g_mp=Cidnb29nbGUubWFwcy5wbGFjZXMudjEuUGxhY2VzLlNlYXJjaFRleHQQAhgEIAA,(775) 232-3616,"15500 Wedge Pkwy, Reno, NV 89511, USA",39.405850699999995,-119.75888329999998,false,1,sporting goods store,standard,2026-06-24,,false
ChIJK2lJSmo_mYARDD2srSNJJWQ,Wilderbike,true,core,cycling; ebike; gear-shop,4,4.3,6,OPERATIONAL,Bicycle Shop,,https://maps.google.com/?cid=7216254395517517068&g_mp=Cidnb29nbGUubWFwcy5wbGFjZXMudjEuUGxhY2VzLlNlYXJjaFRleHQQAhgEIAA,,"5925 S Virginia St, Reno, NV 89502, USA",39.471589200000004,-119.78884989999999,false,1,bike rental; bike shop; ebike rental; sporting goods store,standard,2026-06-24,,false
ChIJ0Q-yb7ffm4ARF2CWo3kx36U,Crux Events,true,core,camping,1,4.3,6,OPERATIONAL,Services,http://cruxevents.com/,https://maps.google.com/?cid=11952326334569930775&g_mp=Cidnb29nbGUubWFwcy5wbGFjZXMudjEuUGxhY2VzLlNlYXJjaFRleHQQAhgEIAA,(530) 587-8700,"2775 US HWY 40 West, Verdi, NV 89439, USA",39.515211699999995,-119.95439189999999,false,1,tent rental,standard,2026-06-24,,false
ChIJq9YL7OLfm4ARatMOunSqVuw,Donut Shoppe,true,core,alpine-ski; gear-shop; snowboard,3,4.2,6,OPERATIONAL,Sporting Goods Store,https://donutshoppeculture.com/,https://maps.google.com/?cid=17029986459262571370&g_mp=Cidnb29nbGUubWFwcy5wbGFjZXMudjEuUGxhY2VzLlNlYXJjaFRleHQQAhgEIAA,(530) 563-5021,"11209 Brockway Rd c105, Truckee, CA 96161, USA",39.3220382,-120.1630316,false,1,ski shop; snowboard shop; sporting goods store,standard,2026-06-24,,false
ChIJUQBkplFumYARkzb4mqPpFfo,Crystal Bay Marine,true,core,pontoon,1,3.7,6,OPERATIONAL,Suppliers,http://www.crystalbaymarine.net/,https://maps.google.com/?cid=18020566372881806995&g_mp=Cidnb29nbGUubWFwcy5wbGFjZXMudjEuUGxhY2VzLlNlYXJjaFRleHQQAhgEIAA,(775) 832-8333,"881 Oriole Way, Incline Village, NV 89451, USA",39.2472371,-119.953702,false,1,pontoon rental,standard,2026-06-24,,false
ChIJv9UaMlUOmYAR5MobnpOqrdk,Rock Rat Adventures,true,core,atv; utv,3,3.7,6,OPERATIONAL,Tour Agency,http://www.rockratadventures.com/,https://maps.google.com/?cid=15685380628190841572&g_mp=Cidnb29nbGUubWFwcy5wbGFjZXMudjEuUGxhY2VzLlNlYXJjaFRleHQQAhgEIAA,(775) 583-6009,"A,, 160 S C St, Virginia City, NV 89440, USA",39.3087029,-119.65051249999999,false,1,atv rental; quad rental; rzr rental,standard,2026-06-24,,false
ChIJF0m8rXA_mYARfWDBXUgXhH4,PGA TOUR,true,core,gear-shop,3,3.3,6,OPERATIONAL,Sporting Goods Store,https://www.pgatour.com/,https://maps.google.com/?cid=9116437145282764925&g_mp=Cidnb29nbGUubWFwcy5wbGFjZXMudjEuUGxhY2VzLlNlYXJjaFRleHQQAhgEIAA,(775) 329-5521,"2001 E Plumb Ln, Reno, NV 89502, USA",39.5059864,-119.77545939999997,false,3,sporting goods store,standard,2026-06-24,,false
ChIJc0n7n9qPmYARvXTD6OXbT8c,tahoetopliners sportfishing,true,core; gap,fishing-charter; powerboat,2,5,5,OPERATIONAL,Fishing Charter,http://tahoetopliners.com/,https://maps.google.com/?cid=14361939517206918333&g_mp=Cidnb29nbGUubWFwcy5wbGFjZXMudjEuUGxhY2VzLlNlYXJjaFRleHQQAhgEIAA,(530) 721-0593,"2435 Venice Dr E, South Lake Tahoe, CA 96150, USA",38.9341357,-120.00131669999999,false,1,boat charter; fishing charter,standard,2026-06-24,,false
ChIJHxjQfeWRmYARyToyxaz5rzk,Nordic Ski Trails at the Lake Tahoe Community College,true,core,nordic-ski,2,5,5,OPERATIONAL,Ski Resort,,https://maps.google.com/?cid=4156815501524351689&g_mp=Cidnb29nbGUubWFwcy5wbGFjZXMudjEuUGxhY2VzLlNlYXJjaFRleHQQAhgEIAA,,"South Lake Tahoe, CA 96150, USA",38.9254132,-119.97115110000001,false,1,cross country ski rental; nordic ski center,standard,2026-06-24,,false
ChIJVVVFRuoKmYARAGw72JoLHuk,LifeCycle,true,core,cycling,1,5,5,OPERATIONAL,Gym,https://www.lifecycle-nv.com/contact/,https://maps.google.com/?cid=16797876419819170816&g_mp=Cidnb29nbGUubWFwcy5wbGFjZXMudjEuUGxhY2VzLlNlYXJjaFRleHQQAhgEIAA,(775) 316-0872,"3198 N Deer Run Rd Ste 7, Carson City, NV 89701, USA",39.1879784,-119.7040796,false,1,bike shop,standard,2026-06-24,,false
ChIJNRIvOxHgm4ARz9WoxrO4mHU,ahhNatural - The Most Trusted Natural Hot Tub Chemical Alternative,true,core,gear-shop,1,5,5,OPERATIONAL,Store,http://www.ahhnatural.com/,https://maps.google.com/?cid=8473725781169198543&g_mp=Cidnb29nbGUubWFwcy5wbGFjZXMudjEuUGxhY2VzLlNlYXJjaFRleHQQAhgEIAA,(530) 550-9396,"PO box 3045, Truckee, CA 96160, USA",39.33,-120.18,false,1,sporting goods store,standard,2026-06-24,,false
ChIJ1dbOXoPtIwkREbHp3ePV79I,High Desert Camping Co,true,core,camping,1,5,5,OPERATIONAL,Suppliers,http://www.highdesertcampingco.com/,https://maps.google.com/?cid=15199602442056085777&g_mp=Cidnb29nbGUubWFwcy5wbGFjZXMudjEuUGxhY2VzLlNlYXJjaFRleHQQAhgEIAA,(530) 250-4077,,,,true,1,tent rental,service-area,2026-06-24,,false
ChIJ6S-mQiVHmYARb2odeGBcd2U,Coalition Snow,true,core,alpine-ski; gear-shop; snowboard,8,5,5,OPERATIONAL,Sporting Goods Store,https://www.coalitionsnow.com/,https://maps.google.com/?cid=7311414089461099119&g_mp=Cidnb29nbGUubWFwcy5wbGFjZXMudjEuUGxhY2VzLlNlYXJjaFRleHQQAhgEIAA,,"299 E Plumb Ln Ste 162, Reno, NV 89502, USA",39.5068828,-119.80100009999998,false,3,outdoor gear rental; ski rental; ski shop; snowboard rental; snowboard shop; sporting goods store,standard,2026-06-24,,false
ChIJg1duEl45mYAR1SkYfzwW0bI,Orbital Pictures Photo Booth Rentals,true,core,camping,1,5,5,OPERATIONAL,Services,https://orbitalpictures.net/,https://maps.google.com/?cid=12885104457969838549&g_mp=Cidnb29nbGUubWFwcy5wbGFjZXMudjEuUGxhY2VzLlNlYXJjaFRleHQQAhgEIAA,(775) 393-9146,"2929 Vista Blvd Box # 50692, Sparks, NV 89435, USA",39.5570647,-119.70673800000002,false,1,tent rental,standard,2026-06-24,,false
ChIJr0X6r8teCGQRMrFtgMnCg8A,J. Switzer & Co. LTD,true,core,gear-shop,1,5,5,OPERATIONAL,Sporting Goods Store,https://jswitzerfirearms.com/,https://maps.google.com/?cid=13872145447930147122&g_mp=Cidnb29nbGUubWFwcy5wbGFjZXMudjEuUGxhY2VzLlNlYXJjaFRleHQQAhgEIAA,(530) 748-5737,"115 Hercules Dr, Sparks, NV 89441, USA",39.6374992,-119.7009066,false,1,sporting goods store,standard,2026-06-24,,false
ChIJfXhRDdiNmYARJYSnSbdVh04,Tahoe Paradise Disc Golf Course,true,core,disc-golf,1,4.8,5,OPERATIONAL,Athletic Field,,https://maps.google.com/?cid=5658585702517408805&g_mp=Cidnb29nbGUubWFwcy5wbGFjZXMudjEuUGxhY2VzLlNlYXJjaFRleHQQAhgEIAA,,"1011 E San Bernardino Ave, South Lake Tahoe, CA 96150, USA",38.8586903,-120.0258436,false,1,disc golf rental,standard,2026-06-24,,false
ChIJy1YKLu_nm4ARlxeebeSAsuQ,Donner Summit Rentals,true,core,alpine-ski,1,4.8,5,OPERATIONAL,Travel Agency,http://www.donnersummitrentals.com/,https://maps.google.com/?cid=16479375705082042263&g_mp=Cidnb29nbGUubWFwcy5wbGFjZXMudjEuUGxhY2VzLlNlYXJjaFRleHQQAhgEIAA,(530) 426-9323,"10150 Ski Ranch Ln, Norden, CA 95724, USA",39.3187454,-120.32995450000001,false,1,ski rental,standard,2026-06-24,,false
ChIJvd6wZwCRmYARCxZeVJnQF7w,Bijou Bike Park,true,core,mtb,2,4.6,5,OPERATIONAL,Park,https://tamba.org/projects/bijou-bike-park/,https://maps.google.com/?cid=13553530960558822923&g_mp=Cidnb29nbGUubWFwcy5wbGFjZXMudjEuUGxhY2VzLlNlYXJjaFRleHQQAhgEIAA,,"South Lake Tahoe, CA 96150, USA",38.928854199999996,-119.9678697,false,1,downhill bike park rental; mountain bike rental,standard,2026-06-24,,false
ChIJZfehfmHnm4AR-dS-3AVlki0,Donner Ski Ranch Disc Golf Course,true,core,disc-golf,1,4.6,5,OPERATIONAL,Athletic Field,,https://maps.google.com/?cid=3283798154159248633&g_mp=Cidnb29nbGUubWFwcy5wbGFjZXMudjEuUGxhY2VzLlNlYXJjaFRleHQQAhgEIAA,,"19320 Donner Pass Rd, Norden, CA 95724, USA",39.3203974,-120.33096169999999,false,1,disc golf rental,standard,2026-06-24,,false
ChIJo2vZT3R5mYARR7Z5_Zdcwms,"Tahoe Powersports, Inc.",true,core,canoe; pontoon; powerboat; pwc,5,4.2,5,OPERATIONAL,Services,http://www.tahoepowersports.com/,https://maps.google.com/?cid=7764870515402585671&g_mp=Cidnb29nbGUubWFwcy5wbGFjZXMudjEuUGxhY2VzLlNlYXJjaFRleHQQAhgEIAA,(530) 744-4207,,,,true,1,boat rental; canoe rental; jet ski rental; pontoon rental; waverunner rental,service-area,2026-06-24,,false
ChIJwwCPp1s_mYARTYCBk9c1iq8,Alpine Event Services,true,core,camping,1,4.2,5,OPERATIONAL,Suppliers,http://www.alpineeventservices.com/,https://maps.google.com/?cid=12648981703432437837&g_mp=Cidnb29nbGUubWFwcy5wbGFjZXMudjEuUGxhY2VzLlNlYXJjaFRleHQQAhgEIAA,(775) 972-8777,,,,true,1,tent rental,service-area,2026-06-24,,false
ChIJc-YxtBrfm4ARWkD1ASvr75s,Truckee River Disc Golf Course,true,core,disc-golf,1,3.6,5,OPERATIONAL,Athletic Field,,https://maps.google.com/?cid=11236458165261647962&g_mp=Cidnb29nbGUubWFwcy5wbGFjZXMudjEuUGxhY2VzLlNlYXJjaFRleHQQAhgEIAA,,"10050 Brockway Rd, Truckee, CA 96161, USA",39.3266273,-120.17688349999999,false,1,disc golf rental,standard,2026-06-24,,false
ChIJLy5Db-t7mYARsxOK-nAhXm0,Tahoe Paddle & Oar: Rentals,true,core,canoe; kayak; pontoon; powerboat; sup; watersports,6,3.4,5,OPERATIONAL,Services,http://www.tahoepaddle.com/,https://maps.google.com/?cid=7880773167068353459&g_mp=Cidnb29nbGUubWFwcy5wbGFjZXMudjEuUGxhY2VzLlNlYXJjaFRleHQQAhgEIAA,(530) 581-3029,"8216 Brockway Vista Dr, Kings Beach, CA 96143, USA",39.2365707,-120.0277787,false,1,boat rental; canoe rental; kayak rental; paddleboard rental; pontoon rental; watersports rental,standard,2026-06-24,,false
ChIJnQ-d1bL2mYARv-3g_OnQr3Q,Kirkwood Village Plaza,true,core,alpine-ski; snowboard,2,5,4,OPERATIONAL,Plaza,https://www.kirkwood.com/explore-the-resort/during-your-stay/kirkwood-mountain-sports/kms-village-plaza.aspx,https://maps.google.com/?cid=8408168732712562111&g_mp=Cidnb29nbGUubWFwcy5wbGFjZXMudjEuUGxhY2VzLlNlYXJjaFRleHQQAhgEIAA,(209) 258-7266,"1399 Kirkwood Meadows Dr, Kirkwood, CA 95646, USA",38.6831493,-120.06671250000001,false,1,ski shop; snowboard shop,standard,2026-06-24,,false
ChIJoweDxY2PmYAREYlwZ3bRULE,The Tahoe Experience,true,core,powerboat,2,5,4,OPERATIONAL,Point of interest,https://www.thetahoeexperience.com/contact/,https://maps.google.com/?cid=12776942449321871633&g_mp=Cidnb29nbGUubWFwcy5wbGFjZXMudjEuUGxhY2VzLlNlYXJjaFRleHQQAhgEIAA,(530) 721-2139,"2435 Venice Dr E, South Lake Tahoe, CA 96150, USA",38.9344684,-120.0020405,false,1,boat charter; boat rental,standard,2026-06-24,ChIJG1pSOoE7WaIR4hsZXbN-jQY,false
ChIJ--_x6_eRmYARuqjmhGwCQp0,Shade Shifters,true,core,camping,1,5,4,OPERATIONAL,Services,http://theshadeshifters.com/,https://maps.google.com/?cid=11331622277527021754&g_mp=Cidnb29nbGUubWFwcy5wbGFjZXMudjEuUGxhY2VzLlNlYXJjaFRleHQQAhgEIAA,(530) 539-4707,,,,true,1,tent rental,service-area,2026-06-24,,false
ChIJpYAADx2PmYARSjlq1BZt3Is,Premium Disc Golf,true,core,disc-golf,1,5,4,OPERATIONAL,Sporting Goods Store,http://www.premiumdiscgolf.com/,https://maps.google.com/?cid=10078050010968766794&g_mp=Cidnb29nbGUubWFwcy5wbGFjZXMudjEuUGxhY2VzLlNlYXJjaFRleHQQAhgEIAA,(530) 213-3637,"2140 Eloise Ave #11, South Lake Tahoe, CA 96150, USA",38.9172583,-120.0008555,false,1,disc golf rental,standard,2026-06-24,,false
ChIJ26XeW6a5mYAR6xtFOZGCTWU,2a Transfers & Accessories,true,core,gear-shop,1,5,4,OPERATIONAL,Sporting Goods Store,https://2atransfers.com/,https://maps.google.com/?cid=7299634131280141291&g_mp=Cidnb29nbGUubWFwcy5wbGFjZXMudjEuUGxhY2VzLlNlYXJjaFRleHQQAhgEIAA,(775) 783-8965,"2310 Juniper Rd, Gardnerville, NV 89410, USA",38.9546651,-119.6496672,false,1,sporting goods store,standard,2026-06-24,,false
ChIJjfXtAQrrX2AR9WWeV3ST9hg,Lake Tahoe Floats,true,core,canoe; pontoon; powerboat; river-tube,4,5,4,OPERATIONAL,Sports Activity Location,http://www.laketahoefloats.com/,https://maps.google.com/?cid=1798787229076579829&g_mp=Cidnb29nbGUubWFwcy5wbGFjZXMudjEuUGxhY2VzLlNlYXJjaFRleHQQAhgEIAA,(702) 738-2897,"205 Alpine Meadows Rd, Alpine Meadows, CA 96146, USA",39.1869039,-120.19718879999999,false,1,boat rental; canoe rental; pontoon rental; river float rental,standard,2026-06-24,,false
ChIJ786_B8l3tIkRHNv3pBik6y4,Tahoe Pontoon Charters,true,core,pontoon; powerboat,2,5,4,OPERATIONAL,Tour Agency,http://tahoepontooncharters.com/,https://maps.google.com/?cid=3380976371025566492&g_mp=Cidnb29nbGUubWFwcy5wbGFjZXMudjEuUGxhY2VzLlNlYXJjaFRleHQQAhgEIAA,(530) 536-0580,,,,true,1,boat rental; pontoon rental,service-area,2026-06-24,,false
ChIJz_h0C-MLmYARmKj_50rocjY,PRE LOVED CHILDREN'S CLOTHING AND MORE,true,core,gear-shop,1,5,4,OPERATIONAL,Thrift Store,http://www.prelovedchildrensclothingandmore.com/,https://maps.google.com/?cid=3923453633810639000&g_mp=Cidnb29nbGUubWFwcy5wbGFjZXMudjEuUGxhY2VzLlNlYXJjaFRleHQQAhgEIAA,,"1801 E William St Ste C, Carson City, NV 89701, USA",39.1723952,-119.7472522,false,1,sporting goods store,standard,2026-06-24,,true
ChIJa3VCc7MaGQ4R4PhgbpKIDOI,Primetime Fishing and Charters,true,core,canoe; pontoon; powerboat,3,5,4,OPERATIONAL,Services,https://primetimelaketahoe.com/,https://maps.google.com/?cid=16288544114790693088&g_mp=Cidnb29nbGUubWFwcy5wbGFjZXMudjEuUGxhY2VzLlNlYXJjaFRleHQQAhgEIAA,(775) 276-3486,,,,true,1,boat rental; canoe rental; pontoon rental,service-area,2026-06-24,,false
ChIJN6x_Hdvfm4ARs2OsVqqpEyw,RMU Truckee Ski Shop,true,core,alpine-ski; cycling; gear-shop; mtb; snowboard,10,5,4,OPERATIONAL,Sporting Goods Store,https://mtnculture.com/pages/rmu-truckee,https://maps.google.com/?cid=3176068711290004403&g_mp=Cidnb29nbGUubWFwcy5wbGFjZXMudjEuUGxhY2VzLlNlYXJjaFRleHQQAhgEIAA,(530) 536-3208,"10292 Donner Pass Rd unit b, Truckee, CA 96161, USA",39.3264292,-120.18952859999999,false,3,bike rental; bike shop; mountain bike rental; ski rental; ski shop; snowboard rental; snowboard shop; sporting goods store,standard,2026-06-24,ChIJS7Sl5rffm4ARB-OEDULe4ZE,false
ChIJpcL9nNfnm4ARJwMQXYtfUbI,LS Boat Rentals - Donner Lake,true,core,alpine-ski; canoe; pontoon; powerboat; pwc; sailing; wakeboard; watersports,13,5,4,OPERATIONAL,Services,https://lsboatrentals.com/,https://maps.google.com/?cid=12849156264031159079&g_mp=Cidnb29nbGUubWFwcy5wbGFjZXMudjEuUGxhY2VzLlNlYXJjaFRleHQQAhgEIAA,(530) 580-8017,"15509 Donner Pass Rd, Truckee, CA 96161, USA",39.324977,-120.28383909999998,false,3,boat rental; canoe rental; jet ski rental; motorboat rental; personal watercraft rental; pontoon rental; sailboat rental; ski boat rental; ski rental; watersports rental; waverunner rental,standard,2026-06-24,,false
ChIJNdEeoIrfm4ARYNp6lc4W8O8,Tahoe LED Dance Floors,true,core,camping,1,5,4,OPERATIONAL,Services,https://tahoeleddancefloors.com/,https://maps.google.com/?cid=17289344046002264672&g_mp=Cidnb29nbGUubWFwcy5wbGFjZXMudjEuUGxhY2VzLlNlYXJjaFRleHQQAhgEIAA,(530) 414-0325,"10145 Riverside Dr, Truckee, CA 96161, USA",39.326179499999995,-120.18595889999999,false,1,tent rental,standard,2026-06-24,,false
ChIJi5QZjkbfm4ARdU_fOkf1cQI,Sierra College Disc Golf Course,true,core,disc-golf,1,5,4,OPERATIONAL,Athletic Field,,https://maps.google.com/?cid=176191546723356533&g_mp=Cidnb29nbGUubWFwcy5wbGFjZXMudjEuUGxhY2VzLlNlYXJjaFRleHQQAhgEIAA,,"11001 College Trail, Truckee, CA 96161, USA",39.321529,-120.2039963,false,1,disc golf rental,standard,2026-06-24,,false
ChIJv5J2cDjfm4ARNZ2sm6gEQ2Y,The Sierra Sled Shop,true,core; experience,alpine-ski; snow-tube; snowmobile,3,5,4,OPERATIONAL,Services,http://www.sierrasled.com/,https://maps.google.com/?cid=7368738537521061173&g_mp=Cidnb29nbGUubWFwcy5wbGFjZXMudjEuUGxhY2VzLlNlYXJjaFRleHQQAhgEIAA,(530) 563-6795,"10939B Industrial Way Ste 102, Truckee, CA 96161, USA",39.3379286,-120.1822479,false,1,ski shop; sled rental; snowmobile rental,standard,2026-06-24,,false
ChIJp2kX1F_hm4ARoU8DkrUewZQ,skipunk ski worx,true,core,alpine-ski; snowboard,2,5,4,OPERATIONAL,Services,,https://maps.google.com/?cid=10718882353306095521&g_mp=Cidnb29nbGUubWFwcy5wbGFjZXMudjEuUGxhY2VzLlNlYXJjaFRleHQQAhgEIAA,(530) 213-0523,"10040 Alder Creek Rd, Truckee, CA 96161, USA",39.367245499999996,-120.1828563,false,1,ski shop; snowboard shop,standard,2026-06-24,,false
ChIJ97FzWZtVfCkRIq7Ss-wv9G8,Time 2 Function Party Rentals,true,core,camping,1,5,4,OPERATIONAL,Caterer,https://www.time2functionpartyrentals.com/,https://maps.google.com/?cid=8067125526203117090&g_mp=Cidnb29nbGUubWFwcy5wbGFjZXMudjEuUGxhY2VzLlNlYXJjaFRleHQQAhgEIAA,(775) 685-4071,,,,true,1,tent rental,service-area,2026-06-24,,false
ChIJiSVjS5RoeSURx8Ir0aDNkEY,Biggest Little Bouncers,true,core,camping,1,5,4,OPERATIONAL,Services,https://www.biggestlittlebouncers.online/,https://maps.google.com/?cid=5084790069889057479&g_mp=Cidnb29nbGUubWFwcy5wbGFjZXMudjEuUGxhY2VzLlNlYXJjaFRleHQQAhgEIAA,(775) 720-0294,,,,true,1,tent rental,service-area,2026-06-24,,false
ChIJA408gn1BmYARR_aQDoBiMsg,CHAOS Deals & Steals,true,core,gear-shop,1,4.8,4,OPERATIONAL,Store,https://chaosreno.com/,https://maps.google.com/?cid=14425700858560837191&g_mp=Cidnb29nbGUubWFwcy5wbGFjZXMudjEuUGxhY2VzLlNlYXJjaFRleHQQAhgEIAA,(775) 560-1656,"1311 S Virginia St, Reno, NV 89502, USA",39.510980499999995,-119.8060316,false,1,sporting goods store,standard,2026-06-24,,false
ChIJ4xATJ2mbmYARxuU2BWKmat0,Nor-Cal Charters,true,gap,fishing-charter,1,4.5,4,OPERATIONAL,Fishing Charter,http://www.fishingintahoe.com/,https://maps.google.com/?cid=15954747569837893062&g_mp=Cidnb29nbGUubWFwcy5wbGFjZXMudjEuUGxhY2VzLlNlYXJjaFRleHQQAhgEIAA,(530) 318-1981,"1 Cave Rock Dr, Glenbrook, NV 89413, USA",39.0410921,-119.94786939999999,false,1,fishing charter,standard,2026-06-24,ChIJg2OclY2PmYAR5NI116CXf8k,false
ChIJM_rDCS7nm4ARGhhMIndBh8Q,Tahoe Donner Ski Bowl Condo,true,core,alpine-ski,2,4.5,4,OPERATIONAL,Sports Club,,https://maps.google.com/?cid=14161359533222139930&g_mp=Cidnb29nbGUubWFwcy5wbGFjZXMudjEuUGxhY2VzLlNlYXJjaFRleHQQAhgEIAA,(530) 587-2316,"11601 Snowpeak Way, Truckee, CA 96161, USA",39.3546299,-120.2589993,false,2,ski rental,standard,2026-06-24,,false
ChIJ3fIU9533mYAR2djzZKZq6j8,Expedition Kirkwood,true,core,alpine-ski; backcountry-ski; snowboard,3,4,4,OPERATIONAL,,https://www.kirkwood.com/plan-your-trip/ski-and-ride-lessons/category/expedition-kirkwood.aspx,https://maps.google.com/?cid=4605610831830571225&g_mp=Cidnb29nbGUubWFwcy5wbGFjZXMudjEuUGxhY2VzLlNlYXJjaFRleHQQAhgEIAA,(209) 258-7360,"Unnamed Road, Kirkwood, CA 95646, USA",38.6841477,-120.06751349999999,false,1,backcountry ski rental; ski rental; snowboard rental,standard,2026-06-24,,false
ChIJd7pgcu99mYARiQNx1QipnMc,Sunnyside,true,core,canoe; pontoon; powerboat; pwc; wakeboard; watersports,8,4,4,OPERATIONAL,Services,https://www.sunnysidelodge.com/,https://maps.google.com/?cid=14383557165320307593&g_mp=Cidnb29nbGUubWFwcy5wbGFjZXMudjEuUGxhY2VzLlNlYXJjaFRleHQQAhgEIAA,(530) 583-7201,"1850 W Lake Blvd, Tahoe City, CA 96145, USA",39.1391693,-120.15356270000001,false,1,boat rental; canoe rental; jet ski rental; motorboat rental; personal watercraft rental; pontoon rental; ski boat rental; watersports rental,standard,2026-06-24,,false
ChIJMX_EDaI-mYAR9mbgiuxBOtA,Hawley USA,true,core,alpine-ski; cycling,2,4,4,OPERATIONAL,Bicycle Shop,,https://maps.google.com/?cid=15004377592736278262&g_mp=Cidnb29nbGUubWFwcy5wbGFjZXMudjEuUGxhY2VzLlNlYXJjaFRleHQQAhgEIAA,(800) 822-1980,"650 Vista Blvd, Sparks, NV 89434, USA",39.5387268,-119.70233909999999,false,1,bike shop; ski shop,standard,2026-06-24,,false
ChIJjd5fF--amYARD7l8Pvhdr5Q,Lake Tahoe Jeep Tours,true,core,atv; utv,2,3.5,4,OPERATIONAL,,,https://maps.google.com/?cid=10713885359319333135&g_mp=Cidnb29nbGUubWFwcy5wbGFjZXMudjEuUGxhY2VzLlNlYXJjaFRleHQQAhgEIAA,(435) 210-1020,"930 Tahoe Blvd, Incline Village, NV 89451, USA",39.2498357,-119.9494352,false,1,atv rental; utv rental,standard,2026-06-24,,false
ChIJ5dSPgA6QmYARCvyyoQe95yo,Ski Rentals,true,core,alpine-ski; backcountry-ski; gear-shop; pwc; snowboard,10,3.3,4,OPERATIONAL,Sporting Goods Store,,https://maps.google.com/?cid=3091647509688417290&g_mp=Cidnb29nbGUubWFwcy5wbGFjZXMudjEuUGxhY2VzLlNlYXJjaFRleHQQAhgEIAA,,"South Lake Tahoe, CA 96150, USA",38.948079500000006,-119.9568054,false,2,backcountry ski rental; jet ski rental; ski rental; ski shop; snowboard rental; snowboard shop; splitboard rental; sporting goods store,standard,2026-06-24,,false
ChIJCdoQFwBfmYARXNSvg1ibWZ4,Tahoe Family Adventures,true,core; experience,alpine-ski; atv; pwc; snow-tube; snowmobile; wakeboard,6,2,4,OPERATIONAL,Tourist Attraction,http://tahoefamilyadventures.com/,https://maps.google.com/?cid=11410321935388628060&g_mp=Cidnb29nbGUubWFwcy5wbGFjZXMudjEuUGxhY2VzLlNlYXJjaFRleHQQAhgEIAA,(805) 458-7561,"11939 Dove Terrace, Truckee, CA 96161, USA",39.358368299999995,-120.14296799999998,false,2,atv rental; jet ski rental; ski boat rental; ski rental; sled rental; snowmobile rental,standard,2026-06-24,ChIJZRK_PHNlmYARCC9Jif-vstA,false
ChIJ87kKrIuFmYARYZX7DPDfuPc,Lake Tahoe Watersports,true,core,wakeboard; watersports,2,5,3,OPERATIONAL,School,http://tahoewaterski.com/,https://maps.google.com/?cid=17850263345185920353&g_mp=Cidnb29nbGUubWFwcy5wbGFjZXMudjEuUGxhY2VzLlNlYXJjaFRleHQQAhgEIAA,(530) 318-9895,"1900 Jameson Beach Rd, South Lake Tahoe, CA 96150, USA",38.9344434,-120.0408142,false,1,wakeboard boat rental; watersports rental,standard,2026-06-24,,false
ChIJW6kImnuXmYARUnNyzKWfEGU,Mountain Area Rentals,true,core,camping; gear-shop,2,5,3,OPERATIONAL,Services,https://mountainarearentals.com/,https://maps.google.com/?cid=7282496131906564946&g_mp=Cidnb29nbGUubWFwcy5wbGFjZXMudjEuUGxhY2VzLlNlYXJjaFRleHQQAhgEIAA,(407) 455-4602,"252 Applecreek Ln, Gardnerville, NV 89460, USA",38.930498799999995,-119.83941240000001,false,1,outdoor equipment rental; tent rental,standard,2026-06-24,,false
ChIJb-R5QcGRmYARL0o6_l4w_w8,Heavenly Sports - Gondola Sports,true,core; experience,alpine-ski; gear-shop; snow-tube; snowboard; snowshoe,6,5,3,OPERATIONAL,Sporting Goods Store,https://www.epicmountainrentals.com/,https://maps.google.com/?cid=1152693214180428335&g_mp=Cidnb29nbGUubWFwcy5wbGFjZXMudjEuUGxhY2VzLlNlYXJjaFRleHQQAhgEIAA,(530) 542-2859,"4080 Lake Tahoe Blvd, South Lake Tahoe, CA 96150, USA",38.9568261,-119.9427104,false,1,ski shop; sled rental; snowboard rental; snowboard shop; snowshoe rental; sporting goods store,standard,2026-06-24,ChIJx83JvkSQmYAR37b1G_O0P5E,false
ChIJ93TcKiO6UQ4Ri4t20_kRd3M,Deep Blue Yacht Cruises,true,core,canoe,1,5,3,OPERATIONAL,Services,,https://maps.google.com/?cid=8320138601282571147&g_mp=Cidnb29nbGUubWFwcy5wbGFjZXMudjEuUGxhY2VzLlNlYXJjaFRleHQQAhgEIAA,(702) 478-0615,,,,true,1,canoe rental,service-area,2026-06-24,,false
ChIJv5Tn-32amYARYlwbLEgICZE,Wanna Ride Tahoe Trail Shuttle Service,true,core,cycling; mtb,2,5,3,OPERATIONAL,Transportation Service,http://www.wannaridetahoe.com/,https://maps.google.com/?cid=10450893516360604770&g_mp=Cidnb29nbGUubWFwcy5wbGFjZXMudjEuUGxhY2VzLlNlYXJjaFRleHQQAhgEIAA,(775) 790-6375,"298 Kingsbury Grade Rd, Stateline, NV 89449, USA",38.968400700000004,-119.9272576,false,1,bike rental; mountain bike rental,standard,2026-06-24,,false
ChIJg2bLLoQLmYAR4zouuu4xk_8,Tahoe Luxury,true,core,alpine-ski; pontoon; powerboat; pwc; wakeboard; watersports,8,5,3,OPERATIONAL,Services,http://www.tahoeluxury.net/,https://maps.google.com/?cid=18416118202643659491&g_mp=Cidnb29nbGUubWFwcy5wbGFjZXMudjEuUGxhY2VzLlNlYXJjaFRleHQQAhgEIAA,(775) 291-1620,"1475 Old Hot Springs Rd #9, Carson City, NV 89706, USA",39.1925308,-119.7515867,false,1,boat rental; jet ski rental; personal watercraft rental; pontoon rental; ski boat rental; ski rental; watersports rental; waverunner rental,standard,2026-06-24,,false
ChIJ_RmLwnxgmYARMlkzev99OW8,San Francisco Fly Casting Club,true,gap,fishing-charter,1,5,3,OPERATIONAL,Sports Club,,https://maps.google.com/?cid=8014575548102826290&g_mp=Cidnb29nbGUubWFwcy5wbGFjZXMudjEuUGxhY2VzLlNlYXJjaFRleHQQAhgEIAA,(530) 587-3796,"14172 Glenshire Dr, Truckee, CA 96161, USA",39.3598667,-120.1164128,false,1,fishing charter,standard,2026-06-24,,false
ChIJodtW1-5gmYARPEmSufGP0l0,Maher's Guide Service,true,gap,fishing-charter,1,5,3,OPERATIONAL,Fishing Charter,http://www.mahersguideservice.com/,https://maps.google.com/?cid=6760624258999798076&g_mp=Cidnb29nbGUubWFwcy5wbGFjZXMudjEuUGxhY2VzLlNlYXJjaFRleHQQAhgEIAA,(530) 351-5179,"15659 Sherwood Dr, Truckee, CA 96161, USA",39.34533,-120.096124,false,1,fishing charter,standard,2026-06-24,,false
ChIJkW3Hrn9AmYARSTxL7AQZDxk,Mogul Mouse,true,core,alpine-ski; backcountry-ski; gear-shop; nordic-ski; snowboard; snowshoe,8,5,3,OPERATIONAL,Services,https://www.bobos.com/,https://maps.google.com/?cid=1805689484533775433&g_mp=Cidnb29nbGUubWFwcy5wbGFjZXMudjEuUGxhY2VzLlNlYXJjaFRleHQQAhgEIAA,(775) 826-9096,"475 E Moana Ln, Reno, NV 89502, USA",39.4932704,-119.7915968,false,1,cross country ski rental; outdoor gear rental; ski rental; ski shop; snowboard rental; snowboard shop; snowshoe rental; splitboard rental,standard,2026-06-24,ChIJqyv1rH9AmYARtgff-7iWsyQ,false
ChIJo8K10CE_mYAR7zQq2n41Fq4,Paradise Pro Shop at Coconut Bowl,true,core,gear-shop,1,5,3,OPERATIONAL,Sporting Goods Store,https://wildisland.com/paradise-pro-shop/,https://maps.google.com/?cid=12544272631029445871&g_mp=Cidnb29nbGUubWFwcy5wbGFjZXMudjEuUGxhY2VzLlNlYXJjaFRleHQQAhgEIAA,(775) 359-2927,"1855 E Lincoln Wy, Sparks, NV 89434, USA",39.532288699999995,-119.71313649999998,false,1,sporting goods store,standard,2026-06-24,,false
ChIJz3HajlqvCkQRjX-Qwm_52Ao,Snap Set Studios,true,core,camping,1,5,3,OPERATIONAL,Services,https://www.snapsetstudios.com/,https://maps.google.com/?cid=781648793749716877&g_mp=Cidnb29nbGUubWFwcy5wbGFjZXMudjEuUGxhY2VzLlNlYXJjaFRleHQQAhgEIAA,(775) 771-6981,,,,true,1,tent rental,service-area,2026-06-24,,false
ChIJj6qbguP3mYARriHWL6zG9zU,Kirkwood Ski/Snowboard Rentals,true,core,alpine-ski; backcountry-ski; nordic-ski; snowboard,6,4.7,3,OPERATIONAL,Services,,https://maps.google.com/?cid=3888795246096949678&g_mp=Cidnb29nbGUubWFwcy5wbGFjZXMudjEuUGxhY2VzLlNlYXJjaFRleHQQAhgEIAA,,"33611 Kirkwood Meadows Dr, Kirkwood, CA 95646, USA",38.6893576,-120.07491819999998,false,1,cross country ski rental; ski rental; ski shop; snowboard rental; snowboard shop; splitboard rental,standard,2026-06-24,,false
ChIJi48B4MXZm4ARGixpfWViKDs,Everline Sports,true,core,alpine-ski; backcountry-ski; nordic-ski; snowboard,7,4.7,3,OPERATIONAL,Services,https://www.hyatt.com/en-US/hotel/california/everline-resort-and-spa/rnodh,https://maps.google.com/?cid=4262765235341437978&g_mp=Cidnb29nbGUubWFwcy5wbGFjZXMudjEuUGxhY2VzLlNlYXJjaFRleHQQAhgEIAA,(530) 583-6300,"400 Squaw Creek Rd, Olympic Valley, CA 96146, USA",39.1990999,-120.21807450000001,false,3,cross country ski rental; ski rental; ski shop; snowboard rental; snowboard shop; splitboard rental,standard,2026-06-24,,false
ChIJoTZS5hhvmYARbh-OUipfjiQ,Lake Shore Boats Tahoe,true,core,canoe; kayak; pontoon; powerboat; pwc; sup; wakeboard; watersports,9,4.3,3,OPERATIONAL,Services,http://www.lakeshoreboatstahoe.com/,https://maps.google.com/?cid=2634147467436629870&g_mp=Cidnb29nbGUubWFwcy5wbGFjZXMudjEuUGxhY2VzLlNlYXJjaFRleHQQAhgEIAA,(775) 997-5832,"608 Lariat Cir #4, Incline Village, NV 89451, USA",39.2568774,-119.97259229999999,false,1,boat rental; canoe rental; kayak rental; lake toy rental; motorboat rental; paddleboard rental; pontoon rental; wakeboard boat rental; waverunner rental,standard,2026-06-24,,false
ChIJU-SeGV1HmYARpjGnT4KXoqw,Deportes Colima,true,core,cycling; gear-shop,3,4,3,OPERATIONAL,Sporting Goods Store,,https://maps.google.com/?cid=12439671706688631206&g_mp=Cidnb29nbGUubWFwcy5wbGFjZXMudjEuUGxhY2VzLlNlYXJjaFRleHQQAhgEIAA,(775) 348-0585,"2145 Sutro St, Reno, NV 89512, USA",39.5468609,-119.79955299999999,false,2,bike shop; sporting goods store,standard,2026-06-24,,false
ChIJ96DFVwORmYARXV1Vb5U0MyM,Tahoe Sports Ltd. Kayak & Fish,true,core; gap,alpine-ski; backpacking; camping; canoe; fishing-gear; gear-shop; kayak; sup; watersports,10,3.7,3,OPERATIONAL,Sporting Goods Store,https://www.tahoesportsltd.com/,https://maps.google.com/?cid=2536428831562358109&g_mp=Cidnb29nbGUubWFwcy5wbGFjZXMudjEuUGxhY2VzLlNlYXJjaFRleHQQAhgEIAA,(530) 578-3444,"4000 Lake Tahoe Blvd Units #10 & 11, South Lake Tahoe, CA 96150, USA",38.9537672,-119.94360569999999,false,1,backpacking gear rental; camping gear rental; canoe rental; fishing bait and tackle shop; kayak rental; outdoor gear rental; paddleboard rental; ski shop; sporting goods store; watersports rental,standard,2026-06-24,ChIJb7h4oHaQmYAR3aCog1QfgtE,false
ChIJJ630DtqimYARtvvAVzRrRgA,"Dirt Tricks, Inc.",true,core,cycling,1,3.7,3,OPERATIONAL,Manufacturer,http://www.dirttricks.com/,https://maps.google.com/?cid=19821120924482486&g_mp=Cidnb29nbGUubWFwcy5wbGFjZXMudjEuUGxhY2VzLlNlYXJjaFRleHQQAhgEIAA,(775) 267-6361,"2211 Park Pl, Minden, NV 89423, USA",38.9978899,-119.76436760000001,false,1,bike shop,standard,2026-06-24,,false
ChIJz2PMEB4_mYAR9DYVfYneOVM,Sports Legends and More,true,core,gear-shop,1,3.3,3,OPERATIONAL,Store,https://www.sportslegendsandmore.com/,https://maps.google.com/?cid=5997069060910954228&g_mp=Cidnb29nbGUubWFwcy5wbGFjZXMudjEuUGxhY2VzLlNlYXJjaFRleHQQAhgEIAA,(775) 789-2485,"Grand Sierra Resort and Casino, 2500 E 2nd St Ste R9, Reno, NV 89595, USA",39.523457799999996,-119.77839179999998,false,1,sporting goods store,standard,2026-06-24,,false
ChIJuT98TACRmYAR9XSGLcKVoNM,Tahoe jet ski,true,core,alpine-ski; gear-shop; pwc,6,2.3,3,OPERATIONAL,Sporting Goods Store,http://mrlasvegas.com/,https://maps.google.com/?cid=15249352999496479989&g_mp=Cidnb29nbGUubWFwcy5wbGFjZXMudjEuUGxhY2VzLlNlYXJjaFRleHQQAhgEIAA,,"3737 Beach Rd, South Lake Tahoe, CA 96150, USA",38.9508605,-119.9586952,false,1,jet ski rental; ski rental; ski shop; sporting goods store; waverunner rental,standard,2026-06-24,,false
ChIJrcGsyxaPmYARpMYAd8EzCLE,Pirate Lake Tahoe,true,core,canoe; powerboat; sailing,4,5,2,OPERATIONAL,Services,http://piratelaketahoe.com/,https://maps.google.com/?cid=12756502850545174180&g_mp=Cidnb29nbGUubWFwcy5wbGFjZXMudjEuUGxhY2VzLlNlYXJjaFRleHQQAhgEIAA,,"2435 Venice Dr E, South Lake Tahoe, CA 96150, USA",38.9341357,-120.00131669999999,false,1,boat charter; boat rental; canoe rental; sailboat rental,standard,2026-06-24,,false
ChIJcxlFXeePmYARjD7EUP01zlg,Tahoe Marine Mart,true,gap,fishing-gear,1,5,2,OPERATIONAL,Store,http://tahoemarinemart.com/,https://maps.google.com/?cid=6399111482638089868&g_mp=Cidnb29nbGUubWFwcy5wbGFjZXMudjEuUGxhY2VzLlNlYXJjaFRleHQQAhgEIAA,,"2709 Lake Tahoe Blvd, South Lake Tahoe, CA 96150, USA",38.929154,-119.98134770000001,false,1,fishing bait and tackle shop,standard,2026-06-24,,false
ChIJb5RQoyWPmYARgKwCx0kOVew,SOS Skate Shop,true,core,snowboard,1,5,2,OPERATIONAL,Sporting Goods Store,,https://maps.google.com/?cid=17029533276005641344&g_mp=Cidnb29nbGUubWFwcy5wbGFjZXMudjEuUGxhY2VzLlNlYXJjaFRleHQQAhgEIAA,(530) 541-8547,"2525 Palmira Ave, South Lake Tahoe, CA 96150, USA",38.9246662,-119.98634409999998,false,1,snowboard shop,standard,2026-06-24,,false
ChIJj6QyycBJSI4RLWvyXhasR1Y,mountain area rentals,true,core,camping,1,5,2,OPERATIONAL,Suppliers,https://www.mountainarearentals.com/,https://maps.google.com/?cid=6217127022690462509&g_mp=Cidnb29nbGUubWFwcy5wbGFjZXMudjEuUGxhY2VzLlNlYXJjaFRleHQQAhgEIAA,(407) 455-4602,,,,true,1,tent rental,service-area,2026-06-24,ChIJW6kImnuXmYARUnNyzKWfEGU,false
ChIJscf4VsePmYARJHNiY-Oq0EM,Tahoe Blue Adventures,true,core,alpine-ski; canoe; kayak; pwc; sup; watersports,8,5,2,OPERATIONAL,Services,,https://maps.google.com/?cid=4886593489298682660&g_mp=Cidnb29nbGUubWFwcy5wbGFjZXMudjEuUGxhY2VzLlNlYXJjaFRleHQQAhgEIAA,(530) 494-9725,,,,true,1,canoe rental; jet ski rental; kayak rental; paddleboard rental; personal watercraft rental; ski rental; watersports rental; waverunner rental,service-area,2026-06-24,,false
ChIJUXRv_b2PmYARhMFCa2UdWX4,Boat Rental,true,core,canoe; pontoon; powerboat,3,5,2,OPERATIONAL,Services,https://www.tahoedkboats.com/,https://maps.google.com/?cid=9104340443134607748&g_mp=Cidnb29nbGUubWFwcy5wbGFjZXMudjEuUGxhY2VzLlNlYXJjaFRleHQQAhgEIAA,(775) 292-2870,"1004 Lakeview Ave, South Lake Tahoe, CA 96150, USA",38.943826099999995,-119.97719330000001,false,1,boat rental; canoe rental; pontoon rental,standard,2026-06-24,,false
ChIJ10cbLMCbmYARSrr1-uIogYI,Bike Lake Tahoe,true,core,cycling; ebike; mtb,4,5,2,OPERATIONAL,Services,https://bikelaketahoe.com/,https://maps.google.com/?cid=9403842452264434250&g_mp=Cidnb29nbGUubWFwcy5wbGFjZXMudjEuUGxhY2VzLlNlYXJjaFRleHQQAhgEIAA,(530) 545-0747,"212 Elks Point Rd Unit 443, Zephyr Cove, NV 89448, USA",38.984834899999996,-119.94288929999999,false,1,bike rental; bike shop; ebike rental; mountain bike rental,standard,2026-06-24,,false
ChIJU8gfxXyRmYAR6Z3qA4LsQE8,Ski Lease Tahoe,true,core,alpine-ski; backcountry-ski; snowboard,3,5,2,OPERATIONAL,Tourist Attraction,http://skileasetahoe.com/,https://maps.google.com/?cid=5710824370661400041&g_mp=Cidnb29nbGUubWFwcy5wbGFjZXMudjEuUGxhY2VzLlNlYXJjaFRleHQQAhgEIAA,,"416 Quaking Aspen Ln O, Stateline, NV 89449, USA",38.96113,-119.88704499999999,false,2,backcountry ski rental; ski rental; snowboard rental,standard,2026-06-24,,false
ChIJF7-iSEXXm4ARZ44Y30OtY1A,Estelle Sports,true,core,alpine-ski; gear-shop; snowboard,6,5,2,OPERATIONAL,Store,https://www.palisadestahoe.com/events-and-activities/shopping/estelle,https://maps.google.com/?cid=5792664052745932391&g_mp=Cidnb29nbGUubWFwcy5wbGFjZXMudjEuUGxhY2VzLlNlYXJjaFRleHQQAhgEIAA,(800) 403-0206,"2600 Alpine Meadows Rd, Alpine Meadows, CA 96146, USA",39.164662899999996,-120.23863279999999,false,2,ski rental; ski shop; snowboard rental; snowboard shop; sporting goods store,standard,2026-06-24,ChIJ1dX2qkfXm4ARJXJAHWapnYk,false
ChIJc26yN8pkmYAR7vaH0jeNpww,Tahoe Vista Sports,true,core,pontoon; powerboat,2,5,2,OPERATIONAL,Suppliers,https://www.tahoevistasports.com/,https://maps.google.com/?cid=911852720460658414&g_mp=Cidnb29nbGUubWFwcy5wbGFjZXMudjEuUGxhY2VzLlNlYXJjaFRleHQQAhgEIAA,(530) 546-8248,"7360 N Lake Blvd, Tahoe Vista, CA 96148, USA",39.237836,-120.0428556,false,1,boat rental; pontoon rental,standard,2026-06-24,,false
ChIJ6VpEBJgJmYAR9ci2EucUSyc,Pearson Parts & Services LLC,true,core,alpine-ski; cycling; gear-shop; snowboard,4,5,2,OPERATIONAL,Sporting Goods Store,,https://maps.google.com/?cid=2831379773416458485&g_mp=Cidnb29nbGUubWFwcy5wbGFjZXMudjEuUGxhY2VzLlNlYXJjaFRleHQQAhgEIAA,(775) 246-3955,"24 Moonlight Rd # D, Mound House, NV 89706, USA",39.2154984,-119.6739932,false,1,bike shop; ski shop; snowboard shop; sporting goods store,standard,2026-06-24,,false
ChIJbZ72iO8FgoIRnCxKMk2pcC0,Tahoe Boat Repair and Storage LLC,true,core,pontoon,1,5,2,OPERATIONAL,Suppliers,https://www.tahoeboatstorage.com/,https://maps.google.com/?cid=3274303078119648412&g_mp=Cidnb29nbGUubWFwcy5wbGFjZXMudjEuUGxhY2VzLlNlYXJjaFRleHQQAhgEIAA,(530) 553-1288,"8 Stokes Dr, Mound House, NV 89706, USA",39.229849099999996,-119.6549951,false,1,pontoon rental,standard,2026-06-24,,false
ChIJPaKvNe_nm4ARq7rgsr-wfas,Peninsula Ski Club,true,core,alpine-ski; gear-shop; nordic-ski; snowboard,4,5,2,OPERATIONAL,Sporting Goods Store,http://www.peninsulaskiclub.org/aboutus.html,https://maps.google.com/?cid=12357227289960823467&g_mp=Cidnb29nbGUubWFwcy5wbGFjZXMudjEuUGxhY2VzLlNlYXJjaFRleHQQAhgEIAA,(530) 426-0232,"10053 Lake Angela Rd, Norden, CA 95724, USA",39.3181996,-120.32957800000001,false,1,cross country ski rental; ski shop; snowboard shop; sporting goods store,standard,2026-06-24,,false
ChIJIQrNtvjnm4ARnGa4pfILydA,Sugar Bowl Rental Shop,true,core,alpine-ski; backcountry-ski; nordic-ski; snowboard; snowshoe,8,5,2,OPERATIONAL,Services,http://www.sugarbowl.com/rentals,https://maps.google.com/?cid=15044569166998169244&g_mp=Cidnb29nbGUubWFwcy5wbGFjZXMudjEuUGxhY2VzLlNlYXJjaFRleHQQAhgEIAA,(530) 426-9000,"629 Sugar Bowl Rd, Norden, CA 95724, USA",39.3054767,-120.33302979999999,false,1,backcountry ski rental; cross country ski rental; ski rental; ski shop; snowboard rental; snowboard shop; snowshoe rental; splitboard rental,standard,2026-06-24,,false
ChIJpwVmHu_nm4ARKAzWNISxA9M,Viking Ski Club,true,core,alpine-ski,1,5,2,OPERATIONAL,Camping cabin,https://sfvikingskiclub.org/,https://maps.google.com/?cid=15205191948313168936&g_mp=Cidnb29nbGUubWFwcy5wbGFjZXMudjEuUGxhY2VzLlNlYXJjaFRleHQQAhgEIAA,(530) 426-1231,"19241 Donner Pass Rd, Truckee, CA 96161, USA",39.3172619,-120.32929899999999,false,1,ski shop,standard,2026-06-24,,false
ChIJc11BR83gm4ARTePaD-tgusI,Lake Tahoe Jetovator,true,core,pwc; watersports,3,5,2,OPERATIONAL,Services,,https://maps.google.com/?cid=14031634151725785933&g_mp=Cidnb29nbGUubWFwcy5wbGFjZXMudjEuUGxhY2VzLlNlYXJjaFRleHQQAhgEIAA,(530) 359-8877,,,,true,1,personal watercraft rental; watersports rental; waverunner rental,service-area,2026-06-24,,false
ChIJlwcU9KVfmYARN1PXTMZYTvA,Fish Tight Lines Guide Service,true,core; gap,fishing-charter; fly-fishing; outfitter; powerboat,4,5,2,OPERATIONAL,Fishing Charter,https://fishtightlines.com/,https://maps.google.com/?cid=17315875226002084663&g_mp=Cidnb29nbGUubWFwcy5wbGFjZXMudjEuUGxhY2VzLlNlYXJjaFRleHQQAhgEIAA,(888) 975-0990,"12633 Prosser Dam Rd, Truckee, CA 96161, USA",39.3664069,-120.15471289999999,false,1,boat charter; fishing charter; fly fishing outfitter; guide service outfitter,standard,2026-06-24,,false
ChIJPUvX1Oc_mYARbJl1Bi1xDLg,Celadon Events,true,core,camping,1,5,2,OPERATIONAL,Services,http://www.celadonevents.net/,https://maps.google.com/?cid=13262099440895105388&g_mp=Cidnb29nbGUubWFwcy5wbGFjZXMudjEuUGxhY2VzLlNlYXJjaFRleHQQAhgEIAA,(775) 240-3048,"5301 Longley Ln Bld D #143, Reno, NV 89511, USA",39.4728474,-119.76862509999998,false,1,tent rental,standard,2026-06-24,,false
ChIJRyJ1NgsVmYARCpL3Xe7faWA,Molten USA,true,core,gear-shop,1,5,2,OPERATIONAL,Sporting Goods Store,http://www.moltenusa.com/,https://maps.google.com/?cid=6947330115067417098&g_mp=Cidnb29nbGUubWFwcy5wbGFjZXMudjEuUGxhY2VzLlNlYXJjaFRleHQQAhgEIAA,(775) 353-4000,"1170 Trademark Dr, Reno, NV 89521, USA",39.450558,-119.743748,false,1,sporting goods store,standard,2026-06-24,,false
ChIJcSIMKNJEmYAReCnaLfX2QUI,Sunglass Outfitters By Sunglass Hut,true,core,gear-shop,1,5,2,OPERATIONAL,Store,https://stores.sunglasshut.com/us/nv/verdi/8650-boomtown-garson-rd?cid=YEXT_C167&y_source=1_OTgxMDkwMS03MTUtbG9jYXRpb24ud2Vic2l0ZQ%3D%3D,https://maps.google.com/?cid=4774368612886129016&g_mp=Cidnb29nbGUubWFwcy5wbGFjZXMudjEuUGxhY2VzLlNlYXJjaFRleHQQAhgEIAA,(775) 829-4122,"8650 Boomtown Garson Road, Verdi, NV 89439, USA",39.5131453,-119.9684631,false,1,sporting goods store,standard,2026-06-24,,false
ChIJwxpPNT4_mYARqttz0T0-vyQ,D H Racing Products,true,core,cycling,1,5,2,OPERATIONAL,Auto Parts Store,,https://maps.google.com/?cid=2647903541145099178&g_mp=Cidnb29nbGUubWFwcy5wbGFjZXMudjEuUGxhY2VzLlNlYXJjaFRleHQQAhgEIAA,(775) 351-1901,"1469 Greg St, Sparks, NV 89431, USA",39.523057,-119.762835,false,1,bike shop,standard,2026-06-24,,false
ChIJsTthxSPA3KARUXSSOqCsm8A,Puro Pinche Party Reno,true,core,camping,1,5,2,OPERATIONAL,Services,,https://maps.google.com/?cid=13878876480849736785&g_mp=Cidnb29nbGUubWFwcy5wbGFjZXMudjEuUGxhY2VzLlNlYXJjaFRleHQQAhgEIAA,(775) 413-0869,,,,true,1,tent rental,service-area,2026-06-24,,false
ChIJGcDAv74_mYARSkbgYH80Shk,Sparks Marina PaddleFit and Rentals,true,core,canoe; kayak; sup,3,5,2,OPERATIONAL,,https://sparksmarinapaddle.com/,https://maps.google.com/?cid=1822326720915588682&g_mp=Cidnb29nbGUubWFwcy5wbGFjZXMudjEuUGxhY2VzLlNlYXJjaFRleHQQAhgEIAA,(775) 203-6751,,,,true,1,canoe rental; kayak rental; paddleboard rental,service-area,2026-06-24,,false
ChIJ53fok_s-mYARl0cdLu5sn_4,Trek Inc,true,core,cycling,1,5,2,OPERATIONAL,Manufacturer,http://www.trekdirect.com/,https://maps.google.com/?cid=18347503177162377111&g_mp=Cidnb29nbGUubWFwcy5wbGFjZXMudjEuUGxhY2VzLlNlYXJjaFRleHQQAhgEIAA,(800) 374-8551,"655 Spice Islands Dr #104, Sparks, NV 89436, USA",39.5167654,-119.73580919999999,false,1,bike shop,standard,2026-06-24,,false
ChIJE-EVtvU3mYAR5Fb5u4pQ3Ss,Reno Tahoe Vintage Rentals,true,core,camping,1,5,2,OPERATIONAL,Services,,https://maps.google.com/?cid=3160771070273345252&g_mp=Cidnb29nbGUubWFwcy5wbGFjZXMudjEuUGxhY2VzLlNlYXJjaFRleHQQAhgEIAA,(775) 722-0707,,,,true,1,tent rental,service-area,2026-06-24,,false
ChIJfSy64A43mYAREWSv7u3MJ98,Chulas Party Rentals LLC,true,core,camping,1,5,2,OPERATIONAL,Services,https://www.chulaspartyrentals.com/,https://maps.google.com/?cid=16080046316833432593&g_mp=Cidnb29nbGUubWFwcy5wbGFjZXMudjEuUGxhY2VzLlNlYXJjaFRleHQQAhgEIAA,(775) 622-6969,"151 Richard Springs Blvd, Sparks, NV 89436, USA",39.6372129,-119.71944830000001,false,1,tent rental,standard,2026-06-24,,false
ChIJLVqWILuPmYARLPiziJK_fgQ,Captain's Corner Tahoe,true,core; gap,fishing-gear; powerboat,3,4.5,2,OPERATIONAL,Store,https://www.captainscornertahoe.com/,https://maps.google.com/?cid=323906859296880684&g_mp=Cidnb29nbGUubWFwcy5wbGFjZXMudjEuUGxhY2VzLlNlYXJjaFRleHQQAhgEIAA,(530) 205-3885,"2435 Venice Dr E Ste 1, South Lake Tahoe, CA 96150, USA",38.9347713,-120.00244280000001,false,1,boat charter; boat rental; fishing bait and tackle shop,standard,2026-06-24,,false
ChIJ6TZkzC7hm4ARajzo4wLtHzY,Samurai Butter | Ski & Bike Works,true,core,alpine-ski; cycling,2,4.5,2,OPERATIONAL,Services,,https://maps.google.com/?cid=3900096398995504234&g_mp=Cidnb29nbGUubWFwcy5wbGFjZXMudjEuUGxhY2VzLlNlYXJjaFRleHQQAhgEIAA,(530) 414-7774,"10040 Alder Creek Rd, Truckee, CA 96161, USA",39.367245499999996,-120.1828563,false,1,bike shop; ski shop,standard,2026-06-24,,false
ChIJFRR99YI_mYARQBdoI5lSUjs,Aćcent,true,core,alpine-ski; backpacking; camping; climbing; gear-shop; snowboard,12,4.5,2,OPERATIONAL,Clothing Store,https://www.grandsierraresort.com/shopping,https://maps.google.com/?cid=4274569814005520192&g_mp=Cidnb29nbGUubWFwcy5wbGFjZXMudjEuUGxhY2VzLlNlYXJjaFRleHQQAhgEIAA,,"2500 E 2nd St, Reno, NV 89502, USA",39.5228397,-119.78033699999999,false,3,backpacking gear rental; camping gear rental; climbing gear rental; outdoor equipment rental; outdoor gear rental; ski rental; ski shop; snowboard rental; snowboard shop; sporting goods store,standard,2026-06-24,,true
ChIJkybnjNaimYARc1faFTjIs50,BlueZone Sports - Team Sales Office,true,core,alpine-ski; cycling; gear-shop; mtb; nordic-ski; snowboard,8,4,2,OPERATIONAL,Sporting Goods Store,http://www.bluezonesports.com/,https://maps.google.com/?cid=11363646427996247923&g_mp=Cidnb29nbGUubWFwcy5wbGFjZXMudjEuUGxhY2VzLlNlYXJjaFRleHQQAhgEIAA,(844) 786-6486,"2546 Precision Dr Suite A, Minden, NV 89423, USA",39.022930599999995,-119.7442791,false,1,bike shop; cross country ski rental; mountain bike rental; outdoor equipment rental; ski shop; snowboard rental; snowboard shop; sporting goods store,standard,2026-06-24,,false
ChIJ4ZGlj2agmYAR8tYKb76FZYw,UCS Spirit,true,core,gear-shop,1,4,2,OPERATIONAL,Sporting Goods Store,http://www.ucsspirit.com/,https://maps.google.com/?cid=10116639190910949106&g_mp=Cidnb29nbGUubWFwcy5wbGFjZXMudjEuUGxhY2VzLlNlYXJjaFRleHQQAhgEIAA,(775) 882-7114,"2180 Meridian Blvd, Minden, NV 89423, USA",38.9975634,-119.76757789999999,false,1,sporting goods store,standard,2026-06-24,,false
ChIJCwgV2yznm4ARE8cvyYNmN8Y,Bike & Ski E.R.,true,core,alpine-ski; cycling,2,4,2,OPERATIONAL,Services,http://www.bikeandskier.com/,https://maps.google.com/?cid=14282997459430917907&g_mp=Cidnb29nbGUubWFwcy5wbGFjZXMudjEuUGxhY2VzLlNlYXJjaFRleHQQAhgEIAA,(530) 552-7703,"12030 Donner Pass Rd, Truckee, CA 96161, USA",39.3259445,-120.22219729999998,false,1,bike shop; ski shop,standard,2026-06-24,,false
ChIJMVZD8je9mYARn7oz3NB9fps,Wetsuit Outlet,true,core,gear-shop,1,3,2,OPERATIONAL,Sporting Goods Store,https://wetsuitoutlet.com/,https://maps.google.com/?cid=11204531258945419935&g_mp=Cidnb29nbGUubWFwcy5wbGFjZXMudjEuUGxhY2VzLlNlYXJjaFRleHQQAhgEIAA,(415) 827-1133,"2236 Park Pl Ste D, Minden, NV 89423, USA",38.9999606,-119.76454259999998,false,1,sporting goods store,standard,2026-06-24,,false
ChIJR-E1TqIKmYARpC1kqChygQk,Jansen Inshore Tackle Inc,true,gap,fishing-gear; fly-fishing,2,3,2,OPERATIONAL,Store,http://www.fishandsave.com/,https://maps.google.com/?cid=684954137286421924&g_mp=Cidnb29nbGUubWFwcy5wbGFjZXMudjEuUGxhY2VzLlNlYXJjaFRleHQQAhgEIAA,,"204 W Spear St, Carson City, NV 89703, USA",39.1666861,-119.7681145,false,1,fishing bait and tackle shop; fly fishing outfitter,standard,2026-06-24,,false
ChIJX_hnacwTmYARecgqeyq38UE,Nevada Guide Service,true,core; gap,hunting; outfitter,2,3,2,OPERATIONAL,,https://nevadaguideservice.com/,https://maps.google.com/?cid=4751780474935494777&g_mp=Cidnb29nbGUubWFwcy5wbGFjZXMudjEuUGxhY2VzLlNlYXJjaFRleHQQAhgEIAA,(775) 250-3380,"14675 Rim Rock Dr #6309, Reno, NV 89521, USA",39.3937928,-119.71734749999999,false,1,guide service outfitter; hunting guide outfitter,standard,2026-06-24,,false
ChIJmwgLyX5AmYARLDJ8jWUGTlo,"RiderPlanet, LLC",true,core,atv; dirtbike,2,1,2,OPERATIONAL,Car Dealer,,https://maps.google.com/?cid=6507145544832135724&g_mp=Cidnb29nbGUubWFwcy5wbGFjZXMudjEuUGxhY2VzLlNlYXJjaFRleHQQAhgEIAA,(877) 433-7477,"3702 S Virginia St, Reno, NV 89502, USA",39.434512999999995,-119.77036999999999,false,1,atv rental; dirt bike rental,standard,2026-06-24,,false
ChIJRR6zuq2PmYARKBrkelyUoVk,Clearly Tahoe LED Night Kayak Tours,true,core,canoe; kayak; watersports,4,5,1,OPERATIONAL,Tour Agency,https://clearlytahoe.com/night-kayak-tours/,https://maps.google.com/?cid=6458606465545673256&g_mp=Cidnb29nbGUubWFwcy5wbGFjZXMudjEuUGxhY2VzLlNlYXJjaFRleHQQAhgEIAA,(530) 554-4664,"2435 Venice Dr E, South Lake Tahoe, CA 96150, USA",38.9332596,-120.00115079999999,false,1,canoe rental; kayak rental; kayak tours; watersports rental,standard,2026-06-24,,false
ChIJdQRWLpCPmYARi2pd5ssRbAI,Babes on a Boat: Tahoe Bachelorette Experience,true,core,canoe; powerboat,3,5,1,OPERATIONAL,Services,https://babesonaboat.com/,https://maps.google.com/?cid=174534053001521803&g_mp=Cidnb29nbGUubWFwcy5wbGFjZXMudjEuUGxhY2VzLlNlYXJjaFRleHQQAhgEIAA,,"1046 Al Tahoe Blvd #18969, South Lake Tahoe, CA 96150, USA",38.9335099,-119.97427929999999,false,1,boat charter; boat rental; canoe rental,standard,2026-06-24,,false
ChIJCcWhKwmQmYAR7dEZlQkDrWU,Tahoe Keys Yacht Charter,true,core,powerboat; sailing,4,5,1,OPERATIONAL,Tour Agency,http://tahoesports.com/,https://maps.google.com/?cid=7326515508492751341&g_mp=Cidnb29nbGUubWFwcy5wbGFjZXMudjEuUGxhY2VzLlNlYXJjaFRleHQQAhgEIAA,(530) 308-8016,"2435 Venice Dr E, South Lake Tahoe, CA 96150, USA",38.9341357,-120.00131669999999,false,1,boat charter; boat rental; motorboat rental; sailboat rental,standard,2026-06-24,ChIJCcWhKwmQmYARgCkaufWt1HM,false
ChIJlfkixIebmYARzsYK3x_HyfI,Clearly Tahoe Bikes,true,core,cycling,2,5,1,OPERATIONAL,Services,https://bikelaketahoe.com/,https://maps.google.com/?cid=17494733167197341390&g_mp=Cidnb29nbGUubWFwcy5wbGFjZXMudjEuUGxhY2VzLlNlYXJjaFRleHQQAhgEIAA,(530) 307-2275,"212 Elks Point Rd Ste 443, Zephyr Cove, NV 89448, USA",38.9856689,-119.9429751,false,1,bike rental; bike shop,standard,2026-06-24,,false
ChIJpbhRufabmYAR70RxWUMaBPA,Lake Tahoe Slingshots,true,core,cycling; dirtbike,2,5,1,OPERATIONAL,Tour Agency,http://laketahoeslingshotrentals.com/,https://maps.google.com/?cid=17294977345575273711&g_mp=Cidnb29nbGUubWFwcy5wbGFjZXMudjEuUGxhY2VzLlNlYXJjaFRleHQQAhgEIAA,(775) 580-7054,"152 US-50 Ste 2 Box 6361, Stateline, NV 89410, USA",38.968691299999996,-119.93595429999999,false,1,bike rental; dirt bike rental,standard,2026-06-24,,false
ChIJXa0M2O6-2a8RmpGcRKDxZYk,Doing It Big Rentals,true,core,canoe; pontoon; watersports,3,5,1,OPERATIONAL,Services,http://doingitbigrentals.com/,https://maps.google.com/?cid=9900585026492076442&g_mp=Cidnb29nbGUubWFwcy5wbGFjZXMudjEuUGxhY2VzLlNlYXJjaFRleHQQAhgEIAA,(408) 780-6320,,,,true,1,canoe rental; pontoon rental; watersports rental,service-area,2026-06-24,,false
ChIJMybmtDy9mYARVy47T7Saxs4,Tahoe Charters,true,core,pontoon,1,5,1,OPERATIONAL,Services,,https://maps.google.com/?cid=14899766516415934039&g_mp=Cidnb29nbGUubWFwcy5wbGFjZXMudjEuUGxhY2VzLlNlYXJjaFRleHQQAhgEIAA,(775) 782-1800,,,,true,1,pontoon rental,service-area,2026-06-24,,false
ChIJSdktC4ejmYARTXMmqopyWjU,Lake Tahoe Adventure OHV Tours,true,core,atv; snowmobile,2,5,1,OPERATIONAL,Point of interest,https://www.laketahoeadventures.com/,https://maps.google.com/?cid=3844511171799839565&g_mp=Cidnb29nbGUubWFwcy5wbGFjZXMudjEuUGxhY2VzLlNlYXJjaFRleHQQAhgEIAA,(800) 490-3995,"1798 Johnson Ln, Minden, NV 89423, USA",39.026734600000005,-119.70537389999998,false,1,atv rental; snowmobile rental,standard,2026-06-24,,false
ChIJe1mJweF_mYARZQb-FbqnGX4,Rubicon Trail Jeep Tours,true,core,atv; offroad-4x4,2,5,1,OPERATIONAL,,,https://maps.google.com/?cid=9086478140871411301&g_mp=Cidnb29nbGUubWFwcy5wbGFjZXMudjEuUGxhY2VzLlNlYXJjaFRleHQQAhgEIAA,(775) 900-7005,"7000 W Lake Blvd #721, Tahoma, CA 96142, USA",39.0670579,-120.1288437,false,1,atv rental; off road jeep rental,standard,2026-06-24,,false
ChIJVcU0C_l7mYARQ6mVDxp-b7g,Blue Water Charter,true,core,canoe; pontoon; powerboat,3,5,1,OPERATIONAL,Services,,https://maps.google.com/?cid=13289979675789338947&g_mp=Cidnb29nbGUubWFwcy5wbGFjZXMudjEuUGxhY2VzLlNlYXJjaFRleHQQAhgEIAA,(775) 391-0321,,,,true,1,boat rental; canoe rental; pontoon rental,service-area,2026-06-24,,false
ChIJTwDwRXN9mYAR8ISj4ey8Yws,Tahoe Gal Tickets,true,core,powerboat,1,5,1,OPERATIONAL,Corporate Office,https://tahoegal.com/schedule-rates/,https://maps.google.com/?cid=820707282695455984&g_mp=Cidnb29nbGUubWFwcy5wbGFjZXMudjEuUGxhY2VzLlNlYXJjaFRleHQQAhgEIAA,(530) 583-0141,"Alpine Meadows, CA 96145, USA",39.173804499999996,-120.1366909,false,1,boat charter,standard,2026-06-24,,false
ChIJ_2OXu-h9mYARdnrks1KAA6c,eBike Tahoe,true,core,cycling; ebike,3,5,1,OPERATIONAL,Services,https://ebiketahoe.com/,https://maps.google.com/?cid=12034603721957866102&g_mp=Cidnb29nbGUubWFwcy5wbGFjZXMudjEuUGxhY2VzLlNlYXJjaFRleHQQAhgEIAA,(530) 412-2926,"170 N Lake Blvd, Tahoe City, CA 96145, USA",39.167965599999995,-120.14427039999998,false,1,bike rental; bike shop; ebike rental,standard,2026-06-24,,false
ChIJ9ffh5MZlmYARKO6I6VZHIGY,HSH Fishing,true,gap,fishing-charter,1,5,1,OPERATIONAL,Fishing Charter,,https://maps.google.com/?cid=7358960229734215208&g_mp=Cidnb29nbGUubWFwcy5wbGFjZXMudjEuUGxhY2VzLlNlYXJjaFRleHQQAhgEIAA,(530) 412-2550,"8311 Golden Ave, Kings Beach, CA 96143, USA",39.2395044,-120.0267272,false,1,fishing charter,standard,2026-06-24,,false
ChIJ6Ru8uh13mYAR_KdiJSwQYio,CalNeva Charters,true,gap,fishing-charter,1,5,1,OPERATIONAL,Fishing Charter,,https://maps.google.com/?cid=3054021279102445564&g_mp=Cidnb29nbGUubWFwcy5wbGFjZXMudjEuUGxhY2VzLlNlYXJjaFRleHQQAhgEIAA,(530) 721-3728,"Cave Rock, NV-28, Glenbrook, NV 89413, USA",39.1653044,-119.92989740000002,false,1,fishing charter,standard,2026-06-24,,false
ChIJl1Nj3KQLmYAREDt3t0KGanI,Wild About Discs,true,core,disc-golf; gear-shop,2,5,1,OPERATIONAL,Sporting Goods Store,https://www.wildaboutdiscs.com/,https://maps.google.com/?cid=8244549688959122192&g_mp=Cidnb29nbGUubWFwcy5wbGFjZXMudjEuUGxhY2VzLlNlYXJjaFRleHQQAhgEIAA,(775) 444-3147,"1801 E William St Bldg E, Carson City, NV 89701, USA",39.1719626,-119.74724130000001,false,1,disc golf rental; sporting goods store,standard,2026-06-24,,false
ChIJIwOlT3oLmYAREcvyembEmy0,Carson City Portables - Porta Potty Rentals,true,core,camping,1,5,1,OPERATIONAL,Services,,https://maps.google.com/?cid=3286436297525349137&g_mp=Cidnb29nbGUubWFwcy5wbGFjZXMudjEuUGxhY2VzLlNlYXJjaFRleHQQAhgEIAA,(775) 243-3399,"503 E Robinson St, Carson City, NV 89701, USA",39.1669814,-119.7634079,false,1,tent rental,standard,2026-06-24,,false
ChIJwd7sUkMLmYARtbxf3448sa0,Brat’s Bargain Brags,true,core,gear-shop,1,5,1,OPERATIONAL,Thrift Store,,https://maps.google.com/?cid=12515851423769935029&g_mp=Cidnb29nbGUubWFwcy5wbGFjZXMudjEuUGxhY2VzLlNlYXJjaFRleHQQAhgEIAA,(775) 301-6022,"3140 E Nye Ln, Carson City, NV 89706, USA",39.1865916,-119.73297160000001,false,1,sporting goods store,standard,2026-06-24,,true
ChIJRUwh9A8LmYARCx11z-qglYM,Rock Trax UTV,true,core,atv; utv,4,5,1,OPERATIONAL,Store,,https://maps.google.com/?cid=9481661520861797643&g_mp=Cidnb29nbGUubWFwcy5wbGFjZXMudjEuUGxhY2VzLlNlYXJjaFRleHQQAhgEIAA,(775) 350-7690,"A, 3180 Carmine St, Carson City, NV 89706, USA",39.1790719,-119.7325865,false,1,atv rental; quad rental; rzr rental; utv rental,standard,2026-06-24,,false
ChIJ225xDjbom4ARxusGQQfFoKM,Donner Summit Rentals,true,core; experience,alpine-ski; snow-tube; snowmobile,4,5,1,OPERATIONAL,Services,https://www.donnersummitrentals.com/,https://maps.google.com/?cid=11790640459402374086&g_mp=Cidnb29nbGUubWFwcy5wbGFjZXMudjEuUGxhY2VzLlNlYXJjaFRleHQQAhgEIAA,(530) 426-3106,"7206 Palisade Rd, Soda Springs, CA 95728, USA",39.308032,-120.38399500000001,false,1,ski rental; ski shop; sled rental; snowmobile rental,standard,2026-06-24,ChIJy1YKLu_nm4ARlxeebeSAsuQ,false
ChIJkxPrPu_nm4ARa-ZwiqhahAY,Minus 7,true,core,alpine-ski,1,5,1,OPERATIONAL,Store,,https://maps.google.com/?cid=469599941077034603&g_mp=Cidnb29nbGUubWFwcy5wbGFjZXMudjEuUGxhY2VzLlNlYXJjaFRleHQQAhgEIAA,,"California 96161, USA",39.31735320000001,-120.33025520000001,false,1,ski shop,standard,2026-06-24,,false
ChIJw_Tjd8Lfm4ARRSBYTM-AadM,Triple Cue Billiards | Pool Table Services & Repairs,true,core,gear-shop,1,5,1,OPERATIONAL,Sporting Goods Store,http://www.triplecuebilliards.com/,https://maps.google.com/?cid=15233848842384842821&g_mp=Cidnb29nbGUubWFwcy5wbGFjZXMudjEuUGxhY2VzLlNlYXJjaFRleHQQAhgEIAA,(916) 542-1332,"11429 Donner Pass Rd, Truckee, CA 96161, USA",39.3257769,-120.2109485,false,1,sporting goods store,standard,2026-06-24,,false
ChIJWaaQMg7fm4ARA_g_GZQNbzw,CP Sno Motorsports,true,core,alpine-ski; cycling; gear-shop,3,5,1,OPERATIONAL,Sporting Goods Store,http://cyclepaths.com/cp-sno,https://maps.google.com/?cid=4354714294420502531&g_mp=Cidnb29nbGUubWFwcy5wbGFjZXMudjEuUGxhY2VzLlNlYXJjaFRleHQQAhgEIAA,(530) 386-2218,"10825 Pioneer Trail, Truckee, CA 96161, USA",39.3354704,-120.1809948,false,1,bike shop; ski shop; sporting goods store,standard,2026-06-24,ChIJKx4AZMvfm4ARYXTbCQnZlWk,false
ChIJaUPBIdPfm4AR68m0B8utOvM,Yardsale & Co.,true,core,gear-shop,1,5,1,OPERATIONAL,Thrift Store,https://loveyardsale.co/,https://maps.google.com/?cid=17526511987384961515&g_mp=Cidnb29nbGUubWFwcy5wbGFjZXMudjEuUGxhY2VzLlNlYXJjaFRleHQQAhgEIAA,(925) 282-0711,"11209 Brockway Rd C106, Truckee, CA 96161, USA",39.321640099999996,-120.16287109999999,false,1,sporting goods store,standard,2026-06-24,,true
ChIJ18S2xD3gm4AR51gEoNrMs8Q,Brown Chicken Log Works,true,core,gear-shop,1,5,1,OPERATIONAL,Manufacturer,http://brownchicken.com/,https://maps.google.com/?cid=14173897691624659175&g_mp=Cidnb29nbGUubWFwcy5wbGFjZXMudjEuUGxhY2VzLlNlYXJjaFRleHQQAhgEIAA,(530) 582-1860,"12785 Greenwood Dr, Truckee, CA 96161, USA",39.3686856,-120.17573720000001,false,1,sporting goods store,standard,2026-06-24,,false
ChIJJ1bqK9BhmYAR0mLvJWN5JUo,Black Tie Adventure Rentals North Tahoe,true,core,atv; cycling; ebike; gear-shop; mtb,9,5,1,OPERATIONAL,Sporting Goods Store,https://www.blacktiesummer.com/north-tahoe/,https://maps.google.com/?cid=5342809999690130130&g_mp=Cidnb29nbGUubWFwcy5wbGFjZXMudjEuUGxhY2VzLlNlYXJjaFRleHQQAhgEIAA,(530) 550-1092,"12219 Business Park Dr Ste 6, Truckee, CA 96161, USA",39.315624,-120.149323,false,1,atv rental; bike rental; bike shop; downhill bike park rental; ebike rental; mountain bike rental; outdoor equipment rental; outdoor gear rental; sporting goods store,standard,2026-06-24,,false
ChIJcSPRLpBgmYAREYSvBo1hns8,South Passage Outfitters,true,core,canoe; pontoon; powerboat,3,5,1,OPERATIONAL,Services,https://www.southpassageoutfittersllc.com/,https://maps.google.com/?cid=14960502270501815313&g_mp=Cidnb29nbGUubWFwcy5wbGFjZXMudjEuUGxhY2VzLlNlYXJjaFRleHQQAhgEIAA,(775) 842-8403,"15533 Chelmsford, Truckee, CA 96161, USA",39.358332999999995,-120.10079100000002,false,1,boat rental; canoe rental; pontoon rental,standard,2026-06-24,,false
ChIJFwH6MwBvmYARHxIqiPAyYlI,Tyrolian Downhill Mountain Bike Trail,true,core,mtb,1,5,1,OPERATIONAL,Park,,https://maps.google.com/?cid=5936363267485733407&g_mp=Cidnb29nbGUubWFwcy5wbGFjZXMudjEuUGxhY2VzLlNlYXJjaFRleHQQAhgEIAA,,"New Washoe City, NV 89704, USA",39.3012382,-119.919415,false,1,downhill bike park rental,standard,2026-06-24,,false
ChIJa0YAwPk_mYARlCZKYkApuyU,ACS Fitness Equipment,true,core,gear-shop,1,5,1,OPERATIONAL,Sporting Goods Store,,https://maps.google.com/?cid=2718812156551898772&g_mp=Cidnb29nbGUubWFwcy5wbGFjZXMudjEuUGxhY2VzLlNlYXJjaFRleHQQAhgEIAA,(775) 852-0300,"6465 S Virginia St, Reno, NV 89511, USA",39.4672628,-119.78668110000001,false,1,sporting goods store,standard,2026-06-24,,false
ChIJ9bZn8VI_mYARLJNT0MDJO5c,Nelle Porta Potty Rentals,true,core,gear-shop,1,5,1,OPERATIONAL,Services,,https://maps.google.com/?cid=10897525553319088940&g_mp=Cidnb29nbGUubWFwcy5wbGFjZXMudjEuUGxhY2VzLlNlYXJjaFRleHQQAhgEIAA,(775) 260-9897,"802 Kietzke Ln, Reno, NV 89502, USA",39.518408699999995,-119.78806039999998,false,1,outdoor equipment rental,standard,2026-06-24,,false
ChIJH6yP8PVHmYARVHTJTm11xnM,Legendary Bowling Services,true,core,gear-shop,3,5,1,OPERATIONAL,Sporting Goods Store,https://legendarybowling.com/,https://maps.google.com/?cid=8342484472084132948&g_mp=Cidnb29nbGUubWFwcy5wbGFjZXMudjEuUGxhY2VzLlNlYXJjaFRleHQQAhgEIAA,(702) 487-2204,"300 University Wy, Reno, NV 89501, USA",39.5298106,-119.8132323,false,3,sporting goods store,standard,2026-06-24,,false
ChIJ_XOgTKNHmYARQ5f51RcNl2g,Forward Ski System,true,core,alpine-ski; gear-shop; snowboard,4,5,1,OPERATIONAL,Sporting Goods Store,,https://maps.google.com/?cid=7536506897453127491&g_mp=Cidnb29nbGUubWFwcy5wbGFjZXMudjEuUGxhY2VzLlNlYXJjaFRleHQQAhgEIAA,(855) 384-5607,"345 Parr Cir, Reno, NV 89510, USA",39.572825,-119.81678389999999,false,2,ski shop; snowboard shop; sporting goods store,standard,2026-06-24,,false
ChIJ6QMF9AZBmYARE4uk6Y42qjg,Golf Lessons in Reno,true,core,gear-shop,2,5,1,OPERATIONAL,Sports School,http://www.golflessonsreno.org/,https://maps.google.com/?cid=4083135999597906707&g_mp=Cidnb29nbGUubWFwcy5wbGFjZXMudjEuUGxhY2VzLlNlYXJjaFRleHQQAhgEIAA,(775) 460-1327,"133 N Virginia St #1104, Reno, NV 89501, USA",39.5262295,-119.81343439999999,false,2,sporting goods store,standard,2026-06-24,,false
ChIJSZeyEoVAmYAR4R3w-L7T59o,S.c.u.b.a,true,core; experience,scuba,2,5,1,OPERATIONAL,Sports Activity Location,,https://maps.google.com/?cid=15773809037062184417&g_mp=Cidnb29nbGUubWFwcy5wbGFjZXMudjEuUGxhY2VzLlNlYXJjaFRleHQQAhgEIAA,,"98 E Grove St, Reno, NV 89502, USA",39.5005532,-119.79904210000001,false,1,dive shop; scuba diving,standard,2026-06-24,,false
ChIJTd9mm5rdi6kR6PV01YzawMA,Playa E-bike Rentals,true,core,cycling; ebike,2,5,1,OPERATIONAL,Services,,https://maps.google.com/?cid=13889341549222098408&g_mp=Cidnb29nbGUubWFwcy5wbGFjZXMudjEuUGxhY2VzLlNlYXJjaFRleHQQAhgEIAA,(775) 450-0334,,,,true,1,bike rental; ebike rental,service-area,2026-06-24,,false
ChIJC032vhNHmYARLYiOBRJZYU0,Reno City Portables - Porta Potty Rentals,true,core,camping,1,5,1,OPERATIONAL,Services,,https://maps.google.com/?cid=5575835747598895149&g_mp=Cidnb29nbGUubWFwcy5wbGFjZXMudjEuUGxhY2VzLlNlYXJjaFRleHQQAhgEIAA,(725) 567-9819,"346 N Virginia St, Reno, NV 89501, USA",39.529539,-119.81368739999999,false,1,tent rental,standard,2026-06-24,,false
ChIJp2AAvRM_mYAR9tEkDpcdxlI,Giraffe Inc,true,core,camping,1,5,1,OPERATIONAL,Services,http://www.giraffeinc.com/,https://maps.google.com/?cid=5964487291113361910&g_mp=Cidnb29nbGUubWFwcy5wbGFjZXMudjEuUGxhY2VzLlNlYXJjaFRleHQQAhgEIAA,(775) 329-8181,"3767 Mill St, Reno, NV 89502, USA",39.5168812,-119.76468249999998,false,1,tent rental,standard,2026-06-24,,false
ChIJ_XV9uEkE6EQRo8SnN7o-qi0,Battleborn Powersports,true,core,atv; utv,4,5,1,OPERATIONAL,Services,http://battlebornpowersports.com/,https://maps.google.com/?cid=3290511447266149539&g_mp=Cidnb29nbGUubWFwcy5wbGFjZXMudjEuUGxhY2VzLlNlYXJjaFRleHQQAhgEIAA,(775) 721-4620,,,,true,1,atv rental; quad rental; rzr rental; utv rental,service-area,2026-06-24,,false
ChIJ0YBAkdM4mYARuldoHr2FJU8,Forever 2 Wheels,true,core,cycling,1,5,1,OPERATIONAL,Sports Club,,https://maps.google.com/?cid=5703111550440069050&g_mp=Cidnb29nbGUubWFwcy5wbGFjZXMudjEuUGxhY2VzLlNlYXJjaFRleHQQAhgEIAA,(775) 954-6788,"1108 Pinewood Dr, Sparks, NV 89434, USA",39.5612504,-119.72569809999999,false,1,bike shop,standard,2026-06-24,,false
ChIJHcUaKbg-mYAR8zvyur6tBB4,JL Custom Rods,true,gap,fishing-gear; fly-fishing,2,5,1,OPERATIONAL,Store,,https://maps.google.com/?cid=2163044755736509427&g_mp=Cidnb29nbGUubWFwcy5wbGFjZXMudjEuUGxhY2VzLlNlYXJjaFRleHQQAhgEIAA,(775) 409-2901,"1445 Coupler Way #15, Sparks, NV 89434, USA",39.5440313,-119.7170475,false,1,fishing bait and tackle shop; fly fishing outfitter,standard,2026-06-24,,false
ChIJnc1n4aFNmYARh8706QcuRRY,Three R's Ranch,true,core,gear-shop,1,5,1,OPERATIONAL,Ranch,http://www.threersranch.com/,https://maps.google.com/?cid=1604739453752233607&g_mp=Cidnb29nbGUubWFwcy5wbGFjZXMudjEuUGxhY2VzLlNlYXJjaFRleHQQAhgEIAA,(775) 250-1042,"10170 Calle Maria St, Reno, NV 89508, USA",39.6567368,-119.9078507,false,1,sporting goods store,standard,2026-06-24,,false
ChIJcTJ2LO9JmYARd9xANmNUUZI,Juanitos Party Rental,true,core,camping,1,5,1,OPERATIONAL,Services,,https://maps.google.com/?cid=10543300987739757687&g_mp=Cidnb29nbGUubWFwcy5wbGFjZXMudjEuUGxhY2VzLlNlYXJjaFRleHQQAhgEIAA,(775) 997-1039,"557 Ideal Ct, Reno, NV 89506, USA",39.640519,-119.8440054,false,1,tent rental,standard,2026-06-24,,false
ChIJm4AUfVVJmYARN34Z7MjwpNk,Kane Klassics Rod Co,true,gap,fishing-gear; fly-fishing,2,5,1,OPERATIONAL,Store,http://kaneklassics.com/,https://maps.google.com/?cid=15682924548156128823&g_mp=Cidnb29nbGUubWFwcy5wbGFjZXMudjEuUGxhY2VzLlNlYXJjaFRleHQQAhgEIAA,(775) 677-0590,"5401 Alpha Ave, Reno, NV 89506, USA",39.6589732,-119.8792235,false,1,fishing bait and tackle shop; fly fishing outfitter,standard,2026-06-24,,false
ChIJeV5k8sDgm4ARz3YsILeBn8U,Truckee Mountain Vacation,true,core,alpine-ski,1,5,1,OPERATIONAL,Travel Agency,http://www.tmvr.com/,https://maps.google.com/?cid=14240243170287580879&g_mp=Cidnb29nbGUubWFwcy5wbGFjZXMudjEuUGxhY2VzLlNlYXJjaFRleHQQAhgEIAA,(530) 587-5509,"12716 Northwoods Blvd #6, Truckee, CA 96161, USA",39.3521971,-120.2316553,false,1,ski rental,standard,2026-06-24,,false
ChIJEfgCWFjnm4ARjTG54UF-8FA,Donner Ski Ranch Lift #1,true,core,alpine-ski,1,4,1,OPERATIONAL,Ski Resort,https://www.donnerskiranch.com/,https://maps.google.com/?cid=5832300338869776781&g_mp=Cidnb29nbGUubWFwcy5wbGFjZXMudjEuUGxhY2VzLlNlYXJjaFRleHQQAhgEIAA,(530) 426-3635,"Truckee, CA 96161, USA",39.321794100000005,-120.336249,false,1,ski shop,standard,2026-06-24,,false
ChIJocK5OjdHmYAR0asgOwoaOJY,Pyramid bikeways,true,core,cycling,1,3,1,OPERATIONAL,,,https://maps.google.com/?cid=10824430335628979153&g_mp=Cidnb29nbGUubWFwcy5wbGFjZXMudjEuUGxhY2VzLlNlYXJjaFRleHQQAhgEIAA,,"Reno, NV 89502, USA",39.5285586,-119.8061405,false,1,bike shop,standard,2026-06-24,,false
ChIJpRrUHRY_mYARaqbt06BNxJ8,take aim targets,true,core,gear-shop,1,2,1,OPERATIONAL,Sporting Goods Store,https://takeaimtargets.com/,https://maps.google.com/?cid=11512411900611503722&g_mp=Cidnb29nbGUubWFwcy5wbGFjZXMudjEuUGxhY2VzLlNlYXJjaFRleHQQAhgEIAA,(775) 358-4613,"1203 Industrial Wy, Sparks, NV 89431, USA",39.5228944,-119.75891,false,1,sporting goods store,standard,2026-06-24,,false
ChIJJ0YDNgBxmYARvZIvIzMKrRw,Tahoe Yacht Charters,true,core,powerboat; sailing,2,1,1,OPERATIONAL,Tour Agency,https://www.tahoeyachtcharters.com/,https://maps.google.com/?cid=2066319018782855869&g_mp=Cidnb29nbGUubWFwcy5wbGFjZXMudjEuUGxhY2VzLlNlYXJjaFRleHQQAhgEIAA,(530) 600-4440,"885 Tahoe Blvd, Incline Village, NV 89451, USA",39.2494664,-119.9543212,false,1,boat charter; sailboat rental,standard,2026-06-24,,false
ChIJVVVVVSU-mYARfdKseUEol_c,Bouncin Bins,true,core,camping,1,1,1,OPERATIONAL,Services,,https://maps.google.com/?cid=17840772710530863741&g_mp=Cidnb29nbGUubWFwcy5wbGFjZXMudjEuUGxhY2VzLlNlYXJjaFRleHQQAhgEIAA,(775) 322-7776,"2120 Patton Dr, Reno, NV 89512, USA",39.5502241,-119.79631939999999,false,1,tent rental,standard,2026-06-24,,false
ChIJvenb9gL0mYARx8Sp-1RFiv0,Kirkwood Mountain Sports - Timber Creek,true,core,pwc,1,,0,CLOSED_TEMPORARILY,Services,,https://maps.google.com/?cid=18269491069683614919&g_mp=Cidnb29nbGUubWFwcy5wbGFjZXMudjEuUGxhY2VzLlNlYXJjaFRleHQQAhgEIAA,,"33611 Kirkwood Meadows Dr, Kirkwood, CA 95646, USA",38.6892067,-120.0744373,false,1,jet ski rental,standard,2026-06-24,,false
ChIJ534AdwCLmYAR-D0xyc4Ujvg,Sierra Mountain Sports,true,core,gear-shop,1,,0,OPERATIONAL,Store,https://sierraattahoe.com/sierra-mountain-sports/,https://maps.google.com/?cid=17910275646470307320&g_mp=Cidnb29nbGUubWFwcy5wbGFjZXMudjEuUGxhY2VzLlNlYXJjaFRleHQQAhgEIAA,(530) 543-3140,"104 Sierra-At-Tahoe Rd, South Lake Tahoe, CA 96155, USA",38.8001,-120.08136599999999,false,1,sporting goods store,standard,2026-06-24,,false
ChIJ_eNIfQlXs6YR8_1W_8pxBy8,Kayak Tahoe,true,core,canoe; kayak,2,,0,OPERATIONAL,Services,http://www.kayaktahoe.com/,https://maps.google.com/?cid=3388802361300811251&g_mp=Cidnb29nbGUubWFwcy5wbGFjZXMudjEuUGxhY2VzLlNlYXJjaFRleHQQAhgEIAA,(530) 544-2011,,,,true,1,canoe rental; kayak rental,service-area,2026-06-24,ChIJb9Vvv7SHmYARXA3c6wo9eCM,false
ChIJYbSbBcaPmYARtGDEM01RVJ4,Tahoe WakeBusters,true,core,canoe; powerboat; wakeboard; watersports,5,,0,OPERATIONAL,Services,https://www.tahoewakebusters.com/,https://maps.google.com/?cid=11408833148059148468&g_mp=Cidnb29nbGUubWFwcy5wbGFjZXMudjEuUGxhY2VzLlNlYXJjaFRleHQQAhgEIAA,(775) 241-4039,"2435 Venice Dr E, South Lake Tahoe, CA 96150, USA",38.9344684,-120.0020405,false,1,boat charter; boat rental; canoe rental; wakeboard boat rental; watersports rental,standard,2026-06-24,ChIJC-M6c2mDmYARooZiRflQOuc,false
ChIJcyXI39CPmYARWZtJ-BWL6FI,Boatsetter - Tahoe Keys Marina,true,core,canoe; powerboat,2,,0,OPERATIONAL,Services,http://www.boatsetter.com/,https://maps.google.com/?cid=5974177832183110489&g_mp=Cidnb29nbGUubWFwcy5wbGFjZXMudjEuUGxhY2VzLlNlYXJjaFRleHQQAhgEIAA,,"2435 Venice Dr E, South Lake Tahoe, CA 96150, USA",38.9344684,-120.0020088,false,1,boat rental; canoe rental,standard,2026-06-24,,false
ChIJ68xJYKuPmYARJn0ouqcE0Cs,Tahoe Boaters,true,core,canoe; powerboat,4,,0,OPERATIONAL,Tour Agency,https://tahoejetboats.com/,https://maps.google.com/?cid=3157028457215982886&g_mp=Cidnb29nbGUubWFwcy5wbGFjZXMudjEuUGxhY2VzLlNlYXJjaFRleHQQAhgEIAA,,"1046 Al Tahoe Blvd #18969, South Lake Tahoe, CA 96150, USA",38.9335099,-119.97427929999999,false,1,boat charter; boat rental; canoe rental; motorboat rental,standard,2026-06-24,,false
ChIJWxq69W1bwI8Rcrn6-Ug_SAw,Tahoe Outdoor Dirt Bike Location,true,core,cycling; dirtbike,2,,0,OPERATIONAL,,https://www.tahoeoutdooradventures.com/,https://maps.google.com/?cid=885026909442455922&g_mp=Cidnb29nbGUubWFwcy5wbGFjZXMudjEuUGxhY2VzLlNlYXJjaFRleHQQAhgEIAA,(530) 494-9968,"1169 Melba Dr, South Lake Tahoe, CA 96150, USA",38.908508,-119.99962829999998,false,1,bike rental; dirt bike rental,standard,2026-06-24,,false
ChIJTwnC2fWPmYARFS3CSQq2DRM,Push push industries,true,core,cycling,1,,0,OPERATIONAL,Services,,https://maps.google.com/?cid=1372953616721259797&g_mp=Cidnb29nbGUubWFwcy5wbGFjZXMudjEuUGxhY2VzLlNlYXJjaFRleHQQAhgEIAA,,"2264 #8 Lake Tahoe Blvd, South Lake Tahoe, CA 96150, USA",38.9187205,-119.99518769999997,false,1,bike shop,standard,2026-06-24,,false
ChIJz14CvMzuBwQRWYE4-hbzw-k,Alpine Gathering Co.,true,core,camping,1,,0,OPERATIONAL,Services,https://www.alpinegatheringco.com/,https://maps.google.com/?cid=16844574311308624217&g_mp=Cidnb29nbGUubWFwcy5wbGFjZXMudjEuUGxhY2VzLlNlYXJjaFRleHQQAhgEIAA,(530) 539-4019,,,,true,1,tent rental,service-area,2026-06-24,,false
ChIJ1f9UqyK_mYAR0cLcOEFKV2A,Doing It Big Rentals,true,core; experience,snow-tube; snowmobile,2,,0,OPERATIONAL,Services,https://doingitbigrentals.com/,https://maps.google.com/?cid=6942098994602230481&g_mp=Cidnb29nbGUubWFwcy5wbGFjZXMudjEuUGxhY2VzLlNlYXJjaFRleHQQAhgEIAA,(408) 780-6320,"1165 Sweetwater Ct, Gardnerville, NV 89460, USA",38.9043178,-119.75451779999999,false,1,sled rental; snowmobile rental,standard,2026-06-24,ChIJXa0M2O6-2a8RmpGcRKDxZYk,false
ChIJSeJXkmNMbGMRUxxgXTwYJcM,Faith & Co. Event Rentals,true,core,camping,1,,0,OPERATIONAL,Services,,https://maps.google.com/?cid=14061672059077925971&g_mp=Cidnb29nbGUubWFwcy5wbGFjZXMudjEuUGxhY2VzLlNlYXJjaFRleHQQAhgEIAA,(951) 287-8250,,,,true,1,tent rental,service-area,2026-06-24,,false
ChIJW0CmJnY4_4YRaaPolVMJQ_U,Faith & Co. Event Rentals,true,core,camping,1,,0,OPERATIONAL,Services,,https://maps.google.com/?cid=17672979617333945193&g_mp=Cidnb29nbGUubWFwcy5wbGFjZXMudjEuUGxhY2VzLlNlYXJjaFRleHQQAhgEIAA,(951) 287-8250,,,,true,1,tent rental,service-area,2026-06-24,,false
ChIJPy-vnMaRmYARMiIj40_5Bzw,Tallac Boat Rentals,true,core,canoe; kayak; pontoon; powerboat,4,,0,OPERATIONAL,Services,,https://maps.google.com/?cid=4325700088621113906&g_mp=Cidnb29nbGUubWFwcy5wbGFjZXMudjEuUGxhY2VzLlNlYXJjaFRleHQQAhgEIAA,(530) 290-1998,"4151 Cedar Ave, South Lake Tahoe, CA 96150, USA",38.960187,-119.94449699999998,false,1,boat rental; canoe rental; kayak rental; pontoon rental,standard,2026-06-24,,false
ChIJDaVqy8ObmYARzHjV519rv7c,Tahoe Toys & Adventures LLC,true,core; experience,alpine-ski; pwc; snow-tube; snowmobile; sup; watersports,11,,0,OPERATIONAL,Services,http://tahoetoysadventures.com/,https://maps.google.com/?cid=13240419489148139724&g_mp=Cidnb29nbGUubWFwcy5wbGFjZXMudjEuUGxhY2VzLlNlYXJjaFRleHQQAhgEIAA,(775) 331-8866,"308 Dorla Ct, Stateline, NV 89449, USA",38.9826919,-119.94303819999999,false,3,jet ski rental; lake toy rental; paddleboard rental; personal watercraft rental; ski rental; sled rental; snowmobile rental; watersports rental; waverunner rental,standard,2026-06-24,,false
ChIJDZAoWzObmYARkCVmslf1eEM,"Stateline Shack ""The Shack""",true,core,sup,1,,0,OPERATIONAL,Store,https://theshack.pro/,https://maps.google.com/?cid=4861905554750449040&g_mp=Cidnb29nbGUubWFwcy5wbGFjZXMudjEuUGxhY2VzLlNlYXJjaFRleHQQAhgEIAA,(530) 721-0140,"151 Stateline Ave B, Stateline, NV 89449, USA",38.9609503,-119.94417229999999,false,1,paddleboard rental,standard,2026-06-24,,false
ChIJeZOEri2NPYQRPpJ2pPvf8hg,DK Boats,true,core,canoe; pontoon; powerboat,3,,0,OPERATIONAL,Services,https://www.tahoedkboats.com/,https://maps.google.com/?cid=1797745473163268670&g_mp=Cidnb29nbGUubWFwcy5wbGFjZXMudjEuUGxhY2VzLlNlYXJjaFRleHQQAhgEIAA,(775) 292-2870,"1004 Lakeview Ave, South Lake Tahoe, CA 96150, USA",38.943826099999995,-119.97719330000001,false,1,boat rental; canoe rental; pontoon rental,standard,2026-06-24,ChIJUXRv_b2PmYARhMFCa2UdWX4,false
ChIJl2lCpqmbmYARyyFQrXx1_Z8,Jet Surf Magic,true,core,alpine-ski; pwc; watersports,5,,0,OPERATIONAL,Services,,https://maps.google.com/?cid=11528499799482442187&g_mp=Cidnb29nbGUubWFwcy5wbGFjZXMudjEuUGxhY2VzLlNlYXJjaFRleHQQAhgEIAA,,"18 US-50, Stateline, NV 89449, USA",38.9600823,-119.9424329,false,2,jet ski rental; personal watercraft rental; ski rental; watersports rental; waverunner rental,standard,2026-06-24,,false
ChIJFRNBoymRmYARIcwV65Nz0Z0,Lake & Wake Adventures,true,gap,efoil,1,,0,CLOSED_TEMPORARILY,Services,,https://maps.google.com/?cid=11371997613228674081&g_mp=Cidnb29nbGUubWFwcy5wbGFjZXMudjEuUGxhY2VzLlNlYXJjaFRleHQQAhgEIAA,,"900 Ski Run Blvd, South Lake Tahoe, CA 96150, USA",38.9494404,-119.9592777,false,1,efoil rental,standard,2026-06-24,,false
ChIJmXzPd5iPmYARo7sA-SvSRLg,Dental Clinic,true,core,cycling,1,,0,OPERATIONAL,Services,,https://maps.google.com/?cid=13277968687698066339&g_mp=Cidnb29nbGUubWFwcy5wbGFjZXMudjEuUGxhY2VzLlNlYXJjaFRleHQQAhgEIAA,,"3131 Harrison Ave, South Lake Tahoe, CA 96150, USA",38.9424524,-119.97759899999998,false,1,bike rental,standard,2026-06-24,,false
ChIJ9bDI1HCbmYARCvQMY0dLL-0,tahoe skibikes,true,core,cycling,1,,0,OPERATIONAL,Services,,https://maps.google.com/?cid=17090961880870876170&g_mp=Cidnb29nbGUubWFwcy5wbGFjZXMudjEuUGxhY2VzLlNlYXJjaFRleHQQAhgEIAA,,"613 Hwy 50, Glenbrook, NV 89413, USA",38.9984694,-119.95425759999999,false,1,bike shop,standard,2026-06-24,,false
ChIJC9mYCoGbmYARo3Q0PdvCBkI,Battle Born Lake Tahoe Tours,true,gap,archery,1,,0,CLOSED_TEMPORARILY,Sports Complex,,https://maps.google.com/?cid=4757704303243981987&g_mp=Cidnb29nbGUubWFwcy5wbGFjZXMudjEuUGxhY2VzLlNlYXJjaFRleHQQAhgEIAA,,"Hwy 50, Stateline, NV 89449, USA",38.9620757,-119.93992899999999,false,1,archery range,standard,2026-06-24,,false
ChIJpS60CuyBt4cRnRfPy5-HW78,Ski Rental Systems,true,core,alpine-ski; backcountry-ski,5,,0,OPERATIONAL,Services,http://skirentalsystems.com/,https://maps.google.com/?cid=13788763804513802141&g_mp=Cidnb29nbGUubWFwcy5wbGFjZXMudjEuUGxhY2VzLlNlYXJjaFRleHQQAhgEIAA,(775) 580-7189,"392 Dorla Ct C, Zephyr Cove, NV 89448, USA",38.982158299999995,-119.9428958,false,3,ski rental; ski shop; splitboard rental,standard,2026-06-24,,false
ChIJ-4ZDrbSRmYARyrqUYX9pWPc,Haus Quiver South Lake Tahoe,true,core,alpine-ski; snowboard,5,,0,OPERATIONAL,Services,http://hausquiver.com/,https://maps.google.com/?cid=17823111521137638090&g_mp=Cidnb29nbGUubWFwcy5wbGFjZXMudjEuUGxhY2VzLlNlYXJjaFRleHQQAhgEIAA,(530) 214-3241,"4118 Lake Tahoe Blvd #2, South Lake Tahoe, CA 96150, USA",38.957874499999996,-119.94247809999999,false,3,ski rental; ski shop; snowboard rental; snowboard shop,standard,2026-06-24,,false
ChIJK_GyTQCRmYARnDpDY9yRCVc,Stagecoach lodge ski rental,true,core,alpine-ski,2,,0,OPERATIONAL,Services,,https://maps.google.com/?cid=6271704331834309276&g_mp=Cidnb29nbGUubWFwcy5wbGFjZXMudjEuUGxhY2VzLlNlYXJjaFRleHQQAhgEIAA,,"495 Tramway Dr, Stateline, NV 89449, USA",38.9605556,-119.8895278,false,2,ski rental; ski shop,standard,2026-06-24,,false
ChIJAQAQJ5iamYARA_M_iHBhegg,Ice Rink @ Edgewood,true,core,ice-skate,1,,0,OPERATIONAL,Sports Complex,https://edgewoodtahoe.com/resort-activities/edgewood-on-ice/,https://maps.google.com/?cid=610907835412247299&g_mp=Cidnb29nbGUubWFwcy5wbGFjZXMudjEuUGxhY2VzLlNlYXJjaFRleHQQAhgEIAA,(775) 588-2205,"180 Lake Pkwy, Stateline, NV 89449, USA",38.9660668,-119.94879399999998,false,1,ice skate rental,standard,2026-06-24,,false
ChIJP8WzIwCjmYARXXCYtYdXsP8,Sunbelt Rentals,true,core,gear-shop,1,,0,OPERATIONAL,Services,,https://maps.google.com/?cid=18424322315951566941&g_mp=Cidnb29nbGUubWFwcy5wbGFjZXMudjEuUGxhY2VzLlNlYXJjaFRleHQQAhgEIAA,,"2499 Nowlin Rd, Minden, NV 89423, USA",39.0193882,-119.7537136,false,1,outdoor equipment rental,standard,2026-06-24,,false
ChIJoSX_-pK9mYARB6vDtlzh5_I,Cycle Chic,true,core,cycling,1,,0,OPERATIONAL,Store,,https://maps.google.com/?cid=17503206265118239495&g_mp=Cidnb29nbGUubWFwcy5wbGFjZXMudjEuUGxhY2VzLlNlYXJjaFRleHQQAhgEIAA,(775) 297-6534,"1780 Birch Ct, Minden, NV 89423, USA",38.9670851,-119.76281440000001,false,1,bike shop,standard,2026-06-24,,false
ChIJx3A6Gjh9mYARcesckIY6EMk,The boat,true,core,canoe; pontoon; powerboat,3,,0,OPERATIONAL,Services,https://wwww.boatreuntl.com/,https://maps.google.com/?cid=14488144350868728689&g_mp=Cidnb29nbGUubWFwcy5wbGFjZXMudjEuUGxhY2VzLlNlYXJjaFRleHQQAhgEIAA,(650) 296-2815,"1835 W Lake Blvd, Tahoe City, CA 96145, USA",39.1392276,-120.1550512,false,1,boat rental; canoe rental; pontoon rental,standard,2026-06-24,,false
ChIJDU7OIwB9mYARaW4RYO0akVc,Sunnyside Marina and Fuel Dock,true,core,pontoon,1,,0,OPERATIONAL,Marina,,https://maps.google.com/?cid=6309854159744101993&g_mp=Cidnb29nbGUubWFwcy5wbGFjZXMudjEuUGxhY2VzLlNlYXJjaFRleHQQAhgEIAA,(530) 583-7201,"1850 W Lake Blvd, Tahoe City, CA 96145, USA",39.1391693,-120.15356270000001,false,1,pontoon rental,standard,2026-06-24,,false
ChIJ9Q0VprGhmYARhRduYXsT1I4,Powersports Plus,true,core,cycling,1,,0,OPERATIONAL,Auto Parts Store,,https://maps.google.com/?cid=10291872469084936069&g_mp=Cidnb29nbGUubWFwcy5wbGFjZXMudjEuUGxhY2VzLlNlYXJjaFRleHQQAhgEIAA,,"1851 S Roop St, Carson City, NV 89701, USA",39.1503224,-119.7616046,false,1,bike shop,standard,2026-06-24,,false
ChIJadXPdQDbm4ARPK1PY02ecKE,Tee #1,true,core,disc-golf,1,,0,OPERATIONAL,Athletic Field,,https://maps.google.com/?cid=11632971892713827644&g_mp=Cidnb29nbGUubWFwcy5wbGFjZXMudjEuUGxhY2VzLlNlYXJjaFRleHQQAhgEIAA,,"Olympic Valley, CA 96146, USA",39.1960762,-120.26193119999999,false,1,disc golf rental,standard,2026-06-24,,false
ChIJD1DBxdd9mYARTiybi1OP1OE,Tahoe city kayak kiosk,true,core,canoe; kayak; sup; watersports,4,,0,OPERATIONAL,Services,https://tahoecitykayak.com/,https://maps.google.com/?cid=16272788942583704654&g_mp=Cidnb29nbGUubWFwcy5wbGFjZXMudjEuUGxhY2VzLlNlYXJjaFRleHQQAhgEIAA,(530) 581-4336,"400 N Lake Blvd, Tahoe City, CA 96145, USA",39.1695065,-120.14168889999999,false,1,canoe rental; kayak rental; paddleboard rental; watersports rental,standard,2026-06-24,ChIJzyZuiZl9mYARNyV5iLZ93n4,false
ChIJmx4eaMdZoKcRy2nZmnvjmj4,PADDLE TO YOU,true,core,canoe; kayak; sup; watersports,4,,0,OPERATIONAL,Services,http://www.paddletoyoutahoe.com/,https://maps.google.com/?cid=4511168096783395275&g_mp=Cidnb29nbGUubWFwcy5wbGFjZXMudjEuUGxhY2VzLlNlYXJjaFRleHQQAhgEIAA,(530) 280-7099,"State Hwy 28 at Highway 267, Tahoe Vista, CA 96148, USA",39.2379228,-120.031506,false,1,canoe rental; kayak rental; paddleboard rental; watersports rental,standard,2026-06-24,,false
ChIJh3I2gyN9mYARmUWUbzCeYOM,Tahoe Surf Boat,true,core,canoe; kayak; pontoon; powerboat,4,,0,OPERATIONAL,Services,https://www.tahoesurfboat.com/,https://maps.google.com/?cid=16384269375241471385&g_mp=Cidnb29nbGUubWFwcy5wbGFjZXMudjEuUGxhY2VzLlNlYXJjaFRleHQQAhgEIAA,(530) 414-9935,"850 N Lake Blvd, Tahoe City, CA 96145, USA",39.1739451,-120.1369173,false,1,boat rental; canoe rental; kayak rental; pontoon rental,standard,2026-06-24,,false
ChIJE4N00Md9mYAROuhns7O5F4g,JBL WATERSPORTS,true,core,alpine-ski; canoe; pontoon; powerboat; wakeboard; watersports,6,,0,OPERATIONAL,Services,https://jblwatersports.com/,https://maps.google.com/?cid=9806510895082760250&g_mp=Cidnb29nbGUubWFwcy5wbGFjZXMudjEuUGxhY2VzLlNlYXJjaFRleHQQAhgEIAA,(808) 276-8369,"925 N Lake Blvd, Tahoe City, CA 96145, USA",39.174882100000005,-120.1379532,false,2,boat rental; canoe rental; pontoon rental; ski rental; wakeboard boat rental; watersports rental,standard,2026-06-24,,false
ChIJL_C-oIQn9kwRP5wJRQQWLek,Rubicon Surf Company,true,core,canoe; pontoon; powerboat,3,,0,OPERATIONAL,Services,https://www.rubiconsurfcompany.com/,https://maps.google.com/?cid=16802109992383126591&g_mp=Cidnb29nbGUubWFwcy5wbGFjZXMudjEuUGxhY2VzLlNlYXJjaFRleHQQAhgEIAA,(802) 353-0691,,,,true,1,boat rental; canoe rental; pontoon rental,service-area,2026-06-24,,false
ChIJiZ-IuDkzoq4R9v3aPhsF8Lc,Rubicon Surf Company,true,core,canoe; pontoon; powerboat,3,,0,OPERATIONAL,Services,,https://maps.google.com/?cid=13254099317928164854&g_mp=Cidnb29nbGUubWFwcy5wbGFjZXMudjEuUGxhY2VzLlNlYXJjaFRleHQQAhgEIAA,(802) 353-0691,,,,true,1,boat rental; canoe rental; pontoon rental,service-area,2026-06-24,,false
ChIJHxCy_8QsN6AR9hSqNab2zAY,Blue Wave Boat Rentals,true,core,canoe; pontoon; powerboat,3,,0,OPERATIONAL,Services,,https://maps.google.com/?cid=490037653201884406&g_mp=Cidnb29nbGUubWFwcy5wbGFjZXMudjEuUGxhY2VzLlNlYXJjaFRleHQQAhgEIAA,(802) 353-0691,,,,true,1,boat rental; canoe rental; pontoon rental,service-area,2026-06-24,,false
ChIJKR1iarZlmYARNAKF-L4g-ro,Tahoe Adventure Rentals,true,core,canoe; pontoon; powerboat; sailing; watersports,5,,0,OPERATIONAL,Services,https://tahoeadventurerentals.com/,https://maps.google.com/?cid=13473117239817601588&g_mp=Cidnb29nbGUubWFwcy5wbGFjZXMudjEuUGxhY2VzLlNlYXJjaFRleHQQAhgEIAA,(916) 469-8026,"7456 N Lake Blvd, Tahoe Vista, CA 96148, USA",39.238862999999995,-120.0413431,false,1,boat rental; canoe rental; pontoon rental; sailboat rental; watersports rental,standard,2026-06-24,,false
ChIJ3ztTfQMIhW8RRWhLPCnGmB0,Rent a Boat,true,core,canoe; pontoon; powerboat,3,,0,OPERATIONAL,Services,https://jblwatersports.com/,https://maps.google.com/?cid=2132672303967463493&g_mp=Cidnb29nbGUubWFwcy5wbGFjZXMudjEuUGxhY2VzLlNlYXJjaFRleHQQAhgEIAA,(808) 276-8369,,,,true,1,boat rental; canoe rental; pontoon rental,service-area,2026-06-24,,false
ChIJfVKq_BBlmYARKqM1VWRX0RU,BOATS ON TAHOE,true,core,pontoon; powerboat,2,,0,OPERATIONAL,Services,http://www.boatsontahoe.com/,https://maps.google.com/?cid=1572133833366938410&g_mp=Cidnb29nbGUubWFwcy5wbGFjZXMudjEuUGxhY2VzLlNlYXJjaFRleHQQAhgEIAA,(530) 386-1002,,,,true,1,boat rental; pontoon rental,service-area,2026-06-24,,false
ChIJI8tiOud8mYAR0P9zvjO9rDY,Tahoe XC,true,core,nordic-ski,1,,0,CLOSED_TEMPORARILY,Ski Resort,,https://maps.google.com/?cid=3939731803978596304&g_mp=Cidnb29nbGUubWFwcy5wbGFjZXMudjEuUGxhY2VzLlNlYXJjaFRleHQQAhgEIAA,,"925 Country Club Dr, Tahoe City, CA 96145, USA",39.1971686,-120.1063621,false,1,nordic ski center,standard,2026-06-24,,false
ChIJI5NJtGNxmYARonqzQWaQwl0,Precision Approach,true,core,alpine-ski; gear-shop; snowboard,3,,0,OPERATIONAL,Sporting Goods Store,https://precisionapproachsports.com/,https://maps.google.com/?cid=6756121159872510626&g_mp=Cidnb29nbGUubWFwcy5wbGFjZXMudjEuUGxhY2VzLlNlYXJjaFRleHQQAhgEIAA,(541) 645-0064,"770 Mays Blvd #5559, Incline Village, NV 89451, USA",39.247220899999995,-119.96276119999999,false,1,ski shop; snowboard shop; sporting goods store,standard,2026-06-24,,false
ChIJUS64gHtxmYARSVIRt9r3FN0,CHECKtheFeed Snowboarding,true,core,alpine-ski; gear-shop; snowboard,3,,0,OPERATIONAL,Sporting Goods Store,https://shop.checkthefeed.com/,https://maps.google.com/?cid=15930630300662583881&g_mp=Cidnb29nbGUubWFwcy5wbGFjZXMudjEuUGxhY2VzLlNlYXJjaFRleHQQAhgEIAA,(609) 234-0660,"913 Tahoe Blvd #2, Incline Village, NV 89451, USA",39.2491288,-119.9511519,false,1,ski shop; snowboard shop; sporting goods store,standard,2026-06-24,,false
ChIJJ-ypiTNxmYARL_YddJAl2WI,Tahoe Paddle Sports - Bike Rental Shop,true,core,canoe; cycling; ebike; kayak; mtb; sup,7,,0,OPERATIONAL,Services,http://tahoepaddlesports.com/,https://maps.google.com/?cid=7122765588016789039&g_mp=Cidnb29nbGUubWFwcy5wbGFjZXMudjEuUGxhY2VzLlNlYXJjaFRleHQQAhgEIAA,(775) 537-3305,"230 Village Blvd #3C, Incline Village, NV 89451, USA",39.2470389,-119.95153589999998,false,1,bike rental; bike shop; canoe rental; ebike rental; kayak rental; mountain bike rental; paddleboard rental,standard,2026-06-24,,false
ChIJf2xo-w9wmYARo43ikkBuNK0,Babes On A Boat,true,core,pontoon; powerboat,3,,0,OPERATIONAL,Tour Agency,http://babesonaboat.com/,https://maps.google.com/?cid=12480721690971770275&g_mp=Cidnb29nbGUubWFwcy5wbGFjZXMudjEuUGxhY2VzLlNlYXJjaFRleHQQAhgEIAA,,"770 Mays Blvd #4640, Incline Village, NV 89451, USA",39.247220899999995,-119.96276119999999,false,1,boat charter; boat rental; pontoon rental,standard,2026-06-24,,false
ChIJkyLgdRHGEWQRmNUpfpeRbnw,Reno-Tahoe Restroom Trailers,true,core,camping,1,,0,OPERATIONAL,Services,https://www.renotahoerestroomtrailers.com/,https://maps.google.com/?cid=8966263987983996312&g_mp=Cidnb29nbGUubWFwcy5wbGFjZXMudjEuUGxhY2VzLlNlYXJjaFRleHQQAhgEIAA,(928) 277-3347,"120 Country Club Dr #25U, Incline Village, NV 89451, USA",39.2403845,-119.9403999,false,1,tent rental,standard,2026-06-24,,false
ChIJD_1JO_hBgGoRRkmWgbM7WTg,Tahoe Blue Charters,true,core,canoe; pontoon; powerboat,4,,0,OPERATIONAL,Services,,https://maps.google.com/?cid=4060342181210507590&g_mp=Cidnb29nbGUubWFwcy5wbGFjZXMudjEuUGxhY2VzLlNlYXJjaFRleHQQAhgEIAA,(707) 843-1366,"2441 Pintail Dr, Carson City, NV 89701, USA",39.1528333,-119.7560178,false,1,boat charter; boat rental; canoe rental; pontoon rental,standard,2026-06-24,,false
ChIJg675FukLmYARZSakkWujxZo,Carson City Porta Potty Rentals,true,core,camping,1,,0,OPERATIONAL,Services,,https://maps.google.com/?cid=11152499734653183589&g_mp=Cidnb29nbGUubWFwcy5wbGFjZXMudjEuUGxhY2VzLlNlYXJjaFRleHQQAhgEIAA,(775) 244-4778,"400 S Stewart St, Carson City, NV 89701, USA",39.1618571,-119.7649046,false,1,tent rental,standard,2026-06-24,,false
ChIJV78MBbgLmYARPZEAstXgX6Q,Carson City Porta Potty Rentals - Portable Toilets,true,core,camping,1,,0,OPERATIONAL,Services,,https://maps.google.com/?cid=11844432753426731325&g_mp=Cidnb29nbGUubWFwcy5wbGFjZXMudjEuUGxhY2VzLlNlYXJjaFRleHQQAhgEIAA,(775) 245-5879,"515 E Proctor St, Carson City, NV 89701, USA",39.1650011,-119.7631973,false,1,tent rental,standard,2026-06-24,,false
ChIJ4-NkXVALmYARF3hu9TofJ1M,Mi Fiesta Y Mas,true,core,camping,1,,0,OPERATIONAL,Services,,https://maps.google.com/?cid=5991792167325956119&g_mp=Cidnb29nbGUubWFwcy5wbGFjZXMudjEuUGxhY2VzLlNlYXJjaFRleHQQAhgEIAA,(775) 230-9458,"3650 Research Way #26, Carson City, NV 89706, USA",39.1913319,-119.7517076,false,1,tent rental,standard,2026-06-24,,false
ChIJTxHhMNbrm4AR1Jg0TJZWyLA,Moto Tahoe,true,core,atv; cycling; dirtbike; ebike; mtb,6,,0,OPERATIONAL,Services,,https://maps.google.com/?cid=12738526749541046484&g_mp=Cidnb29nbGUubWFwcy5wbGFjZXMudjEuUGxhY2VzLlNlYXJjaFRleHQQAhgEIAA,(530) 426-2029,"51164 Donner Pass Rd, Soda Springs, CA 95728, USA",39.318028,-120.43673799999999,false,1,atv rental; bike rental; bike shop; dirt bike rental; ebike rental; mountain bike rental,standard,2026-06-24,,false
ChIJnRLZM5Pnm4ARUTuNyimoq8o,Donner Ski Ranch Magic Carpet,true,core,snowboard,1,,0,OPERATIONAL,Ski Resort,https://www.donnerskiranch.com/skischool,https://maps.google.com/?cid=14603951114124344145&g_mp=Cidnb29nbGUubWFwcy5wbGFjZXMudjEuUGxhY2VzLlNlYXJjaFRleHQQAhgEIAA,(530) 426-3635,"Truckee, CA 96161, USA",39.3189664,-120.33040279999999,false,1,snowboard rental,standard,2026-06-24,,false
ChIJiZahgDrfm4ARG93950wDe4I,Gravity Haus Gear Rental - Haus Quiver - Truckee,true,core,alpine-ski; cycling; gear-shop; ice-climb; snowboard,7,,0,OPERATIONAL,Services,http://gravityhaus.com/,https://maps.google.com/?cid=9402112275910614299&g_mp=Cidnb29nbGUubWFwcy5wbGFjZXMudjEuUGxhY2VzLlNlYXJjaFRleHQQAhgEIAA,(530) 582-5655,"10918 Brockway Rd, Truckee, CA 96161, USA",39.3239794,-120.17004750000001,false,2,bike rental; mountaineering gear rental; outdoor equipment rental; outdoor gear rental; ski rental; ski shop; snowboard rental,standard,2026-06-24,,false
ChIJ-5tMxWXnm4AR720yeV88Ors,stoke the goat,true,core,gear-shop,1,,0,OPERATIONAL,Store,http://www.stokethegoat.com/,https://maps.google.com/?cid=13491162014494649839&g_mp=Cidnb29nbGUubWFwcy5wbGFjZXMudjEuUGxhY2VzLlNlYXJjaFRleHQQAhgEIAA,,"15826 Donner Pass Rd, Truckee, CA 96161, USA",39.3242739,-120.2887911,false,1,sporting goods store,standard,2026-06-24,,false
ChIJsXW_-erfm4ARpA3QmEjdsS0,no,true,core,gear-shop; snowboard,2,,0,OPERATIONAL,Sporting Goods Store,https://www.2minus1.shop/?utm_source=google&utm_medium=wix_google_business_profile&utm_campaign=14371453408082140483,https://maps.google.com/?cid=3292656106455698852&g_mp=Cidnb29nbGUubWFwcy5wbGFjZXMudjEuUGxhY2VzLlNlYXJjaFRleHQQAhgEIAA,(412) 518-2828,"12030 Donner Pass Rd #518, Truckee, CA 96161, USA",39.3259445,-120.22219729999998,false,1,snowboard shop; sporting goods store,standard,2026-06-24,,false
ChIJlzE1GbDfm4AR0jeeZvmDNNg,Linchpin Bikes,true,core,cycling; gear-shop,2,,0,OPERATIONAL,Bicycle Shop,http://linchpinbikes.com/,https://maps.google.com/?cid=15579222118173128658&g_mp=Cidnb29nbGUubWFwcy5wbGFjZXMudjEuUGxhY2VzLlNlYXJjaFRleHQQAhgEIAA,(530) 208-9276,"10031 W River St, Truckee, CA 96161, USA",39.3269546,-120.18416409999998,false,1,bike shop; sporting goods store,standard,2026-06-24,,false
ChIJDfCwLsrfm4ARqqDPsWqEfzk,Tahoe SUP,true,core,gear-shop; kayak; sup; watersports,4,,0,OPERATIONAL,Services,,https://maps.google.com/?cid=4143175775988719786&g_mp=Cidnb29nbGUubWFwcy5wbGFjZXMudjEuUGxhY2VzLlNlYXJjaFRleHQQAhgEIAA,(530) 426-8375,"10825 Pioneer Trail, Truckee, CA 96161, USA",39.3354704,-120.1809948,false,1,kayak rental; paddleboard rental; sporting goods store; watersports rental,standard,2026-06-24,,false
ChIJX1O3MfHfm4ARPuMOaxZzNQY,Aero Sailing Charters,true,core; gap,fishing-charter; pontoon; powerboat,3,,0,OPERATIONAL,Sports School,,https://maps.google.com/?cid=447390278115844926&g_mp=Cidnb29nbGUubWFwcy5wbGFjZXMudjEuUGxhY2VzLlNlYXJjaFRleHQQAhgEIAA,(530) 412-1101,"10270 Donner Pass Rd, Truckee, CA 96161, USA",39.3266513,-120.1891298,false,1,boat charter; fishing charter; pontoon rental,standard,2026-06-24,,false
ChIJ617JfZAdySgRI2UxT7SHX1I,Mountain Style Celebrations,true,core,camping,1,,0,OPERATIONAL,Services,,https://maps.google.com/?cid=5935612042390103331&g_mp=Cidnb29nbGUubWFwcy5wbGFjZXMudjEuUGxhY2VzLlNlYXJjaFRleHQQAhgEIAA,(530) 386-3557,,,,true,1,tent rental,service-area,2026-06-24,,false
ChIJDcmw20Lfm4AR-s610pn0oOE,Love Your Life BackCountry,true,core; experience,backcountry-ski; snow-tube; snowmobile,3,,0,OPERATIONAL,Services,https://loveyourlifebackcountry.com/,https://maps.google.com/?cid=16258263596309794554&g_mp=Cidnb29nbGUubWFwcy5wbGFjZXMudjEuUGxhY2VzLlNlYXJjaFRleHQQAhgEIAA,(530) 412-0833,"12810 Boca St, Truckee, CA 96161, USA",39.328039499999996,-120.2366457,false,1,backcountry ski rental; sled rental; snowmobile rental,standard,2026-06-24,,false
ChIJZ6o4QotgmYAR5e2NvXtLGdI,Blue Action Sports,true,core,gear-shop,1,,0,OPERATIONAL,Sporting Goods Store,http://blueactionsports.com/,https://maps.google.com/?cid=15139214617215888869&g_mp=Cidnb29nbGUubWFwcy5wbGFjZXMudjEuUGxhY2VzLlNlYXJjaFRleHQQAhgEIAA,(530) 913-4749,"15128 Royal Way, Truckee, CA 96161, USA",39.3502022,-120.10786069999997,false,1,sporting goods store,standard,2026-06-24,,false
ChIJF_Kpv1lfmYARzh104zRWypM,Reno Watersports,true,core,canoe; pontoon; powerboat; watersports,4,,0,OPERATIONAL,Services,,https://maps.google.com/?cid=10649419054025285070&g_mp=Cidnb29nbGUubWFwcy5wbGFjZXMudjEuUGxhY2VzLlNlYXJjaFRleHQQAhgEIAA,(530) 212-0500,,,,true,1,boat rental; canoe rental; pontoon rental; watersports rental,service-area,2026-06-24,,false
ChIJB8Rr3P1EwAIRkreX5MWCPuo,tahoe adventure rentals,true,core,canoe; pontoon; powerboat,3,,0,OPERATIONAL,Services,http://tahoeadventurerentals.com/,https://maps.google.com/?cid=16879072239886514066&g_mp=Cidnb29nbGUubWFwcy5wbGFjZXMudjEuUGxhY2VzLlNlYXJjaFRleHQQAhgEIAA,(530) 368-3858,,,,true,1,boat rental; canoe rental; pontoon rental,service-area,2026-06-24,ChIJKR1iarZlmYARNAKF-L4g-ro,false
ChIJl9xKe8plmYARaBNWk8Lbshw,Sierramobilebikes,true,core,cycling; dirtbike; ebike; mtb,5,,0,CLOSED_TEMPORARILY,Services,,https://maps.google.com/?cid=2067956807658509160&g_mp=Cidnb29nbGUubWFwcy5wbGFjZXMudjEuUGxhY2VzLlNlYXJjaFRleHQQAhgEIAA,,"566 Ophir Ct, Incline Village, NV 89451, USA",39.2621134,-119.98324459999998,false,1,bike rental; bike shop; dirt bike rental; ebike rental; mountain bike rental,standard,2026-06-24,,false
ChIJF4h1Io0NmYARw8HH5tbZfRY,GF Armory,true,core,gear-shop,1,,0,OPERATIONAL,Sporting Goods Store,,https://maps.google.com/?cid=1620690957941326275&g_mp=Cidnb29nbGUubWFwcy5wbGFjZXMudjEuUGxhY2VzLlNlYXJjaFRleHQQAhgEIAA,(775) 762-2746,"7498 OLD US HIGHWAY 359 NORTH, New Washoe City, NV 89704, USA",39.296328599999995,-119.77612209999998,false,1,sporting goods store,standard,2026-06-24,,false
ChIJgbTQoZkNmYARqAZOEzPZ2qc,Eastlake Ebike Rentals,true,core,cycling; ebike; mtb,4,,0,OPERATIONAL,Services,,https://maps.google.com/?cid=12095218562647328424&g_mp=Cidnb29nbGUubWFwcy5wbGFjZXMudjEuUGxhY2VzLlNlYXJjaFRleHQQAhgEIAA,,"245 Magpie Way, New Washoe City, NV 89704, USA",39.286361899999996,-119.770274,false,1,bike rental; bike shop; ebike rental; mountain bike rental,standard,2026-06-24,,false
ChIJncGhGCNsmYAR9Uylobv9DHE,Mountain Top Sports is moving to a new location,true,core,backcountry-ski; backpacking; camping; snowshoe,4,,0,CLOSED_TEMPORARILY,Sporting Goods Store,,https://maps.google.com/?cid=8146164808319061237&g_mp=Cidnb29nbGUubWFwcy5wbGFjZXMudjEuUGxhY2VzLlNlYXJjaFRleHQQAhgEIAA,,,,,true,1,backcountry ski rental; backpacking gear rental; camping gear rental; snowshoe rental,service-area,2026-06-24,,false
ChIJX2yvUZxumYARnXMY9Q1xFhw,Mt. Rose - Ski Tahoe,true,core,alpine-ski,1,,0,CLOSED_TEMPORARILY,Ski Resort,,https://maps.google.com/?cid=2023929387310150557&g_mp=Cidnb29nbGUubWFwcy5wbGFjZXMudjEuUGxhY2VzLlNlYXJjaFRleHQQAhgEIAA,,"22222 Mt Rose Hwy, New Washoe City, NV 89704, USA",39.315138,-119.8824377,false,1,ski shop,standard,2026-06-24,,false
ChIJO2g7IT8VmYARCoQApdMCR3k,DYNACCESS LTD,true,core,alpine-ski; gear-shop,2,,0,OPERATIONAL,Sporting Goods Store,https://dynaccessltd.com/,https://maps.google.com/?cid=8738956709965366282&g_mp=Cidnb29nbGUubWFwcy5wbGFjZXMudjEuUGxhY2VzLlNlYXJjaFRleHQQAhgEIAA,(775) 285-9610,"10775 Double R Blvd, Reno, NV 89521, USA",39.425692999999995,-119.75325710000001,false,1,ski shop; sporting goods store,standard,2026-06-24,,false
ChIJLQT53VUVmYARH7gses0_CnY,3D Bike Fit,true,core,cycling,1,,0,OPERATIONAL,Bicycle Shop,http://www.3dbikefit.com/,https://maps.google.com/?cid=8505680997993199647&g_mp=Cidnb29nbGUubWFwcy5wbGFjZXMudjEuUGxhY2VzLlNlYXJjaFRleHQQAhgEIAA,(775) 460-6619,"10467 Double R Blvd, Reno, NV 89521, USA",39.4301941,-119.75508499999998,false,1,bike shop,standard,2026-06-24,,false
ChIJPcKqORUVmYAR38UJytj34jQ,Blush Camper Co.,true,core,camping,1,,0,OPERATIONAL,Services,https://www.blushcamperco.com/,https://maps.google.com/?cid=3810880745183495647&g_mp=Cidnb29nbGUubWFwcy5wbGFjZXMudjEuUGxhY2VzLlNlYXJjaFRleHQQAhgEIAA,(775) 530-7764,"13005 Mahogany Dr, Reno, NV 89511, USA",39.4285472,-119.7691589,false,1,tent rental,standard,2026-06-24,,false
ChIJC3F7attqmYARhmlWDBa7I8Y,Stillwater Guide Service-Fly Fishing,true,gap,fishing-charter,1,,0,CLOSED_TEMPORARILY,Fishing Charter,,https://maps.google.com/?cid=14277460947065268614&g_mp=Cidnb29nbGUubWFwcy5wbGFjZXMudjEuUGxhY2VzLlNlYXJjaFRleHQQAhgEIAA,,"795 Anasazzi Ct, Reno, NV 89511, USA",39.4236836,-119.80500169999999,false,1,fishing charter,standard,2026-06-24,,false
ChIJL8_A2_tgn2IRl6iJmX0Rxcg,Big Fun Recreation,true,core,atv; canoe; pontoon; powerboat,5,,0,OPERATIONAL,Services,,https://maps.google.com/?cid=14466988609142106263&g_mp=Cidnb29nbGUubWFwcy5wbGFjZXMudjEuUGxhY2VzLlNlYXJjaFRleHQQAhgEIAA,(844) 438-6869,,,,true,1,atv rental; boat rental; canoe rental; pontoon rental; quad rental,service-area,2026-06-24,,false
ChIJMT6Ai3plfA8R3SOt9V-w9h0,Big Fun Recreation,true,core,canoe; pontoon; powerboat; pwc,5,,0,OPERATIONAL,Services,,https://maps.google.com/?cid=2159106997560878045&g_mp=Cidnb29nbGUubWFwcy5wbGFjZXMudjEuUGxhY2VzLlNlYXJjaFRleHQQAhgEIAA,(844) 438-6869,,,,true,1,boat rental; canoe rental; personal watercraft rental; pontoon rental; waverunner rental,service-area,2026-06-24,,false
ChIJTad85cRFmYARbHFLmts1N7Y,Alpine Collective,true,core,camping,1,,0,OPERATIONAL,Services,,https://maps.google.com/?cid=13130022455924715884&g_mp=Cidnb29nbGUubWFwcy5wbGFjZXMudjEuUGxhY2VzLlNlYXJjaFRleHQQAhgEIAA,,"2389 Sapphire Ridge Way, Reno, NV 89523, USA",39.5392789,-119.8842372,false,1,tent rental,standard,2026-06-24,,false
ChIJydURVyVBmYARUqN5xRdZCoM,Outdoor Cover Warehouse,true,core,gear-shop,2,,0,OPERATIONAL,Sporting Goods Store,https://www.outdoorcoverwarehouse.com/Reno-Nevada-01?utm_source=google&utm_medium=gmb&utm_campaign=Reno-Nevada-01,https://maps.google.com/?cid=9442457527367869266&g_mp=Cidnb29nbGUubWFwcy5wbGFjZXMudjEuUGxhY2VzLlNlYXJjaFRleHQQAhgEIAA,(775) 636-9846,"1775 Kuenzli St, Reno, NV 89502, USA",39.527343599999995,-119.79131699999999,false,2,sporting goods store,standard,2026-06-24,,false
ChIJNdxHtvBHmYARdkIHLcFPewo,Bearitage Boats Rental Lake Tahoe - Luxury Boat & Yacht Charters,true,core,powerboat; sailing,2,,0,CLOSED_TEMPORARILY,Services,,https://maps.google.com/?cid=755285053617422966&g_mp=Cidnb29nbGUubWFwcy5wbGFjZXMudjEuUGxhY2VzLlNlYXJjaFRleHQQAhgEIAA,,"954 E Washington St, Reno, NV 89503, USA",39.5359291,-119.8256742,false,1,boat charter; sailboat rental,standard,2026-06-24,,false
ChIJLfhCPFg_mYARYH9oMiSQ3_M,Bikepath E-Bike Rentals,true,core,cycling; dirtbike; ebike; mtb,5,,0,OPERATIONAL,Services,http://www.pedegoreno.com/,https://maps.google.com/?cid=17572922756161896288&g_mp=Cidnb29nbGUubWFwcy5wbGFjZXMudjEuUGxhY2VzLlNlYXJjaFRleHQQAhgEIAA,(775) 997-5683,"3316 S McCarran Blvd, Reno, NV 89502, USA",39.484238600000005,-119.7467821,false,1,bike rental; bike shop; ebike rental; motocross bike rental; mountain bike rental,standard,2026-06-24,,false
ChIJzTN-Hi91zScRtaC4eW2gyEs,Midtown Carriage Society,true,core,cycling,1,,0,OPERATIONAL,Services,https://midtowncarriagesociety.com/,https://maps.google.com/?cid=5460790940240748725&g_mp=Cidnb29nbGUubWFwcy5wbGFjZXMudjEuUGxhY2VzLlNlYXJjaFRleHQQAhgEIAA,(775) 622-7419,,,,true,1,bike rental,service-area,2026-06-24,,false
ChIJawj8cqZzG6gRPhrCJDxWM7c,West Shore Lake Tahoe eBike Rentals,true,core,cycling; ebike,2,,0,OPERATIONAL,Services,,https://maps.google.com/?cid=13200989749067782718&g_mp=Cidnb29nbGUubWFwcy5wbGFjZXMudjEuUGxhY2VzLlNlYXJjaFRleHQQAhgEIAA,(530) 318-9477,,,,true,1,bike rental; ebike rental,service-area,2026-06-24,,false
ChIJC-i_1wBHmYARxFbic0rcKP8,Reno Bikes Mobile,true,core,cycling,1,,0,OPERATIONAL,Services,,https://maps.google.com/?cid=18386187691069953732&g_mp=Cidnb29nbGUubWFwcy5wbGFjZXMudjEuUGxhY2VzLlNlYXJjaFRleHQQAhgEIAA,,"Reno, NV 89503, USA",39.5424617,-119.8410445,false,1,bike shop,standard,2026-06-24,,false
ChIJ911bY-JBmYARexTcJ01KWQc,Elvy Suspension,true,core,cycling,1,,0,OPERATIONAL,Services,http://www.elvysuspension.com/,https://maps.google.com/?cid=529536126434415739&g_mp=Cidnb29nbGUubWFwcy5wbGFjZXMudjEuUGxhY2VzLlNlYXJjaFRleHQQAhgEIAA,(775) 285-7111,"400 Mill St #105, Reno, NV 89502, USA",39.5255656,-119.80624599999999,false,1,bike shop,standard,2026-06-24,,false
ChIJxS_OUC5HmYARge6NRNy-_oQ,Porta Potty Rentals Reno City NV,true,core,camping,1,,0,OPERATIONAL,Services,http://affordableportabletoilet.com/,https://maps.google.com/?cid=9583306910343229057&g_mp=Cidnb29nbGUubWFwcy5wbGFjZXMudjEuUGxhY2VzLlNlYXJjaFRleHQQAhgEIAA,(775) 259-6251,"701 Bowman Dr, Reno, NV 89503, USA",39.530566,-119.84259960000001,false,1,tent rental,standard,2026-06-24,,false
ChIJlyLTgC1BmYARQR1IEeAMWTA,Five Dot Ranch Fly Fishing,true,gap,fishing-charter; fly-fishing,2,,0,OPERATIONAL,Fishing Charter,http://fivedotflyfishing.com/?page_id=246,https://maps.google.com/?cid=3483829943249935681&g_mp=Cidnb29nbGUubWFwcy5wbGFjZXMudjEuUGxhY2VzLlNlYXJjaFRleHQQAhgEIAA,(775) 722-2267,"545 Harbin Ln, Reno, NV 89509, USA",39.514603699999995,-119.84665489999998,false,1,fishing charter; fly fishing outfitter,standard,2026-06-24,,false
ChIJ22Ir-vc_mYARtB_ASEF6qao,Drift Adventures,true,core; gap,fly-fishing; outfitter,2,,0,OPERATIONAL,Tour Agency,https://www.drift-adventures.com/,https://maps.google.com/?cid=12297494678323863476&g_mp=Cidnb29nbGUubWFwcy5wbGFjZXMudjEuUGxhY2VzLlNlYXJjaFRleHQQAhgEIAA,(541) 206-2766,"5590 St Andrews Ct, Reno, NV 89502, USA",39.4843268,-119.71728829999999,false,1,adventure outfitter; fly fishing outfitter,standard,2026-06-24,,false
ChIJgRu3rMQ_mYARkVW9PH_qKV4,tahoeparadiseboatrental,true,core,canoe; pontoon; powerboat,4,,0,OPERATIONAL,Services,,https://maps.google.com/?cid=6785212145811150225&g_mp=Cidnb29nbGUubWFwcy5wbGFjZXMudjEuUGxhY2VzLlNlYXJjaFRleHQQAhgEIAA,(775) 546-8279,"2183 Lucca Ln, Sparks, NV 89434, USA",39.5546933,-119.70125150000001,false,1,boat rental; canoe rental; motorboat rental; pontoon rental,standard,2026-06-24,,false
ChIJ99E3Q0v1jg0RPxI-26_eWww,Victoriaspartyrentals10,true,core,camping,1,,0,OPERATIONAL,Services,,https://maps.google.com/?cid=890550198214726207&g_mp=Cidnb29nbGUubWFwcy5wbGFjZXMudjEuUGxhY2VzLlNlYXJjaFRleHQQAhgEIAA,(775) 338-0004,,,,true,1,tent rental,service-area,2026-06-24,,false
ChIJh4FQeZ9JmYAR3XHUN1Fpu3o,Reno City Onsite Portables - Porta Potty Rentals,true,core,camping,1,,0,OPERATIONAL,Services,,https://maps.google.com/?cid=8843778090822037981&g_mp=Cidnb29nbGUubWFwcy5wbGFjZXMudjEuUGxhY2VzLlNlYXJjaFRleHQQAhgEIAA,(775) 244-7063,"9755 Silver Sky Pkwy, Reno, NV 89506, USA",39.63755,-119.873286,false,1,tent rental,standard,2026-06-24,,false
ChIJw7SG6ms7mYARFjZoQJxxpYs,Sierra Nevada Water Sports,true,core,canoe; pontoon; powerboat; pwc; watersports,6,,0,OPERATIONAL,Services,,https://maps.google.com/?cid=10062573858338649622&g_mp=Cidnb29nbGUubWFwcy5wbGFjZXMudjEuUGxhY2VzLlNlYXJjaFRleHQQAhgEIAA,,,,,true,1,boat rental; canoe rental; personal watercraft rental; pontoon rental; watersports rental; waverunner rental,service-area,2026-06-24,,false
ChIJTWUmTNM2mYARJIFpETB64s4,Ground Zero Outfitters,true,gap,hunting,1,,0,OPERATIONAL,Sports Club,http://groundzeroutfitters.com/,https://maps.google.com/?cid=14907612063418908964&g_mp=Cidnb29nbGUubWFwcy5wbGFjZXMudjEuUGxhY2VzLlNlYXJjaFRleHQQAhgEIAA,(775) 771-5259,"11825 Paradise Hills Ct, Sparks, NV 89441, USA",39.6782,-119.6965916,false,1,hunting guide outfitter,standard,2026-06-24,,false
ChIJpU2WxDGobg4RIBq7eF_mONA,Sparks Snowmobile Rental,true,core,snowmobile,1,,0,OPERATIONAL,Services,https://sparkssnowmobilerental.com/,https://maps.google.com/?cid=15003995456306616864&g_mp=Cidnb29nbGUubWFwcy5wbGFjZXMudjEuUGxhY2VzLlNlYXJjaFRleHQQAhgEIAA,(715) 404-5632,,,,true,1,snowmobile rental,service-area,2026-06-24,,false
ChIJ55Yeh9lHmYARW5McxWPZ3f0,Champions,true,core,gear-shop,1,,0,OPERATIONAL,Shoe Store,https://www.discoverchampions.com/our-locations/reno/nv/001390,https://maps.google.com/?cid=18293016283980796763&g_mp=Cidnb29nbGUubWFwcy5wbGFjZXMudjEuUGxhY2VzLlNlYXJjaFRleHQQAhgEIAA,,"354 N Virginia St, Reno, NV 89501, USA",39.5296387,-119.81382579999999,false,1,sporting goods store,standard,2026-06-24,,false
ChIJJXkhsck_mYARfjSZDGcsD5o,Outdoor Cover Warehouse,true,core,gear-shop,1,,0,OPERATIONAL,Sporting Goods Store,https://www.outdoorcoverwarehouse.com/Sparks-Nevada?utm_source=google&utm_medium=gmb&utm_campaign=Sparks-Nevada,https://maps.google.com/?cid=11101140427596182654&g_mp=Cidnb29nbGUubWFwcy5wbGFjZXMudjEuUGxhY2VzLlNlYXJjaFRleHQQAhgEIAA,(775) 300-6234,"2015 Glendale Ave, Sparks, NV 89431, USA",39.5262256,-119.7709726,false,1,sporting goods store,standard,2026-06-24,ChIJydURVyVBmYARUqN5xRdZCoM,false
ChIJPSaP8OzZm4ARDxeFl_CIvjA,Palisades Tahoe,false,experience,snow-tube,1,4.6,6766,OPERATIONAL,Ski Resort,https://www.palisadestahoe.com/,https://maps.google.com/?cid=3512395326311175951&g_mp=Cidnb29nbGUubWFwcy5wbGFjZXMudjEuUGxhY2VzLlNlYXJjaFRleHQQAhgEIAA,(800) 403-0206,"1960 Olympic Vly Rd, Olympic Valley, CA 96146, USA",39.1906091,-120.2483913,false,1,snow tube rental,standard,2026-06-24,,false
ChIJG_MAHWlimYARQhbFNZ29CPE,Northstar California Resort,false,experience,snow-tube,1,4.5,6257,OPERATIONAL,Ski Resort,https://www.northstarcalifornia.com/,https://maps.google.com/?cid=17368340445863941698&g_mp=Cidnb29nbGUubWFwcy5wbGFjZXMudjEuUGxhY2VzLlNlYXJjaFRleHQQAhgEIAA,(800) 466-6784,"5001 Northstar Dr, Truckee, CA 96161, USA",39.264657899999996,-120.13318679999999,false,1,snow tube rental,standard,2026-06-24,,false
ChIJyw_jRk3xmYARn-W118rvXYs,Kirkwood Mountain Resort,false,experience,snow-tube,1,4.6,3477,OPERATIONAL,Ski Resort,https://www.kirkwood.com/,https://maps.google.com/?cid=10042446398587528607&g_mp=Cidnb29nbGUubWFwcy5wbGFjZXMudjEuUGxhY2VzLlNlYXJjaFRleHQQAhgEIAA,(209) 258-6000,"1501 Kirkwood Meadows Dr, Kirkwood, CA 95646, USA",38.684751399999996,-120.06516649999999,false,1,snow tube rental,standard,2026-06-24,ChIJmc7yP03xmYARjfw0zAijR7g,false
ChIJCbjInirmm4AR4qHf5fDwlgY,Donner Summit SNO-Park,false,experience,snow-tube,1,4.5,1006,OPERATIONAL,Park,http://ohv.parks.ca.gov/?page_id=23055,https://maps.google.com/?cid=474831728173621730&g_mp=Cidnb29nbGUubWFwcy5wbGFjZXMudjEuUGxhY2VzLlNlYXJjaFRleHQQAhgEIAA,(530) 587-3558,"19455 Bunny Hill Dr, Soda Springs, CA 95728, USA",39.339670399999996,-120.3432298,false,1,snow tube rental,standard,2026-06-24,,false
ChIJNzRLiFmMmYARAQAxlN0uAdQ,Echo Lake Sno-Park,false,experience,snow-tube,1,4.4,451,OPERATIONAL,Park,,https://maps.google.com/?cid=15276542940226322433&g_mp=Cidnb29nbGUubWFwcy5wbGFjZXMudjEuUGxhY2VzLlNlYXJjaFRleHQQAhgEIAA,(530) 644-2324,"Echo Summit Rd, Echo Lake, CA 95721, USA",38.8235689,-120.03384229999999,false,1,snow tube rental,standard,2026-06-24,,false
ChIJJ-L6EYaamYAR1sa8Jhwp7BI,Kahle Park,false,experience,snow-tube,1,4.7,340,OPERATIONAL,Park,https://communityservices.douglascountynv.gov/cms/one.aspx?portalid=12493164&pageid=12634748,https://maps.google.com/?cid=1363509988072146646&g_mp=Cidnb29nbGUubWFwcy5wbGFjZXMudjEuUGxhY2VzLlNlYXJjaFRleHQQAhgEIAA,(775) 586-7271,"236 Kingsbury Grade Rd, Stateline, NV 89449, USA",38.9694964,-119.9321936,false,1,snow tube rental,standard,2026-06-24,,false
ChIJEzt8Qofom4ARyIQcftdni-o,Woodward Tahoe,false,experience,snow-tube,1,4.5,199,OPERATIONAL,Skatepark,http://www.woodwardtahoe.com/,https://maps.google.com/?cid=16900716201869345992&g_mp=Cidnb29nbGUubWFwcy5wbGFjZXMudjEuUGxhY2VzLlNlYXJjaFRleHQQAhgEIAA,(530) 426-1114,"19749 Boreal Ridge Rd, Soda Springs, CA 95728, USA",39.3364506,-120.35096890000001,false,1,snow tube rental,standard,2026-06-24,,false
ChIJOUn9gx1-mYAR98WK7QvzBOY,Blackwood Canyon SNO-PARK,false,experience,snow-tube,2,4.6,187,OPERATIONAL,Park,http://ohv.parks.ca.gov/?page_id=23061,https://maps.google.com/?cid=16574639761185752567&g_mp=Cidnb29nbGUubWFwcy5wbGFjZXMudjEuUGxhY2VzLlNlYXJjaFRleHQQAhgEIAA,(530) 543-2600,"Parking lot, CA-89, Tahoe City, CA 96145, USA",39.113794,-120.1584793,false,1,sled rental; snow tube rental,standard,2026-06-24,,false
ChIJ2y-JMEOdmYARsCLeHjWgEVY,Spooner Summit Snow Play Area,false,experience,snow-tube,1,4.6,142,OPERATIONAL,Ski Resort,http://www.sierrasnowplay.com/tahoe/spooner_summit.html,https://maps.google.com/?cid=6201914311877468848&g_mp=Cidnb29nbGUubWFwcy5wbGFjZXMudjEuUGxhY2VzLlNlYXJjaFRleHQQAhgEIAA,,"432Q+5M, Carson City, NV 89703, USA",39.1004854,-119.910805,false,1,snow tube rental,standard,2026-06-24,,false
ChIJbx9PJfeMmYARHfwYOXbGQ14,Echo Summit Tahoe Rim Trail,false,experience,snow-tube,1,4.3,51,OPERATIONAL,Hiking Area,https://tahoerimtrail.org/,https://maps.google.com/?cid=6792490874071219229&g_mp=Cidnb29nbGUubWFwcy5wbGFjZXMudjEuUGxhY2VzLlNlYXJjaFRleHQQAhgEIAA,,"Tahoe Rim Trail, South Lake Tahoe, CA 96155, USA",38.8130123,-120.03385069999999,false,1,snow tube rental,standard,2026-06-24,,false
ChIJJ8XjE71kmYARbDr74fFkPJ0,Sled Hill,false,experience,snow-tube,1,4.3,46,OPERATIONAL,Park,https://ntpud.org/recreation-parks/parks-facilities/north-tahoe-regional-park/,https://maps.google.com/?cid=11330041752598559340&g_mp=Cidnb29nbGUubWFwcy5wbGFjZXMudjEuUGxhY2VzLlNlYXJjaFRleHQQAhgEIAA,(530) 546-0605,"875 National Ave, Tahoe Vista, CA 96148, USA",39.24929100000001,-120.053098,false,1,snow tube rental,standard,2026-06-24,,false
ChIJRba-n9pBmYARi1LS3KoTYOg,Truckee River Whitewater Park,false,experience,rafting,1,4.5,25,OPERATIONAL,Park,https://www.reno.gov/government/departments/parks-recreation-community-services/parks-trails/whitewater-park,https://maps.google.com/?cid=16744405039133643403&g_mp=Cidnb29nbGUubWFwcy5wbGFjZXMudjEuUGxhY2VzLlNlYXJjaFRleHQQAhgEIAA,(775) 334-2262,"W 1st St &, N Arlington Ave, Reno, NV 89501, USA",39.52493,-119.81679299999999,false,1,whitewater rafting,standard,2026-06-24,,false
ChIJm5EaxSObmYARkxCUQQKTOSg,Clean Up the Lake 501(c)3,false,experience,scuba,1,5,1,OPERATIONAL,Association / Organization,https://cleanupthelake.org/contact/,https://maps.google.com/?cid=2898509473089065107&g_mp=Cidnb29nbGUubWFwcy5wbGFjZXMudjEuUGxhY2VzLlNlYXJjaFRleHQQAhgEIAA,(530) 562-7131,"925 Tahoe Blvd Ste 101, Incline Village, NV 89451, USA",39.2490588,-119.94925800000001,false,1,scuba diving,standard,2026-06-24,,false
ChIJXdsqRPeMmYARPFveJrnfz5g,Adventure Mountain Lake Tahoe,false,experience,snow-tube,1,,0,CLOSED_TEMPORARILY,,,https://maps.google.com/?cid=11011265600258202428&g_mp=Cidnb29nbGUubWFwcy5wbGFjZXMudjEuUGxhY2VzLlNlYXJjaFRleHQQAhgEIAA,,"Nebelhorn, 21200 US-50, South Lake Tahoe, CA 96155, USA",38.811108,-120.03241779999999,false,1,sled rental,standard,2026-06-24,,false
ChIJv5W-J0WPmYARf-omMX4-5Cs,Just So Scuba,false,experience,scuba,1,,0,OPERATIONAL,Tour Agency,,https://maps.google.com/?cid=3162721550032366207&g_mp=Cidnb29nbGUubWFwcy5wbGFjZXMudjEuUGxhY2VzLlNlYXJjaFRleHQQAhgEIAA,(530) 307-9279,"1160 Coyote Ridge Cir, South Lake Tahoe, CA 96150, USA",38.883524099999995,-120.03865729999998,false,1,scuba diving,standard,2026-06-24,,false
ChIJx9_Js8CbmYARYODaATHHCtI,Lake Tahoe Diving & Environmental LLC,false,experience,scuba,1,,0,OPERATIONAL,,https://www.laketahoedivingenvironmentalllc.com/,https://maps.google.com/?cid=15135128511030419552&g_mp=Cidnb29nbGUubWFwcy5wbGFjZXMudjEuUGxhY2VzLlNlYXJjaFRleHQQAhgEIAA,(530) 318-0082,"100 Mcfaul Way, Zephyr Cove, NV 89448, USA",38.986530599999995,-119.9430486,false,1,scuba diving,standard,2026-06-24,,false
ChIJJ663GMtxmYARl7Jf3ui-cHQ,Diamond Peak Ski Resort,false,experience,snow-tube,1,,0,CLOSED_TEMPORARILY,Ski Resort,,https://maps.google.com/?cid=8390416013163737751&g_mp=Cidnb29nbGUubWFwcy5wbGFjZXMudjEuUGxhY2VzLlNlYXJjaFRleHQQAhgEIAA,,"1210 Ski Way, Incline Village, NV 89451, USA",39.2536805,-119.92381,false,1,snow tube rental,standard,2026-06-24,,false
ChIJw2_VX8Lhm4ARuDJdFhrFCv4,Snowplay,false,experience,snow-tube,1,,0,CLOSED_TEMPORARILY,Sports Activity Location,,https://maps.google.com/?cid=18305660351235830456&g_mp=Cidnb29nbGUubWFwcy5wbGFjZXMudjEuUGxhY2VzLlNlYXJjaFRleHQQAhgEIAA,,"12790 Northwoods Blvd, Truckee, CA 96161, USA",39.3500491,-120.2294555,false,1,snow tube rental,standard,2026-06-24,,false
