rank,status,reason,name,website,primary_type,primary_type_raw,business_status,rating,user_rating_count,rental_signal,matched_activities,matched_terms,matched_tiers,matched_modes,geo_zone,aoi_distance_m,review_lane,dedup_note,site_note,site_relevance,possible_duplicate_of,place_id,source_url
1,duplicate,gate4:name+loc:actionwatersportsatlakesidemarina,Action Watersports at Lakeside Marina,http://www.action-watersports.com/,Services,service,OPERATIONAL,4.3,511,true,alpine-ski; canoe; kayak; pontoon; powerboat; pwc; sailing; sup; wakeboard; watersports,boat charter; boat rental; canoe rental; jet ski rental; kayak rental; kayak tours; motorboat rental; paddleboard rental; personal watercraft rental; pontoon rental; sailboat rental; ski boat rental; ski rental; watersports rental; waverunner rental,core,standard,covered_tile,0,operator,name+loc:actionwatersportsatlakesidemarina,,,,ChIJz27tiZ-amYARUgJHvRMubbg,https://maps.google.com/?cid=13289328737755005522&g_mp=Cidnb29nbGUubWFwcy5wbGFjZXMudjEuUGxhY2VzLlNlYXJjaFRleHQQAhgEIAA
2,duplicate,gate4:name+loc:actionwatersportsattimbercovemarina,Action Watersports at Timber Cove Marina,http://www.action-watersports.com/,Services,service,OPERATIONAL,3.9,72,true,alpine-ski; canoe; kayak; pontoon; powerboat; pwc; sailing; sup; wakeboard; watersports,boat charter; boat rental; canoe rental; jet ski rental; kayak rental; kayak tours; motorboat rental; paddleboard rental; personal watercraft rental; pontoon rental; sailboat rental; ski boat rental; ski rental; watersports rental; waverunner rental,core,standard,covered_tile,0,operator,name+loc:actionwatersportsattimbercovemarina,,,,ChIJQc7aFQSQmYAR-OvmOAaFzzk,https://maps.google.com/?cid=4165694442111953912&g_mp=Cidnb29nbGUubWFwcy5wbGFjZXMudjEuUGxhY2VzLlNlYXJjaFRleHQQAhgEIAA
3,duplicate,gate4:name+loc:adrifttahoe,Adrift Tahoe,http://www.standuppaddletahoe.com/,Services,service,OPERATIONAL,4.8,39,true,canoe; cycling; kayak; powerboat; river-tube; sup; watersports; windsurf,bike rental; bike shop; boat rental; canoe rental; kayak rental; kayak tours; paddleboard rental; river float rental; watersports rental; windsurfing rental,core,standard,covered_tile,0,operator,name+loc:adrifttahoe,,,,ChIJFZUMgCx7mYARHHrlmZXu1t0,https://maps.google.com/?cid=15985226253697645084&g_mp=Cidnb29nbGUubWFwcy5wbGFjZXMudjEuUGxhY2VzLlNlYXJjaFRleHQQAhgEIAA
4,duplicate,gate4:name+loc:adventurelaketahoe,Adventure Lake Tahoe,http://adventureslaketahoe.com/,Adventure Sports Center,adventure_sports_center,OPERATIONAL,4.9,143,true,archery; atv; powerboat; river-tube; snow-tube; snowmobile; utv; watersports,archery range; atv rental; boat rental; quad rental; river float rental; rzr rental; side by side rental; sled rental; snowmobile rental; utv rental; watersports rental,core; experience; gap,standard,covered_tile,0,operator,name+loc:adventurelaketahoe,,,,ChIJI4L6yJGRmYARfBLy5H-ZHGY,https://maps.google.com/?cid=7357924665797513852&g_mp=Cidnb29nbGUubWFwcy5wbGFjZXMudjEuUGxhY2VzLlNlYXJjaFRleHQQAhgEIAA
5,duplicate,gate4:name+loc:adventurescubacenter,Adventure Scuba Center,http://www.renoscuba.com/,Sporting Goods Store,sporting_goods_store,OPERATIONAL,4.9,71,true,gear-shop; scuba,dive shop; scuba diving; sporting goods store,core; experience,standard,covered_tile,0,operator,name+loc:adventurescubacenter,,,,ChIJ7zT543dAmYAROJg-2K9kqGA,https://maps.google.com/?cid=6964927530138507320&g_mp=Cidnb29nbGUubWFwcy5wbGFjZXMudjEuUGxhY2VzLlNlYXJjaFRleHQQAhgEIAA
6,duplicate,gate4:domain+loc:tahoedonner.com,Alder Creek Adventure Center,https://www.tahoedonner.com/amenities/amenities/alder-creek-adventure-center/,Ski Resort,ski_resort,OPERATIONAL,4.8,253,true,alpine-ski; nordic-ski; snowshoe,cross country ski rental; nordic ski center; ski rental; snowshoe rental,core,standard,covered_tile,0,operator,domain+loc:tahoedonner.com,,,,ChIJlR4YgSrnm4ARApSSsylmGNE,https://maps.google.com/?cid=15066904882660414466&g_mp=Cidnb29nbGUubWFwcy5wbGFjZXMudjEuUGxhY2VzLlNlYXJjaFRleHQQAhgEIAA
7,duplicate,gate4:name+loc:allstarrents,All Star Rents,http://reno.allstarrents.com/,Services,service,OPERATIONAL,4.8,585,true,gear-shop,outdoor equipment rental,core,standard,covered_tile,0,operator,name+loc:allstarrents,,,,ChIJ07qIFkY_mYARufQVHTU-UmI,https://maps.google.com/?cid=7084793561649378489&g_mp=Cidnb29nbGUubWFwcy5wbGFjZXMudjEuUGxhY2VzLlNlYXJjaFRleHQQAhgEIAA
8,duplicate,gate4:name+loc:alpenglowexpeditions,Alpenglow Expeditions,https://alpenglowexpeditions.com/,,,OPERATIONAL,4.9,420,true,backcountry-ski; climbing,backcountry ski rental; climbing gear rental,core,standard,covered_tile,0,operator,name+loc:alpenglowexpeditions,,,,ChIJ1RqB2urZm4AR4qcaOJAfq7M,https://maps.google.com/?cid=12946476258083645410&g_mp=Cidnb29nbGUubWFwcy5wbGFjZXMudjEuUGxhY2VzLlNlYXJjaFRleHQQAhgEIAA
9,duplicate,gate4:name+loc:alpenglowsports,Alpenglow Sports,http://www.alpenglowsports.com/,Sporting Goods Store,sporting_goods_store,OPERATIONAL,4.7,197,true,alpine-ski; backcountry-ski; backpacking; camping; climbing; cycling; gear-shop; ice-climb; nordic-ski; snowboard; snowshoe,alpine touring ski rental; backcountry ski rental; backpacking gear rental; bike shop; camping gear rental; climbing gear rental; cross country ski rental; mountaineering gear rental; outdoor equipment rental; outdoor gear rental; ski rental; ski shop; snowboard rental; snowboard shop; snowshoe rental; sporting goods store,core,standard,covered_tile,0,operator,name+loc:alpenglowsports,,,,ChIJfwaAbXZ9mYARDUP7ClnaRuk,https://maps.google.com/?cid=16809362735178138381&g_mp=Cidnb29nbGUubWFwcy5wbGFjZXMudjEuUGxhY2VzLlNlYXJjaFRleHQQAhgEIAA
10,duplicate,gate4:domain+loc:palisadestahoe.com,Alpine Base Area at Palisades Tahoe,https://www.palisadestahoe.com/explore/palisades-tahoe-ski-resort#tab=alpine-meadows,Ski Resort,ski_resort,OPERATIONAL,4.7,1215,true,alpine-ski; backcountry-ski; snow-tube,alpine touring ski rental; ski rental; snow tube rental,core; experience,standard,covered_tile,0,operator,domain+loc:palisadestahoe.com,,,,ChIJ1dX2qkfXm4ARJXJAHWapnYk,https://maps.google.com/?cid=9916268210582221349&g_mp=Cidnb29nbGUubWFwcy5wbGFjZXMudjEuUGxhY2VzLlNlYXJjaFRleHQQAhgEIAA
11,duplicate,gate4:name+loc:alpinistas,Alpinistas,https://www.thealpinistas.com/,Clothing Store,clothing_store,OPERATIONAL,4.2,10,true,alpine-ski; backcountry-ski; backpacking; camping; climbing; gear-shop; ice-climb; snowboard; snowshoe,backcountry ski rental; backpacking gear rental; camping gear rental; climbing gear rental; mountaineering gear rental; outdoor equipment rental; outdoor gear rental; ski rental; ski shop; snowboard rental; snowboard shop; snowshoe rental; sporting goods store,core,standard,covered_tile,0,operator,name+loc:alpinistas,,,,ChIJ8Xm0sOZBmYARAFonC28TGws,https://maps.google.com/?cid=800254726437820928&g_mp=Cidnb29nbGUubWFwcy5wbGFjZXMudjEuUGxhY2VzLlNlYXJjaFRleHQQAhgEIAA
12,duplicate,gate4:name+loc:andersonpowersportsreno,Anderson Powersports Reno,http://www.andersonpowersportsreno.com/,Store,store,OPERATIONAL,4.5,355,true,cycling; gear-shop,bike shop; sporting goods store,core,standard,covered_tile,0,operator,name+loc:andersonpowersportsreno,,,,ChIJzWvvvHhAmYARWuyG43MMyYM,https://maps.google.com/?cid=9496134981165444186&g_mp=Cidnb29nbGUubWFwcy5wbGFjZXMudjEuUGxhY2VzLlNlYXJjaFRleHQQAhgEIAA
13,duplicate,gate4:name+loc:andersonsbicyclerental,Anderson's Bicycle Rental,http://www.andersonsbicyclerental.com/,Services,service,OPERATIONAL,4.9,290,true,cycling; dirtbike; ebike; mtb,bike rental; bike shop; dirt bike rental; ebike rental; mountain bike rental,core,standard,covered_tile,0,operator,name+loc:andersonsbicyclerental,,,,ChIJD5DUGp-PmYARqD8tvPx1aHE,https://maps.google.com/?cid=8171911252213055400&g_mp=Cidnb29nbGUubWFwcy5wbGFjZXMudjEuUGxhY2VzLlNlYXJjaFRleHQQAhgEIAA
14,duplicate,gate4:name+loc:anotherbikeshopreno,Another Bike Shop Reno,https://www.anotherbikeshop.com/,Bicycle Shop,bicycle_store,OPERATIONAL,5,482,true,cycling; dirtbike; ebike; gear-shop; mtb,bike rental; bike shop; dirt bike rental; ebike rental; mountain bike rental; sporting goods store,core,standard,covered_tile,0,operator,name+loc:anotherbikeshopreno,,,,ChIJ87o1B6NFmYARWznGWV_cHh8,https://maps.google.com/?cid=2242471966563252571&g_mp=Cidnb29nbGUubWFwcy5wbGFjZXMudjEuUGxhY2VzLlNlYXJjaFRleHQQAhgEIAA
15,duplicate,gate4:name+loc:asctrainingcenterformerlyauburnskiclub,ASC Training Center (formerly Auburn Ski Club),http://asctrainingcenter.org/,,,OPERATIONAL,4.5,29,true,alpine-ski; nordic-ski; snowboard,cross country ski rental; nordic ski center; ski rental; ski shop; snowboard rental,core,standard,covered_tile,0,operator,name+loc:asctrainingcenterformerlyauburnskiclub,,,,ChIJ0a5rnMvfm4ARp1ExdGMo2YQ,https://maps.google.com/?cid=9572726890568962471&g_mp=Cidnb29nbGUubWFwcy5wbGFjZXMudjEuUGxhY2VzLlNlYXJjaFRleHQQAhgEIAA
16,duplicate,gate4:name+loc:baldwinbeachkayaktahoe,Baldwin Beach Kayak Tahoe,http://kayaktahoe.com/,Services,service,OPERATIONAL,4.7,36,true,canoe; kayak; powerboat; sup; watersports,boat rental; canoe rental; kayak rental; kayak tours; paddleboard rental; watersports rental,core,standard,covered_tile,0,operator,name+loc:baldwinbeachkayaktahoe,,,,ChIJNXFuBOCFmYARtl4ApM3dPTI,https://maps.google.com/?cid=3620293550765268662&g_mp=Cidnb29nbGUubWFwcy5wbGFjZXMudjEuUGxhY2VzLlNlYXJjaFRleHQQAhgEIAA
17,duplicate,gate4:name+loc:battlebornboatrentals,Battle Born Boat Rentals,https://boattahoe.com/,Services,service,OPERATIONAL,4.9,117,true,canoe; kayak; pontoon; powerboat; pwc; sailing; sup; wakeboard; watersports,boat charter; boat rental; canoe rental; kayak rental; motorboat rental; paddleboard rental; personal watercraft rental; pontoon rental; sailboat rental; ski boat rental; watersports rental,core,standard,covered_tile,0,operator,name+loc:battlebornboatrentals,,,,ChIJsXRiAIV9mYAREG8b5Eb_UG4,https://maps.google.com/?cid=7949134022248722192&g_mp=Cidnb29nbGUubWFwcy5wbGFjZXMudjEuUGxhY2VzLlNlYXJjaFRleHQQAhgEIAA
18,duplicate,gate4:name+loc:battlebornpowersports,Battle Born Powersports,http://www.battlebornpowersports.com/,Services,service,OPERATIONAL,5,167,true,atv; dirtbike; snowmobile; utv; watersports,atv rental; dirt bike rental; quad rental; rzr rental; side by side rental; snowmobile rental; utv rental; watersports rental,core,standard,covered_tile,0,operator,name+loc:battlebornpowersports,,,,ChIJx0JixluZmYARnFheZMbToY4,https://maps.google.com/?cid=10277728673677072540&g_mp=Cidnb29nbGUubWFwcy5wbGFjZXMudjEuUGxhY2VzLlNlYXJjaFRleHQQAhgEIAA
19,duplicate,gate4:name+loc:baywatchboatcharters,BayWatch Boat Charters,http://baywatchboatcharters.com/,Services,service,OPERATIONAL,5,118,true,canoe; pontoon; powerboat; sailing,boat charter; boat rental; canoe rental; pontoon rental; sailboat rental,core,standard,covered_tile,0,operator,name+loc:baywatchboatcharters,,,,ChIJs4FODOuPmYARFnBRKZVmBJ8,https://maps.google.com/?cid=11458396142766747670&g_mp=Cidnb29nbGUubWFwcy5wbGFjZXMudjEuUGxhY2VzLlNlYXJjaFRleHQQAhgEIAA
20,duplicate,gate4:name+loc:bigbluebikerentalsandtours,Big Blue Bike Rentals and Tours,http://bigbluebikerentals.com/,Services,service,OPERATIONAL,4.7,189,true,cycling; ebike; mtb,bike rental; bike shop; ebike rental; mountain bike rental,core,standard,covered_tile,0,operator,name+loc:bigbluebikerentalsandtours,,,,ChIJjap9hHRxmYARaDQX4il7rik,https://maps.google.com/?cid=3003473421319746664&g_mp=Cidnb29nbGUubWFwcy5wbGFjZXMudjEuUGxhY2VzLlNlYXJjaFRleHQQAhgEIAA
21,duplicate,gate4:name+loc:bigdaddysbikebrew,Big Daddy's Bike & Brew,https://www.bigdaddysbikeandbrew.com/,Bicycle Shop,bicycle_store,OPERATIONAL,4.5,64,true,alpine-ski; cycling; ebike; gear-shop; mtb,bike rental; bike shop; ebike rental; mountain bike rental; ski shop; sporting goods store,core,standard,covered_tile,0,operator,name+loc:bigdaddysbikebrew,,,,ChIJ6dq1GMS9mYAR6bc--rU3SVk,https://maps.google.com/?cid=6433734797402486761&g_mp=Cidnb29nbGUubWFwcy5wbGFjZXMudjEuUGxhY2VzLlNlYXJjaFRleHQQAhgEIAA
22,duplicate,gate4:name+loc:bikelaketahoe,Bike Lake Tahoe,https://bikelaketahoe.com/,Services,service,OPERATIONAL,5,2,true,cycling; ebike; mtb,bike rental; bike shop; ebike rental; mountain bike rental,core,standard,covered_tile,0,operator,name+loc:bikelaketahoe,,,,ChIJ10cbLMCbmYARSrr1-uIogYI,https://maps.google.com/?cid=9403842452264434250&g_mp=Cidnb29nbGUubWFwcy5wbGFjZXMudjEuUGxhY2VzLlNlYXJjaFRleHQQAhgEIAA
23,duplicate,gate4:name+loc:biketruckee,Bike Truckee,https://www.truckeebikerentals.com/,Services,service,OPERATIONAL,5,91,true,alpine-ski; cycling; ebike; gear-shop; mtb,bike rental; bike shop; downhill bike park rental; ebike rental; mountain bike rental; ski rental; sporting goods store,core,standard,covered_tile,0,operator,name+loc:biketruckee,,,,ChIJIetiKMDfm4ARMau5JRoa_EU,https://maps.google.com/?cid=5042934382352509745&g_mp=Cidnb29nbGUubWFwcy5wbGFjZXMudjEuUGxhY2VzLlNlYXJjaFRleHQQAhgEIAA
24,duplicate,gate4:name+loc:blackrockbicycles,Black Rock Bicycles,http://www.blackrockbicycles.com/,Bicycle Shop,bicycle_store,OPERATIONAL,4.6,98,true,cycling; dirtbike; ebike; mtb,bike rental; bike shop; dirt bike rental; downhill bike park rental; ebike rental; mountain bike rental,core,standard,covered_tile,0,operator,name+loc:blackrockbicycles,,,,ChIJMaQNh15ImYARe7EyWm5l1_w,https://maps.google.com/?cid=18219142342184710523&g_mp=Cidnb29nbGUubWFwcy5wbGFjZXMudjEuUGxhY2VzLlNlYXJjaFRleHQQAhgEIAA
25,duplicate,gate4:name+loc:blacktieskirentalsofnorthlaketahoe,Black Tie Ski Rentals of North Lake Tahoe,https://www.blacktieskis.com/north-tahoe/?utm_source=google&utm_medium=organic&utm_campaign=gmb&utm_term=black-tie-ski-rental-of-north-tahoe&utm_content=north-tahoe,Services,service,OPERATIONAL,4.9,156,true,alpine-ski; backcountry-ski; cycling; mtb; nordic-ski; snowboard,backcountry ski rental; bike rental; bike shop; cross country ski rental; mountain bike rental; ski rental; ski shop; snowboard rental; snowboard shop; splitboard rental,core,standard,covered_tile,0,operator,name+loc:blacktieskirentalsofnorthlaketahoe,,,,ChIJB2hw9tJhmYARAOxZjb7NGRU,https://maps.google.com/?cid=1520472567513213952&g_mp=Cidnb29nbGUubWFwcy5wbGFjZXMudjEuUGxhY2VzLlNlYXJjaFRleHQQAhgEIAA
26,duplicate,gate4:name+loc:bluezonesportscarsoncity,BlueZone Sports - Carson City,http://www.bluezonesports.com/,Sporting Goods Store,sporting_goods_store,OPERATIONAL,4.2,77,true,alpine-ski; backpacking; camping; cycling; gear-shop; kayak; mtb; nordic-ski; pwc; snowboard; snowshoe; watersports,backpacking gear rental; bike rental; bike shop; camping gear rental; cross country ski rental; jet ski rental; kayak rental; mountain bike rental; outdoor equipment rental; outdoor gear rental; ski rental; ski shop; snowboard rental; snowboard shop; snowshoe rental; sporting goods store; watersports rental,core,standard,covered_tile,0,operator,name+loc:bluezonesportscarsoncity,,,,ChIJdWSt3M-hmYARaK4ho-Iv6rQ,https://maps.google.com/?cid=13036284721823329896&g_mp=Cidnb29nbGUubWFwcy5wbGFjZXMudjEuUGxhY2VzLlNlYXJjaFRleHQQAhgEIAA
27,duplicate,gate4:name+loc:bluezonesportssouthlaketahoe,BlueZone Sports - South Lake Tahoe,http://www.bluezonesports.com/,Sporting Goods Store,sporting_goods_store,OPERATIONAL,4.5,174,true,alpine-ski; backcountry-ski; backpacking; camping; climbing; cycling; gear-shop; kayak; mtb; nordic-ski; snowboard; snowshoe; sup,backcountry ski rental; backpacking gear rental; bike rental; bike shop; camping gear rental; climbing gear rental; cross country ski rental; kayak rental; mountain bike rental; outdoor equipment rental; outdoor gear rental; paddleboard rental; ski rental; ski shop; snowboard rental; snowboard shop; snowshoe rental; sporting goods store,core,standard,covered_tile,0,operator,name+loc:bluezonesportssouthlaketahoe,,,,ChIJD8M1RrqPmYARqqE-H3snqWg,https://maps.google.com/?cid=7541602460767265194&g_mp=Cidnb29nbGUubWFwcy5wbGFjZXMudjEuUGxhY2VzLlNlYXJjaFRleHQQAhgEIAA
28,duplicate,gate4:name+loc:bluezonesportstahoecity,BlueZone Sports - Tahoe City,https://www.bluezonesports.com/,Sporting Goods Store,sporting_goods_store,OPERATIONAL,4.2,32,true,alpine-ski; backpacking; camping; cycling; gear-shop; mtb; nordic-ski; snowboard; snowshoe,backpacking gear rental; bike rental; bike shop; camping gear rental; cross country ski rental; mountain bike rental; outdoor equipment rental; outdoor gear rental; ski rental; ski shop; snowboard rental; snowboard shop; snowshoe rental; sporting goods store,core,standard,covered_tile,0,operator,name+loc:bluezonesportstahoecity,,,,ChIJPVNwMnt9mYARjCm76sJdqbE,https://maps.google.com/?cid=12801866507520518540&g_mp=Cidnb29nbGUubWFwcy5wbGFjZXMudjEuUGxhY2VzLlNlYXJjaFRleHQQAhgEIAA
29,duplicate,gate4:name+loc:bluezonesportsteamsalesoffice,BlueZone Sports - Team Sales Office,http://www.bluezonesports.com/,Sporting Goods Store,sporting_goods_store,OPERATIONAL,4,2,true,alpine-ski; cycling; gear-shop; mtb; nordic-ski; snowboard,bike shop; cross country ski rental; mountain bike rental; outdoor equipment rental; ski shop; snowboard rental; snowboard shop; sporting goods store,core,standard,covered_tile,0,operator,name+loc:bluezonesportsteamsalesoffice,,,,ChIJkybnjNaimYARc1faFTjIs50,https://maps.google.com/?cid=11363646427996247923&g_mp=Cidnb29nbGUubWFwcy5wbGFjZXMudjEuUGxhY2VzLlNlYXJjaFRleHQQAhgEIAA
30,duplicate,gate4:name+loc:bobosskipatio,Bobo's Ski & Patio,http://www.bobos.com/,Sporting Goods Store,sporting_goods_store,OPERATIONAL,4.5,589,true,alpine-ski; backcountry-ski; cycling; gear-shop; nordic-ski; pwc; snowboard; snowshoe,backcountry ski rental; bike shop; cross country ski rental; jet ski rental; outdoor equipment rental; outdoor gear rental; ski rental; ski shop; snowboard rental; snowboard shop; snowshoe rental; splitboard rental; sporting goods store,core,standard,covered_tile,0,operator,name+loc:bobosskipatio,,,,ChIJqyv1rH9AmYARtgff-7iWsyQ,https://maps.google.com/?cid=2644623127440459702&g_mp=Cidnb29nbGUubWFwcy5wbGFjZXMudjEuUGxhY2VzLlNlYXJjaFRleHQQAhgEIAA
31,duplicate,gate4:name+loc:camprichardsonmarina,Camp Richardson Marina,https://action-watersports.com/camp-richardson-marina/,Marina,marina,OPERATIONAL,4.5,505,true,alpine-ski; camping; canoe; fishing-charter; kayak; pontoon; powerboat; pwc; sailing; sup; wakeboard; watersports,boat charter; boat rental; camping gear rental; canoe rental; fishing charter; jet ski rental; kayak rental; kayak tours; motorboat rental; paddleboard rental; personal watercraft rental; pontoon rental; sailboat rental; ski boat rental; ski rental; wakeboard boat rental; watersports rental; waverunner rental,core; gap,standard,covered_tile,0,operator,name+loc:camprichardsonmarina,,,,ChIJ87kKrIuFmYARPZsnLzFwDFs,https://maps.google.com/?cid=6560742113718803261&g_mp=Cidnb29nbGUubWFwcy5wbGFjZXMudjEuUGxhY2VzLlNlYXJjaFRleHQQAhgEIAA
32,duplicate,gate4:name+loc:camprichardsonmountainsportscenter,Camp Richardson Mountain Sports Center,https://camprichardsonresort.com/rentals/,Services,service,OPERATIONAL,3.9,35,true,alpine-ski; cycling; ebike; mtb; nordic-ski; snowboard; snowshoe,bike rental; bike shop; cross country ski rental; downhill bike park rental; ebike rental; mountain bike rental; ski rental; ski shop; snowboard rental; snowboard shop; snowshoe rental,core,standard,covered_tile,0,operator,name+loc:camprichardsonmountainsportscenter,,,,ChIJ87kKrIuFmYARe1NNd8uMRh8,https://maps.google.com/?cid=2253643469053318011&g_mp=Cidnb29nbGUubWFwcy5wbGFjZXMudjEuUGxhY2VzLlNlYXJjaFRleHQQAhgEIAA
33,duplicate,gate4:name+loc:campingworldreno,Camping World - Reno,https://rv.campingworld.com/dealer/reno-nevada,Car Dealer,car_dealer,OPERATIONAL,4,869,true,camping,camping gear rental,core,standard,covered_tile,0,operator,name+loc:campingworldreno,,,,ChIJBSRht_oVmYARaToiq4-KMLA,https://maps.google.com/?cid=12695799699213531753&g_mp=Cidnb29nbGUubWFwcy5wbGFjZXMudjEuUGxhY2VzLlNlYXJjaFRleHQQAhgEIAA
34,duplicate,gate4:name+loc:cleanupthelake501c3,Clean Up the Lake 501(c)3,https://cleanupthelake.org/contact/,Association / Organization,association_or_organization,OPERATIONAL,5,1,false,scuba,scuba diving,experience,standard,covered_tile,0,operator,name+loc:cleanupthelake501c3,,,,ChIJm5EaxSObmYARkxCUQQKTOSg,https://maps.google.com/?cid=2898509473089065107&g_mp=Cidnb29nbGUubWFwcy5wbGFjZXMudjEuUGxhY2VzLlNlYXJjaFRleHQQAhgEIAA
35,duplicate,gate4:domain+loc:clearlytahoe.com,Clearly Explorer,https://clearlytahoe.com/,Tour Agency,tour_agency,OPERATIONAL,4.9,63,true,canoe; kayak; powerboat; sup; watersports,boat charter; boat rental; canoe rental; kayak rental; kayak tours; paddleboard rental; watersports rental,core,standard,covered_tile,0,operator,domain+loc:clearlytahoe.com,,,,ChIJ-0fKxPqPmYARNUbLL93YtQU,https://maps.google.com/?cid=411473385475491381&g_mp=Cidnb29nbGUubWFwcy5wbGFjZXMudjEuUGxhY2VzLlNlYXJjaFRleHQQAhgEIAA
36,duplicate,gate4:name+loc:clearlytahoe,Clearly Tahoe,http://www.clearlytahoe.com/,Tour Agency,tour_agency,OPERATIONAL,4.8,281,true,canoe; kayak; pwc; sup; watersports,canoe rental; kayak rental; kayak tours; paddleboard rental; watersports rental; waverunner rental,core,standard,covered_tile,0,operator,name+loc:clearlytahoe,,,,ChIJPTg0tSKbmYARgDzXqwNGgqo,https://maps.google.com/?cid=12286459715001990272&g_mp=Cidnb29nbGUubWFwcy5wbGFjZXMudjEuUGxhY2VzLlNlYXJjaFRleHQQAhgEIAA
37,duplicate,gate4:name+loc:clearlytahoekayakrentalsatsandharbor,Clearly Tahoe Kayak Rentals at Sand Harbor,http://www.clearlytahoerentals.com/,Services,service,OPERATIONAL,4.8,329,true,alpine-ski; canoe; cycling; kayak; pontoon; powerboat; pwc; river-tube; sup; wakeboard; watersports,bike rental; boat rental; canoe rental; jet ski rental; kayak rental; kayak tours; paddleboard rental; pontoon rental; river float rental; ski boat rental; ski rental; watersports rental,core,standard,covered_tile,0,operator,name+loc:clearlytahoekayakrentalsatsandharbor,,,,ChIJT2-7fvtxmYARWSzaVmVTCq4,https://maps.google.com/?cid=12540927807080508505&g_mp=Cidnb29nbGUubWFwcy5wbGFjZXMudjEuUGxhY2VzLlNlYXJjaFRleHQQAhgEIAA
38,duplicate,gate4:name+loc:clearlytahoekeysmarina,Clearly Tahoe Keys Marina,https://clearlytahoe.com/south-lake-tahoe/,,,OPERATIONAL,4.9,171,true,canoe; kayak; powerboat; sup; watersports,boat rental; canoe rental; kayak rental; kayak tours; paddleboard rental; watersports rental,core,standard,covered_tile,0,operator,name+loc:clearlytahoekeysmarina,,,,ChIJ_ZaKcwOPmYAR-d2lx9V-6vQ,https://maps.google.com/?cid=17648057546447379961&g_mp=Cidnb29nbGUubWFwcy5wbGFjZXMudjEuUGxhY2VzLlNlYXJjaFRleHQQAhgEIAA
39,duplicate,gate4:domain+loc:clearlytahoe.com,Clearly Tahoe LED Night Kayak Tours,https://clearlytahoe.com/night-kayak-tours/,Tour Agency,tour_agency,OPERATIONAL,5,1,true,canoe; kayak; watersports,canoe rental; kayak rental; kayak tours; watersports rental,core,standard,covered_tile,0,operator,domain+loc:clearlytahoe.com,,,,ChIJRR6zuq2PmYARKBrkelyUoVk,https://maps.google.com/?cid=6458606465545673256&g_mp=Cidnb29nbGUubWFwcy5wbGFjZXMudjEuUGxhY2VzLlNlYXJjaFRleHQQAhgEIAA
40,duplicate,gate4:name+loc:cloudofgoodsreno,Cloud of Goods Reno,https://www.cloudofgoods.com/reno-nv?utm_source=GMB-RNO&utm_medium=organic,Services,service,OPERATIONAL,4.8,10,true,cycling; ebike,bike rental; ebike rental,core,standard,covered_tile,0,operator,name+loc:cloudofgoodsreno,,,,ChIJlesyeO9NNSIR4-yHkkq9kkU,https://maps.google.com/?cid=5013277463200394467&g_mp=Cidnb29nbGUubWFwcy5wbGFjZXMudjEuUGxhY2VzLlNlYXJjaFRleHQQAhgEIAA
41,duplicate,gate4:name+loc:coalitionsnow,Coalition Snow,https://www.coalitionsnow.com/,Sporting Goods Store,sporting_goods_store,OPERATIONAL,5,5,true,alpine-ski; gear-shop; snowboard,outdoor gear rental; ski rental; ski shop; snowboard rental; snowboard shop; sporting goods store,core,standard,covered_tile,0,operator,name+loc:coalitionsnow,,,,ChIJ6S-mQiVHmYARb2odeGBcd2U,https://maps.google.com/?cid=7311414089461099119&g_mp=Cidnb29nbGUubWFwcy5wbGFjZXMudjEuUGxhY2VzLlNlYXJjaFRleHQQAhgEIAA
42,duplicate,gate4:name+loc:collegecyclery,College Cyclery,http://www.collegecyclery.net/,Bicycle Shop,bicycle_store,OPERATIONAL,3.8,86,true,cycling; ebike; gear-shop; mtb,bike rental; bike shop; ebike rental; mountain bike rental; sporting goods store,core,standard,covered_tile,0,operator,name+loc:collegecyclery,,,,ChIJv_LEordAmYAR2Byih3bLqRA,https://maps.google.com/?cid=1200714485613075672&g_mp=Cidnb29nbGUubWFwcy5wbGFjZXMudjEuUGxhY2VzLlNlYXJjaFRleHQQAhgEIAA
43,duplicate,gate4:name+loc:cookefoiling,Cook EFoiling,https://www.cookefoiling.com/,Services,service,OPERATIONAL,5,106,true,canoe; efoil; foil-surf; kayak; pontoon; powerboat; watersports,boat rental; canoe rental; efoil rental; foil board rental; kayak rental; pontoon rental; watersports rental,core; gap,standard,covered_tile,0,operator,name+loc:cookefoiling,,,,ChIJ9UsF5i7fm4ARAGHBIGAM_Hc,https://maps.google.com/?cid=8645798991650447616&g_mp=Cidnb29nbGUubWFwcy5wbGFjZXMudjEuUGxhY2VzLlNlYXJjaFRleHQQAhgEIAA
44,duplicate,gate4:name+loc:creativecoverings,Creative Coverings,http://creativecoverings.com/,Services,service,OPERATIONAL,5,13,true,camping,tent rental,core,standard,covered_tile,0,operator,name+loc:creativecoverings,,,,ChIJU-YPoOI-mYAR0XlUUDVc59c,https://maps.google.com/?cid=15557504821825403345&g_mp=Cidnb29nbGUubWFwcy5wbGFjZXMudjEuUGxhY2VzLlNlYXJjaFRleHQQAhgEIAA
45,duplicate,gate4:name+loc:cruisersacademy,Cruisers Academy,https://www.cruisersacademy.com/,Sports School,sports_school,OPERATIONAL,5,102,true,sailing,sailboat rental,core,standard,covered_tile,0,operator,name+loc:cruisersacademy,,,,ChIJ45T7dlp9mYARkLmSIVwT7J4,https://maps.google.com/?cid=11451549238917511568&g_mp=Cidnb29nbGUubWFwcy5wbGFjZXMudjEuUGxhY2VzLlNlYXJjaFRleHQQAhgEIAA
46,duplicate,gate4:name+loc:cvsports,CV Sports,https://cvsports.biz/,Services,service,OPERATIONAL,3.9,57,true,alpine-ski; gear-shop; nordic-ski; snow-tube; snowboard; snowshoe,cross country ski rental; outdoor gear rental; ski rental; ski shop; sled rental; snowboard rental; snowboard shop; snowshoe rental; sporting goods store,core; experience,standard,covered_tile,0,operator,name+loc:cvsports,,,,ChIJRwzm8KuQmYARyjfiJy1ABWs,https://maps.google.com/?cid=7711640499628685258&g_mp=Cidnb29nbGUubWFwcy5wbGFjZXMudjEuUGxhY2VzLlNlYXJjaFRleHQQAhgEIAA
47,duplicate,gate4:name+loc:cyclepathsbikeshop,CyclePaths BikeShop,http://www.cyclepaths.com/,Bicycle Shop,bicycle_store,OPERATIONAL,4.8,43,true,alpine-ski; cycling; ebike; gear-shop; mtb,bike rental; bike shop; ebike rental; mountain bike rental; ski shop; sporting goods store,core,standard,covered_tile,0,operator,name+loc:cyclepathsbikeshop,,,,ChIJKx4AZMvfm4ARYXTbCQnZlWk,https://maps.google.com/?cid=7608225778355631201&g_mp=Cidnb29nbGUubWFwcy5wbGFjZXMudjEuUGxhY2VzLlNlYXJjaFRleHQQAhgEIAA
48,duplicate,gate4:name+loc:daygoadventures,Day Go Adventures,http://daygoadventures.com/,Services,service,OPERATIONAL,4.6,34,true,canoe; kayak; river-tube; sup; watersports,canoe rental; kayak rental; kayak tours; paddleboard rental; river tubing rental; watersports rental,core,standard,covered_tile,0,operator,name+loc:daygoadventures,,,,ChIJf7buvpGamYARP8xoDRlvlWI,https://maps.google.com/?cid=7103706140636662847&g_mp=Cidnb29nbGUubWFwcy5wbGFjZXMudjEuUGxhY2VzLlNlYXJjaFRleHQQAhgEIAA
49,duplicate,gate4:name+loc:deepablissdiveshop,Deep Abliss Diveshop,https://www.scubatahoe.com/,School,school,OPERATIONAL,5,25,true,scuba,dive shop; scuba diving,core; experience,standard,covered_tile,0,operator,name+loc:deepablissdiveshop,,,,ChIJJxPM4N-bmYARIJTP7vf24oQ,https://maps.google.com/?cid=9575487302467032096&g_mp=Cidnb29nbGUubWFwcy5wbGFjZXMudjEuUGxhY2VzLlNlYXJjaFRleHQQAhgEIAA
50,duplicate,gate4:name+loc:dirtgypsyadventures,Dirt Gypsy Adventures,http://www.dirtgypsyadventures.com/,Services,service,OPERATIONAL,5,41,true,cycling; dirtbike; ebike; mtb,bike rental; bike shop; dirt bike rental; downhill bike park rental; ebike rental; mountain bike rental,core,standard,covered_tile,0,operator,name+loc:dirtgypsyadventures,,,,ChIJYXYrLonfm4AR9xfL-eRx0VU,https://maps.google.com/?cid=6183848991613720567&g_mp=Cidnb29nbGUubWFwcy5wbGFjZXMudjEuUGxhY2VzLlNlYXJjaFRleHQQAhgEIAA
51,duplicate,gate4:domain+name:doingitbigrentals.com,Doing It Big Rentals,http://doingitbigrentals.com/,Services,service,OPERATIONAL,5,1,true,canoe; pontoon; watersports,canoe rental; pontoon rental; watersports rental,core,service-area,service_area_unknown_location,,operator,domain+name:doingitbigrentals.com,,,,ChIJXa0M2O6-2a8RmpGcRKDxZYk,https://maps.google.com/?cid=9900585026492076442&g_mp=Cidnb29nbGUubWFwcy5wbGFjZXMudjEuUGxhY2VzLlNlYXJjaFRleHQQAhgEIAA
52,duplicate,gate4:name+loc:donnerlakemarina,Donner Lake Marina,http://donnerlakemarina.com/,Services,service,OPERATIONAL,4.5,124,true,alpine-ski; canoe; fishing-charter; gear-shop; kayak; pontoon; powerboat; pwc; sailing; sup; wakeboard; watersports,boat charter; boat rental; canoe rental; fishing charter; jet ski rental; kayak rental; kayak tours; lake toy rental; motorboat rental; paddleboard rental; personal watercraft rental; pontoon rental; sailboat rental; ski boat rental; ski rental; ski shop; sporting goods store; wakeboard boat rental; watersports rental; waverunner rental,core; gap,standard,covered_tile,0,operator,name+loc:donnerlakemarina,,,,ChIJFenZxXrnm4ARkt-aIgGLAqY,https://maps.google.com/?cid=11962276397241261970&g_mp=Cidnb29nbGUubWFwcy5wbGFjZXMudjEuUGxhY2VzLlNlYXJjaFRleHQQAhgEIAA
53,duplicate,gate4:name+loc:donnerlakewatersports,Donner Lake Water Sports,http://donnerlakewatersports.com/,Services,service,OPERATIONAL,4.6,23,true,alpine-ski; canoe; kayak; pontoon; powerboat; pwc; sup; wakeboard; watersports,boat rental; canoe rental; jet ski rental; kayak rental; lake toy rental; motorboat rental; paddleboard rental; personal watercraft rental; pontoon rental; ski boat rental; ski rental; ski shop; wakeboard boat rental; watersports rental; waverunner rental,core,standard,covered_tile,0,operator,name+loc:donnerlakewatersports,,,,ChIJc1phmRnem4ARgqGhLxI1jtM,https://maps.google.com/?cid=15244180140920512898&g_mp=Cidnb29nbGUubWFwcy5wbGFjZXMudjEuUGxhY2VzLlNlYXJjaFRleHQQAhgEIAA
54,duplicate,gate4:name+loc:donnermemorialstateparkwatersportrental,Donner Memorial State Park Watersport Rental,,Park,park,OPERATIONAL,4.5,14,true,alpine-ski; canoe; kayak; pontoon; powerboat; pwc; wakeboard; watersports,boat rental; canoe rental; jet ski rental; kayak rental; pontoon rental; ski boat rental; ski rental; watersports rental,core,standard,covered_tile,0,operator,name+loc:donnermemorialstateparkwatersportrental,,,,ChIJlcG4XATem4ARzXynGIqukgk,https://maps.google.com/?cid=689805601083456717&g_mp=Cidnb29nbGUubWFwcy5wbGFjZXMudjEuUGxhY2VzLlNlYXJjaFRleHQQAhgEIAA
55,duplicate,gate4:name+loc:donnerskishop,Donner Ski Shop,https://donnerskishop.com/,Sporting Goods Store,sporting_goods_store,OPERATIONAL,4.5,49,true,alpine-ski; backcountry-ski; gear-shop; nordic-ski; snowboard; snowshoe,alpine touring ski rental; backcountry ski rental; cross country ski rental; outdoor gear rental; ski rental; ski shop; snowboard rental; snowboard shop; snowshoe rental; splitboard rental; sporting goods store,core,standard,covered_tile,0,operator,name+loc:donnerskishop,,,,ChIJqcC_TFfom4ARrt8jKoleVz0,https://maps.google.com/?cid=4420105502497955758&g_mp=Cidnb29nbGUubWFwcy5wbGFjZXMudjEuUGxhY2VzLlNlYXJjaFRleHQQAhgEIAA
56,duplicate,gate4:name+loc:ebikehub,E-Bike Hub,http://e-bikehub.bike/,Services,service,OPERATIONAL,4.9,271,true,cycling; ebike; gear-shop; mtb,bike rental; bike shop; ebike rental; mountain bike rental; sporting goods store,core,standard,covered_tile,0,operator,name+loc:ebikehub,,,,ChIJFXp61JZBmYARLPCUVD4_9J0,https://maps.google.com/?cid=11381791695211655212&g_mp=Cidnb29nbGUubWFwcy5wbGFjZXMudjEuUGxhY2VzLlNlYXJjaFRleHQQAhgEIAA
57,duplicate,gate4:name+loc:eastlakeebikerentals,Eastlake Ebike Rentals,,Services,service,OPERATIONAL,,0,true,cycling; ebike; mtb,bike rental; bike shop; ebike rental; mountain bike rental,core,standard,covered_tile,0,operator,name+loc:eastlakeebikerentals,,,,ChIJgbTQoZkNmYARqAZOEzPZ2qc,https://maps.google.com/?cid=12095218562647328424&g_mp=Cidnb29nbGUubWFwcy5wbGFjZXMudjEuUGxhY2VzLlNlYXJjaFRleHQQAhgEIAA
58,duplicate,gate4:name+loc:efoiltahoe,Efoil Tahoe,https://efoiltahoe.com/,Services,service,OPERATIONAL,5,74,true,canoe; efoil; foil-surf; pontoon; powerboat; watersports,boat rental; canoe rental; efoil rental; foil board rental; pontoon rental; watersports rental,core; gap,standard,covered_tile,0,operator,name+loc:efoiltahoe,,,,ChIJtSGtrj5xmYARX_nBebLphFw,https://maps.google.com/?cid=6666710301171382623&g_mp=Cidnb29nbGUubWFwcy5wbGFjZXMudjEuUGxhY2VzLlNlYXJjaFRleHQQAhgEIAA
59,duplicate,gate4:name+loc:elevatedboatclublaketahoe,Elevated Boat Club Lake Tahoe,http://www.elevatedwatersports.com/,Marina,marina,OPERATIONAL,3.1,21,true,alpine-ski; canoe; kayak; pontoon; powerboat; pwc; sailing; wakeboard; watersports,boat charter; boat rental; canoe rental; jet ski rental; kayak rental; motorboat rental; pontoon rental; sailboat rental; ski boat rental; ski rental; watersports rental,core,standard,covered_tile,0,operator,name+loc:elevatedboatclublaketahoe,,,,ChIJ98uN8zpxmYAR6Lo4aW7z85o,https://maps.google.com/?cid=11165535556718869224&g_mp=Cidnb29nbGUubWFwcy5wbGFjZXMudjEuUGxhY2VzLlNlYXJjaFRleHQQAhgEIAA
60,duplicate,gate4:name+loc:elevationsurfcharters,Elevation Surf Charters,https://elevationcharters.com/,Tour Agency,tour_agency,OPERATIONAL,5,16,true,canoe; pontoon; powerboat; sailing; wakeboard; watersports,boat charter; boat rental; canoe rental; pontoon rental; sailboat rental; wakeboard boat rental; watersports rental,core,standard,covered_tile,0,operator,name+loc:elevationsurfcharters,,,,ChIJoxkdpYVlmYARbWvsipu9vwY,https://maps.google.com/?cid=486315760527633261&g_mp=Cidnb29nbGUubWFwcy5wbGFjZXMudjEuUGxhY2VzLlNlYXJjaFRleHQQAhgEIAA
61,duplicate,gate4:name+loc:emeraldbaybikes,Emerald Bay Bikes,https://www.emeraldbaybikes.com/,Bicycle Shop,bicycle_store,OPERATIONAL,4.4,19,true,alpine-ski; cycling; ebike; gear-shop; mtb; snowboard,bike rental; bike shop; ebike rental; mountain bike rental; ski shop; snowboard shop; sporting goods store,core,standard,covered_tile,0,operator,name+loc:emeraldbaybikes,,,,ChIJbzu7vXSPmYAROH1u0aSqiBg,https://maps.google.com/?cid=1767850478607957304&g_mp=Cidnb29nbGUubWFwcy5wbGFjZXMudjEuUGxhY2VzLlNlYXJjaFRleHQQAhgEIAA
62,duplicate,gate4:name+loc:endlesswavecharters,Endless Wave Charters,https://www.endlesswavecharters.com/,Services,service,OPERATIONAL,5,34,true,canoe; pontoon; powerboat; sailing; wakeboard,boat charter; boat rental; canoe rental; pontoon rental; sailboat rental; wakeboard boat rental,core,standard,covered_tile,0,operator,name+loc:endlesswavecharters,,,,ChIJ8atHbUdlmYART4wRbng-hVc,https://maps.google.com/?cid=6306515540165889103&g_mp=Cidnb29nbGUubWFwcy5wbGFjZXMudjEuUGxhY2VzLlNlYXJjaFRleHQQAhgEIAA
63,duplicate,gate4:name+loc:evotahoecity,evo Tahoe City,https://www.evo.com/pages/locations-tahoe-city?utm_source=GMBlisting&utm_medium=organic,Bicycle Shop,bicycle_store,OPERATIONAL,4.8,33,true,alpine-ski; camping; cycling; ebike; gear-shop; mtb; snowboard; watersports,bike rental; bike shop; camping gear rental; ebike rental; mountain bike rental; outdoor gear rental; ski rental; ski shop; snowboard rental; snowboard shop; sporting goods store; watersports rental,core,standard,covered_tile,0,operator,name+loc:evotahoecity,,,,ChIJea4sRnh9mYARc91N6W9sWDk,https://maps.google.com/?cid=4132171886023794035&g_mp=Cidnb29nbGUubWFwcy5wbGFjZXMudjEuUGxhY2VzLlNlYXJjaFRleHQQAhgEIAA
64,duplicate,gate4:name+loc:fallenleaflakestorecafeandmarina,"Fallen Leaf Lake Store, Cafe and Marina",http://www.fallenleaflodge.com/,General Store,general_store,OPERATIONAL,4.6,296,true,canoe; kayak; pontoon; powerboat; sup; watersports,boat charter; boat rental; canoe rental; kayak rental; paddleboard rental; pontoon rental; watersports rental,core,standard,covered_tile,0,operator,name+loc:fallenleaflakestorecafeandmarina,,,,ChIJrZ0a2NKOmYARplzx7FF4nrQ,https://maps.google.com/?cid=13014972266410237094&g_mp=Cidnb29nbGUubWFwcy5wbGFjZXMudjEuUGxhY2VzLlNlYXJjaFRleHQQAhgEIAA
65,duplicate,gate4:name+loc:fiestarentalcentralinreno,Fiesta Rental Central in Reno,https://www.fiestarentalcentral.com/,Services,service,OPERATIONAL,5,10,true,camping; gear-shop,outdoor equipment rental; tent rental,core,standard,covered_tile,0,operator,name+loc:fiestarentalcentralinreno,,,,ChIJXeFVzDc_mYARuEWfdb99QAM,https://maps.google.com/?cid=234325441888863672&g_mp=Cidnb29nbGUubWFwcy5wbGFjZXMudjEuUGxhY2VzLlNlYXJjaFRleHQQAhgEIAA
66,duplicate,gate4:name+loc:floaterwithamotor,Floater with a Motor,http://www.floaterwithamotor.com/,Services,service,OPERATIONAL,5,31,true,canoe; kayak; pontoon; powerboat; pwc; sailing; wakeboard; watersports,boat rental; canoe rental; catamaran rental; jet ski rental; kayak rental; motorboat rental; personal watercraft rental; pontoon rental; sailboat rental; ski boat rental; watersports rental; waverunner rental,core,standard,covered_tile,0,operator,name+loc:floaterwithamotor,,,,ChIJXzlju-Pnm4ARLtrc5m-supY,https://maps.google.com/?cid=10861183047971953198&g_mp=Cidnb29nbGUubWFwcy5wbGFjZXMudjEuUGxhY2VzLlNlYXJjaFRleHQQAhgEIAA
67,duplicate,gate4:name+loc:flumetrailbikes,Flume Trail Bikes,http://www.flumetrailtahoe.com/,Services,service,OPERATIONAL,4.9,1175,true,cycling; ebike; gear-shop; mtb,bike rental; bike shop; downhill bike park rental; ebike rental; mountain bike rental; sporting goods store,core,standard,covered_tile,0,operator,name+loc:flumetrailbikes,,,,ChIJ4-IvaAZxmYARtBPCc8shjVI,https://maps.google.com/?cid=5948447840530469812&g_mp=Cidnb29nbGUubWFwcy5wbGFjZXMudjEuUGxhY2VzLlNlYXJjaFRleHQQAhgEIAA
68,duplicate,gate4:name+loc:forwardskisystem,Forward Ski System,,Sporting Goods Store,sporting_goods_store,OPERATIONAL,5,1,true,alpine-ski; gear-shop; snowboard,ski shop; snowboard shop; sporting goods store,core,standard,covered_tile,0,operator,name+loc:forwardskisystem,,,,ChIJ_XOgTKNHmYARQ5f51RcNl2g,https://maps.google.com/?cid=7536506897453127491&g_mp=Cidnb29nbGUubWFwcy5wbGFjZXMudjEuUGxhY2VzLlNlYXJjaFRleHQQAhgEIAA
69,duplicate,gate4:name+loc:fullaccesstahoe,Full Access Tahoe,https://fullaccesstahoe.com/,Services,service,OPERATIONAL,5,195,true,atv; cycling; dirtbike; snowmobile; utv,atv rental; bike rental; dirt bike rental; quad rental; rzr rental; side by side rental; snowmobile rental; utv rental,core,standard,covered_tile,0,operator,name+loc:fullaccesstahoe,,,,ChIJV_LJMpCbmYARqs2mHwt-ZA4,https://maps.google.com/?cid=1037092400442822058&g_mp=Cidnb29nbGUubWFwcy5wbGFjZXMudjEuUGxhY2VzLlNlYXJjaFRleHQQAhgEIAA
70,duplicate,gate4:name+loc:fullthrottletahoe,Full Throttle Tahoe,https://www.fullthrottletahoeboats.com/,Services,service,OPERATIONAL,5,43,true,alpine-ski; atv; canoe; fishing-charter; kayak; pontoon; powerboat; pwc; sailing; snowmobile; sup; utv; wakeboard; watersports,atv rental; boat charter; boat rental; canoe rental; fishing charter; jet ski rental; kayak rental; kayak tours; motorboat rental; paddleboard rental; personal watercraft rental; pontoon rental; sailboat rental; side by side rental; ski boat rental; ski rental; snowmobile rental; wakeboard boat rental; watersports rental; waverunner rental,core; gap,standard,covered_tile,0,operator,name+loc:fullthrottletahoe,,,,ChIJP0bKrdJkmYARfFNNkdWSgZ4,https://maps.google.com/?cid=11421571575951741820&g_mp=Cidnb29nbGUubWFwcy5wbGFjZXMudjEuUGxhY2VzLlNlYXJjaFRleHQQAhgEIAA
71,duplicate,gate4:name+loc:galenasports,Galena Sports,,Sporting Goods Store,sporting_goods_store,OPERATIONAL,4.3,66,true,alpine-ski; gear-shop; nordic-ski; snowboard; snowshoe,cross country ski rental; outdoor gear rental; ski rental; ski shop; snowboard rental; snowboard shop; snowshoe rental; sporting goods store,core,standard,covered_tile,0,operator,name+loc:galenasports,,,,ChIJp9AGVYRrmYARHvdI49jldr4,https://maps.google.com/?cid=13724409634147071774&g_mp=Cidnb29nbGUubWFwcy5wbGFjZXMudjEuUGxhY2VzLlNlYXJjaFRleHQQAhgEIAA
72,duplicate,gate4:name+loc:gondolaskisports,Gondola Ski + Sports,http://www.gondolaskitahoe.com/,Sporting Goods Store,sporting_goods_store,OPERATIONAL,4.2,56,true,alpine-ski; cycling; gear-shop; mtb; snow-tube; snowboard; snowshoe,bike rental; bike shop; mountain bike rental; outdoor equipment rental; outdoor gear rental; ski rental; ski shop; sled rental; snowboard rental; snowboard shop; snowshoe rental; sporting goods store,core; experience,standard,covered_tile,0,operator,name+loc:gondolaskisports,,,,ChIJy9ppqHeQmYARudCSM07YImA,https://maps.google.com/?cid=6927337007233552569&g_mp=Cidnb29nbGUubWFwcy5wbGFjZXMudjEuUGxhY2VzLlNlYXJjaFRleHQQAhgEIAA
73,duplicate,gate4:name+loc:grandtahoecharters,Grand Tahoe Charters,http://www.wildgoose2.com/,Services,service,OPERATIONAL,5,20,true,canoe; fishing-charter; kayak; pontoon; powerboat; sailing; wakeboard; watersports,boat charter; boat rental; canoe rental; catamaran rental; fishing charter; kayak rental; motorboat rental; pontoon rental; sailboat rental; ski boat rental; watersports rental,core; gap,standard,covered_tile,0,operator,name+loc:grandtahoecharters,,,,ChIJK_VySspkmYARqifFho-Rgb0,https://maps.google.com/?cid=13655355590791473066&g_mp=Cidnb29nbGUubWFwcy5wbGFjZXMudjEuUGxhY2VzLlNlYXJjaFRleHQQAhgEIAA
74,duplicate,gate4:name+loc:granitechiefpoweredbybluezonesports,Granite Chief Powered by BlueZone Sports,https://bluezonesports.com/,Sporting Goods Store,sporting_goods_store,OPERATIONAL,4.5,220,true,alpine-ski; backcountry-ski; backpacking; camping; canoe; climbing; cycling; gear-shop; ice-climb; kayak; mtb; nordic-ski; snowboard; snowshoe,backcountry ski rental; backpacking gear rental; bike rental; bike shop; camping gear rental; canoe rental; climbing gear rental; cross country ski rental; kayak rental; mountain bike rental; mountaineering gear rental; outdoor equipment rental; outdoor gear rental; ski rental; ski shop; snowboard rental; snowboard shop; snowshoe rental; sporting goods store,core,standard,covered_tile,0,operator,name+loc:granitechiefpoweredbybluezonesports,,,,ChIJmVK1sDPem4AROEdsc6xHzUo,https://maps.google.com/?cid=5390043135028774712&g_mp=Cidnb29nbGUubWFwcy5wbGFjZXMudjEuUGxhY2VzLlNlYXJjaFRleHQQAhgEIAA
75,duplicate,gate4:name+loc:gravityhausgearrentalhausquivertruckee,Gravity Haus Gear Rental - Haus Quiver - Truckee,http://gravityhaus.com/,Services,service,OPERATIONAL,,0,true,alpine-ski; cycling; gear-shop; ice-climb; snowboard,bike rental; mountaineering gear rental; outdoor equipment rental; outdoor gear rental; ski rental; ski shop; snowboard rental,core,standard,covered_tile,0,operator,name+loc:gravityhausgearrentalhausquivertruckee,,,,ChIJiZahgDrfm4ARG93950wDe4I,https://maps.google.com/?cid=9402112275910614299&g_mp=Cidnb29nbGUubWFwcy5wbGFjZXMudjEuUGxhY2VzLlNlYXJjaFRleHQQAhgEIAA
76,duplicate,gate4:name+loc:greatbasinbicycles,Great Basin Bicycles,http://greatbasinbicycles.com/,Bicycle Shop,bicycle_store,OPERATIONAL,4.7,105,true,cycling; ebike; gear-shop; mtb,bike rental; bike shop; ebike rental; mountain bike rental; sporting goods store,core,standard,covered_tile,0,operator,name+loc:greatbasinbicycles,,,,ChIJW4N6f1AVmYAR0Cc66XyOOng,https://maps.google.com/?cid=8663393500340561872&g_mp=Cidnb29nbGUubWFwcy5wbGFjZXMudjEuUGxhY2VzLlNlYXJjaFRleHQQAhgEIAA
77,duplicate,gate4:name+loc:heavenlysportsmarriott,Heavenly Sports - Marriott,https://www.epicmountainrentals.com/,Services,service,OPERATIONAL,4.2,150,true,alpine-ski; gear-shop; nordic-ski; pwc; snowboard,cross country ski rental; jet ski rental; ski rental; ski shop; snowboard rental; snowboard shop; sporting goods store,core,standard,covered_tile,0,operator,name+loc:heavenlysportsmarriott,,,,ChIJx83JvkSQmYAR37b1G_O0P5E,https://maps.google.com/?cid=10466283015271462623&g_mp=Cidnb29nbGUubWFwcy5wbGFjZXMudjEuUGxhY2VzLlNlYXJjaFRleHQQAhgEIAA
78,duplicate,gate4:name+loc:heavenlysportstamaracklodge,Heavenly Sports - Tamarack Lodge,,Sporting Goods Store,sporting_goods_store,OPERATIONAL,4,28,true,alpine-ski; backpacking; camping; gear-shop; snow-tube,backpacking gear rental; camping gear rental; outdoor gear rental; ski rental; ski shop; sled rental; snow tube rental; sporting goods store,core; experience,standard,covered_tile,0,operator,name+loc:heavenlysportstamaracklodge,,,,ChIJPRErSHaQmYAR6GJasIPw_so,https://maps.google.com/?cid=14627393088136045288&g_mp=Cidnb29nbGUubWFwcy5wbGFjZXMudjEuUGxhY2VzLlNlYXJjaFRleHQQAhgEIAA
79,duplicate,gate4:name+loc:highsierracycling,High Sierra Cycling,http://highsierracycling.com/,Bicycle Shop,bicycle_store,OPERATIONAL,4.4,84,true,cycling; ebike; gear-shop; mtb,bike rental; bike shop; downhill bike park rental; ebike rental; mountain bike rental; sporting goods store,core,standard,covered_tile,0,operator,name+loc:highsierracycling,,,,ChIJr81lwVkUmYARghRuPDYLA60,https://maps.google.com/?cid=12466820521061651586&g_mp=Cidnb29nbGUubWFwcy5wbGFjZXMudjEuUGxhY2VzLlNlYXJjaFRleHQQAhgEIAA
80,duplicate,gate4:name+loc:highsierrawaterskischool,High Sierra Water Ski School,https://www.highsierrawaterskiing.com/,Services,service,OPERATIONAL,4.9,47,true,alpine-ski; canoe; kayak; pontoon; powerboat; pwc; sup; wakeboard; watersports,boat rental; canoe rental; jet ski rental; kayak rental; paddleboard rental; personal watercraft rental; pontoon rental; ski boat rental; ski rental; ski shop; wakeboard boat rental; watersports rental; waverunner rental,core,standard,covered_tile,0,operator,name+loc:highsierrawaterskischool,,,,ChIJ1WuLO_N9mYARa9axpI-c0e8,https://maps.google.com/?cid=17280765385954678379&g_mp=Cidnb29nbGUubWFwcy5wbGFjZXMudjEuUGxhY2VzLlNlYXJjaFRleHQQAhgEIAA
81,duplicate,gate4:name+loc:justsoscuba,Just So Scuba,,Tour Agency,tour_agency,OPERATIONAL,,0,false,scuba,scuba diving,experience,standard,covered_tile,0,operator,name+loc:justsoscuba,,,,ChIJv5W-J0WPmYARf-omMX4-5Cs,https://maps.google.com/?cid=3162721550032366207&g_mp=Cidnb29nbGUubWFwcy5wbGFjZXMudjEuUGxhY2VzLlNlYXJjaFRleHQQAhgEIAA
82,duplicate,gate4:name+loc:kawasakiyamahaofreno,Kawasaki Yamaha of Reno,http://www.kawasakiofreno.com/,Store,store,OPERATIONAL,4.7,417,true,alpine-ski; cycling; dirtbike,bike shop; dirt bike rental; ski shop,core,standard,covered_tile,0,operator,name+loc:kawasakiyamahaofreno,,,,ChIJh9PHTWc_mYARVC3YDBKB97I,https://maps.google.com/?cid=12895917972523593044&g_mp=Cidnb29nbGUubWFwcy5wbGFjZXMudjEuUGxhY2VzLlNlYXJjaFRleHQQAhgEIAA
83,duplicate,gate4:name+loc:kayaktahoepopebeach,Kayak Tahoe- Pope Beach,http://www.kayaktahoe.com/,Services,service,OPERATIONAL,4.7,21,true,canoe; kayak; powerboat; sup; watersports,boat rental; canoe rental; kayak rental; kayak tours; paddleboard rental; watersports rental,core,standard,covered_tile,0,operator,name+loc:kayaktahoepopebeach,,,,ChIJcwZv5SiFmYARPiMfMm6tk_c,https://maps.google.com/?cid=17839793237743575870&g_mp=Cidnb29nbGUubWFwcy5wbGFjZXMudjEuUGxhY2VzLlNlYXJjaFRleHQQAhgEIAA
84,duplicate,gate4:name+loc:kiwanisactivitycenterandbikeprogram,Kiwanis Activity Center and Bike Program,http://www.kiwanisbikes.org/,Bicycle Shop,bicycle_store,OPERATIONAL,4.8,131,true,cycling; ebike; mtb,bike rental; bike shop; ebike rental; mountain bike rental,core,standard,covered_tile,0,operator,name+loc:kiwanisactivitycenterandbikeprogram,,,,ChIJKfp1JQ5HmYARSPVLMInMi3U,https://maps.google.com/?cid=8470088413793219912&g_mp=Cidnb29nbGUubWFwcy5wbGFjZXMudjEuUGxhY2VzLlNlYXJjaFRleHQQAhgEIAA
85,duplicate,gate4:name+loc:lakelevelsurfcharters,Lake Level Surf Charters,https://www.lakelevelsurf.com/,Tour Agency,tour_agency,OPERATIONAL,5,129,true,canoe; pontoon; powerboat; pwc; sailing; wakeboard; watersports,boat charter; boat rental; canoe rental; personal watercraft rental; pontoon rental; sailboat rental; ski boat rental; wakeboard boat rental; watersports rental,core,standard,covered_tile,0,operator,name+loc:lakelevelsurfcharters,,,,ChIJ8b6JVa6HDG8R4ciI6hKk4yg,https://maps.google.com/?cid=2946378982381635809&g_mp=Cidnb29nbGUubWFwcy5wbGFjZXMudjEuUGxhY2VzLlNlYXJjaFRleHQQAhgEIAA
86,duplicate,gate4:name+loc:lakeshoreboatstahoe,Lake Shore Boats Tahoe,http://www.lakeshoreboatstahoe.com/,Services,service,OPERATIONAL,4.3,3,true,canoe; kayak; pontoon; powerboat; pwc; sup; wakeboard; watersports,boat rental; canoe rental; kayak rental; lake toy rental; motorboat rental; paddleboard rental; pontoon rental; wakeboard boat rental; waverunner rental,core,standard,covered_tile,0,operator,name+loc:lakeshoreboatstahoe,,,,ChIJoTZS5hhvmYARbh-OUipfjiQ,https://maps.google.com/?cid=2634147467436629870&g_mp=Cidnb29nbGUubWFwcy5wbGFjZXMudjEuUGxhY2VzLlNlYXJjaFRleHQQAhgEIAA
87,duplicate,gate4:name+loc:laketahoeadventureohvtours,Lake Tahoe Adventure OHV Tours,https://www.laketahoeadventures.com/,Point of interest,point_of_interest,OPERATIONAL,5,1,true,atv; snowmobile,atv rental; snowmobile rental,core,standard,covered_tile,0,operator,name+loc:laketahoeadventureohvtours,,,,ChIJSdktC4ejmYARTXMmqopyWjU,https://maps.google.com/?cid=3844511171799839565&g_mp=Cidnb29nbGUubWFwcy5wbGFjZXMudjEuUGxhY2VzLlNlYXJjaFRleHQQAhgEIAA
88,duplicate,gate4:name+loc:laketahoeadventures,Lake Tahoe Adventures,https://www.laketahoeadventures.com/?utm_source=google&utm_medium=organic&utm_campaign=gbp_listing,Tour Agency,tour_agency,OPERATIONAL,4.5,514,true,atv; snow-tube; snowmobile; utv,atv rental; quad rental; rzr rental; side by side rental; sled rental; snowmobile rental; utv rental,core; experience,standard,covered_tile,0,operator,name+loc:laketahoeadventures,,,,ChIJfy2gDdKNmYARkg65MPDmlQ4,https://maps.google.com/?cid=1051000007344852626&g_mp=Cidnb29nbGUubWFwcy5wbGFjZXMudjEuUGxhY2VzLlNlYXJjaFRleHQQAhgEIAA
89,duplicate,gate4:name+loc:laketahoeboatrides,Lake Tahoe Boat Rides,https://www.tahoeboatrides.com/,Tour Agency,tour_agency,OPERATIONAL,4.9,438,true,canoe; pontoon; powerboat; pwc; sailing; wakeboard; watersports,boat charter; boat rental; canoe rental; catamaran rental; jet ski rental; motorboat rental; personal watercraft rental; pontoon rental; sailboat rental; ski boat rental; wakeboard boat rental; watersports rental; waverunner rental,core,standard,covered_tile,0,operator,name+loc:laketahoeboatrides,,,,ChIJVWZBYYOPmYAR_xt0WYQON0k,https://maps.google.com/?cid=5275701450087078911&g_mp=Cidnb29nbGUubWFwcy5wbGFjZXMudjEuUGxhY2VzLlNlYXJjaFRleHQQAhgEIAA
90,duplicate,gate4:name+loc:laketahoefloats,Lake Tahoe Floats,http://www.laketahoefloats.com/,Sports Activity Location,sports_activity_location,OPERATIONAL,5,4,true,canoe; pontoon; powerboat; river-tube,boat rental; canoe rental; pontoon rental; river float rental,core,standard,covered_tile,0,operator,name+loc:laketahoefloats,,,,ChIJjfXtAQrrX2AR9WWeV3ST9hg,https://maps.google.com/?cid=1798787229076579829&g_mp=Cidnb29nbGUubWFwcy5wbGFjZXMudjEuUGxhY2VzLlNlYXJjaFRleHQQAhgEIAA
91,duplicate,gate4:name+loc:laketahoejeeptours,Lake Tahoe Jeep Tours,,,,OPERATIONAL,3.5,4,true,atv; utv,atv rental; utv rental,core,standard,covered_tile,0,operator,name+loc:laketahoejeeptours,,,,ChIJjd5fF--amYARD7l8Pvhdr5Q,https://maps.google.com/?cid=10713885359319333135&g_mp=Cidnb29nbGUubWFwcy5wbGFjZXMudjEuUGxhY2VzLlNlYXJjaFRleHQQAhgEIAA
92,duplicate,gate4:name+loc:laketahoelspboatrentals,Lake Tahoe LSP Boat Rentals,http://www.laketahoe-boatrentals.com/,Services,service,OPERATIONAL,4.9,30,true,canoe; kayak; pontoon; powerboat; pwc; sailing; wakeboard,boat charter; boat rental; canoe rental; jet ski rental; kayak rental; motorboat rental; personal watercraft rental; pontoon rental; sailboat rental; ski boat rental; waverunner rental,core,standard,covered_tile,0,operator,name+loc:laketahoelspboatrentals,,,,ChIJXVHrZwSQmYAR1rciIWM8e6k,https://maps.google.com/?cid=12212421211000584150&g_mp=Cidnb29nbGUubWFwcy5wbGFjZXMudjEuUGxhY2VzLlNlYXJjaFRleHQQAhgEIAA
93,duplicate,gate4:name+loc:laketahoeluxuryboatrentals,Lake Tahoe Luxury Boat Rentals,http://laketahoeluxuryboatrentals.com/,Services,service,OPERATIONAL,4.9,52,true,canoe; pontoon; powerboat; pwc; sailing; wakeboard; watersports,boat charter; boat rental; canoe rental; catamaran rental; jet ski rental; motorboat rental; personal watercraft rental; pontoon rental; sailboat rental; ski boat rental; watersports rental; waverunner rental,core,standard,covered_tile,0,operator,name+loc:laketahoeluxuryboatrentals,,,,ChIJHUtqcWFxmYAR1Wfw0__0ydc,https://maps.google.com/?cid=15549228568082933717&g_mp=Cidnb29nbGUubWFwcy5wbGFjZXMudjEuUGxhY2VzLlNlYXJjaFRleHQQAhgEIAA
94,duplicate,gate4:name+loc:laketahoepontoons,Lake Tahoe Pontoons,http://laketahoepontoon.com/,Services,service,OPERATIONAL,5,56,true,canoe; pontoon; powerboat; watersports,boat charter; boat rental; canoe rental; motorboat rental; pontoon rental; watersports rental,core,standard,covered_tile,0,operator,name+loc:laketahoepontoons,,,,ChIJHWLlJEyRmYARmnqvJTlgRBo,https://maps.google.com/?cid=1892743541964110490&g_mp=Cidnb29nbGUubWFwcy5wbGFjZXMudjEuUGxhY2VzLlNlYXJjaFRleHQQAhgEIAA
95,duplicate,gate4:name+loc:laketahoeslingshots,Lake Tahoe Slingshots,http://laketahoeslingshotrentals.com/,Tour Agency,tour_agency,OPERATIONAL,5,1,true,cycling; dirtbike,bike rental; dirt bike rental,core,standard,covered_tile,0,operator,name+loc:laketahoeslingshots,,,,ChIJpbhRufabmYAR70RxWUMaBPA,https://maps.google.com/?cid=17294977345575273711&g_mp=Cidnb29nbGUubWFwcy5wbGFjZXMudjEuUGxhY2VzLlNlYXJjaFRleHQQAhgEIAA
96,duplicate,gate4:name+loc:laketahoewatersports,Lake Tahoe Watersports,http://tahoewaterski.com/,School,school,OPERATIONAL,5,3,true,wakeboard; watersports,wakeboard boat rental; watersports rental,core,standard,covered_tile,0,operator,name+loc:laketahoewatersports,,,,ChIJ87kKrIuFmYARYZX7DPDfuPc,https://maps.google.com/?cid=17850263345185920353&g_mp=Cidnb29nbGUubWFwcy5wbGFjZXMudjEuUGxhY2VzLlNlYXJjaFRleHQQAhgEIAA
97,duplicate,gate4:name+loc:lakeshorepaddleboardco,Lakeshore Paddleboard Co.,http://www.lakeshoresup.com/,Sporting Goods Store,sporting_goods_store,OPERATIONAL,4.7,12,true,backpacking; camping; gear-shop; sup,backpacking gear rental; camping gear rental; outdoor gear rental; paddleboard rental; sporting goods store,core,standard,covered_tile,0,operator,name+loc:lakeshorepaddleboardco,,,,ChIJO1eBm2AVmYAR5zBLIu_Vo64,https://maps.google.com/?cid=12584137006852550887&g_mp=Cidnb29nbGUubWFwcy5wbGFjZXMudjEuUGxhY2VzLlNlYXJjaFRleHQQAhgEIAA
98,duplicate,gate4:name+loc:loveyourlifebackcountry,Love Your Life BackCountry,https://loveyourlifebackcountry.com/,Services,service,OPERATIONAL,,0,true,backcountry-ski; snow-tube; snowmobile,backcountry ski rental; sled rental; snowmobile rental,core; experience,standard,covered_tile,0,operator,name+loc:loveyourlifebackcountry,,,,ChIJDcmw20Lfm4AR-s610pn0oOE,https://maps.google.com/?cid=16258263596309794554&g_mp=Cidnb29nbGUubWFwcy5wbGFjZXMudjEuUGxhY2VzLlNlYXJjaFRleHQQAhgEIAA
99,duplicate,gate4:name+loc:lsboatrentalsdonnerlake,LS Boat Rentals - Donner Lake,https://lsboatrentals.com/,Services,service,OPERATIONAL,5,4,true,alpine-ski; canoe; pontoon; powerboat; pwc; sailing; wakeboard; watersports,boat rental; canoe rental; jet ski rental; motorboat rental; personal watercraft rental; pontoon rental; sailboat rental; ski boat rental; ski rental; watersports rental; waverunner rental,core,standard,covered_tile,0,operator,name+loc:lsboatrentalsdonnerlake,,,,ChIJpcL9nNfnm4ARJwMQXYtfUbI,https://maps.google.com/?cid=12849156264031159079&g_mp=Cidnb29nbGUubWFwcy5wbGFjZXMudjEuUGxhY2VzLlNlYXJjaFRleHQQAhgEIAA
100,duplicate,gate4:name+loc:lsboatrentalstahoe,LS Boat Rentals - Tahoe,https://lsboatrentals.com/,Services,service,OPERATIONAL,5,6,true,canoe; pontoon; powerboat; sailing,boat rental; canoe rental; motorboat rental; pontoon rental; sailboat rental,core,standard,covered_tile,0,operator,name+loc:lsboatrentalstahoe,,,,ChIJqSpsKJFxmYARcscdz11UktE,https://maps.google.com/?cid=15101225262410221426&g_mp=Cidnb29nbGUubWFwcy5wbGFjZXMudjEuUGxhY2VzLlNlYXJjaFRleHQQAhgEIAA
101,duplicate,gate4:name+loc:markforeandstrike,Mark Fore and Strike,http://mark-fore-and-strike.com/,Sporting Goods Store,sporting_goods_store,OPERATIONAL,4.3,223,true,fishing-gear; gear-shop,fishing bait and tackle shop; sporting goods store,core; gap,standard,covered_tile,0,operator,name+loc:markforeandstrike,,,,ChIJ29xY-Vc_mYARES9CKWKeUFU,https://maps.google.com/?cid=6147587635796913937&g_mp=Cidnb29nbGUubWFwcy5wbGFjZXMudjEuUGxhY2VzLlNlYXJjaFRleHQQAhgEIAA
102,duplicate,gate4:domain+loc:palisadestahoe.com,Members Locker Room,https://www.palisadestahoe.com/footer/locker-rentals,Sports Activity Location,sports_activity_location,OPERATIONAL,4.9,8,true,alpine-ski,ski rental,core,standard,covered_tile,0,operator,domain+loc:palisadestahoe.com,,,,ChIJY2KOcOzZm4ARsXlV8OfJKjA,https://maps.google.com/?cid=3470808460849150385&g_mp=Cidnb29nbGUubWFwcy5wbGFjZXMudjEuUGxhY2VzLlNlYXJjaFRleHQQAhgEIAA
103,duplicate,gate4:name+loc:momentskis,Moment Skis,https://www.momentskis.com/,Sporting Goods Store,sporting_goods_store,OPERATIONAL,5,90,true,alpine-ski; backcountry-ski; climbing; gear-shop; nordic-ski; snowboard; snowshoe,alpine touring ski rental; backcountry ski rental; climbing gear rental; cross country ski rental; ski rental; ski shop; snowboard rental; snowboard shop; snowshoe rental; splitboard rental; sporting goods store,core,standard,covered_tile,0,operator,name+loc:momentskis,,,,ChIJfbp-qiI_mYARD0_70XarbPM,https://maps.google.com/?cid=17540583175518637839&g_mp=Cidnb29nbGUubWFwcy5wbGFjZXMudjEuUGxhY2VzLlNlYXJjaFRleHQQAhgEIAA
104,duplicate,gate4:name+loc:mototahoe,Moto Tahoe,,Services,service,OPERATIONAL,,0,true,atv; cycling; dirtbike; ebike; mtb,atv rental; bike rental; bike shop; dirt bike rental; ebike rental; mountain bike rental,core,standard,covered_tile,0,operator,name+loc:mototahoe,,,,ChIJTxHhMNbrm4AR1Jg0TJZWyLA,https://maps.google.com/?cid=12738526749541046484&g_mp=Cidnb29nbGUubWFwcy5wbGFjZXMudjEuUGxhY2VzLlNlYXJjaFRleHQQAhgEIAA
105,duplicate,gate4:name+loc:mountaindogcycling,Mountain Dog Cycling,http://www.mountaindogcycling.com/,Bicycle Shop,bicycle_store,OPERATIONAL,4.9,220,true,cycling; ebike; gear-shop; mtb,bike rental; bike shop; ebike rental; mountain bike rental; sporting goods store,core,standard,covered_tile,0,operator,name+loc:mountaindogcycling,,,,ChIJhS0NsNBFmYAR3M35xixz2VA,https://maps.google.com/?cid=5825814229134462428&g_mp=Cidnb29nbGUubWFwcy5wbGFjZXMudjEuUGxhY2VzLlNlYXJjaFRleHQQAhgEIAA
106,duplicate,gate4:name+loc:mountainhardwaresports,Mountain Hardware & Sports,http://www.mountainhardwareandsports.com/,Hardware Store,hardware_store,OPERATIONAL,4.7,925,true,alpine-ski; backpacking; camping; climbing; cycling; fishing-gear; fly-fishing; gear-shop,backpacking gear rental; bike shop; camping gear rental; climbing gear rental; fishing bait and tackle shop; fly fishing outfitter; outdoor equipment rental; outdoor gear rental; ski shop; sporting goods store,core; gap,standard,covered_tile,0,operator,name+loc:mountainhardwaresports,,,,ChIJEX5qpzPem4AR2kiYG4noB9Q,https://maps.google.com/?cid=15278435936448825562&g_mp=Cidnb29nbGUubWFwcy5wbGFjZXMudjEuUGxhY2VzLlNlYXJjaFRleHQQAhgEIAA
107,duplicate,gate4:name+loc:mountainmikessports,Mountain Mike's Sports,https://olympicvalleyskiandbike.com/,Sporting Goods Store,sporting_goods_store,OPERATIONAL,4.4,62,true,alpine-ski; backcountry-ski; cycling; gear-shop; mtb; nordic-ski; snow-tube; snowboard; snowshoe,backcountry ski rental; bike rental; bike shop; cross country ski rental; mountain bike rental; ski rental; ski shop; sled rental; snowboard rental; snowboard shop; snowshoe rental; splitboard rental; sporting goods store,core; experience,standard,covered_tile,0,operator,name+loc:mountainmikessports,,,,ChIJL0PZlOrZm4ARCLy9I1WG14U,https://maps.google.com/?cid=9644324827267185672&g_mp=Cidnb29nbGUubWFwcy5wbGFjZXMudjEuUGxhY2VzLlNlYXJjaFRleHQQAhgEIAA
108,duplicate,gate4:name+loc:mountainwest,Mountain West,http://mountainwestonline.com/,Sporting Goods Store,sporting_goods_store,OPERATIONAL,4.9,54,true,alpine-ski; backcountry-ski; backpacking; climbing; cycling; ebike; gear-shop; mtb; snow-tube; snowboard; snowshoe,backcountry ski rental; backpacking gear rental; bike rental; bike shop; climbing gear rental; ebike rental; mountain bike rental; outdoor equipment rental; outdoor gear rental; ski rental; ski shop; sled rental; snowboard rental; snowboard shop; snowshoe rental; splitboard rental; sporting goods store,core; experience,standard,covered_tile,0,operator,name+loc:mountainwest,,,,ChIJz9w2VrePmYARDBJh0xkdUUc,https://maps.google.com/?cid=5138920646564188684&g_mp=Cidnb29nbGUubWFwcy5wbGFjZXMudjEuUGxhY2VzLlNlYXJjaFRleHQQAhgEIAA
109,duplicate,gate4:name+loc:nevadaadventurerentals,Nevada Adventure Rentals,http://nevadaadventurerentals.com/,Sporting Goods Store,sporting_goods_store,OPERATIONAL,4.8,162,true,alpine-ski; atv; backcountry-ski; backpacking; camping; climbing; cycling; dirtbike; gear-shop; ice-climb; mtb; snowmobile; utv,atv rental; backcountry ski rental; backpacking gear rental; bike rental; bike shop; camping gear rental; climbing gear rental; dirt bike rental; motocross bike rental; mountain bike rental; mountaineering gear rental; outdoor equipment rental; outdoor gear rental; quad rental; rzr rental; side by side rental; ski rental; ski shop; snowmobile rental; sporting goods store; utv rental,core,standard,covered_tile,0,operator,name+loc:nevadaadventurerentals,,,,ChIJT1VlrfNEmYARl0q7P6hBVgk,https://maps.google.com/?cid=672797385218017943&g_mp=Cidnb29nbGUubWFwcy5wbGFjZXMudjEuUGxhY2VzLlNlYXJjaFRleHQQAhgEIAA
110,duplicate,gate4:name+loc:nevadanordic,Nevada Nordic,https://nevadanordic.org/,Ski Resort,ski_resort,OPERATIONAL,5,30,true,alpine-ski; nordic-ski,cross country ski rental; nordic ski center; ski rental; ski shop,core,standard,covered_tile,0,operator,name+loc:nevadanordic,,,,ChIJv39nHstvmYARRthSt17BGyA,https://maps.google.com/?cid=2313655446131628102&g_mp=Cidnb29nbGUubWFwcy5wbGFjZXMudjEuUGxhY2VzLlNlYXJjaFRleHQQAhgEIAA
111,duplicate,gate4:name+loc:newusedtahoesports,New & Used Tahoe Sports,https://nutsconsignment.com/,Store,store,OPERATIONAL,4.7,117,true,alpine-ski; gear-shop; nordic-ski; snowboard; snowshoe,cross country ski rental; outdoor equipment rental; outdoor gear rental; ski rental; ski shop; snowboard rental; snowboard shop; snowshoe rental; sporting goods store,core,standard,covered_tile,0,operator,name+loc:newusedtahoesports,,,,ChIJtYQxeHZ9mYARNYamcYRoFNY,https://maps.google.com/?cid=15426069541702501941&g_mp=Cidnb29nbGUubWFwcy5wbGFjZXMudjEuUGxhY2VzLlNlYXJjaFRleHQQAhgEIAA
112,duplicate,gate4:name+loc:nordicskitrailsatthelaketahoecommunitycollege,Nordic Ski Trails at the Lake Tahoe Community College,,Ski Resort,ski_resort,OPERATIONAL,5,5,true,nordic-ski,cross country ski rental; nordic ski center,core,standard,covered_tile,0,operator,name+loc:nordicskitrailsatthelaketahoecommunitycollege,,,,ChIJHxjQfeWRmYARyToyxaz5rzk,https://maps.google.com/?cid=4156815501524351689&g_mp=Cidnb29nbGUubWFwcy5wbGFjZXMudjEuUGxhY2VzLlNlYXJjaFRleHQQAhgEIAA
113,duplicate,gate4:name+loc:northlaketahoeboatrental,North Lake Tahoe Boat Rental,https://northlaketahoeboatrental.com/,Services,service,OPERATIONAL,5,1585,true,alpine-ski; canoe; fishing-charter; kayak; pontoon; powerboat; pwc; sailing; wakeboard; watersports,boat charter; boat rental; canoe rental; catamaran rental; fishing charter; jet ski rental; kayak rental; lake toy rental; motorboat rental; personal watercraft rental; pontoon rental; sailboat rental; ski boat rental; ski rental; wakeboard boat rental; watersports rental; waverunner rental,core; gap,standard,covered_tile,0,operator,name+loc:northlaketahoeboatrental,,,,ChIJBxU-wIxgmYARsSke3Ez3MXo,https://maps.google.com/?cid=8805090655968569777&g_mp=Cidnb29nbGUubWFwcy5wbGFjZXMudjEuUGxhY2VzLlNlYXJjaFRleHQQAhgEIAA
114,duplicate,gate4:name+loc:northshoreparasail,North Shore Parasail,https://californiaparasail.com/,Tour Agency,tour_agency,OPERATIONAL,3.9,129,true,powerboat; pwc; sup; watersports,boat rental; jet ski rental; paddleboard rental; watersports rental,core,standard,covered_tile,0,operator,name+loc:northshoreparasail,,,,ChIJmyuXjix7mYARCT8BNIAOv1k,https://maps.google.com/?cid=6466903533718421257&g_mp=Cidnb29nbGUubWFwcy5wbGFjZXMudjEuUGxhY2VzLlNlYXJjaFRleHQQAhgEIAA
115,duplicate,gate4:name+loc:northtahoepaddle,North Tahoe Paddle,https://www.northtahoepaddle.com/,Services,service,OPERATIONAL,5,484,true,canoe; kayak; pontoon; powerboat; sup; watersports,boat rental; canoe rental; kayak rental; kayak tours; paddleboard rental; pontoon rental; watersports rental,core,standard,covered_tile,0,operator,name+loc:northtahoepaddle,,,,ChIJ8_oCjqZkmYARLdFYqALP_u8,https://maps.google.com/?cid=17293487229470560557&g_mp=Cidnb29nbGUubWFwcy5wbGFjZXMudjEuUGxhY2VzLlNlYXJjaFRleHQQAhgEIAA
116,duplicate,gate4:name+loc:northtahoewatersports,North Tahoe Watersports,https://northtahoewatersports.com/,Tour Agency,tour_agency,OPERATIONAL,4.4,30,true,alpine-ski; canoe; pontoon; powerboat; pwc; wakeboard; watersports,boat rental; canoe rental; jet ski rental; motorboat rental; personal watercraft rental; pontoon rental; ski boat rental; ski rental; watersports rental; waverunner rental,core,standard,covered_tile,0,operator,name+loc:northtahoewatersports,,,,ChIJfzHSBHV9mYARIT8np-2e_4A,https://maps.google.com/?cid=9295322899464797985&g_mp=Cidnb29nbGUubWFwcy5wbGFjZXMudjEuUGxhY2VzLlNlYXJjaFRleHQQAhgEIAA
117,duplicate,gate4:name+loc:northtahoewatersportstahoecityboatrentals,North Tahoe Watersports Tahoe City Boat Rentals,https://www.northtahoewatersports.com/,Services,service,OPERATIONAL,4.7,54,true,alpine-ski; canoe; kayak; pontoon; powerboat; pwc; sailing; sup; wakeboard; watersports,boat charter; boat rental; canoe rental; jet ski rental; kayak rental; motorboat rental; paddleboard rental; personal watercraft rental; pontoon rental; sailboat rental; ski boat rental; ski rental; wakeboard boat rental; watersports rental; waverunner rental,core,standard,covered_tile,0,operator,name+loc:northtahoewatersportstahoecityboatrentals,,,,ChIJ1S2uDXV9mYARl_oxHYjBsPA,https://maps.google.com/?cid=17343574955353307799&g_mp=Cidnb29nbGUubWFwcy5wbGFjZXMudjEuUGxhY2VzLlNlYXJjaFRleHQQAhgEIAA
118,duplicate,gate4:name+loc:northtahoewinteradventures,North Tahoe Winter Adventures,,Services,service,OPERATIONAL,4.7,38,true,snow-tube; snowmobile,sled rental; snow tube rental; snowmobile rental,core; experience,standard,covered_tile,0,operator,name+loc:northtahoewinteradventures,,,,ChIJYV1LEL1kmYARoubcysA5OkY,https://maps.google.com/?cid=5060420631504152226&g_mp=Cidnb29nbGUubWFwcy5wbGFjZXMudjEuUGxhY2VzLlNlYXJjaFRleHQQAhgEIAA
119,duplicate,gate4:name+loc:northstarcrosscountrytelemarkandsnowshoecenter,"Northstar Cross-Country, Telemark, and Snowshoe Center",http://northstarcalifornia.com/,Sporting Goods Store,sporting_goods_store,OPERATIONAL,4.8,58,true,alpine-ski; backcountry-ski; cycling; gear-shop; mtb; nordic-ski; snowboard; snowshoe,alpine touring ski rental; bike rental; bike shop; cross country ski rental; mountain bike rental; nordic ski center; ski rental; ski shop; snowboard rental; snowboard shop; snowshoe rental; sporting goods store,core,standard,covered_tile,0,operator,name+loc:northstarcrosscountrytelemarkandsnowshoecenter,,,,ChIJnz1Y90VimYARP7esc7rMHhk,https://maps.google.com/?cid=1810109201426200383&g_mp=Cidnb29nbGUubWFwcy5wbGFjZXMudjEuUGxhY2VzLlNlYXJjaFRleHQQAhgEIAA
120,duplicate,gate4:name+loc:obexersboatcompany,Obexer's Boat Company,https://www.obexersboat.com/,Marina,marina,OPERATIONAL,4.7,119,true,canoe; pontoon; powerboat; pwc; sailing; wakeboard; watersports,boat charter; boat rental; canoe rental; jet ski rental; motorboat rental; personal watercraft rental; pontoon rental; sailboat rental; ski boat rental; watersports rental,core,standard,covered_tile,0,operator,name+loc:obexersboatcompany,,,,ChIJw-qPGNZ_mYAR_mMlUj4Km5s,https://maps.google.com/?cid=11212566960051414014&g_mp=Cidnb29nbGUubWFwcy5wbGFjZXMudjEuUGxhY2VzLlNlYXJjaFRleHQQAhgEIAA
121,duplicate,gate4:name+loc:olympicbikeshop,Olympic Bike Shop,http://www.olympicbikeshop.com/,Bicycle Shop,bicycle_store,OPERATIONAL,4.7,170,true,alpine-ski; cycling; ebike; gear-shop; mtb,bike rental; bike shop; ebike rental; mountain bike rental; ski rental; sporting goods store,core,standard,covered_tile,0,operator,name+loc:olympicbikeshop,,,,ChIJ07CIU3R9mYARTEdAY-tT9Tg,https://maps.google.com/?cid=4104278905865652044&g_mp=Cidnb29nbGUubWFwcy5wbGFjZXMudjEuUGxhY2VzLlNlYXJjaFRleHQQAhgEIAA
122,duplicate,gate4:name+loc:pacificcrestsnowcats,Pacific Crest Snowcats,http://www.pacificcrestsnowcats.com/,Ski Resort,ski_resort,OPERATIONAL,4.8,54,true,alpine-ski; backcountry-ski; snowmobile,backcountry ski rental; ski rental; snowmobile rental,core,standard,covered_tile,0,operator,name+loc:pacificcrestsnowcats,,,,ChIJ41T2aT1wmYARZhLS4WhuZSY,https://maps.google.com/?cid=2766738942833332838&g_mp=Cidnb29nbGUubWFwcy5wbGFjZXMudjEuUGxhY2VzLlNlYXJjaFRleHQQAhgEIAA
123,duplicate,gate4:name+loc:pacostruckee,Pacos Truckee,http://www.pacostruckee.com/,Bicycle Shop,bicycle_store,OPERATIONAL,4.9,214,true,alpine-ski; cycling; ebike; gear-shop; mtb; nordic-ski; snowboard,bike rental; bike shop; cross country ski rental; ebike rental; mountain bike rental; outdoor gear rental; ski rental; ski shop; snowboard rental; snowboard shop; sporting goods store,core,standard,covered_tile,0,operator,name+loc:pacostruckee,,,,ChIJQTneuczfm4ARQ_PaEk5Escs,https://maps.google.com/?cid=14677587762691633987&g_mp=Cidnb29nbGUubWFwcy5wbGFjZXMudjEuUGxhY2VzLlNlYXJjaFRleHQQAhgEIAA
124,duplicate,gate4:name+loc:paddletoyou,PADDLE TO YOU,http://www.paddletoyoutahoe.com/,Services,service,OPERATIONAL,,0,true,canoe; kayak; sup; watersports,canoe rental; kayak rental; paddleboard rental; watersports rental,core,standard,covered_tile,0,operator,name+loc:paddletoyou,,,,ChIJmx4eaMdZoKcRy2nZmnvjmj4,https://maps.google.com/?cid=4511168096783395275&g_mp=Cidnb29nbGUubWFwcy5wbGFjZXMudjEuUGxhY2VzLlNlYXJjaFRleHQQAhgEIAA
125,duplicate,gate4:name+loc:palisadestahoeskisnowboardrental,Palisades Tahoe Ski & Snowboard Rental,https://www.palisadestahoe.com/,Services,service,OPERATIONAL,4,79,true,alpine-ski; backcountry-ski; nordic-ski; snowboard; snowshoe,alpine touring ski rental; backcountry ski rental; cross country ski rental; ski rental; ski shop; snowboard rental; snowboard shop; snowshoe rental; splitboard rental,core,standard,covered_tile,0,operator,name+loc:palisadestahoeskisnowboardrental,,,,ChIJN83rWezZm4ARtHEgfKt-QPs,https://maps.google.com/?cid=18104609777016402356&g_mp=Cidnb29nbGUubWFwcy5wbGFjZXMudjEuUGxhY2VzLlNlYXJjaFRleHQQAhgEIAA
126,duplicate,gate4:domain+loc:tahoesports.com,Party Boat Lake Tahoe,http://tahoesports.com/,Wedding Venue,wedding_venue,OPERATIONAL,5,17,true,canoe; powerboat; watersports,boat charter; boat rental; canoe rental; motorboat rental; watersports rental,core,standard,covered_tile,0,operator,domain+loc:tahoesports.com,,,,ChIJCcWhKwmQmYARgCkaufWt1HM,https://maps.google.com/?cid=8346487280308464000&g_mp=Cidnb29nbGUubWFwcy5wbGFjZXMudjEuUGxhY2VzLlNlYXJjaFRleHQQAhgEIAA
127,duplicate,gate4:name+loc:patagoniaoutlet,Patagonia Outlet,https://www.patagonia.com/stores/nv/reno/130-south-center-street/store_reno.html,Clothing Store,clothing_store,OPERATIONAL,4.3,797,true,alpine-ski; backcountry-ski; gear-shop; snowboard,backcountry ski rental; outdoor equipment rental; ski shop; snowboard shop; sporting goods store,core,standard,covered_tile,0,operator,name+loc:patagoniaoutlet,,,,ChIJBZcd8AtEmYARx_aUHcBwAFQ,https://maps.google.com/?cid=6052961869618280135&g_mp=Cidnb29nbGUubWFwcy5wbGFjZXMudjEuUGxhY2VzLlNlYXJjaFRleHQQAhgEIAA
128,duplicate,gate4:name+loc:pedalsportsrenosparks,Pedal Sports Reno-Sparks,https://www.pedalsportsrenosparks.com/,Bicycle Shop,bicycle_store,OPERATIONAL,4.7,60,true,cycling; ebike; gear-shop; mtb,bike rental; bike shop; ebike rental; mountain bike rental; sporting goods store,core,standard,covered_tile,0,operator,name+loc:pedalsportsrenosparks,,,,ChIJ-W1pdhM5mYARUpkAEEWpK_U,https://maps.google.com/?cid=17666400077377214802&g_mp=Cidnb29nbGUubWFwcy5wbGFjZXMudjEuUGxhY2VzLlNlYXJjaFRleHQQAhgEIAA
129,duplicate,gate4:name+loc:pedegoelectricbikesreno,Pedego Electric Bikes Reno,https://pedegoelectricbikes.com/dealers/reno/,Bicycle Shop,bicycle_store,OPERATIONAL,4.9,235,true,cycling; ebike; mtb,bike rental; bike shop; ebike rental; mountain bike rental,core,standard,covered_tile,0,operator,name+loc:pedegoelectricbikesreno,,,,ChIJEYfb0JkVmYAR9btp1bOWetQ,https://maps.google.com/?cid=15310715582323211253&g_mp=Cidnb29nbGUubWFwcy5wbGFjZXMudjEuUGxhY2VzLlNlYXJjaFRleHQQAhgEIAA
130,duplicate,gate4:name+loc:pinenutebikerentalssouthlaketahoe,Pine Nut Ebike Rentals South Lake Tahoe,https://www.pinenutebikerentals.com/,Services,service,OPERATIONAL,5,609,true,cycling; dirtbike; ebike; mtb; snowboard; sup,bike rental; bike shop; dirt bike rental; ebike rental; mountain bike rental; paddleboard rental; snowboard rental,core,standard,covered_tile,0,operator,name+loc:pinenutebikerentalssouthlaketahoe,,,,ChIJOTMlK0mPmYARuUiisyT708U,https://maps.google.com/?cid=14255013380608903353&g_mp=Cidnb29nbGUubWFwcy5wbGFjZXMudjEuUGxhY2VzLlNlYXJjaFRleHQQAhgEIAA
131,duplicate,gate4:name+loc:playitagainsports,Play It Again Sports,http://www.playitagainsportscarsoncity.com/,Sporting Goods Store,sporting_goods_store,OPERATIONAL,4.4,110,true,alpine-ski; cycling; disc-golf; gear-shop; ice-skate; mtb; snowboard; snowshoe,bike rental; bike shop; disc golf rental; ice skate rental; mountain bike rental; outdoor equipment rental; outdoor gear rental; ski rental; ski shop; snowboard rental; snowboard shop; snowshoe rental; sporting goods store,core,standard,covered_tile,0,operator,name+loc:playitagainsports,,,,ChIJieyd0sShmYARH6v55ShV9oM,https://maps.google.com/?cid=9508881297384778527&g_mp=Cidnb29nbGUubWFwcy5wbGFjZXMudjEuUGxhY2VzLlNlYXJjaFRleHQQAhgEIAA
132,duplicate,gate4:name+loc:powderhouseskiandsnowboardmainstore,Powder House Ski and Snowboard Main Store,http://www.tahoepowderhouse.com/powder-house-main-shop,Sporting Goods Store,sporting_goods_store,OPERATIONAL,3.4,172,true,alpine-ski; cycling; gear-shop; mtb; snow-tube; snowboard; snowshoe,bike rental; bike shop; mountain bike rental; outdoor equipment rental; outdoor gear rental; ski rental; ski shop; sled rental; snowboard rental; snowboard shop; snowshoe rental; sporting goods store,core; experience,standard,covered_tile,0,operator,name+loc:powderhouseskiandsnowboardmainstore,,,,ChIJNd1MfXaQmYARGUhCfr5Mou8,https://maps.google.com/?cid=17267448302337673241&g_mp=Cidnb29nbGUubWFwcy5wbGFjZXMudjEuUGxhY2VzLlNlYXJjaFRleHQQAhgEIAA
133,duplicate,gate4:name+loc:powderhousestatelineatzalanta,Powder House Stateline at Zalanta,http://tahoepowderhouse.com/,Services,service,OPERATIONAL,2.6,14,true,alpine-ski; gear-shop; snowboard,outdoor gear rental; ski rental; ski shop; snowboard rental; snowboard shop; sporting goods store,core,standard,covered_tile,0,operator,name+loc:powderhousestatelineatzalanta,,,,ChIJuYGQMXaQmYARCO9oO_RTRQQ,https://maps.google.com/?cid=307744457978605320&g_mp=Cidnb29nbGUubWFwcy5wbGFjZXMudjEuUGxhY2VzLlNlYXJjaFRleHQQAhgEIAA
134,duplicate,gate4:name+loc:praxisskis,Praxis Skis,https://www.praxisskis.com/pages/customer-service/contact-us.html,Sporting Goods Store,sporting_goods_store,OPERATIONAL,5,8,true,alpine-ski; backcountry-ski; gear-shop; snowboard,backcountry ski rental; ski rental; ski shop; snowboard rental; snowboard shop; splitboard rental; sporting goods store,core,standard,covered_tile,0,operator,name+loc:praxisskis,,,,ChIJ__-P0xBwmYARBwqqmQYJZvQ,https://maps.google.com/?cid=17610773316831414791&g_mp=Cidnb29nbGUubWFwcy5wbGFjZXMudjEuUGxhY2VzLlNlYXJjaFRleHQQAhgEIAA
135,duplicate,gate4:name+loc:quiversports,Quiver Sports,http://www.quiversports.com/,Clothing Store,clothing_store,OPERATIONAL,4,8,true,alpine-ski; gear-shop; kayak; pwc; sup; watersports,jet ski rental; kayak rental; paddleboard rental; ski rental; ski shop; sporting goods store; watersports rental,core,standard,covered_tile,0,operator,name+loc:quiversports,,,,ChIJn62LLHMVmYARbArYbQtB6N4,https://maps.google.com/?cid=16062159588360194668&g_mp=Cidnb29nbGUubWFwcy5wbGFjZXMudjEuUGxhY2VzLlNlYXJjaFRleHQQAhgEIAA
136,duplicate,gate4:name+loc:renobikeproject,Reno Bike Project,http://www.renobikeproject.org/,Bicycle Shop,bicycle_store,OPERATIONAL,4.6,233,true,cycling; gear-shop; mtb,bike rental; bike shop; mountain bike rental; sporting goods store,core,standard,covered_tile,0,operator,name+loc:renobikeproject,,,,ChIJj16Gj0tHmYARBmHrNf9BE1M,https://maps.google.com/?cid=5986200894082605318&g_mp=Cidnb29nbGUubWFwcy5wbGFjZXMudjEuUGxhY2VzLlNlYXJjaFRleHQQAhgEIAA
137,duplicate,gate4:name+loc:renobrewbike,Reno Brew Bike,http://www.renobrewbike.com/,,,OPERATIONAL,4.7,126,true,cycling,bike rental; bike shop,core,standard,covered_tile,0,operator,name+loc:renobrewbike,,,,ChIJwyQK8npHmYARefawNQnK1vM,https://maps.google.com/?cid=17570453137136875129&g_mp=Cidnb29nbGUubWFwcy5wbGFjZXMudjEuUGxhY2VzLlNlYXJjaFRleHQQAhgEIAA
138,duplicate,gate4:name+loc:renoharleydavidson,Reno Harley Davidson,https://www.renohd.com/?utm_source=google&utm_medium=organic&utm_campaign=gbp+button+link,Store,store,OPERATIONAL,4.5,1106,true,cycling,bike rental,core,standard,covered_tile,0,operator,name+loc:renoharleydavidson,,,,ChIJ1RQns2A_mYARdvNiaevNSrc,https://maps.google.com/?cid=13207595268186502006&g_mp=Cidnb29nbGUubWFwcy5wbGFjZXMudjEuUGxhY2VzLlNlYXJjaFRleHQQAhgEIAA
139,duplicate,gate4:name+loc:renohexayurt,Reno Hexayurt,http://www.renohexayurt.com/,Store,store,OPERATIONAL,4.8,87,true,backpacking; camping; climbing; gear-shop,backpacking gear rental; camping gear rental; climbing gear rental; outdoor gear rental,core,standard,covered_tile,0,operator,name+loc:renohexayurt,,,,ChIJT8gOyzRHmYAR_pIFikqKxJE,https://maps.google.com/?cid=10503672283682673406&g_mp=Cidnb29nbGUubWFwcy5wbGFjZXMudjEuUGxhY2VzLlNlYXJjaFRleHQQAhgEIAA
140,duplicate,gate4:name+loc:rentalguys,Rental Guys,https://www.rentalguys.com/,Services,service,OPERATIONAL,4.6,148,true,gear-shop,outdoor equipment rental,core,standard,covered_tile,0,operator,name+loc:rentalguys,,,,ChIJ3-J6Qz0VmYARHxOTx23jJUY,https://maps.google.com/?cid=5054696217432494879&g_mp=Cidnb29nbGUubWFwcy5wbGFjZXMudjEuUGxhY2VzLlNlYXJjaFRleHQQAhgEIAA
141,duplicate,gate4:name+loc:rentools,Rentools,https://rentools.pro/,Services,service,OPERATIONAL,5,102,true,gear-shop,outdoor equipment rental,core,standard,covered_tile,0,operator,name+loc:rentools,,,,ChIJUwKFTX6RmYARqvQmPZ0vfAA,https://maps.google.com/?cid=34955249494455466&g_mp=Cidnb29nbGUubWFwcy5wbGFjZXMudjEuUGxhY2VzLlNlYXJjaFRleHQQAhgEIAA
142,duplicate,gate4:name+loc:ripnwilliesskisnowboardrentalshop,Rip N Willies Ski & Snowboard Rental Shop,http://www.ripnwillies.com/,Services,service,OPERATIONAL,4.7,212,true,alpine-ski; backcountry-ski; nordic-ski; snow-tube; snowboard; snowshoe,cross country ski rental; ski rental; ski shop; sled rental; snowboard rental; snowboard shop; snowshoe rental; splitboard rental,core; experience,standard,covered_tile,0,operator,name+loc:ripnwilliesskisnowboardrentalshop,,,,ChIJqbtmTxKQmYARYoi3TLVlolA,https://maps.google.com/?cid=5810318298611943522&g_mp=Cidnb29nbGUubWFwcy5wbGFjZXMudjEuUGxhY2VzLlNlYXJjaFRleHQQAhgEIAA
143,duplicate,gate4:domain+loc:mtnculture.com,RMU Truckee,http://mtnculture.com/pages/rmu-truckee,Bar & Grill,bar_and_grill,OPERATIONAL,4.5,246,true,alpine-ski; gear-shop,ski shop; sporting goods store,core,standard,covered_tile,0,operator,domain+loc:mtnculture.com,,,,ChIJS7Sl5rffm4ARB-OEDULe4ZE,https://maps.google.com/?cid=10511927380535468807&g_mp=Cidnb29nbGUubWFwcy5wbGFjZXMudjEuUGxhY2VzLlNlYXJjaFRleHQQAhgEIAA
144,duplicate,gate4:name+loc:rockhousediscountskisnowboardrentals,Rock House Discount Ski & Snowboard Rentals,http://tahoediscountskis.com/,Services,service,OPERATIONAL,4.9,472,true,alpine-ski; gear-shop; snow-tube; snowboard; snowshoe,outdoor equipment rental; outdoor gear rental; ski rental; ski shop; sled rental; snow tube rental; snowboard rental; snowboard shop; snowshoe rental; sporting goods store,core; experience,standard,covered_tile,0,operator,name+loc:rockhousediscountskisnowboardrentals,,,,ChIJOTO1DhKQmYARgTor_IoKrSY,https://maps.google.com/?cid=2786895336464661121&g_mp=Cidnb29nbGUubWFwcy5wbGFjZXMudjEuUGxhY2VzLlNlYXJjaFRleHQQAhgEIAA
145,duplicate,gate4:name+loc:rockratadventures,Rock Rat Adventures,http://www.rockratadventures.com/,Tour Agency,tour_agency,OPERATIONAL,3.7,6,true,atv; utv,atv rental; quad rental; rzr rental,core,standard,covered_tile,0,operator,name+loc:rockratadventures,,,,ChIJv9UaMlUOmYAR5MobnpOqrdk,https://maps.google.com/?cid=15685380628190841572&g_mp=Cidnb29nbGUubWFwcy5wbGFjZXMudjEuUGxhY2VzLlNlYXJjaFRleHQQAhgEIAA
146,duplicate,gate4:name+loc:rocktraxutv,Rock Trax UTV,,Store,store,OPERATIONAL,5,1,true,atv; utv,atv rental; quad rental; rzr rental; utv rental,core,standard,covered_tile,0,operator,name+loc:rocktraxutv,,,,ChIJRUwh9A8LmYARCx11z-qglYM,https://maps.google.com/?cid=9481661520861797643&g_mp=Cidnb29nbGUubWFwcy5wbGFjZXMudjEuUGxhY2VzLlNlYXJjaFRleHQQAhgEIAA
147,duplicate,gate4:domain+loc:rolltahoe.com,"Rolling Freedom Motorcycles & Lake Tahoe Slingshots - Motorcycles, Moped Scooters, E-Bike Rentals & EagleRider Tours",http://www.rolltahoe.com/,Services,service,OPERATIONAL,4.8,93,true,cycling; dirtbike; ebike; mtb,bike rental; bike shop; dirt bike rental; ebike rental; motocross bike rental; mountain bike rental,core,standard,covered_tile,0,operator,domain+loc:rolltahoe.com,,,,ChIJ59MHV2WbmYARHl_0nG6nCDI,https://maps.google.com/?cid=3605315595231584030&g_mp=Cidnb29nbGUubWFwcy5wbGFjZXMudjEuUGxhY2VzLlNlYXJjaFRleHQQAhgEIAA
148,duplicate,gate4:domain+loc:parks.nv.gov,Sand Harbor Boat Ramp,https://parks.nv.gov/parks/lake-tahoe-nevada-state-park,,,OPERATIONAL,4.5,11,true,kayak,kayak rental,core,standard,covered_tile,0,operator,domain+loc:parks.nv.gov,,,,ChIJ_8Cim7ZxmYARueAdx_9SVak,https://maps.google.com/?cid=12201750023940989113&g_mp=Cidnb29nbGUubWFwcy5wbGFjZXMudjEuUGxhY2VzLlNlYXJjaFRleHQQAhgEIAA
149,duplicate,gate4:name+loc:scubamaskdefog,Scuba Mask Defog,https://www.scubamaskdefog.com/,Sports Activity Location,sports_activity_location,OPERATIONAL,5,9,true,scuba,dive shop; scuba diving,core; experience,standard,covered_tile,0,operator,name+loc:scubamaskdefog,,,,ChIJ8QD9nXS5mYARLd5aEr9DpzA,https://maps.google.com/?cid=3505845322856980013&g_mp=Cidnb29nbGUubWFwcy5wbGFjZXMudjEuUGxhY2VzLlNlYXJjaFRleHQQAhgEIAA
150,duplicate,gate4:name+loc:shorelineoftahoe,Shoreline of Tahoe,http://www.shorelineoftahoe.com/,Bicycle Shop,bicycle_store,OPERATIONAL,4.9,137,true,alpine-ski; backcountry-ski; cycling; ebike; gear-shop; mtb; nordic-ski; pwc; snowboard; snowshoe,backcountry ski rental; bike rental; bike shop; cross country ski rental; ebike rental; jet ski rental; mountain bike rental; outdoor equipment rental; outdoor gear rental; ski rental; ski shop; snowboard rental; snowboard shop; snowshoe rental; splitboard rental; sporting goods store,core,standard,covered_tile,0,operator,name+loc:shorelineoftahoe,,,,ChIJFZ9-H4eamYARz7y9J6SiK_k,https://maps.google.com/?cid=17954623165367696591&g_mp=Cidnb29nbGUubWFwcy5wbGFjZXMudjEuUGxhY2VzLlNlYXJjaFRleHQQAhgEIAA
151,duplicate,gate4:name+loc:showcaseheavenly,Showcase - Heavenly,https://www.epicmountainrentals.com/,Sporting Goods Store,sporting_goods_store,OPERATIONAL,4.8,84,true,alpine-ski; gear-shop; snowboard; snowshoe,outdoor gear rental; ski rental; ski shop; snowboard rental; snowboard shop; snowshoe rental; sporting goods store,core,standard,covered_tile,0,operator,name+loc:showcaseheavenly,,,,ChIJPRErSHaQmYARa7QpkWhOUO0,https://maps.google.com/?cid=17100253996144768107&g_mp=Cidnb29nbGUubWFwcy5wbGFjZXMudjEuUGxhY2VzLlNlYXJjaFRleHQQAhgEIAA
152,duplicate,gate4:name+loc:sierrabicyclesupply,Sierra Bicycle Supply,https://shopbikesupply.com/,Bicycle Shop,bicycle_store,OPERATIONAL,4,126,true,alpine-ski; cycling; ebike; gear-shop; mtb; snowboard,bike rental; bike shop; ebike rental; mountain bike rental; ski shop; snowboard shop; sporting goods store,core,standard,covered_tile,0,operator,name+loc:sierrabicyclesupply,,,,ChIJxf5jrKM_mYARnVfpd7z3YCg,https://maps.google.com/?cid=2909597748119033757&g_mp=Cidnb29nbGUubWFwcy5wbGFjZXMudjEuUGxhY2VzLlNlYXJjaFRleHQQAhgEIAA
153,duplicate,gate4:name+loc:sierracyclesmithbicycleshop,Sierra Cyclesmith Bicycle Shop,https://www.sierracyclesmith.com/,Bicycle Shop,bicycle_store,OPERATIONAL,4.8,359,true,cycling; ebike; gear-shop; mtb,bike rental; bike shop; ebike rental; mountain bike rental; sporting goods store,core,standard,covered_tile,0,operator,name+loc:sierracyclesmithbicycleshop,,,,ChIJ9WJuI_w_mYAR23aOhUAK3sA,https://maps.google.com/?cid=13897556772346820315&g_mp=Cidnb29nbGUubWFwcy5wbGFjZXMudjEuUGxhY2VzLlNlYXJjaFRleHQQAhgEIAA
154,duplicate,gate4:name+loc:sierradivingcenter,Sierra Diving Center,https://www.sierradive.com/,Sporting Goods Store,sporting_goods_store,OPERATIONAL,4.7,44,true,gear-shop; scuba,dive shop; scuba diving; sporting goods store,core; experience,standard,covered_tile,0,operator,name+loc:sierradivingcenter,,,,ChIJN5P-aoVAmYARBqPI792sXls,https://maps.google.com/?cid=6583889774472897286&g_mp=Cidnb29nbGUubWFwcy5wbGFjZXMudjEuUGxhY2VzLlNlYXJjaFRleHQQAhgEIAA
155,duplicate,gate4:name+loc:sierramountainsurf,Sierra Mountain Surf,http://www.sierramountainsurf.com/,Services,service,OPERATIONAL,4.1,68,true,alpine-ski; backcountry-ski; canoe; nordic-ski; pontoon; powerboat; pwc; sailing; snowboard; sup; wakeboard; watersports; windsurf,backcountry ski rental; boat charter; boat rental; canoe rental; cross country ski rental; jet ski rental; motorboat rental; paddleboard rental; personal watercraft rental; pontoon rental; sailboat rental; ski boat rental; ski rental; ski shop; snowboard rental; wakeboard boat rental; watersports rental; waverunner rental; windsurfing rental,core,standard,covered_tile,0,operator,name+loc:sierramountainsurf,,,,ChIJlZtzS5VxmYARr41aqf9Kn-s,https://maps.google.com/?cid=16978371582128459183&g_mp=Cidnb29nbGUubWFwcy5wbGFjZXMudjEuUGxhY2VzLlNlYXJjaFRleHQQAhgEIAA
156,duplicate,gate4:name+loc:sierraskicycleworks,Sierra Ski & Cycle Works,https://sierraskiandcycleworks.com/,Sporting Goods Store,sporting_goods_store,OPERATIONAL,4.8,96,true,alpine-ski; backcountry-ski; cycling; ebike; gear-shop; mtb; nordic-ski; snowboard; snowshoe,alpine touring ski rental; backcountry ski rental; bike rental; bike shop; cross country ski rental; ebike rental; mountain bike rental; ski rental; ski shop; snowboard rental; snowboard shop; snowshoe rental; sporting goods store,core,standard,covered_tile,0,operator,name+loc:sierraskicycleworks,,,,ChIJrWqLVgSQmYAR0Q2mUtnaIDM,https://maps.google.com/?cid=3684185122118438353&g_mp=Cidnb29nbGUubWFwcy5wbGFjZXMudjEuUGxhY2VzLlNlYXJjaFRleHQQAhgEIAA
157,duplicate,gate4:name+loc:sierrasurfhouse,Sierra Surf House,http://www.sierrasurfhouse.com/,Tour Agency,tour_agency,OPERATIONAL,5,76,true,canoe; pontoon; powerboat; pwc; wakeboard; watersports; windsurf,boat charter; boat rental; canoe rental; jet ski rental; pontoon rental; ski boat rental; wakeboard boat rental; watersports rental; windsurfing rental,core,standard,covered_tile,0,operator,name+loc:sierrasurfhouse,,,,ChIJVbCLr9ttmA8RTDCg_LwdzV0,https://maps.google.com/?cid=6759091313282396236&g_mp=Cidnb29nbGUubWFwcy5wbGFjZXMudjEuUGxhY2VzLlNlYXJjaFRleHQQAhgEIAA
158,duplicate,gate4:name+loc:skibutlersheavenlysouthlaketahoe,Ski Butlers Heavenly/South Lake Tahoe,https://www.skibutlers.com/locations/heavenly-south-lake-tahoe,Services,service,OPERATIONAL,5,169,true,alpine-ski; gear-shop; nordic-ski; snowboard; snowshoe,cross country ski rental; outdoor gear rental; ski rental; ski shop; snowboard rental; snowboard shop; snowshoe rental; sporting goods store,core,standard,covered_tile,0,operator,name+loc:skibutlersheavenlysouthlaketahoe,,,,ChIJjU5vgAOQmYARZWhfi_FXn7A,https://maps.google.com/?cid=12726987766909331557&g_mp=Cidnb29nbGUubWFwcy5wbGFjZXMudjEuUGxhY2VzLlNlYXJjaFRleHQQAhgEIAA
159,duplicate,gate4:name+loc:skibutlersnorthstarpalisadestahoe,Ski Butlers Northstar/Palisades Tahoe,https://www.skibutlers.com/locations/north-lake-tahoe,Services,service,OPERATIONAL,4.9,125,true,alpine-ski; backcountry-ski; gear-shop; nordic-ski; snowboard; snowshoe,backcountry ski rental; cross country ski rental; ski rental; ski shop; snowboard rental; snowboard shop; snowshoe rental; splitboard rental; sporting goods store,core,standard,covered_tile,0,operator,name+loc:skibutlersnorthstarpalisadestahoe,,,,ChIJA2VHWIbfm4ARyNqBs2-GAEU,https://maps.google.com/?cid=4972121802928151240&g_mp=Cidnb29nbGUubWFwcy5wbGFjZXMudjEuUGxhY2VzLlNlYXJjaFRleHQQAhgEIAA
160,duplicate,gate4:name+loc:skirunmarina,Ski Run Marina,http://skirunmarina.com/,Marina,marina,OPERATIONAL,4.5,1328,true,alpine-ski; canoe; fishing-charter; kayak; pontoon; powerboat; pwc; sailing; wakeboard; watersports,boat charter; boat rental; canoe rental; fishing charter; jet ski rental; kayak rental; personal watercraft rental; pontoon rental; sailboat rental; ski boat rental; ski rental; watersports rental; waverunner rental,core; gap,standard,covered_tile,0,operator,name+loc:skirunmarina,,,,ChIJ97RGLQmQmYARoMZiCJbBYBs,https://maps.google.com/?cid=1972789486918223520&g_mp=Cidnb29nbGUubWFwcy5wbGFjZXMudjEuUGxhY2VzLlNlYXJjaFRleHQQAhgEIAA
161,duplicate,gate4:name+loc:snoventuresactivityzone,SnoVentures Activity Zone,,Ski Resort,ski_resort,OPERATIONAL,4.1,46,true,snow-tube; snowmobile,sled rental; snow tube rental; snowmobile rental,core; experience,standard,covered_tile,0,operator,name+loc:snoventuresactivityzone,,,,ChIJxQ-MO-rZm4ARu5s3wrvkG-g,https://maps.google.com/?cid=16725213136238910395&g_mp=Cidnb29nbGUubWFwcy5wbGFjZXMudjEuUGxhY2VzLlNlYXJjaFRleHQQAhgEIAA
162,duplicate,gate4:name+loc:snowshoetahoe,Snowshoe Tahoe,https://www.snowshoetahoe.net/,Tour Agency,tour_agency,OPERATIONAL,5,91,true,snowshoe,snowshoe rental,core,standard,covered_tile,0,operator,name+loc:snowshoetahoe,,,,ChIJYRj0wmPZm4ARnFQfBfRclvg,https://maps.google.com/?cid=17912606771040441500&g_mp=Cidnb29nbGUubWFwcy5wbGFjZXMudjEuUGxhY2VzLlNlYXJjaFRleHQQAhgEIAA
163,duplicate,gate4:name+loc:snowshoethompsonsskiandsnowboardrentals,Snowshoe Thompson's Ski and Snowboard Rentals,http://snowshoelaketahoe.com/,Sporting Goods Store,sporting_goods_store,OPERATIONAL,4.6,121,true,alpine-ski; backcountry-ski; cycling; gear-shop; nordic-ski; snow-tube; snowboard; snowshoe,alpine touring ski rental; backcountry ski rental; bike rental; bike shop; cross country ski rental; outdoor gear rental; ski rental; ski shop; sled rental; snowboard rental; snowboard shop; snowshoe rental; splitboard rental; sporting goods store,core; experience,standard,covered_tile,0,operator,name+loc:snowshoethompsonsskiandsnowboardrentals,,,,ChIJ9YtcA7WPmYARBsx33yY9tLI,https://maps.google.com/?cid=12876984471726312454&g_mp=Cidnb29nbGUubWFwcy5wbGFjZXMudjEuUGxhY2VzLlNlYXJjaFRleHQQAhgEIAA
164,duplicate,gate4:name+loc:southlakeebikes,South Lake E-bikes,http://southlakeebikes.com/,Services,service,OPERATIONAL,5,287,true,cycling; dirtbike; ebike; mtb,bike rental; bike shop; dirt bike rental; ebike rental; mountain bike rental,core,standard,covered_tile,0,operator,name+loc:southlakeebikes,,,,ChIJudG9snaPmYARa7fYKkuik4s,https://maps.google.com/?cid=10057560836573542251&g_mp=Cidnb29nbGUubWFwcy5wbGFjZXMudjEuUGxhY2VzLlNlYXJjaFRleHQQAhgEIAA
165,duplicate,gate4:name+loc:southpassageoutfitters,South Passage Outfitters,https://www.southpassageoutfittersllc.com/,Services,service,OPERATIONAL,5,1,true,canoe; pontoon; powerboat,boat rental; canoe rental; pontoon rental,core,standard,covered_tile,0,operator,name+loc:southpassageoutfitters,,,,ChIJcSPRLpBgmYAREYSvBo1hns8,https://maps.google.com/?cid=14960502270501815313&g_mp=Cidnb29nbGUubWFwcy5wbGFjZXMudjEuUGxhY2VzLlNlYXJjaFRleHQQAhgEIAA
166,duplicate,gate4:name+loc:southshorebikes,South Shore Bikes,http://www.southshorebikestahoe.com/,Bicycle Shop,bicycle_store,OPERATIONAL,4.8,131,true,alpine-ski; backcountry-ski; cycling; ebike; gear-shop; mtb; snowboard,backcountry ski rental; bike rental; bike shop; ebike rental; mountain bike rental; ski rental; ski shop; snowboard rental; snowboard shop; sporting goods store,core,standard,covered_tile,0,operator,name+loc:southshorebikes,,,,ChIJ693RXLqPmYARmhjcHSJaFis,https://maps.google.com/?cid=3104768095694887066&g_mp=Cidnb29nbGUubWFwcy5wbGFjZXMudjEuUGxhY2VzLlNlYXJjaFRleHQQAhgEIAA
167,duplicate,gate4:name+loc:southtahoeebikerentalsmargaritaville,South Tahoe Ebike Rentals - Margaritaville,http://southtahoeebikerentals.com/,Services,service,OPERATIONAL,5,51,true,cycling; ebike,bike rental; bike shop; ebike rental,core,standard,covered_tile,0,operator,name+loc:southtahoeebikerentalsmargaritaville,,,,ChIJG0Si6IBJ06MR7bsVTLyVQaI,https://maps.google.com/?cid=11691790743593401325&g_mp=Cidnb29nbGUubWFwcy5wbGFjZXMudjEuUGxhY2VzLlNlYXJjaFRleHQQAhgEIAA
168,duplicate,gate4:name+loc:southtahoekayakandpaddleboard,South Tahoe Kayak and Paddleboard,https://southtahoekayak.com/,Services,service,OPERATIONAL,4.8,36,true,canoe; kayak; sup; watersports,canoe rental; kayak rental; kayak tours; paddleboard rental; watersports rental,core,standard,covered_tile,0,operator,name+loc:southtahoekayakandpaddleboard,,,,ChIJB2pWdNaPmYARsJbG6fsk5Ms,https://maps.google.com/?cid=14691908548766897840&g_mp=Cidnb29nbGUubWFwcy5wbGFjZXMudjEuUGxhY2VzLlNlYXJjaFRleHQQAhgEIAA
169,duplicate,gate4:name+loc:sparksmarinapark,Sparks Marina Park,https://www.cityofsparks.us/business_detail_T71_R47.php,Park,park,OPERATIONAL,4.5,3723,true,powerboat,boat rental,core,standard,covered_tile,0,operator,name+loc:sparksmarinapark,,,,ChIJLVp878I-mYARYLEaJBzjspU,https://maps.google.com/?cid=10786933767510077792&g_mp=Cidnb29nbGUubWFwcy5wbGFjZXMudjEuUGxhY2VzLlNlYXJjaFRleHQQAhgEIAA
170,duplicate,gate4:name+loc:speedboatbeach,Speedboat Beach,http://northtahoeparks.com/beaches,Beach,beach,OPERATIONAL,4.5,351,true,powerboat,boat rental,core,standard,covered_tile,0,operator,name+loc:speedboatbeach,,,,ChIJs_Huhuh6mYARmK4uzYKbtXg,https://maps.google.com/?cid=8698029241426423448&g_mp=Cidnb29nbGUubWFwcy5wbGFjZXMudjEuUGxhY2VzLlNlYXJjaFRleHQQAhgEIAA
171,duplicate,gate4:name+loc:sportsltdrentals,Sports Ltd. Rentals,http://www.sportsltdrentals.com/,Services,service,OPERATIONAL,4.3,60,true,alpine-ski; backcountry-ski; backpacking; camping; climbing; cycling; ebike; gear-shop; mtb; pwc; snow-tube; snowboard; snowshoe,backcountry ski rental; backpacking gear rental; bike rental; bike shop; camping gear rental; climbing gear rental; downhill bike park rental; ebike rental; jet ski rental; mountain bike rental; outdoor equipment rental; outdoor gear rental; ski rental; ski shop; sled rental; snowboard rental; snowboard shop; snowshoe rental; sporting goods store,core; experience,standard,covered_tile,0,operator,name+loc:sportsltdrentals,,,,ChIJM967AtuRmYARFN3Q1kk8TMQ,https://maps.google.com/?cid=14144746817498176788&g_mp=Cidnb29nbGUubWFwcy5wbGFjZXMudjEuUGxhY2VzLlNlYXJjaFRleHQQAhgEIAA
172,duplicate,gate4:name+loc:starthausskibike,Start Haus Ski & Bike,https://www.starthaus.com/,Sporting Goods Store,sporting_goods_store,OPERATIONAL,4.8,131,true,alpine-ski; backcountry-ski; cycling; ebike; gear-shop; mtb; nordic-ski; snowboard; snowshoe,alpine touring ski rental; bike rental; bike shop; cross country ski rental; downhill bike park rental; ebike rental; mountain bike rental; outdoor gear rental; ski rental; ski shop; snowboard rental; snowboard shop; snowshoe rental; sporting goods store,core,standard,covered_tile,0,operator,name+loc:starthausskibike,,,,ChIJtW7Egsvfm4ARpLAHoUHGvuI,https://maps.google.com/?cid=16338714483323547812&g_mp=Cidnb29nbGUubWFwcy5wbGFjZXMudjEuUGxhY2VzLlNlYXJjaFRleHQQAhgEIAA
173,duplicate,gate4:name+loc:stealthtahoe,Stealth Tahoe,http://stealthtahoe.com/,Bicycle Shop,bicycle_store,OPERATIONAL,4.8,43,true,cycling; dirtbike; ebike; gear-shop; mtb,bike rental; bike shop; dirt bike rental; ebike rental; mountain bike rental; sporting goods store,core,standard,covered_tile,0,operator,name+loc:stealthtahoe,,,,ChIJvy_6Wobfm4AR0Ly51UvuIAM,https://maps.google.com/?cid=225441990844202192&g_mp=Cidnb29nbGUubWFwcy5wbGFjZXMudjEuUGxhY2VzLlNlYXJjaFRleHQQAhgEIAA
174,duplicate,gate4:name+loc:sugarbowlrentalshop,Sugar Bowl Rental Shop,http://www.sugarbowl.com/rentals,Services,service,OPERATIONAL,5,2,true,alpine-ski; backcountry-ski; nordic-ski; snowboard; snowshoe,backcountry ski rental; cross country ski rental; ski rental; ski shop; snowboard rental; snowboard shop; snowshoe rental; splitboard rental,core,standard,covered_tile,0,operator,name+loc:sugarbowlrentalshop,,,,ChIJIQrNtvjnm4ARnGa4pfILydA,https://maps.google.com/?cid=15044569166998169244&g_mp=Cidnb29nbGUubWFwcy5wbGFjZXMudjEuUGxhY2VzLlNlYXJjaFRleHQQAhgEIAA
175,duplicate,gate4:name+loc:sunnyside,Sunnyside,https://www.sunnysidelodge.com/,Services,service,OPERATIONAL,4,4,true,canoe; pontoon; powerboat; pwc; wakeboard; watersports,boat rental; canoe rental; jet ski rental; motorboat rental; personal watercraft rental; pontoon rental; ski boat rental; watersports rental,core,standard,covered_tile,0,operator,name+loc:sunnyside,,,,ChIJd7pgcu99mYARiQNx1QipnMc,https://maps.google.com/?cid=14383557165320307593&g_mp=Cidnb29nbGUubWFwcy5wbGFjZXMudjEuUGxhY2VzLlNlYXJjaFRleHQQAhgEIAA
176,duplicate,gate4:name+loc:sunnysidemarinawatersportrentals,Sunnyside Marina & Watersport Rentals,https://marinasunnyside.com/?utm_source=gmb&utm_medium=gmb&utm_campaign=gmb,Services,service,OPERATIONAL,4.8,625,true,alpine-ski; canoe; kayak; pontoon; powerboat; pwc; sailing; sup; wakeboard; watersports,boat charter; boat rental; canoe rental; jet ski rental; kayak rental; kayak tours; motorboat rental; paddleboard rental; personal watercraft rental; pontoon rental; sailboat rental; ski boat rental; ski rental; ski shop; wakeboard boat rental; watersports rental; waverunner rental,core,standard,covered_tile,0,operator,name+loc:sunnysidemarinawatersportrentals,,,,ChIJO7BF1vZ9mYARZxfHHeZiCXs,https://maps.google.com/?cid=8865726081937119079&g_mp=Cidnb29nbGUubWFwcy5wbGFjZXMudjEuUGxhY2VzLlNlYXJjaFRleHQQAhgEIAA
177,duplicate,gate4:domain+loc:supsouthlaketahoe.com,SUP Tahoe - Stand Up Paddle,http://www.supsouthlaketahoe.com/,Services,service,OPERATIONAL,4.9,146,true,canoe; ebike; kayak; powerboat; sup; watersports,boat rental; canoe rental; ebike rental; kayak rental; kayak tours; paddleboard rental; watersports rental,core,standard,covered_tile,0,operator,domain+loc:supsouthlaketahoe.com,,,,ChIJxVubU7qPmYARw4wCdUiXjLg,https://maps.google.com/?cid=13298170137174772931&g_mp=Cidnb29nbGUubWFwcy5wbGFjZXMudjEuUGxhY2VzLlNlYXJjaFRleHQQAhgEIAA
178,duplicate,gate4:name+loc:swawatersportslaketahoeboatrentals,SWA Watersports - Lake Tahoe Boat Rentals,http://www.swawatersports.com/homewood/,Services,service,OPERATIONAL,4.7,67,true,canoe; fishing-charter; kayak; pontoon; powerboat; pwc; sailing; snowmobile; wakeboard; watersports; windsurf,boat charter; boat rental; canoe rental; fishing charter; jet ski rental; kayak rental; kayak tours; motorboat rental; personal watercraft rental; pontoon rental; sailboat rental; ski boat rental; snowmobile rental; wakeboard boat rental; watersports rental; waverunner rental; windsurfing rental,core; gap,standard,covered_tile,0,operator,name+loc:swawatersportslaketahoeboatrentals,,,,ChIJ2ytQ03_Vm4AReD4NW1wne_4,https://maps.google.com/?cid=18337293585387175544&g_mp=Cidnb29nbGUubWFwcy5wbGFjZXMudjEuUGxhY2VzLlNlYXJjaFRleHQQAhgEIAA
179,duplicate,gate4:name+loc:synergywetsuits,Synergy Wetsuits,https://synergywetsuits.com/,Sporting Goods Store,sporting_goods_store,OPERATIONAL,3.3,7,true,gear-shop,sporting goods store,core,standard,covered_tile,0,operator,name+loc:synergywetsuits,,,,ChIJkf2Q10u9mYAR5lhJ7iEIZwE,https://maps.google.com/?cid=101058458463852774&g_mp=Cidnb29nbGUubWFwcy5wbGFjZXMudjEuUGxhY2VzLlNlYXJjaFRleHQQAhgEIAA
180,duplicate,gate4:name+loc:tahoeadventurecompany,Tahoe Adventure Company,http://www.tahoeadventurecompany.com/,Tour Agency,tour_agency,OPERATIONAL,4.8,208,true,canoe; cycling; kayak; mtb; river-tube; snowshoe; sup; watersports,bike rental; canoe rental; kayak rental; kayak tours; mountain bike rental; paddleboard rental; river float rental; snowshoe rental; watersports rental,core,standard,covered_tile,0,operator,name+loc:tahoeadventurecompany,,,,ChIJX18lP8pkmYARUAWMlFu8qbI,https://maps.google.com/?cid=12874028111335523664&g_mp=Cidnb29nbGUubWFwcy5wbGFjZXMudjEuUGxhY2VzLlNlYXJjaFRleHQQAhgEIAA
181,duplicate,gate4:name+loc:tahoeadventurerentals,Tahoe Adventure Rentals,https://tahoeadventurerentals.com/,Services,service,OPERATIONAL,,0,true,canoe; pontoon; powerboat; sailing; watersports,boat rental; canoe rental; pontoon rental; sailboat rental; watersports rental,core,standard,covered_tile,0,operator,name+loc:tahoeadventurerentals,,,,ChIJKR1iarZlmYARNAKF-L4g-ro,https://maps.google.com/?cid=13473117239817601588&g_mp=Cidnb29nbGUubWFwcy5wbGFjZXMudjEuUGxhY2VzLlNlYXJjaFRleHQQAhgEIAA
182,duplicate,gate4:name+loc:tahoeaquaticcenter,Tahoe Aquatic Center,https://tahoeaquaticcenter.com/,Services,service,OPERATIONAL,4.3,56,true,alpine-ski; canoe; kayak; pontoon; powerboat; pwc; sup; wakeboard; watersports,boat rental; canoe rental; jet ski rental; kayak rental; motorboat rental; paddleboard rental; personal watercraft rental; pontoon rental; ski boat rental; ski rental; watersports rental; waverunner rental,core,standard,covered_tile,0,operator,name+loc:tahoeaquaticcenter,,,,ChIJL7wHjix7mYARRPWyDUf7lI0,https://maps.google.com/?cid=10202055338492097860&g_mp=Cidnb29nbGUubWFwcy5wbGFjZXMudjEuUGxhY2VzLlNlYXJjaFRleHQQAhgEIAA
183,duplicate,gate4:name+loc:tahoebeachcompany,Tahoe Beach Company,https://www.tahoebeachco.com/,Services,service,OPERATIONAL,4.7,45,true,canoe; kayak; sup; watersports,canoe rental; kayak rental; lake toy rental; paddleboard rental; watersports rental,core,standard,covered_tile,0,operator,name+loc:tahoebeachcompany,,,,ChIJ29aIoVN7mYARNwACnbaZVTY,https://maps.google.com/?cid=3915204460665765943&g_mp=Cidnb29nbGUubWFwcy5wbGFjZXMudjEuUGxhY2VzLlNlYXJjaFRleHQQAhgEIAA
184,duplicate,gate4:name+loc:tahoebikecompany,Tahoe Bike Company,https://www.tahoebikeco.com/,Services,service,OPERATIONAL,4.8,164,true,alpine-ski; cycling; ebike; mtb; nordic-ski; snow-tube; snowboard,bike rental; bike shop; cross country ski rental; downhill bike park rental; ebike rental; mountain bike rental; ski rental; ski shop; sled rental; snowboard rental,core; experience,standard,covered_tile,0,operator,name+loc:tahoebikecompany,,,,ChIJLwHVPcePmYARl-yj-NLAYTY,https://maps.google.com/?cid=3918625163136199831&g_mp=Cidnb29nbGUubWFwcy5wbGFjZXMudjEuUGxhY2VzLlNlYXJjaFRleHQQAhgEIAA
185,duplicate,gate4:name+loc:tahoeblueboatrentals,Tahoe Blue Boat Rentals,https://tahoeblueboatrentals.com/,Services,service,OPERATIONAL,4.9,88,true,canoe; pontoon; powerboat; pwc; sailing; wakeboard; watersports,boat charter; boat rental; canoe rental; jet ski rental; motorboat rental; personal watercraft rental; pontoon rental; sailboat rental; ski boat rental; wakeboard boat rental; watersports rental; waverunner rental,core,standard,covered_tile,0,operator,name+loc:tahoeblueboatrentals,,,,ChIJlbrt8Q9wmYARYruixzJunF0,https://maps.google.com/?cid=6745387506270911330&g_mp=Cidnb29nbGUubWFwcy5wbGFjZXMudjEuUGxhY2VzLlNlYXJjaFRleHQQAhgEIAA
186,duplicate,gate4:domain+loc:tahoejetboats.com,Tahoe Boaters,https://tahoejetboats.com/,Tour Agency,tour_agency,OPERATIONAL,,0,true,canoe; powerboat,boat charter; boat rental; canoe rental; motorboat rental,core,standard,covered_tile,0,operator,domain+loc:tahoejetboats.com,,,,ChIJ68xJYKuPmYARJn0ouqcE0Cs,https://maps.google.com/?cid=3157028457215982886&g_mp=Cidnb29nbGUubWFwcy5wbGFjZXMudjEuUGxhY2VzLlNlYXJjaFRleHQQAhgEIAA
187,duplicate,gate4:name+loc:tahoecitykayakpaddleboardbeachrental,Tahoe City Kayak & Paddleboard Beach Rental,https://tahoecitykayak.com/rentals/kayak-rentals/,Services,service,OPERATIONAL,4.3,30,true,canoe; kayak; pontoon; powerboat; sup; watersports,boat rental; canoe rental; kayak rental; kayak tours; paddleboard rental; pontoon rental; watersports rental,core,standard,covered_tile,0,operator,name+loc:tahoecitykayakpaddleboardbeachrental,,,,ChIJzyZuiZl9mYARNyV5iLZ93n4,https://maps.google.com/?cid=9141882516535846199&g_mp=Cidnb29nbGUubWFwcy5wbGFjZXMudjEuUGxhY2VzLlNlYXJjaFRleHQQAhgEIAA
188,duplicate,gate4:name+loc:tahoecitykayakandpaddleboardshop,Tahoe City Kayak and Paddleboard Shop,http://tahoecitykayak.com/,Services,service,OPERATIONAL,4.7,203,true,canoe; kayak; powerboat; sup; watersports,boat rental; canoe rental; kayak rental; kayak tours; paddleboard rental; watersports rental,core,standard,covered_tile,0,operator,name+loc:tahoecitykayakandpaddleboardshop,,,,ChIJi0eh0nV9mYARmCTlc5MfYik,https://maps.google.com/?cid=2981980621437740184&g_mp=Cidnb29nbGUubWFwcy5wbGFjZXMudjEuUGxhY2VzLlNlYXJjaFRleHQQAhgEIAA
189,duplicate,gate4:name+loc:tahoedavesskisboards,Tahoe Dave's Skis & Boards,http://www.tahoedaves.com/,Sporting Goods Store,sporting_goods_store,OPERATIONAL,4.5,277,true,alpine-ski; backcountry-ski; cycling; gear-shop; nordic-ski; pwc; snow-tube; snowboard; snowshoe,alpine touring ski rental; backcountry ski rental; bike rental; bike shop; cross country ski rental; jet ski rental; outdoor equipment rental; outdoor gear rental; ski rental; ski shop; sled rental; snowboard rental; snowboard shop; snowshoe rental; splitboard rental; sporting goods store,core; experience,standard,covered_tile,0,operator,name+loc:tahoedavesskisboards,,,,ChIJQ3A0TXR9mYARj3o0wJE-6_M,https://maps.google.com/?cid=17576210766459337359&g_mp=Cidnb29nbGUubWFwcy5wbGFjZXMudjEuUGxhY2VzLlNlYXJjaFRleHQQAhgEIAA
190,duplicate,gate4:name+loc:tahoedirtbikes,Tahoe Dirt Bikes,http://tahoedirtbikes.com/,Corporate Office,corporate_office,OPERATIONAL,5,48,true,atv; cycling; dirtbike; mtb,atv rental; bike rental; bike shop; dirt bike rental; mountain bike rental,core,standard,covered_tile,0,operator,name+loc:tahoedirtbikes,,,,ChIJYbJ4aiXem4ARgHw0k0IyyiU,https://maps.google.com/?cid=2723044186217806976&g_mp=Cidnb29nbGUubWFwcy5wbGFjZXMudjEuUGxhY2VzLlNlYXJjaFRleHQQAhgEIAA
191,duplicate,gate4:name+loc:tahoedivecenter,Tahoe Dive Center,https://tahoedive.com/,School,school,OPERATIONAL,4.7,39,true,gear-shop; scuba,dive shop; scuba diving; sporting goods store,core; experience,standard,covered_tile,0,operator,name+loc:tahoedivecenter,,,,ChIJF11O4DebmYARdLerJ-Le_s8,https://maps.google.com/?cid=14987661672845129588&g_mp=Cidnb29nbGUubWFwcy5wbGFjZXMudjEuUGxhY2VzLlNlYXJjaFRleHQQAhgEIAA
192,duplicate,gate4:name+loc:tahoedonnerbeachclubmarina,Tahoe Donner Beach Club Marina,https://www.tahoedonner.com/amenities/amenities/beach-club-marina/,Marina,marina,OPERATIONAL,4.6,157,true,kayak; pontoon; powerboat; wakeboard; watersports,boat rental; kayak rental; pontoon rental; ski boat rental; watersports rental,core,standard,covered_tile,0,operator,name+loc:tahoedonnerbeachclubmarina,,,,ChIJWyo7Xhvem4AR9Udo4zpnGtQ,https://maps.google.com/?cid=15283641788056225781&g_mp=Cidnb29nbGUubWFwcy5wbGFjZXMudjEuUGxhY2VzLlNlYXJjaFRleHQQAhgEIAA
193,duplicate,gate4:name+loc:tahoeebikes,Tahoe Ebikes,https://tahoeebikes.com/,Services,service,OPERATIONAL,4.8,52,true,cycling; dirtbike; ebike; mtb,bike rental; bike shop; dirt bike rental; ebike rental; mountain bike rental,core,standard,covered_tile,0,operator,name+loc:tahoeebikes,,,,ChIJ_0j1GpdlmYARXQTkQJyQp44,https://maps.google.com/?cid=10279343675274429533&g_mp=Cidnb29nbGUubWFwcy5wbGFjZXMudjEuUGxhY2VzLlNlYXJjaFRleHQQAhgEIAA
194,duplicate,gate4:name+loc:tahoeelectricbikerental,Tahoe Electric Bike Rental,http://www.tahoeelectricbikerental.com/,Services,service,OPERATIONAL,4.9,28,true,cycling; ebike; mtb,bike rental; bike shop; ebike rental; mountain bike rental,core,standard,covered_tile,0,operator,name+loc:tahoeelectricbikerental,,,,ChIJYztGswQ_mYAR-1DoiY39h3s,https://maps.google.com/?cid=8901361972866994427&g_mp=Cidnb29nbGUubWFwcy5wbGFjZXMudjEuUGxhY2VzLlNlYXJjaFRleHQQAhgEIAA
195,duplicate,gate4:name+loc:tahoefamilyadventures,Tahoe Family Adventures,http://tahoefamilyadventures.com/,Services,service,OPERATIONAL,3,77,true,alpine-ski; atv; canoe; pontoon; powerboat; pwc; snow-tube; snowmobile; utv; wakeboard; watersports,atv rental; boat rental; canoe rental; jet ski rental; lake toy rental; motorboat rental; pontoon rental; quad rental; rzr rental; side by side rental; ski boat rental; ski rental; sled rental; snow tube rental; snowmobile rental; utv rental; watersports rental; waverunner rental,core; experience,standard,covered_tile,0,operator,name+loc:tahoefamilyadventures,,,,ChIJZRK_PHNlmYARCC9Jif-vstA,https://maps.google.com/?cid=15038275617798303496&g_mp=Cidnb29nbGUubWFwcy5wbGFjZXMudjEuUGxhY2VzLlNlYXJjaFRleHQQAhgEIAA
196,duplicate,gate4:name+loc:tahoejacksadventureauthority,Tahoe Jack's Adventure Authority,https://www.tahoejacks.com/,Tour Agency,tour_agency,OPERATIONAL,3.9,38,true,camping; canoe; kayak; sup; watersports,camping gear rental; canoe rental; kayak rental; kayak tours; paddleboard rental; watersports rental,core,standard,covered_tile,0,operator,name+loc:tahoejacksadventureauthority,,,,ChIJF3o2J4SamYARi10rkwciOeI,https://maps.google.com/?cid=16301097742173429131&g_mp=Cidnb29nbGUubWFwcy5wbGFjZXMudjEuUGxhY2VzLlNlYXJjaFRleHQQAhgEIAA
197,duplicate,gate4:name+loc:tahoejetboats,Tahoe Jet Boats,https://tahoejetboats.com/,Services,service,OPERATIONAL,4.6,25,true,alpine-ski; canoe; kayak; pontoon; powerboat; pwc; sup; wakeboard; watersports,boat charter; boat rental; canoe rental; jet ski rental; kayak rental; motorboat rental; paddleboard rental; personal watercraft rental; pontoon rental; ski boat rental; ski rental; wakeboard boat rental; watersports rental; waverunner rental,core,standard,covered_tile,0,operator,name+loc:tahoejetboats,,,,ChIJXXG-t3R9mYARhlQxfLkRAss,https://maps.google.com/?cid=14628274028003021958&g_mp=Cidnb29nbGUubWFwcy5wbGFjZXMudjEuUGxhY2VzLlNlYXJjaFRleHQQAhgEIAA
198,duplicate,gate4:name+loc:tahoeluxury,Tahoe Luxury,http://www.tahoeluxury.net/,Services,service,OPERATIONAL,5,3,true,alpine-ski; pontoon; powerboat; pwc; wakeboard; watersports,boat rental; jet ski rental; personal watercraft rental; pontoon rental; ski boat rental; ski rental; watersports rental; waverunner rental,core,standard,covered_tile,0,operator,name+loc:tahoeluxury,,,,ChIJg2bLLoQLmYAR4zouuu4xk_8,https://maps.google.com/?cid=18416118202643659491&g_mp=Cidnb29nbGUubWFwcy5wbGFjZXMudjEuUGxhY2VzLlNlYXJjaFRleHQQAhgEIAA
199,duplicate,gate4:name+loc:tahoemarinesupply,Tahoe Marine Supply,https://tahoemarinesupply.com/,Store,store,OPERATIONAL,4.3,13,true,alpine-ski; gear-shop; pontoon; powerboat; pwc; watersports,boat rental; jet ski rental; pontoon rental; ski rental; sporting goods store; watersports rental,core,standard,covered_tile,0,operator,name+loc:tahoemarinesupply,,,,ChIJH4LWWHR9mYARuTdZVvZ9k_c,https://maps.google.com/?cid=17839741045908780985&g_mp=Cidnb29nbGUubWFwcy5wbGFjZXMudjEuUGxhY2VzLlNlYXJjaFRleHQQAhgEIAA
200,duplicate,gate4:name+loc:tahoemountainlife,Tahoe Mountain Life,https://tahoemountainsports.com/pages/tahoemountainlife/tahoemountainlife-3sqvjwrv,Clothing Store,clothing_store,OPERATIONAL,5,8,true,alpine-ski; gear-shop,ski shop; sporting goods store,core,standard,covered_tile,0,operator,name+loc:tahoemountainlife,,,,ChIJw8H_AiLfm4AREgoERMP4snM,https://maps.google.com/?cid=8336999377759635986&g_mp=Cidnb29nbGUubWFwcy5wbGFjZXMudjEuUGxhY2VzLlNlYXJjaFRleHQQAhgEIAA
201,duplicate,gate4:name+loc:tahoemountainsports,Tahoe Mountain Sports,http://www.tahoemountainsports.com/,Sporting Goods Store,sporting_goods_store,OPERATIONAL,4.8,163,true,alpine-ski; backcountry-ski; backpacking; camping; climbing; cycling; disc-golf; gear-shop; ice-climb; kayak; mtb; nordic-ski; snowboard; snowshoe; sup,backcountry ski rental; backpacking gear rental; bike rental; bike shop; camping gear rental; climbing gear rental; cross country ski rental; disc golf rental; kayak rental; mountain bike rental; mountaineering gear rental; outdoor equipment rental; outdoor gear rental; paddleboard rental; ski rental; ski shop; snowboard rental; snowboard shop; snowshoe rental; splitboard rental; sporting goods store; tent rental,core,standard,covered_tile,0,operator,name+loc:tahoemountainsports,,,,ChIJKZmdmSt7mYARgLmE0wQXf9c,https://maps.google.com/?cid=15528155349692758400&g_mp=Cidnb29nbGUubWFwcy5wbGFjZXMudjEuUGxhY2VzLlNlYXJjaFRleHQQAhgEIAA
202,duplicate,gate4:domain+loc:tahoemultisport.com,Tahoe Multisport - E-Bike Kayak Stand Up Paddle Board - Rentals & Tours,http://tahoemultisport.com/,Tour Agency,tour_agency,OPERATIONAL,4.9,503,true,alpine-ski; canoe; cycling; ebike; gear-shop; kayak; mtb; nordic-ski; pwc; snowshoe; sup; watersports,bike rental; canoe rental; cross country ski rental; ebike rental; jet ski rental; kayak rental; kayak tours; mountain bike rental; outdoor gear rental; paddleboard rental; ski rental; ski shop; snowshoe rental; watersports rental,core,standard,covered_tile,0,operator,domain+loc:tahoemultisport.com,,,,ChIJbYhgbxtwmYAR_mdxFLQOQZE,https://maps.google.com/?cid=10466663175585622014&g_mp=Cidnb29nbGUubWFwcy5wbGFjZXMudjEuUGxhY2VzLlNlYXJjaFRleHQQAhgEIAA
203,duplicate,gate4:name+loc:tahoeoutdooradventures,Tahoe Outdoor Adventures,https://tahoeoutdooradventures.com/,,,OPERATIONAL,5,341,true,atv; cycling; dirtbike; gear-shop; snow-tube; snowmobile; utv,atv rental; bike rental; dirt bike rental; outdoor equipment rental; outdoor gear rental; quad rental; rzr rental; side by side rental; sled rental; snowmobile rental; utv rental,core; experience,standard,covered_tile,0,operator,name+loc:tahoeoutdooradventures,,,,ChIJn84-xYuPmYAR0Q_y8E3-ejo,https://maps.google.com/?cid=4213960012066852817&g_mp=Cidnb29nbGUubWFwcy5wbGFjZXMudjEuUGxhY2VzLlNlYXJjaFRleHQQAhgEIAA
204,duplicate,gate4:name+loc:tahoeoutdoordirtbikelocation,Tahoe Outdoor Dirt Bike Location,https://www.tahoeoutdooradventures.com/,,,OPERATIONAL,,0,true,cycling; dirtbike,bike rental; dirt bike rental,core,standard,covered_tile,0,operator,name+loc:tahoeoutdoordirtbikelocation,,,,ChIJWxq69W1bwI8Rcrn6-Ug_SAw,https://maps.google.com/?cid=885026909442455922&g_mp=Cidnb29nbGUubWFwcy5wbGFjZXMudjEuUGxhY2VzLlNlYXJjaFRleHQQAhgEIAA
205,duplicate,gate4:name+loc:tahoepaddleoar,Tahoe Paddle & Oar,http://www.tahoepaddle.com/,Services,service,OPERATIONAL,4.8,121,true,alpine-ski; canoe; kayak; pontoon; powerboat; pwc; sup; watersports,boat rental; canoe rental; jet ski rental; kayak rental; kayak tours; motorboat rental; paddleboard rental; personal watercraft rental; pontoon rental; ski rental; watersports rental; waverunner rental,core,standard,covered_tile,0,operator,name+loc:tahoepaddleoar,,,,ChIJG6LalSx7mYARRoeW-38NlmA,https://maps.google.com/?cid=6959765117480634182&g_mp=Cidnb29nbGUubWFwcy5wbGFjZXMudjEuUGxhY2VzLlNlYXJjaFRleHQQAhgEIAA
206,duplicate,gate4:name+loc:tahoepaddleoarrentals,Tahoe Paddle & Oar: Rentals,http://www.tahoepaddle.com/,Services,service,OPERATIONAL,3.4,5,true,canoe; kayak; pontoon; powerboat; sup; watersports,boat rental; canoe rental; kayak rental; paddleboard rental; pontoon rental; watersports rental,core,standard,covered_tile,0,operator,name+loc:tahoepaddleoarrentals,,,,ChIJLy5Db-t7mYARsxOK-nAhXm0,https://maps.google.com/?cid=7880773167068353459&g_mp=Cidnb29nbGUubWFwcy5wbGFjZXMudjEuUGxhY2VzLlNlYXJjaFRleHQQAhgEIAA
207,duplicate,gate4:domain+loc:tahoepaddlesports.com,Tahoe Paddle Sports - Bike Rental Shop,http://tahoepaddlesports.com/,Services,service,OPERATIONAL,,0,true,canoe; cycling; ebike; kayak; mtb; sup,bike rental; bike shop; canoe rental; ebike rental; kayak rental; mountain bike rental; paddleboard rental,core,standard,covered_tile,0,operator,domain+loc:tahoepaddlesports.com,,,,ChIJJ-ypiTNxmYARL_YddJAl2WI,https://maps.google.com/?cid=7122765588016789039&g_mp=Cidnb29nbGUubWFwcy5wbGFjZXMudjEuUGxhY2VzLlNlYXJjaFRleHQQAhgEIAA
208,duplicate,gate4:domain+loc:tahoepaddlesports.com,Tahoe Paddle Sports - Sand Harbor Clear Kayaking,https://tahoepaddlesports.com/,Tour Agency,tour_agency,OPERATIONAL,4.8,60,true,canoe; kayak; sup; watersports,canoe rental; kayak rental; kayak tours; paddleboard rental; watersports rental,core,standard,covered_tile,0,operator,domain+loc:tahoepaddlesports.com,,,,ChIJySseGz9xmYARtuM4OmGK1G4,https://maps.google.com/?cid=7986160189427999670&g_mp=Cidnb29nbGUubWFwcy5wbGFjZXMudjEuUGxhY2VzLlNlYXJjaFRleHQQAhgEIAA
209,duplicate,gate4:name+loc:tahoeparadiseboatrentals,Tahoe Paradise Boat Rentals,http://tahoeparadiseboatrentals.com/,Services,service,OPERATIONAL,5,15,true,canoe; pontoon; powerboat; wakeboard,boat rental; canoe rental; pontoon rental; ski boat rental,core,standard,covered_tile,0,operator,name+loc:tahoeparadiseboatrentals,,,,ChIJb-b8_CxxmYAR8pbPESGXLFM,https://maps.google.com/?cid=5993331372411819762&g_mp=Cidnb29nbGUubWFwcy5wbGFjZXMudjEuUGxhY2VzLlNlYXJjaFRleHQQAhgEIAA
210,duplicate,gate4:name+loc:tahoereelpowerpaddle,"TAHOE REEL, POWER, & PADDLE",https://adventuretahoe.com/,Services,service,OPERATIONAL,4.9,20,true,alpine-ski; canoe; kayak; pontoon; powerboat; pwc; sup; wakeboard; watersports,boat charter; boat rental; canoe rental; jet ski rental; kayak rental; kayak tours; motorboat rental; paddleboard rental; personal watercraft rental; pontoon rental; ski boat rental; ski rental; watersports rental; waverunner rental,core,standard,covered_tile,0,operator,name+loc:tahoereelpowerpaddle,,,,ChIJr8KGILqFmYAR9Io5VfHLwyg,https://maps.google.com/?cid=2937415619353086708&g_mp=Cidnb29nbGUubWFwcy5wbGFjZXMudjEuUGxhY2VzLlNlYXJjaFRleHQQAhgEIAA
211,duplicate,gate4:name+loc:tahoesledschool,Tahoe Sled School,https://www.tahoesledschool.com/,Services,service,OPERATIONAL,5,15,true,alpine-ski; snow-tube; snowmobile,ski rental; sled rental; snow tube rental; snowmobile rental,core; experience,standard,covered_tile,0,operator,name+loc:tahoesledschool,,,,ChIJ1YNUPVyhmYARFTF88U7uXd0,https://maps.google.com/?cid=15951167478042472725&g_mp=Cidnb29nbGUubWFwcy5wbGFjZXMudjEuUGxhY2VzLlNlYXJjaFRleHQQAhgEIAA
212,duplicate,gate4:name+loc:tahoesnowbikerental,Tahoe Snowbike Rental,http://www.tahoesnowbikerental.com/,Services,service,OPERATIONAL,5,35,true,atv; cycling; dirtbike; mtb; snow-tube; snowboard; snowmobile; utv,atv rental; bike rental; dirt bike rental; mountain bike rental; rzr rental; sled rental; snowboard rental; snowmobile rental; utv rental,core; experience,standard,covered_tile,0,operator,name+loc:tahoesnowbikerental,,,,ChIJJ0Wml7nnm4ARQzYJGGA5H-Y,https://maps.google.com/?cid=16582035437884356163&g_mp=Cidnb29nbGUubWFwcy5wbGFjZXMudjEuUGxhY2VzLlNlYXJjaFRleHQQAhgEIAA
213,duplicate,gate4:name+loc:tahoesportshub,Tahoe Sports Hub,http://www.tahoesportshub.com/,Sporting Goods Store,sporting_goods_store,OPERATIONAL,4.5,373,true,alpine-ski; backcountry-ski; backpacking; camping; canoe; climbing; cycling; disc-golf; gear-shop; kayak; mtb; nordic-ski; pwc; snowboard; snowshoe; sup; watersports,backcountry ski rental; backpacking gear rental; bike rental; bike shop; camping gear rental; canoe rental; climbing gear rental; cross country ski rental; disc golf rental; jet ski rental; kayak rental; mountain bike rental; outdoor equipment rental; outdoor gear rental; paddleboard rental; ski rental; ski shop; snowboard rental; snowboard shop; snowshoe rental; splitboard rental; sporting goods store; watersports rental,core,standard,covered_tile,0,operator,name+loc:tahoesportshub,,,,ChIJA5zRfb_fm4ARX7uJFFYj08w,https://maps.google.com/?cid=14759179256441977695&g_mp=Cidnb29nbGUubWFwcy5wbGFjZXMudjEuUGxhY2VzLlNlYXJjaFRleHQQAhgEIAA
214,duplicate,gate4:name+loc:tahoesportsltd,Tahoe Sports Ltd.,http://www.tahoesportsltd.com/,Sporting Goods Store,sporting_goods_store,OPERATIONAL,4.3,280,true,alpine-ski; backcountry-ski; backpacking; camping; canoe; climbing; cycling; disc-golf; ebike; gear-shop; kayak; mtb; nordic-ski; pwc; snow-tube; snowboard; snowshoe; sup,backcountry ski rental; backpacking gear rental; bike rental; bike shop; camping gear rental; canoe rental; climbing gear rental; cross country ski rental; disc golf rental; downhill bike park rental; ebike rental; jet ski rental; kayak rental; mountain bike rental; outdoor equipment rental; outdoor gear rental; paddleboard rental; ski rental; ski shop; sled rental; snowboard rental; snowboard shop; snowshoe rental; sporting goods store; tent rental,core; experience,standard,covered_tile,0,operator,name+loc:tahoesportsltd,,,,ChIJb7h4oHaQmYAR3aCog1QfgtE,https://maps.google.com/?cid=15096663348745904349&g_mp=Cidnb29nbGUubWFwcy5wbGFjZXMudjEuUGxhY2VzLlNlYXJjaFRleHQQAhgEIAA
215,duplicate,gate4:name+loc:tahoesportsskirunboatcompany,Tahoe Sports Ski Run Boat Company,http://tahoesports.com/,Services,service,OPERATIONAL,4,656,true,alpine-ski; canoe; kayak; pontoon; powerboat; pwc; sailing; snowboard; sup; wakeboard; watersports,boat charter; boat rental; canoe rental; jet ski rental; kayak rental; kayak tours; motorboat rental; paddleboard rental; personal watercraft rental; pontoon rental; sailboat rental; ski boat rental; ski rental; ski shop; snowboard rental; wakeboard boat rental; watersports rental; waverunner rental,core,standard,covered_tile,0,operator,name+loc:tahoesportsskirunboatcompany,,,,ChIJ97RGLQmQmYAR4yblqbMOXbI,https://maps.google.com/?cid=12852445076397565667&g_mp=Cidnb29nbGUubWFwcy5wbGFjZXMudjEuUGxhY2VzLlNlYXJjaFRleHQQAhgEIAA
216,duplicate,gate4:name+loc:tahoesportstahoekeysboatrental,Tahoe Sports Tahoe Keys Boat Rental,https://tahoesports.com/tahoekeysboatrentals/,Services,service,OPERATIONAL,4.1,358,true,alpine-ski; canoe; kayak; pontoon; powerboat; pwc; sailing; sup; wakeboard; watersports,boat charter; boat rental; canoe rental; jet ski rental; kayak rental; kayak tours; lake toy rental; motorboat rental; paddleboard rental; personal watercraft rental; pontoon rental; sailboat rental; ski boat rental; ski rental; wakeboard boat rental; watersports rental; waverunner rental,core,standard,covered_tile,0,operator,name+loc:tahoesportstahoekeysboatrental,,,,ChIJ0_Pg0Y2PmYARaruB5PP2M5Q,https://maps.google.com/?cid=10679150668796771178&g_mp=Cidnb29nbGUubWFwcy5wbGFjZXMudjEuUGxhY2VzLlNlYXJjaFRleHQQAhgEIAA
217,duplicate,gate4:domain+loc:laketahoetoursandrentals.com,Tahoe Tours And Rentals,http://laketahoetoursandrentals.com/,Tour Agency,tour_agency,OPERATIONAL,4.9,281,true,canoe; cycling; kayak; mtb; pwc; sup; watersports,bike rental; canoe rental; jet ski rental; kayak rental; kayak tours; mountain bike rental; paddleboard rental; watersports rental,core,standard,covered_tile,0,operator,domain+loc:laketahoetoursandrentals.com,,,,ChIJLUbndgCbmYARXvDGdiF1IDg,https://maps.google.com/?cid=4044361251965825118&g_mp=Cidnb29nbGUubWFwcy5wbGFjZXMudjEuUGxhY2VzLlNlYXJjaFRleHQQAhgEIAA
218,duplicate,gate4:name+loc:tahoeusedskiandsnowboard,Tahoe Used Ski and Snowboard,http://www.tahoeusedski.com/,Sporting Goods Store,sporting_goods_store,OPERATIONAL,3.8,117,true,alpine-ski; cycling; gear-shop; nordic-ski; snowboard,bike rental; bike shop; cross country ski rental; outdoor gear rental; ski rental; ski shop; snowboard rental; snowboard shop; sporting goods store,core,standard,covered_tile,0,operator,name+loc:tahoeusedskiandsnowboard,,,,ChIJH7RaLsePmYARwBArVqhm0CM,https://maps.google.com/?cid=2580675459669496000&g_mp=Cidnb29nbGUubWFwcy5wbGFjZXMudjEuUGxhY2VzLlNlYXJjaFRleHQQAhgEIAA
219,duplicate,gate4:name+loc:tahoewatermanslanding,Tahoe Waterman's Landing,http://www.tahoewaterman.com/,Coffee Shop,coffee_shop,OPERATIONAL,4.5,329,true,alpine-ski; canoe; kayak; pontoon; powerboat; pwc; sup; wakeboard; watersports,boat rental; canoe rental; jet ski rental; kayak rental; kayak tours; paddleboard rental; pontoon rental; ski boat rental; ski rental; watersports rental,core,standard,covered_tile,0,operator,name+loc:tahoewatermanslanding,,,,ChIJpWVWCE1jmYARGULCKQg4sJ0,https://maps.google.com/?cid=11362643467567251993&g_mp=Cidnb29nbGUubWFwcy5wbGFjZXMudjEuUGxhY2VzLlNlYXJjaFRleHQQAhgEIAA
220,duplicate,gate4:name+loc:tahoewavesboatrental,Tahoe Waves Boat Rental,http://www.tahoewaves.com/,Services,service,OPERATIONAL,4.9,18,true,canoe; pontoon; powerboat; pwc; sailing; sup; wakeboard; watersports,boat charter; boat rental; canoe rental; jet ski rental; motorboat rental; paddleboard rental; personal watercraft rental; pontoon rental; sailboat rental; ski boat rental; wakeboard boat rental; watersports rental; waverunner rental,core,standard,covered_tile,0,operator,name+loc:tahoewavesboatrental,,,,ChIJ16lWevLhm4ARS1iyzJGWud4,https://maps.google.com/?cid=16049024300060137547&g_mp=Cidnb29nbGUubWFwcy5wbGFjZXMudjEuUGxhY2VzLlNlYXJjaFRleHQQAhgEIAA
221,duplicate,gate4:name+loc:tahoejetboats,TahoeJetBoats,http://www.tahoejetboats.com/,Services,service,OPERATIONAL,4.4,14,true,alpine-ski; canoe; gear-shop; pontoon; powerboat; pwc; wakeboard; watersports,boat charter; boat rental; canoe rental; jet ski rental; motorboat rental; personal watercraft rental; pontoon rental; ski boat rental; ski rental; ski shop; sporting goods store; wakeboard boat rental; watersports rental; waverunner rental,core,standard,covered_tile,0,operator,name+loc:tahoejetboats,,,,ChIJc7xrQz1wmYARNoqosr-SE3U,https://maps.google.com/?cid=8436247879028869686&g_mp=Cidnb29nbGUubWFwcy5wbGFjZXMudjEuUGxhY2VzLlNlYXJjaFRleHQQAhgEIAA
222,duplicate,gate4:name+loc:technicalequipmentcleaners,Technical Equipment Cleaners,http://www.tectahoe.com/,Services,service,OPERATIONAL,4.9,81,true,backpacking; gear-shop,backpacking gear rental; outdoor gear rental; sporting goods store,core,standard,covered_tile,0,operator,name+loc:technicalequipmentcleaners,,,,ChIJe_1ZJbjfm4ARDr_pEqcpRzc,https://maps.google.com/?cid=3983198192986078990&g_mp=Cidnb29nbGUubWFwcy5wbGFjZXMudjEuUGxhY2VzLlNlYXJjaFRleHQQAhgEIAA
223,duplicate,gate4:name+loc:thebackcountry,The BackCountry,http://www.thebackcountry.com/,Bicycle Shop,bicycle_store,OPERATIONAL,4.9,1601,true,alpine-ski; backcountry-ski; backpacking; camping; climbing; cycling; ebike; gear-shop; mtb; nordic-ski; snowboard; snowshoe,alpine touring ski rental; backcountry ski rental; backpacking gear rental; bike rental; bike shop; camping gear rental; climbing gear rental; cross country ski rental; ebike rental; mountain bike rental; outdoor equipment rental; outdoor gear rental; ski rental; ski shop; snowboard rental; snowboard shop; snowshoe rental; splitboard rental; sporting goods store,core,standard,covered_tile,0,operator,name+loc:thebackcountry,,,,ChIJcWCd2jPem4ARMrf4Ao6HBUw,https://maps.google.com/?cid=5477933565771036466&g_mp=Cidnb29nbGUubWFwcy5wbGFjZXMudjEuUGxhY2VzLlNlYXJjaFRleHQQAhgEIAA
224,duplicate,gate4:name+loc:thebikeshop,The Bike Shop,,Bicycle Shop,bicycle_store,OPERATIONAL,4.6,9,true,alpine-ski; cycling; ebike; gear-shop; mtb,bike rental; bike shop; ebike rental; mountain bike rental; ski rental; ski shop; sporting goods store,core,standard,covered_tile,0,operator,name+loc:thebikeshop,,,,ChIJCcyG3hpwmYARrEh-q3-C4t0,https://maps.google.com/?cid=15988485111968319660&g_mp=Cidnb29nbGUubWFwcy5wbGFjZXMudjEuUGxhY2VzLlNlYXJjaFRleHQQAhgEIAA
225,duplicate,gate4:name+loc:thegolfmart,The Golf Mart,https://stores.worldwidegolfshops.com/nv/reno/the-golf-mart-rno.html,Sporting Goods Store,sporting_goods_store,OPERATIONAL,4.5,191,true,alpine-ski; gear-shop,ski shop; sporting goods store,core,standard,covered_tile,0,operator,name+loc:thegolfmart,,,,ChIJRaNS4XdAmYARaEj_jq-1BFY,https://maps.google.com/?cid=6198278752791644264&g_mp=Cidnb29nbGUubWFwcy5wbGFjZXMudjEuUGxhY2VzLlNlYXJjaFRleHQQAhgEIAA
226,duplicate,gate4:domain+loc:palisadestahoe.com,The Ledge Board Shop,https://www.palisadestahoe.com/events-and-activities/shopping/the-ledge,Sporting Goods Store,sporting_goods_store,OPERATIONAL,3.3,25,true,alpine-ski; gear-shop; snowboard,ski shop; snowboard rental; snowboard shop; sporting goods store,core,standard,covered_tile,0,operator,domain+loc:palisadestahoe.com,,,,ChIJB86ZgevZm4ARL9lBYbnhpIw,https://maps.google.com/?cid=10134473247807363375&g_mp=Cidnb29nbGUubWFwcy5wbGFjZXMudjEuUGxhY2VzLlNlYXJjaFRleHQQAhgEIAA
227,duplicate,gate4:domain+loc:northstarcalifornia.com,The North Face,https://www.northstarcalifornia.com/,Sportswear Store,sportswear_store,OPERATIONAL,4.7,24,true,gear-shop,sporting goods store,core,standard,covered_tile,0,operator,domain+loc:northstarcalifornia.com,,,,ChIJIVZP0zZimYAROBY6dU1DrSI,https://maps.google.com/?cid=2498727368218777144&g_mp=Cidnb29nbGUubWFwcy5wbGFjZXMudjEuUGxhY2VzLlNlYXJjaFRleHQQAhgEIAA
228,duplicate,gate4:name+loc:thesierrasledshop,The Sierra Sled Shop,http://www.sierrasled.com/,Services,service,OPERATIONAL,5,4,true,alpine-ski; snow-tube; snowmobile,ski shop; sled rental; snowmobile rental,core; experience,standard,covered_tile,0,operator,name+loc:thesierrasledshop,,,,ChIJv5J2cDjfm4ARNZ2sm6gEQ2Y,https://maps.google.com/?cid=7368738537521061173&g_mp=Cidnb29nbGUubWFwcy5wbGFjZXMudjEuUGxhY2VzLlNlYXJjaFRleHQQAhgEIAA
229,duplicate,gate4:name+loc:theskirenter,The Ski Renter,http://skirenter.com/,Services,service,OPERATIONAL,4.7,266,true,alpine-ski; backcountry-ski; gear-shop; nordic-ski; snow-tube; snowboard; snowshoe,cross country ski rental; ski rental; ski shop; sled rental; snow tube rental; snowboard rental; snowboard shop; snowshoe rental; splitboard rental; sporting goods store,core; experience,standard,covered_tile,0,operator,name+loc:theskirenter,,,,ChIJJZA09Q2QmYARPNHmaHVFSXU,https://maps.google.com/?cid=8451362546310893884&g_mp=Cidnb29nbGUubWFwcy5wbGFjZXMudjEuUGxhY2VzLlNlYXJjaFRleHQQAhgEIAA
230,duplicate,gate4:name+loc:thevillageboardshop,The Village Board Shop,http://www.thevillageboardshop.com/,Sporting Goods Store,sporting_goods_store,OPERATIONAL,4.5,151,true,alpine-ski; climbing; cycling; gear-shop; snowboard; snowshoe,bike rental; bike shop; climbing gear rental; ski rental; ski shop; snowboard rental; snowboard shop; snowshoe rental; sporting goods store,core,standard,covered_tile,0,operator,name+loc:thevillageboardshop,,,,ChIJWWOPcw-QmYARhEoevVFqLRs,https://maps.google.com/?cid=1958338312273808004&g_mp=Cidnb29nbGUubWFwcy5wbGFjZXMudjEuUGxhY2VzLlNlYXJjaFRleHQQAhgEIAA
231,duplicate,gate4:name+loc:totallyboard,TOTALLY BOARD,http://www.totallyboardtahoe.com/,Sporting Goods Store,sporting_goods_store,OPERATIONAL,4.8,101,true,alpine-ski; backcountry-ski; gear-shop; snowboard; snowshoe,ski rental; ski shop; snowboard rental; snowboard shop; snowshoe rental; splitboard rental; sporting goods store,core,standard,covered_tile,0,operator,name+loc:totallyboard,,,,ChIJHdwDUcDfm4AReKIJrkARduU,https://maps.google.com/?cid=16534422051432800888&g_mp=Cidnb29nbGUubWFwcy5wbGFjZXMudjEuUGxhY2VzLlNlYXJjaFRleHQQAhgEIAA
232,duplicate,gate4:name+loc:truckeebikepark,Truckee Bike Park,https://www.truckeebikepark.org/,Park,park,OPERATIONAL,4.9,111,true,cycling; mtb,bike rental; bike shop; downhill bike park rental; mountain bike rental,core,standard,covered_tile,0,operator,name+loc:truckeebikepark,,,,ChIJOz_KFSdgmYARMCWq9Twp_qo,https://maps.google.com/?cid=12321330972328600880&g_mp=Cidnb29nbGUubWFwcy5wbGFjZXMudjEuUGxhY2VzLlNlYXJjaFRleHQQAhgEIAA
233,duplicate,gate4:name+loc:truckeeboardhouse,Truckee Boardhouse,http://www.truckeeboardhouse.com/,Sporting Goods Store,sporting_goods_store,OPERATIONAL,4.8,68,true,alpine-ski; backcountry-ski; cycling; gear-shop; snowboard; snowshoe,bike shop; outdoor gear rental; ski rental; ski shop; snowboard rental; snowboard shop; snowshoe rental; splitboard rental; sporting goods store,core,standard,covered_tile,0,operator,name+loc:truckeeboardhouse,,,,ChIJxStHgjHem4ARA7sY1gYJeQ4,https://maps.google.com/?cid=1042874713679379203&g_mp=Cidnb29nbGUubWFwcy5wbGFjZXMudjEuUGxhY2VzLlNlYXJjaFRleHQQAhgEIAA
234,duplicate,gate4:name+loc:truckeeriverbikes,Truckee River Bikes,https://truckeeriverbikes.com/,Bicycle Shop,bicycle_store,OPERATIONAL,4.4,48,true,cycling; ebike; gear-shop; mtb,bike rental; bike shop; downhill bike park rental; ebike rental; mountain bike rental; sporting goods store,core,standard,covered_tile,0,operator,name+loc:truckeeriverbikes,,,,ChIJG08rYgJ9mYARK7QUK0ob7SE,https://maps.google.com/?cid=2444640178096354347&g_mp=Cidnb29nbGUubWFwcy5wbGFjZXMudjEuUGxhY2VzLlNlYXJjaFRleHQQAhgEIAA
235,duplicate,gate4:name+loc:truckeeriverraftco,Truckee River Raft Co.,http://www.truckeeriverraft.com/,,,OPERATIONAL,4.8,257,true,rafting; river-tube,river float rental; river tubing rental; whitewater rafting,core; experience,standard,covered_tile,0,operator,name+loc:truckeeriverraftco,,,,ChIJjU1hg4XXm4AR1icF995eImA,https://maps.google.com/?cid=6927203488569305046&g_mp=Cidnb29nbGUubWFwcy5wbGFjZXMudjEuUGxhY2VzLlNlYXJjaFRleHQQAhgEIAA
236,duplicate,gate4:name+loc:truckeeriverrafting,Truckee River Rafting,https://www.truckeeriverrafting.com/,,,OPERATIONAL,4.7,525,true,kayak; rafting; river-tube,kayak rental; kayak tours; river float rental; river tubing rental; whitewater rafting,core; experience,standard,covered_tile,0,operator,name+loc:truckeeriverrafting,,,,ChIJgQ14cp19mYARmx8aB0KetHA,https://maps.google.com/?cid=8121290034480029595&g_mp=Cidnb29nbGUubWFwcy5wbGFjZXMudjEuUGxhY2VzLlNlYXJjaFRleHQQAhgEIAA
237,duplicate,gate4:name+loc:truckeeriverwhitewaterpark,Truckee River Whitewater Park,https://www.reno.gov/government/departments/parks-recreation-community-services/parks-trails/whitewater-park,Park,park,OPERATIONAL,4.5,25,false,rafting,whitewater rafting,experience,standard,covered_tile,0,operator,name+loc:truckeeriverwhitewaterpark,,,,ChIJRba-n9pBmYARi1LS3KoTYOg,https://maps.google.com/?cid=16744405039133643403&g_mp=Cidnb29nbGUubWFwcy5wbGFjZXMudjEuUGxhY2VzLlNlYXJjaFRleHQQAhgEIAA
238,duplicate,gate4:name+loc:truenorthnorthstarvillage,TrueNorth - Northstar Village,https://www.epicmountainrentals.com/,Sporting Goods Store,sporting_goods_store,OPERATIONAL,3.8,50,true,alpine-ski; gear-shop; snowboard,ski rental; ski shop; snowboard rental; snowboard shop; sporting goods store,core,standard,covered_tile,0,operator,name+loc:truenorthnorthstarvillage,,,,ChIJy_eG4DBimYARKG5IS_ziWW4,https://maps.google.com/?cid=7951636190321995304&g_mp=Cidnb29nbGUubWFwcy5wbGFjZXMudjEuUGxhY2VzLlNlYXJjaFRleHQQAhgEIAA
239,duplicate,gate4:name+loc:truenorthritzcarlton,TrueNorth - Ritz Carlton,https://www.epicmountainrentals.com/,Sporting Goods Store,sporting_goods_store,OPERATIONAL,4.7,12,true,alpine-ski; gear-shop; snowboard,ski rental; ski shop; snowboard rental; snowboard shop; sporting goods store,core,standard,covered_tile,0,operator,name+loc:truenorthritzcarlton,,,,ChIJfTRnuRxjmYARfCI5ES3Jhes,https://maps.google.com/?cid=16971191966215250556&g_mp=Cidnb29nbGUubWFwcy5wbGFjZXMudjEuUGxhY2VzLlNlYXJjaFRleHQQAhgEIAA
240,duplicate,gate4:name+loc:upcycledadventures,Upcycled Adventures,https://upcycledadventures.square.site/,Sporting Goods Store,sporting_goods_store,OPERATIONAL,5,31,true,alpine-ski; backcountry-ski; backpacking; camping; climbing; cycling; gear-shop; mtb; nordic-ski; snowboard; snowshoe,backcountry ski rental; backpacking gear rental; bike rental; bike shop; camping gear rental; climbing gear rental; cross country ski rental; mountain bike rental; outdoor equipment rental; outdoor gear rental; ski rental; ski shop; snowboard rental; snowboard shop; snowshoe rental; sporting goods store,core,standard,covered_tile,0,operator,name+loc:upcycledadventures,,,,ChIJYa4VWaPnm4ARDZV0frrN70w,https://maps.google.com/?cid=5543875867185550605&g_mp=Cidnb29nbGUubWFwcy5wbGFjZXMudjEuUGxhY2VzLlNlYXJjaFRleHQQAhgEIAA
241,duplicate,gate4:name+loc:uplyfttahoejetskirentals,Uplyft Tahoe Jet Ski Rentals,https://www.uplyfttahoe.com/,Services,service,OPERATIONAL,5,34,true,alpine-ski; canoe; pontoon; powerboat; pwc; wakeboard; watersports,boat rental; canoe rental; jet ski rental; motorboat rental; personal watercraft rental; pontoon rental; ski boat rental; ski rental; wakeboard boat rental; watersports rental; waverunner rental,core,standard,covered_tile,0,operator,name+loc:uplyfttahoejetskirentals,,,,ChIJKWiUL7BlmYARCMYFwnzatRY,https://maps.google.com/?cid=1636454268985001480&g_mp=Cidnb29nbGUubWFwcy5wbGFjZXMudjEuUGxhY2VzLlNlYXJjaFRleHQQAhgEIAA
242,duplicate,gate4:name+loc:veloreno,Velo Reno,http://www.veloreno.com/,Bicycle Shop,bicycle_store,OPERATIONAL,4.9,252,true,cycling; ebike; gear-shop; mtb,bike rental; bike shop; ebike rental; mountain bike rental; sporting goods store,core,standard,covered_tile,0,operator,name+loc:veloreno,,,,ChIJCUzMMIpAmYARavO2I270_68,https://maps.google.com/?cid=12682123829581378410&g_mp=Cidnb29nbGUubWFwcy5wbGFjZXMudjEuUGxhY2VzLlNlYXJjaFRleHQQAhgEIAA
243,duplicate,gate4:name+loc:villageskiloft,Village Ski Loft,http://www.villageskiloft.com/,Sporting Goods Store,sporting_goods_store,OPERATIONAL,4.6,302,true,alpine-ski; backcountry-ski; cycling; ebike; gear-shop; mtb; nordic-ski; snow-tube; snowboard; snowshoe,alpine touring ski rental; backcountry ski rental; bike rental; bike shop; cross country ski rental; ebike rental; mountain bike rental; outdoor equipment rental; outdoor gear rental; ski rental; ski shop; sled rental; snowboard rental; snowboard shop; snowshoe rental; splitboard rental; sporting goods store,core; experience,standard,covered_tile,0,operator,name+loc:villageskiloft,,,,ChIJaY2NIBtwmYARTpUYiTNrn8w,https://maps.google.com/?cid=14744621574121887054&g_mp=Cidnb29nbGUubWFwcy5wbGFjZXMudjEuUGxhY2VzLlNlYXJjaFRleHQQAhgEIAA
244,duplicate,gate4:name+loc:virginiacityoffroadexperience,Virginia City off road Experience,https://virginiacityoffroad.com/,Tourist Attraction,tourist_attraction,OPERATIONAL,5,151,true,atv; dirtbike; utv,atv rental; dirt bike rental; quad rental; rzr rental; utv rental,core,standard,covered_tile,0,operator,name+loc:virginiacityoffroadexperience,,,,ChIJSd31rEIPmYARLDXTr9G-coI,https://maps.google.com/?cid=9399785180082943276&g_mp=Cidnb29nbGUubWFwcy5wbGFjZXMudjEuUGxhY2VzLlNlYXJjaFRleHQQAhgEIAA
245,duplicate,gate4:name+loc:vistatrailbikes,Vista Trail Bikes,https://vistatrailbikes.com/,Services,service,OPERATIONAL,5,1811,true,cycling; ebike; mtb,bike rental; bike shop; downhill bike park rental; ebike rental; mountain bike rental,core,standard,covered_tile,0,operator,name+loc:vistatrailbikes,,,,ChIJJxblwNxvmYARwEeMhNlwCmg,https://maps.google.com/?cid=7496928609245611968&g_mp=Cidnb29nbGUubWFwcy5wbGFjZXMudjEuUGxhY2VzLlNlYXJjaFRleHQQAhgEIAA
246,duplicate,gate4:name+loc:wattabikeshop,Watta Bike Shop,http://wattabike.com/,Bicycle Shop,bicycle_store,OPERATIONAL,4.9,79,true,alpine-ski; backcountry-ski; cycling; ebike; mtb; snowboard,backcountry ski rental; bike rental; bike shop; ebike rental; mountain bike rental; ski rental; ski shop; snowboard rental; splitboard rental,core,standard,covered_tile,0,operator,name+loc:wattabikeshop,,,,ChIJmzlezuOPmYARYWzhxk5kzYg,https://maps.google.com/?cid=9857645448890772577&g_mp=Cidnb29nbGUubWFwcy5wbGFjZXMudjEuUGxhY2VzLlNlYXJjaFRleHQQAhgEIAA
247,duplicate,gate4:name+loc:westmarine,West Marine,https://www.westmarine.com/stores/reno-nv-1219/?utm_source=GMB&utm_campaign=Local-Listings,Store,store,OPERATIONAL,4.3,117,true,alpine-ski; fishing-gear; gear-shop,fishing bait and tackle shop; ski shop; sporting goods store,core; gap,standard,covered_tile,0,operator,name+loc:westmarine,,,,ChIJ3W82Nlw_mYAR-vmmwEdDv7Q,https://maps.google.com/?cid=13024202622832671226&g_mp=Cidnb29nbGUubWFwcy5wbGFjZXMudjEuUGxhY2VzLlNlYXJjaFRleHQQAhgEIAA
248,duplicate,gate4:name+loc:westshoresports,West Shore Sports,http://www.westshoresports.com/,Services,service,OPERATIONAL,4.6,113,true,alpine-ski; canoe; cycling; dirtbike; ebike; gear-shop; kayak; mtb; nordic-ski; powerboat; pwc; snowboard; snowshoe; sup; wakeboard; watersports,bike rental; bike shop; boat rental; canoe rental; cross country ski rental; dirt bike rental; ebike rental; jet ski rental; kayak rental; mountain bike rental; outdoor equipment rental; outdoor gear rental; paddleboard rental; ski boat rental; ski rental; ski shop; snowboard rental; snowboard shop; snowshoe rental; sporting goods store; watersports rental; waverunner rental,core,standard,covered_tile,0,operator,name+loc:westshoresports,,,,ChIJq5Q9LNZ_mYAR_7YexyN5loc,https://maps.google.com/?cid=9770129636198364927&g_mp=Cidnb29nbGUubWFwcy5wbGFjZXMudjEuUGxhY2VzLlNlYXJjaFRleHQQAhgEIAA
249,duplicate,gate4:name+loc:wetsuitoutlet,Wetsuit Outlet,https://wetsuitoutlet.com/,Sporting Goods Store,sporting_goods_store,OPERATIONAL,3,2,true,gear-shop,sporting goods store,core,standard,covered_tile,0,operator,name+loc:wetsuitoutlet,,,,ChIJMVZD8je9mYARn7oz3NB9fps,https://maps.google.com/?cid=11204531258945419935&g_mp=Cidnb29nbGUubWFwcy5wbGFjZXMudjEuUGxhY2VzLlNlYXJjaFRleHQQAhgEIAA
250,duplicate,gate4:name+loc:wildsocietyadventures,Wild Society Adventures,https://www.wildsocietylt.com/,Services,service,OPERATIONAL,4,176,true,canoe; cycling; kayak; pontoon; powerboat; sup; watersports; windsurf,bike rental; boat rental; canoe rental; kayak rental; kayak tours; paddleboard rental; pontoon rental; watersports rental; windsurfing rental,core,standard,covered_tile,0,operator,name+loc:wildsocietyadventures,,,,ChIJgTYWEC17mYARj2AvyfF7434,https://maps.google.com/?cid=9143287946884898959&g_mp=Cidnb29nbGUubWFwcy5wbGFjZXMudjEuUGxhY2VzLlNlYXJjaFRleHQQAhgEIAA
251,duplicate,gate4:name+loc:wilderbike,Wilderbike,,Bicycle Shop,bicycle_store,OPERATIONAL,4.3,6,true,cycling; ebike; gear-shop,bike rental; bike shop; ebike rental; sporting goods store,core,standard,covered_tile,0,operator,name+loc:wilderbike,,,,ChIJK2lJSmo_mYARDD2srSNJJWQ,https://maps.google.com/?cid=7216254395517517068&g_mp=Cidnb29nbGUubWFwcy5wbGFjZXMudjEuUGxhY2VzLlNlYXJjaFRleHQQAhgEIAA
252,duplicate,gate4:name+loc:winterwonderlandskishop,Winter Wonderland Ski Shop,https://winterwonderlandskishop.com/,Sporting Goods Store,sporting_goods_store,OPERATIONAL,4.8,174,true,alpine-ski; backcountry-ski; gear-shop; nordic-ski; snowboard; snowshoe,backcountry ski rental; cross country ski rental; ski rental; ski shop; snowboard rental; snowboard shop; snowshoe rental; sporting goods store,core,standard,covered_tile,0,operator,name+loc:winterwonderlandskishop,,,,ChIJjTEeMkCQmYAROcOVmckxT1s,https://maps.google.com/?cid=6579532322546500409&g_mp=Cidnb29nbGUubWFwcy5wbGFjZXMudjEuUGxhY2VzLlNlYXJjaFRleHQQAhgEIAA
253,duplicate,gate4:name+loc:zephyrcovemarina,Zephyr Cove Marina,https://www.zephyrcove.com/zephyr-cove-marina/zephyr-cove-marina-experience?utm_source=google&utm_medium=organic&utm_campaign=gbp_listing,Marina,marina,OPERATIONAL,4.6,1140,true,alpine-ski; canoe; fishing-charter; kayak; pontoon; powerboat; pwc; sup; wakeboard; watersports,boat charter; boat rental; canoe rental; fishing charter; jet ski rental; kayak rental; kayak tours; motorboat rental; paddleboard rental; personal watercraft rental; pontoon rental; ski boat rental; ski rental; watersports rental; waverunner rental,core; gap,standard,covered_tile,0,operator,name+loc:zephyrcovemarina,,,,ChIJq6qqnhebmYARgppW84gBCww,https://maps.google.com/?cid=867789040908671618&g_mp=Cidnb29nbGUubWFwcy5wbGFjZXMudjEuUGxhY2VzLlNlYXJjaFRleHQQAhgEIAA
254,not_an_operator,gate3:vacation_rental_listing,< 15 Mi to 6 Ski Resorts: Tahoe Donner Escape!,,Lodging,lodging,OPERATIONAL,,0,true,alpine-ski,ski rental,core,standard,covered_tile,0,operator,,,,,ChIJjepXd5Dgm4AREeJJEkT5Zlo,https://maps.google.com/?cid=6514167981797925393&g_mp=Cidnb29nbGUubWFwcy5wbGFjZXMudjEuUGxhY2VzLlNlYXJjaFRleHQQAhgEIAA
255,not_an_operator,gate3:vacation_rental_listing,< 15 Mi to 6 Ski Resorts: Tahoe Donner Escape!,,Lodging,lodging,OPERATIONAL,,0,true,alpine-ski,ski rental,core,standard,covered_tile,0,operator,,,,,ChIJjepXd5Dgm4ARZKIPCStxq10,https://maps.google.com/?cid=6749612896194372196&g_mp=Cidnb29nbGUubWFwcy5wbGFjZXMudjEuUGxhY2VzLlNlYXJjaFRleHQQAhgEIAA
256,not_an_operator,gate3:vacation_rental_listing,< 15 Mi to 6 Ski Resorts: Tahoe Donner Escape!,,Lodging,lodging,OPERATIONAL,,0,true,alpine-ski,ski rental,core,standard,covered_tile,0,operator,,,,,ChIJjepXd5Dgm4ARvboH9JcEvto,https://maps.google.com/?cid=15762040796524034749&g_mp=Cidnb29nbGUubWFwcy5wbGFjZXMudjEuUGxhY2VzLlNlYXJjaFRleHQQAhgEIAA
257,not_an_operator,gate3:vacation_rental_listing,< 2 Mi to Tahoe Donner Ski Resort: Serene Retreat,,Lodging,lodging,OPERATIONAL,,0,true,alpine-ski,ski rental,core,standard,covered_tile,0,operator,,,,,ChIJZcO0_8Pgm4ARLKCZmRnRHRY,https://maps.google.com/?cid=1593659751040393260&g_mp=Cidnb29nbGUubWFwcy5wbGFjZXMudjEuUGxhY2VzLlNlYXJjaFRleHQQAhgEIAA
258,not_an_operator,gate3:vacation_rental_listing,▟ Quiet Family Getaway ▙ Hot Tub / Mountain View / Ski Resorts,,Lodging,lodging,OPERATIONAL,,0,true,alpine-ski,ski rental,core,standard,covered_tile,0,operator,,,,,ChIJ-RRi-66QmYARYecSp-EQRoc,https://maps.google.com/?cid=9747497004846737249&g_mp=Cidnb29nbGUubWFwcy5wbGFjZXMudjEuUGxhY2VzLlNlYXJjaFRleHQQAhgEIAA
259,not_an_operator,gate3:vacation_rental_listing,★★Ski In-Out! Mid-Mountain PALISADES home! Hot tub! Views! Walk to village! ★★,,Lodging,lodging,OPERATIONAL,,0,true,alpine-ski,ski rental,core,standard,covered_tile,0,operator,,,,,ChIJZfoshO3Zm4AR5BbjQ3Ekm_8,https://maps.google.com/?cid=18418355169950635748&g_mp=Cidnb29nbGUubWFwcy5wbGFjZXMudjEuUGxhY2VzLlNlYXJjaFRleHQQAhgEIAA
260,not_an_operator,gate3:vacation_rental_listing,★★Ski In-Out! Mid-Mountain PALISADES home! Hot tub! Views! Walk to village! ★★,,Lodging,lodging,OPERATIONAL,,0,true,alpine-ski,ski rental,core,standard,covered_tile,0,operator,,,,,ChIJuzAshO3Zm4ARNo0nbRT3CCM,https://maps.google.com/?cid=2524539258243878198&g_mp=Cidnb29nbGUubWFwcy5wbGFjZXMudjEuUGxhY2VzLlNlYXJjaFRleHQQAhgEIAA
261,not_an_operator,gate3:vacation_rental_listing,08: Cute Studio Bike to Beach,,Lodging,lodging,OPERATIONAL,,0,true,cycling,bike rental,core,standard,covered_tile,0,operator,,,,,ChIJuU3Fb6KPmYAR_Mhyf6xPof0,https://maps.google.com/?cid=18275976365137381628&g_mp=Cidnb29nbGUubWFwcy5wbGFjZXMudjEuUGxhY2VzLlNlYXJjaFRleHQQAhgEIAA
262,not_an_operator,gate3:vacation_rental_listing,"1 CHOICE: Tahoe Alpine Cabin, Heavenly Ski Lifts, Fireplace, shared Hot Tub",,Lodging,lodging,OPERATIONAL,,0,true,alpine-ski,ski rental,core,standard,covered_tile,0,operator,,,,,ChIJv-hIhK2QmYARDK1dPyU9CAg,https://maps.google.com/?cid=578779782303296780&g_mp=Cidnb29nbGUubWFwcy5wbGFjZXMudjEuUGxhY2VzLlNlYXJjaFRleHQQAhgEIAA
263,not_an_operator,gate3:vacation_rental_listing,1 Mi to Diamond Peak Ski Resort Condo with Pool - Apartment,,Lodging,lodging,OPERATIONAL,,0,true,alpine-ski,ski rental,core,standard,covered_tile,0,operator,,,,,ChIJzQ2JBTZwmYAROKW1pfklL5A,https://maps.google.com/?cid=10389564619524252984&g_mp=Cidnb29nbGUubWFwcy5wbGFjZXMudjEuUGxhY2VzLlNlYXJjaFRleHQQAhgEIAA
264,not_an_operator,gate3:vacation_rental_listing,1 Mi to Diamond Peak Ski Resort Forest-View Condo - Apartment,,Lodging,lodging,OPERATIONAL,,0,true,alpine-ski,ski rental,core,standard,covered_tile,0,operator,,,,,ChIJkzcjIDZwmYARJ9COmNFy69o,https://maps.google.com/?cid=15774828364328521767&g_mp=Cidnb29nbGUubWFwcy5wbGFjZXMudjEuUGxhY2VzLlNlYXJjaFRleHQQAhgEIAA
265,not_an_operator,gate3:vacation_rental_listing,1 Mi to Diamond Peak Ski Resort: Condo w/ Pool,,Lodging,lodging,OPERATIONAL,,0,true,alpine-ski,ski rental,core,standard,covered_tile,0,operator,,,,,ChIJzQ2JBTZwmYAREZ7l-nCkU_0,https://maps.google.com/?cid=18254114519815396881&g_mp=Cidnb29nbGUubWFwcy5wbGFjZXMudjEuUGxhY2VzLlNlYXJjaFRleHQQAhgEIAA
266,not_an_operator,gate3:vacation_rental_listing,1 Mi to Diamond Peak Ski Resort: Condo w/ Pool,,Lodging,lodging,OPERATIONAL,,0,true,alpine-ski,ski rental,core,standard,covered_tile,0,operator,,,,,ChIJzQ2JBTZwmYARf-J11uGUhLg,https://maps.google.com/?cid=13295915697591149183&g_mp=Cidnb29nbGUubWFwcy5wbGFjZXMudjEuUGxhY2VzLlNlYXJjaFRleHQQAhgEIAA
267,not_an_operator,gate3:vacation_rental_listing,1 Mi to Diamond Peak Ski Resort: Condo w/ Pool,,Lodging,lodging,OPERATIONAL,,0,true,alpine-ski,ski rental,core,standard,covered_tile,0,operator,,,,,ChIJzQ2JBTZwmYARqwRrHmx2bK8,https://maps.google.com/?cid=12640608460861015211&g_mp=Cidnb29nbGUubWFwcy5wbGFjZXMudjEuUGxhY2VzLlNlYXJjaFRleHQQAhgEIAA
268,not_an_operator,gate3:vacation_rental_listing,1 Mi to Diamond Peak Ski Resort: Condo w/ Pool - Apartment (3 Bedrooms),,Lodging,lodging,OPERATIONAL,,0,true,alpine-ski,ski rental,core,standard,covered_tile,0,operator,,,,,ChIJkzcjIDZwmYARJH-YzBtCfjA,https://maps.google.com/?cid=3494303048050179876&g_mp=Cidnb29nbGUubWFwcy5wbGFjZXMudjEuUGxhY2VzLlNlYXJjaFRleHQQAhgEIAA
269,not_an_operator,gate3:vacation_rental_listing,1 Mi to Diamond Peak Ski Resort: Forest-View Condo,,Lodging,lodging,OPERATIONAL,,0,true,alpine-ski,ski rental,core,standard,covered_tile,0,operator,,,,,ChIJbbAkIDZwmYARbNOg3-Z4NtU,https://maps.google.com/?cid=15363600111810696044&g_mp=Cidnb29nbGUubWFwcy5wbGFjZXMudjEuUGxhY2VzLlNlYXJjaFRleHQQAhgEIAA
270,not_an_operator,gate3:vacation_rental_listing,1 Mi to Ski Resort South Lake Tahoe Townhome - Vacation Home,,Lodging,lodging,OPERATIONAL,,0,true,alpine-ski,ski rental,core,standard,covered_tile,0,operator,,,,,ChIJj76-uQ2QmYAR2V8Cwrh5O4s,https://maps.google.com/?cid=10032746429333790681&g_mp=Cidnb29nbGUubWFwcy5wbGFjZXMudjEuUGxhY2VzLlNlYXJjaFRleHQQAhgEIAA
271,not_an_operator,gate3:vacation_rental_listing,1 Mi to Skiing Beaches: Incline Village Home! - Apartment (2 Bedrooms),,Lodging,lodging,OPERATIONAL,,0,true,alpine-ski,ski rental,core,standard,covered_tile,0,operator,,,,,ChIJRwzUd0xwmYARf1FOr6SdiYo,https://maps.google.com/?cid=9982683379684757887&g_mp=Cidnb29nbGUubWFwcy5wbGFjZXMudjEuUGxhY2VzLlNlYXJjaFRleHQQAhgEIAA
272,not_an_operator,gate3:vacation_rental_listing,10 Mi to Ski Slopes: South Lake Tahoe Home,,Lodging,lodging,OPERATIONAL,,0,true,alpine-ski,ski rental,core,standard,covered_tile,0,operator,,,,,ChIJPX-S-kiMmYARmREqFp4yd4w,https://maps.google.com/?cid=10121614342096556441&g_mp=Cidnb29nbGUubWFwcy5wbGFjZXMudjEuUGxhY2VzLlNlYXJjaFRleHQQAhgEIAA
273,not_an_operator,gate3:vacation_rental_listing,"148 | Alpine Escape Ski-In/Out, Hot Tubs & Sauna",,Lodging,lodging,OPERATIONAL,,0,true,alpine-ski,ski rental,core,standard,covered_tile,0,operator,,,,,ChIJWebj_uzZm4ARZXuEa8K5nbQ,https://maps.google.com/?cid=13014762742849239909&g_mp=Cidnb29nbGUubWFwcy5wbGFjZXMudjEuUGxhY2VzLlNlYXJjaFRleHQQAhgEIAA
274,not_an_operator,gate3:vacation_rental_listing,152 | Adventure Studio Ski-In/Out Wa She Shu,,Lodging,lodging,OPERATIONAL,,0,true,alpine-ski,ski rental; ski shop,core,standard,covered_tile,0,operator,,,,,ChIJp9Hj_uzZm4ARiGNlRojMCjI,https://maps.google.com/?cid=3605919337332171656&g_mp=Cidnb29nbGUubWFwcy5wbGFjZXMudjEuUGxhY2VzLlNlYXJjaFRleHQQAhgEIAA
275,not_an_operator,gate3:vacation_rental_listing,2 adjoining ski-in /out condos in Northstar Village Walk to Lift Hot-Tubs,,Lodging,lodging,OPERATIONAL,,0,true,alpine-ski,ski rental,core,standard,covered_tile,0,operator,,,,,ChIJxRHQEDFimYARSIEn9HgIGNs,https://maps.google.com/?cid=15787377809332601160&g_mp=Cidnb29nbGUubWFwcy5wbGFjZXMudjEuUGxhY2VzLlNlYXJjaFRleHQQAhgEIAA
276,not_an_operator,gate3:vacation_rental_listing,"2 Bedroom 1.5 bath rental in Tahoe City WiFi, XC Ski resort, boat launch nearby",,Lodging,lodging,OPERATIONAL,,0,true,alpine-ski,ski rental,core,standard,covered_tile,0,operator,,,,,ChIJY4T8vOV8mYAR7An_Ay0wcWY,https://maps.google.com/?cid=7381734234135661036&g_mp=Cidnb29nbGUubWFwcy5wbGFjZXMudjEuUGxhY2VzLlNlYXJjaFRleHQQAhgEIAA
277,not_an_operator,gate3:vacation_rental_listing,"2 bedroom, Ritz Carlton Club, Lake Tahoe, Ski-in / Ski-out resort. Click to book",,Lodging,lodging,OPERATIONAL,,0,true,alpine-ski,ski rental,core,standard,covered_tile,0,operator,,,,,ChIJgxw2fUdimYARHxlmr_JMEI4,https://maps.google.com/?cid=10236766558221637919&g_mp=Cidnb29nbGUubWFwcy5wbGFjZXMudjEuUGxhY2VzLlNlYXJjaFRleHQQAhgEIAA
278,not_an_operator,gate3:vacation_rental_listing,2 br ski in/out in Palisades Village Red Wolf Ldg,,Lodging,lodging,OPERATIONAL,,0,true,alpine-ski,ski shop,core,standard,covered_tile,0,operator,,,,,ChIJBZ8g7evZm4ARt2bq6PLF-G4,https://maps.google.com/?cid=7996358785476748983&g_mp=Cidnb29nbGUubWFwcy5wbGFjZXMudjEuUGxhY2VzLlNlYXJjaFRleHQQAhgEIAA
279,not_an_operator,gate3:vacation_rental_listing,2 Mi to Tahoe Donner Ski Resort: Forest-view Haven,,Lodging,lodging,OPERATIONAL,,0,true,alpine-ski,ski rental,core,standard,covered_tile,0,operator,,,,,ChIJe6yyRLfgm4ARD5umkNKSMDA,https://maps.google.com/?cid=3472436745770277647&g_mp=Cidnb29nbGUubWFwcy5wbGFjZXMudjEuUGxhY2VzLlNlYXJjaFRleHQQAhgEIAA
280,not_an_operator,gate3:vacation_rental_listing,2 min Walk to Inline Beach! 8 min to ski resort! Incline Village Jacuzzi /sauna \n,,Lodging,lodging,OPERATIONAL,,0,true,alpine-ski,ski rental,core,standard,covered_tile,0,operator,,,,,ChIJtUG0hT9wmYAR6aachpBy718,https://maps.google.com/?cid=6912869918096271081&g_mp=Cidnb29nbGUubWFwcy5wbGFjZXMudjEuUGxhY2VzLlNlYXJjaFRleHQQAhgEIAA
281,not_an_operator,gate3:vacation_rental_listing,"2 Northstar Lodge Resort, Truckee, Ski/In/Out-Pool",,Lodging,lodging,OPERATIONAL,,0,true,alpine-ski,ski rental,core,standard,covered_tile,0,operator,,,,,ChIJ02o-9TBimYARtJQZVonuA-I,https://maps.google.com/?cid=16286122951124292788&g_mp=Cidnb29nbGUubWFwcy5wbGFjZXMudjEuUGxhY2VzLlNlYXJjaFRleHQQAhgEIAA
282,not_an_operator,gate3:vacation_rental_listing,"2 Ski-In/Out Condos Steps to Lifts | Heated Pool, Sauna + Lake Tahoe Nearby",,Lodging,lodging,OPERATIONAL,,0,true,alpine-ski,ski rental,core,standard,covered_tile,0,operator,,,,,ChIJ3amqDu3Zm4ARYsalSuoAR2E,https://maps.google.com/?cid=7009572351300191842&g_mp=Cidnb29nbGUubWFwcy5wbGFjZXMudjEuUGxhY2VzLlNlYXJjaFRleHQQAhgEIAA
283,not_an_operator,gate3:vacation_rental_listing,2-Bedroom Family Condo-Ski-In-Ski-Out-Sleeps 6,,Lodging,lodging,OPERATIONAL,,0,true,alpine-ski,ski rental,core,standard,covered_tile,0,operator,,,,,ChIJjQN9hLSQmYARFi30nzEiXpo,https://maps.google.com/?cid=11123365726184025366&g_mp=Cidnb29nbGUubWFwcy5wbGFjZXMudjEuUGxhY2VzLlNlYXJjaFRleHQQAhgEIAA
284,not_an_operator,gate3:vacation_rental_listing,"2025-26 SKI LEASE: Cozy, Updated Tahoe Donner Townhouse",,Lodging,lodging,OPERATIONAL,,0,true,alpine-ski,ski rental,core,standard,covered_tile,0,operator,,,,,ChIJGQSNypzgm4ARP1_r0-GiYbA,https://maps.google.com/?cid=12709618714223009599&g_mp=Cidnb29nbGUubWFwcy5wbGFjZXMudjEuUGxhY2VzLlNlYXJjaFRleHQQAhgEIAA
285,not_an_operator,gate3:vacation_rental_listing,215 | Stay & Ski Studio by slopes - Full Fridge,,Lodging,lodging,OPERATIONAL,,0,true,alpine-ski,ski rental,core,standard,covered_tile,0,operator,,,,,ChIJp9Hj_uzZm4ARJKYcnNd_EHs,https://maps.google.com/?cid=8867728230306326052&g_mp=Cidnb29nbGUubWFwcy5wbGFjZXMudjEuUGxhY2VzLlNlYXJjaFRleHQQAhgEIAA
286,not_an_operator,gate3:vacation_rental_listing,227 | The Powder Pad - Premium Ski-In/Out Studio,,Lodging,lodging,OPERATIONAL,,0,true,alpine-ski,ski rental; ski shop,core,standard,covered_tile,0,operator,,,,,ChIJp9Hj_uzZm4ARbioApU2nep8,https://maps.google.com/?cid=11491681351111813742&g_mp=Cidnb29nbGUubWFwcy5wbGFjZXMudjEuUGxhY2VzLlNlYXJjaFRleHQQAhgEIAA
287,not_an_operator,gate3:vacation_rental_listing,237 | Nostalgic Ski Studio – Soak + Ski Access,,Lodging,lodging,OPERATIONAL,,0,true,alpine-ski,ski rental; ski shop,core,standard,covered_tile,0,operator,,,,,ChIJp9Hj_uzZm4ARJ9ZZkhccSyU,https://maps.google.com/?cid=2687272490221819431&g_mp=Cidnb29nbGUubWFwcy5wbGFjZXMudjEuUGxhY2VzLlNlYXJjaFRleHQQAhgEIAA
288,not_an_operator,gate3:vacation_rental_listing,243 | Premium Powder Studio - Ski In/Out + Tubs,,Lodging,lodging,OPERATIONAL,,0,true,alpine-ski,ski rental; ski shop,core,standard,covered_tile,0,operator,,,,,ChIJp9Hj_uzZm4ARorseIVPAIPM,https://maps.google.com/?cid=17519214013741710242&g_mp=Cidnb29nbGUubWFwcy5wbGFjZXMudjEuUGxhY2VzLlNlYXJjaFRleHQQAhgEIAA
289,not_an_operator,gate3:vacation_rental_listing,"3 BR Family Friendly Updated Condo Near Ski Hill, Lake & Hiking.",,Lodging,lodging,OPERATIONAL,,0,true,alpine-ski,ski rental,core,standard,covered_tile,0,operator,,,,,ChIJudcbTCnnm4ARRE50fHmSSuc,https://maps.google.com/?cid=16666294421514636868&g_mp=Cidnb29nbGUubWFwcy5wbGFjZXMudjEuUGxhY2VzLlNlYXJjaFRleHQQAhgEIAA
290,not_an_operator,gate3:vacation_rental_listing,3 min to Boulder Ski Lift! Walk to Hiking trails. Pet friendly.,,Lodging,lodging,OPERATIONAL,,0,true,alpine-ski,ski rental,core,standard,covered_tile,0,operator,,,,,ChIJ8zaVigiamYARIaIWaEsSr34,https://maps.google.com/?cid=9128535084781445665&g_mp=Cidnb29nbGUubWFwcy5wbGFjZXMudjEuUGxhY2VzLlNlYXJjaFRleHQQAhgEIAA
291,not_an_operator,gate3:vacation_rental_listing,"3 Northstar California Resort, Ski-In/out Resort",,Lodging,lodging,OPERATIONAL,,0,true,alpine-ski,ski rental,core,standard,covered_tile,0,operator,,,,,ChIJb_YjIdFjmYARLVE7iaJgsfM,https://maps.google.com/?cid=17559922673297609005&g_mp=Cidnb29nbGUubWFwcy5wbGFjZXMudjEuUGxhY2VzLlNlYXJjaFRleHQQAhgEIAA
292,not_an_operator,gate3:vacation_rental_listing,3| Northstar California Lodge | Lux Stay | Concierge | Ski,,Lodging,lodging,OPERATIONAL,,0,true,alpine-ski,ski rental,core,standard,covered_tile,0,operator,,,,,ChIJqyFoYdFjmYARenZsHnzu7Ks,https://maps.google.com/?cid=12388538891843171962&g_mp=Cidnb29nbGUubWFwcy5wbGFjZXMudjEuUGxhY2VzLlNlYXJjaFRleHQQAhgEIAA
293,not_an_operator,gate3:vacation_rental_listing,"3000sf 4BR+ Ski-in Ski-Out, Views AC!",,Lodging,lodging,OPERATIONAL,,0,true,alpine-ski,ski rental,core,standard,covered_tile,0,operator,,,,,ChIJIaZRtjbnm4ARHk-SkNc_Kec,https://maps.google.com/?cid=16656914891882516254&g_mp=Cidnb29nbGUubWFwcy5wbGFjZXMudjEuUGxhY2VzLlNlYXJjaFRleHQQAhgEIAA
294,not_an_operator,gate3:vacation_rental_listing,307 | Wa She Shu Loft Hideaway - Ski In/Out + Gym,,Lodging,lodging,OPERATIONAL,,0,true,alpine-ski,ski rental,core,standard,covered_tile,0,operator,,,,,ChIJp9Hj_uzZm4ARp7AjAIuCBVM,https://maps.google.com/?cid=5982331213545975975&g_mp=Cidnb29nbGUubWFwcy5wbGFjZXMudjEuUGxhY2VzLlNlYXJjaFRleHQQAhgEIAA
295,not_an_operator,gate3:vacation_rental_listing,321 Ski Way 172 - - pool,,Lodging,lodging,OPERATIONAL,,0,true,alpine-ski,ski rental,core,standard,covered_tile,0,operator,,,,,ChIJj9NrHTdwmYARL8Rg2jsuViw,https://maps.google.com/?cid=3194791820267668527&g_mp=Cidnb29nbGUubWFwcy5wbGFjZXMudjEuUGxhY2VzLlNlYXJjaFRleHQQAhgEIAA
296,not_an_operator,gate3:vacation_rental_listing,331 | Refined Loft - Ski In/Out w/ Full Fridge,,Lodging,lodging,OPERATIONAL,,0,true,alpine-ski,ski rental,core,standard,covered_tile,0,operator,,,,,ChIJp9Hj_uzZm4ARnJ9AwsC-gQ8,https://maps.google.com/?cid=1117383917666607004&g_mp=Cidnb29nbGUubWFwcy5wbGFjZXMudjEuUGxhY2VzLlNlYXJjaFRleHQQAhgEIAA
297,not_an_operator,gate3:vacation_rental_listing,"346 | King Loft - Ski In/Out, Steps to Slopes",,Lodging,lodging,OPERATIONAL,,0,true,alpine-ski,ski rental,core,standard,covered_tile,0,operator,,,,,ChIJp9Hj_uzZm4ARCqJE7d9lkHQ,https://maps.google.com/?cid=8399325317478785546&g_mp=Cidnb29nbGUubWFwcy5wbGFjZXMudjEuUGxhY2VzLlNlYXJjaFRleHQQAhgEIAA
298,not_an_operator,gate3:vacation_rental_listing,348 | Refreshed Loft - Ski In/Out + Full Fridge,,Lodging,lodging,OPERATIONAL,,0,true,alpine-ski,ski rental,core,standard,covered_tile,0,operator,,,,,ChIJp9Hj_uzZm4ARxHovBvoomGE,https://maps.google.com/?cid=7032415872449739460&g_mp=Cidnb29nbGUubWFwcy5wbGFjZXMudjEuUGxhY2VzLlNlYXJjaFRleHQQAhgEIAA
299,not_an_operator,gate3:vacation_rental_listing,354 | Premium Ski Loft - Oven & Scenic Valley View,,Lodging,lodging,OPERATIONAL,,0,true,alpine-ski,ski rental,core,standard,covered_tile,0,operator,,,,,ChIJp9Hj_uzZm4ARscYbbIbwgOI,https://maps.google.com/?cid=16321309509720721073&g_mp=Cidnb29nbGUubWFwcy5wbGFjZXMudjEuUGxhY2VzLlNlYXJjaFRleHQQAhgEIAA
300,not_an_operator,gate3:vacation_rental_listing,3BR 2.5BA Condo Near Skiing And Hiking Trails,,Lodging,lodging,OPERATIONAL,,0,true,alpine-ski,ski rental,core,standard,covered_tile,0,operator,,,,,ChIJoTAiOzZwmYAR6SjUHhLPGog,https://maps.google.com/?cid=9807378815286257897&g_mp=Cidnb29nbGUubWFwcy5wbGFjZXMudjEuUGxhY2VzLlNlYXJjaFRleHQQAhgEIAA
301,not_an_operator,gate3:vacation_rental_listing,3BR Condo | Ski-in /Ski-out + Spacious Living Area,,Lodging,lodging,OPERATIONAL,,0,true,alpine-ski,ski rental,core,standard,covered_tile,0,operator,,,,,ChIJ830isTBimYARhHGGStyqrqM,https://maps.google.com/?cid=11794552337249759620&g_mp=Cidnb29nbGUubWFwcy5wbGFjZXMudjEuUGxhY2VzLlNlYXJjaFRleHQQAhgEIAA
302,not_an_operator,gate3:vacation_rental_listing,3BR/2BA Ski & Hiking Townhome Near Heavenly!,,Lodging,lodging,OPERATIONAL,,0,true,alpine-ski,ski rental,core,standard,covered_tile,0,operator,,,,,ChIJh19roweamYARe3v3kWyQTaw,https://maps.google.com/?cid=12415738543710108539&g_mp=Cidnb29nbGUubWFwcy5wbGFjZXMudjEuUGxhY2VzLlNlYXJjaFRleHQQAhgEIAA
303,not_an_operator,gate3:vacation_rental_listing,"4 Bedroom Northstar World Class Mountain Resort - Ski, Hike, Bike, Wi-Fi!",,Lodging,lodging,OPERATIONAL,,0,true,alpine-ski,ski rental,core,standard,covered_tile,0,operator,,,,,ChIJNfyeDolhmYARE0WuN6ksP7w,https://maps.google.com/?cid=13564609707958486291&g_mp=Cidnb29nbGUubWFwcy5wbGFjZXMudjEuUGxhY2VzLlNlYXJjaFRleHQQAhgEIAA
304,not_an_operator,gate3:vacation_rental_listing,4 Mi to Diamond Peak Ski Resort Gem with Hot Tub - Vacation Home,,Lodging,lodging,OPERATIONAL,,0,true,alpine-ski,ski rental,core,standard,covered_tile,0,operator,,,,,ChIJI0DFtKx6mYARtDuKes4BO2k,https://maps.google.com/?cid=7582656383939132340&g_mp=Cidnb29nbGUubWFwcy5wbGFjZXMudjEuUGxhY2VzLlNlYXJjaFRleHQQAhgEIAA
305,not_an_operator,gate3:vacation_rental_listing,4 Mi to Diamond Peak Ski Resort: Gem w/ Hot Tub - House (6 Bedrooms),,Lodging,lodging,OPERATIONAL,,0,true,alpine-ski,ski rental,core,standard,covered_tile,0,operator,,,,,ChIJVQTQtKx6mYARedVIyFE78lw,https://maps.google.com/?cid=6697480818291955065&g_mp=Cidnb29nbGUubWFwcy5wbGFjZXMudjEuUGxhY2VzLlNlYXJjaFRleHQQAhgEIAA
306,not_an_operator,gate3:vacation_rental_listing,4 Mi to Downhill Ski Resort! Spacious Family Haven,,Lodging,lodging,OPERATIONAL,,0,true,alpine-ski,ski rental,core,standard,covered_tile,0,operator,,,,,ChIJxbLObY_gm4ARcWWOZj_Y9Bg,https://maps.google.com/?cid=1798299918042817905&g_mp=Cidnb29nbGUubWFwcy5wbGFjZXMudjEuUGxhY2VzLlNlYXJjaFRleHQQAhgEIAA
307,not_an_operator,gate3:vacation_rental_listing,4 Mi to Downhill Ski Resort! Spacious Family Haven,,Lodging,lodging,OPERATIONAL,,0,true,alpine-ski,ski rental,core,standard,covered_tile,0,operator,,,,,ChIJxbLObY_gm4ARaKGF7xdtg8Q,https://maps.google.com/?cid=14160281602953159016&g_mp=Cidnb29nbGUubWFwcy5wbGFjZXMudjEuUGxhY2VzLlNlYXJjaFRleHQQAhgEIAA
308,not_an_operator,gate3:vacation_rental_listing,4 Mi to Downhill Ski Resort! Spacious Family Haven,,Lodging,lodging,OPERATIONAL,,0,true,alpine-ski,ski rental,core,standard,covered_tile,0,operator,,,,,ChIJxbLObY_gm4ARbEzdf-ZYDbw,https://maps.google.com/?cid=13550584600838622316&g_mp=Cidnb29nbGUubWFwcy5wbGFjZXMudjEuUGxhY2VzLlNlYXJjaFRleHQQAhgEIAA
309,not_an_operator,gate3:vacation_rental_listing,4 Mi to Downhill Ski Resort! Spacious Family Haven,,Lodging,lodging,OPERATIONAL,,0,true,alpine-ski,ski rental,core,standard,covered_tile,0,operator,,,,,ChIJxbLObY_gm4ARjhUfzE79vG4,https://maps.google.com/?cid=7979531154667541902&g_mp=Cidnb29nbGUubWFwcy5wbGFjZXMudjEuUGxhY2VzLlNlYXJjaFRleHQQAhgEIAA
310,not_an_operator,gate3:vacation_rental_listing,4 Mi to Ski Mt Rose Sleek Reno-Lake Tahoe Home - Vacation Home,,Lodging,lodging,OPERATIONAL,,0,true,alpine-ski,ski rental,core,standard,covered_tile,0,operator,,,,,ChIJ6R2MGxVsmYARtT2JGmcM9ds,https://maps.google.com/?cid=15849588100566695349&g_mp=Cidnb29nbGUubWFwcy5wbGFjZXMudjEuUGxhY2VzLlNlYXJjaFRleHQQAhgEIAA
311,not_an_operator,gate3:vacation_rental_listing,4 Mi to Ski Mt Rose: Sleek Reno-Lake Tahoe Home,,Lodging,lodging,OPERATIONAL,,0,true,alpine-ski,ski rental,core,standard,covered_tile,0,operator,,,,,ChIJ6R2MGxVsmYARzARwBkrojAI,https://maps.google.com/?cid=183777089448576204&g_mp=Cidnb29nbGUubWFwcy5wbGFjZXMudjEuUGxhY2VzLlNlYXJjaFRleHQQAhgEIAA
312,not_an_operator,gate3:vacation_rental_listing,4 Mi to Ski Mt Rose: Sleek Reno-lake Tahoe Home - House (5 Bedrooms),,Lodging,lodging,OPERATIONAL,,0,true,alpine-ski,ski rental,core,standard,covered_tile,0,operator,,,,,ChIJ6R2MGxVsmYARDsxwPsTCohE,https://maps.google.com/?cid=1270792192988859406&g_mp=Cidnb29nbGUubWFwcy5wbGFjZXMudjEuUGxhY2VzLlNlYXJjaFRleHQQAhgEIAA
313,not_an_operator,gate3:vacation_rental_listing,4 Mi to Skiing: Truckee Escape w/ Deck,,Lodging,lodging,OPERATIONAL,,0,true,alpine-ski,ski rental,core,standard,covered_tile,0,operator,,,,,ChIJw8ABoynem4ARKJwSsDcTi2Q,https://maps.google.com/?cid=7244905555453713448&g_mp=Cidnb29nbGUubWFwcy5wbGFjZXMudjEuUGxhY2VzLlNlYXJjaFRleHQQAhgEIAA
314,not_an_operator,gate3:vacation_rental_listing,"4-Season Tahoe Hideaway Ski, Swim and Bike! - Holiday Home",,Lodging,lodging,OPERATIONAL,,0,true,cycling,bike rental,core,standard,covered_tile,0,operator,,,,,ChIJnbqGwuCNmYARqwWKuiIJcEM,https://maps.google.com/?cid=4859394042695910827&g_mp=Cidnb29nbGUubWFwcy5wbGFjZXMudjEuUGxhY2VzLlNlYXJjaFRleHQQAhgEIAA
315,not_an_operator,gate3:vacation_rental_listing,4081 Ski Trails,,Lodging,lodging,OPERATIONAL,,0,true,alpine-ski,ski rental,core,standard,covered_tile,0,operator,,,,,ChIJ90uB4TZimYARdHk4gjPmZ7E,https://maps.google.com/?cid=12783439176216902004&g_mp=Cidnb29nbGUubWFwcy5wbGFjZXMudjEuUGxhY2VzLlNlYXJjaFRleHQQAhgEIAA
316,not_an_operator,gate3:vacation_rental_listing,5 Mi to Skiing! Family Getaway Near Donner Lake,,Lodging,lodging,OPERATIONAL,,0,true,alpine-ski,ski rental,core,standard,covered_tile,0,operator,,,,,ChIJzw7Uanznm4ARjBDlRVb99eI,https://maps.google.com/?cid=16354256168847478924&g_mp=Cidnb29nbGUubWFwcy5wbGFjZXMudjEuUGxhY2VzLlNlYXJjaFRleHQQAhgEIAA
317,not_an_operator,gate3:vacation_rental_listing,"5 mins to Ski Resort | Ping Pong, Pool Table, Deck | Donner Ridge by AvantStay",,Lodging,lodging,OPERATIONAL,,0,true,alpine-ski,ski rental,core,standard,covered_tile,0,operator,,,,,ChIJuf1vYUvnm4ARyBGsdQt1kes,https://maps.google.com/?cid=16974477162615411144&g_mp=Cidnb29nbGUubWFwcy5wbGFjZXMudjEuUGxhY2VzLlNlYXJjaFRleHQQAhgEIAA
318,not_an_operator,gate3:vacation_rental_listing,5 mins to Ski Resort Ping Pong Pool Table Deck Donner Ridge by AvantStay - Four-Bedroom House,,Lodging,lodging,OPERATIONAL,,0,true,alpine-ski,ski rental,core,standard,covered_tile,0,operator,,,,,ChIJuf1vYUvnm4ARVFcQGXC0Mtw,https://maps.google.com/?cid=15866942830729516884&g_mp=Cidnb29nbGUubWFwcy5wbGFjZXMudjEuUGxhY2VzLlNlYXJjaFRleHQQAhgEIAA
319,not_an_operator,gate3:vacation_rental_listing,"5 Mins to Ski Resort Ping Pong, Pool Table, Deck Donner Ridge by Avantstay",,Lodging,lodging,OPERATIONAL,,0,true,alpine-ski,ski rental,core,standard,covered_tile,0,operator,,,,,ChIJQW_rY0vnm4ARWGfKLDeiN90,https://maps.google.com/?cid=15940387763959523160&g_mp=Cidnb29nbGUubWFwcy5wbGFjZXMudjEuUGxhY2VzLlNlYXJjaFRleHQQAhgEIAA
320,not_an_operator,gate3:vacation_rental_listing,"5 Mins to Ski Resort Ping Pong, Pool Table, Deck Donner Ridge by Avantstay",,Lodging,lodging,OPERATIONAL,,0,true,alpine-ski,ski rental,core,standard,covered_tile,0,operator,,,,,ChIJuf1vYUvnm4ARoCgt7ARKsjc,https://maps.google.com/?cid=4013351602943240352&g_mp=Cidnb29nbGUubWFwcy5wbGFjZXMudjEuUGxhY2VzLlNlYXJjaFRleHQQAhgEIAA
321,not_an_operator,gate3:vacation_rental_listing,"5 Mins to Ski Resort Ping Pong, Pool Table, Deck Donner Ridge by Avantstay",,Lodging,lodging,OPERATIONAL,,0,true,alpine-ski,ski rental,core,standard,covered_tile,0,operator,,,,,ChIJodpFMkvnm4ARSKs8OT8Zl7E,https://maps.google.com/?cid=12796724625530465096&g_mp=Cidnb29nbGUubWFwcy5wbGFjZXMudjEuUGxhY2VzLlNlYXJjaFRleHQQAhgEIAA
322,not_an_operator,gate3:vacation_rental_listing,"5 Mins to Ski Resort w/ Ping Pong, Pool Table & Deck | Donner Ridge by AvantStay",,Lodging,lodging,OPERATIONAL,,0,true,alpine-ski,ski rental,core,standard,covered_tile,0,operator,,,,,ChIJuf1vYUvnm4ARYPcZrB69KJo,https://maps.google.com/?cid=11108336420343379808&g_mp=Cidnb29nbGUubWFwcy5wbGFjZXMudjEuUGxhY2VzLlNlYXJjaFRleHQQAhgEIAA
323,not_an_operator,gate3:vacation_rental_listing,5 mins to Ski Resort! Warm & Cozy Squaw Valley Condo,,Lodging,lodging,OPERATIONAL,,0,true,alpine-ski,ski rental,core,standard,covered_tile,0,operator,,,,,ChIJK7CxGDXYm4ARLwR8I7uO9S0,https://maps.google.com/?cid=3311710035406226479&g_mp=Cidnb29nbGUubWFwcy5wbGFjZXMudjEuUGxhY2VzLlNlYXJjaFRleHQQAhgEIAA
324,not_an_operator,gate3:vacation_rental_listing,"5 star, sleds snowshoes to use, trails, early checkin /late checkout if available",,Lodging,lodging,OPERATIONAL,,0,true,snow-tube; snowshoe,sled rental; snowshoe rental,core; experience,standard,covered_tile,0,operator,,,,,ChIJaUVeWilnmYARBMZbCBAUs0s,https://maps.google.com/?cid=5454725632768067076&g_mp=Cidnb29nbGUubWFwcy5wbGFjZXMudjEuUGxhY2VzLlNlYXJjaFRleHQQAhgEIAA
325,not_an_operator,gate3:vacation_rental_listing,5BDR winter getaway with amazing views. Only 30 miles to ski resorts,,Lodging,lodging,OPERATIONAL,,0,true,alpine-ski,ski rental,core,standard,covered_tile,0,operator,,,,,ChIJT8-njudHmYAR6Ckjk20Eq9I,https://maps.google.com/?cid=15180231837648890344&g_mp=Cidnb29nbGUubWFwcy5wbGFjZXMudjEuUGxhY2VzLlNlYXJjaFRleHQQAhgEIAA
326,not_an_operator,gate3:vacation_rental_listing,5BDR winter getaway with amazing views. Only 30 miles to ski resorts,,Lodging,lodging,OPERATIONAL,,0,true,alpine-ski,ski rental,core,standard,covered_tile,0,operator,,,,,ChIJAUzbiOZHmYARNXqRwHM6Va8,https://maps.google.com/?cid=12634068598484204085&g_mp=Cidnb29nbGUubWFwcy5wbGFjZXMudjEuUGxhY2VzLlNlYXJjaFRleHQQAhgEIAA
327,not_an_operator,gate3:vacation_rental_listing,"5br, 3000ft - Tahoe Ski Lease - Large 4 /5 Bedroom Home PLUS Full Guest Apartment",,Lodging,lodging,OPERATIONAL,,0,true,alpine-ski,ski rental,core,standard,covered_tile,0,operator,,,,,ChIJ38R2Y9xkmYARTi_-tA0ol0k,https://maps.google.com/?cid=5302751125588291406&g_mp=Cidnb29nbGUubWFwcy5wbGFjZXMudjEuUGxhY2VzLlNlYXJjaFRleHQQAhgEIAA
328,not_an_operator,gate3:vacation_rental_listing,"5br, 3000ft - Tahoe Ski Lease - Large 4/5 Bedroom Home PLUS Full Guest Apartment",,Lodging,lodging,OPERATIONAL,,0,true,alpine-ski,ski rental,core,standard,covered_tile,0,operator,,,,,ChIJ6e92Y9xkmYARmJEg1wAsohI,https://maps.google.com/?cid=1342684021030687128&g_mp=Cidnb29nbGUubWFwcy5wbGFjZXMudjEuUGxhY2VzLlNlYXJjaFRleHQQAhgEIAA
329,not_an_operator,gate3:vacation_rental_listing,6 Mi to Ski Slopes! Family Tahoe Cabin w/ 3 Decks,,Lodging,lodging,OPERATIONAL,,0,true,alpine-ski,ski rental,core,standard,covered_tile,0,operator,,,,,ChIJazJ-fWJjmYARODiot12uhfA,https://maps.google.com/?cid=17331450458541668408&g_mp=Cidnb29nbGUubWFwcy5wbGFjZXMudjEuUGxhY2VzLlNlYXJjaFRleHQQAhgEIAA
330,not_an_operator,gate3:vacation_rental_listing,6 Mi to Ski Slopes! Family Tahoe Cabin w/ 3 Decks,,Lodging,lodging,OPERATIONAL,,0,true,alpine-ski,ski rental,core,standard,covered_tile,0,operator,,,,,ChIJW6im7Z5kmYARR8LzRvd5ifQ,https://maps.google.com/?cid=17620749120018039367&g_mp=Cidnb29nbGUubWFwcy5wbGFjZXMudjEuUGxhY2VzLlNlYXJjaFRleHQQAhgEIAA
331,not_an_operator,gate3:vacation_rental_listing,6 Mi to Ski Slopes! Family Tahoe Cabin w/ 3 Decks,,Lodging,lodging,OPERATIONAL,,0,true,alpine-ski,ski rental,core,standard,covered_tile,0,operator,,,,,ChIJW6im7Z5kmYARuwstO5moh9c,https://maps.google.com/?cid=15530567216086715323&g_mp=Cidnb29nbGUubWFwcy5wbGFjZXMudjEuUGxhY2VzLlNlYXJjaFRleHQQAhgEIAA
332,not_an_operator,gate3:vacation_rental_listing,716 | 2BD Ski In/Out Basecamp with W/D + Tubs,,Lodging,lodging,OPERATIONAL,,0,true,alpine-ski,ski rental; ski shop,core,standard,covered_tile,0,operator,,,,,ChIJp9Hj_uzZm4ARwHHoSzt6lbM,https://maps.google.com/?cid=12940383499414172096&g_mp=Cidnb29nbGUubWFwcy5wbGFjZXMudjEuUGxhY2VzLlNlYXJjaFRleHQQAhgEIAA
333,not_an_operator,gate3:vacation_rental_listing,"7BR Summer Oasis: Bikes, SUPs & Walk to Lake!",,Lodging,lodging,OPERATIONAL,,0,true,cycling,bike rental,core,standard,covered_tile,0,operator,,,,,ChIJcdq8EUxjmYAR9ycSbN7NCSo,https://maps.google.com/?cid=3029178579562932215&g_mp=Cidnb29nbGUubWFwcy5wbGFjZXMudjEuUGxhY2VzLlNlYXJjaFRleHQQAhgEIAA
334,not_an_operator,gate3:vacation_rental_listing,801 | Modern 2BD - Ski-In/Out just Park n’ Play!,,Lodging,lodging,OPERATIONAL,,0,true,alpine-ski,ski rental; ski shop,core,standard,covered_tile,0,operator,,,,,ChIJp9Hj_uzZm4ARFzzf6Qvd4J8,https://maps.google.com/?cid=11520450890051828759&g_mp=Cidnb29nbGUubWFwcy5wbGFjZXMudjEuUGxhY2VzLlNlYXJjaFRleHQQAhgEIAA
335,not_an_operator,gate3:vacation_rental_listing,A South Lake Tahoe Mountain Getaway and Ski Lodge!,,Lodging,lodging,OPERATIONAL,,0,true,alpine-ski,ski rental,core,standard,covered_tile,0,operator,,,,,ChIJo8uqUwaamYARfN3MA_KS5-c,https://maps.google.com/?cid=16710486510525013372&g_mp=Cidnb29nbGUubWFwcy5wbGFjZXMudjEuUGxhY2VzLlNlYXJjaFRleHQQAhgEIAA
336,not_an_operator,gate3:vacation_rental_listing,Adorable & stylish ski-in-ski-out condo with fireplace,,Lodging,lodging,OPERATIONAL,,0,true,alpine-ski,ski rental,core,standard,covered_tile,0,operator,,,,,ChIJPdLB_DZimYARIg8BrtmGGZE,https://maps.google.com/?cid=10455536279402647330&g_mp=Cidnb29nbGUubWFwcy5wbGFjZXMudjEuUGxhY2VzLlNlYXJjaFRleHQQAhgEIAA
337,not_an_operator,gate3:vacation_rental_listing,Adorable & stylish ski-in-ski-out condo with fireplace,,Lodging,lodging,OPERATIONAL,,0,true,alpine-ski,ski rental,core,standard,covered_tile,0,operator,,,,,ChIJPdLB_DZimYARyn5uv9q9H_M,https://maps.google.com/?cid=17518929822706728650&g_mp=Cidnb29nbGUubWFwcy5wbGFjZXMudjEuUGxhY2VzLlNlYXJjaFRleHQQAhgEIAA
338,not_an_operator,gate3:vacation_rental_listing,Adorable stylish ski-in /out condo with fireplace,,Lodging,lodging,OPERATIONAL,,0,true,alpine-ski,ski rental,core,standard,covered_tile,0,operator,,,,,ChIJu17q_DZimYARLynSXSjIXeM,https://maps.google.com/?cid=16383471095142033711&g_mp=Cidnb29nbGUubWFwcy5wbGFjZXMudjEuUGxhY2VzLlNlYXJjaFRleHQQAhgEIAA
339,not_an_operator,gate3:vacation_rental_listing,Affordable Luxury-Fastest Wifi Available-Winter Fun with Sled Run,,Lodging,lodging,OPERATIONAL,,0,false,snow-tube,sled rental,experience,standard,covered_tile,0,operator,,,,,ChIJie_kbIt_mYAR7gBMye_L-R0,https://maps.google.com/?cid=2159981727035687150&g_mp=Cidnb29nbGUubWFwcy5wbGFjZXMudjEuUGxhY2VzLlNlYXJjaFRleHQQAhgEIAA
340,not_an_operator,gate3:vacation_rental_listing,"AL Unit 3 - NEWLY Renovated room - Walk to Ski, Shop, Relax! - One-Bedroom Apartment",,Lodging,lodging,OPERATIONAL,,0,true,alpine-ski,ski rental; ski shop,core,standard,covered_tile,0,operator,,,,,ChIJrwvw63OQmYAR0Y_HgGTmeCY,https://maps.google.com/?cid=2772218889978220497&g_mp=Cidnb29nbGUubWFwcy5wbGFjZXMudjEuUGxhY2VzLlNlYXJjaFRleHQQAhgEIAA
341,not_an_operator,gate3:vacation_rental_listing,"Aloha Cabin: Best Backyard Sledding Hill, Snowplay and Family and Group Friendly",,Lodging,lodging,OPERATIONAL,,0,false,snow-tube,sled rental,experience,standard,covered_tile,0,operator,,,,,ChIJvVoEPr3gm4ARBFRWXZU192g,https://maps.google.com/?cid=7563573014824375300&g_mp=Cidnb29nbGUubWFwcy5wbGFjZXMudjEuUGxhY2VzLlNlYXJjaFRleHQQAhgEIAA
342,not_an_operator,gate3:vacation_rental_listing,Alpen Glow | Ski-In/Ski-Out Luxury Retreat,,Lodging,lodging,OPERATIONAL,,0,true,alpine-ski,ski rental,core,standard,covered_tile,0,operator,,,,,ChIJ4yRt_jhimYARaePS77yXhsU,https://maps.google.com/?cid=14233230510084252521&g_mp=Cidnb29nbGUubWFwcy5wbGFjZXMudjEuUGxhY2VzLlNlYXJjaFRleHQQAhgEIAA
343,not_an_operator,gate3:vacation_rental_listing,Alpine Adventure- Shuttle to Ski Lifts- Hot Tub- Pet Friendly - Five-Bedroom House,,Lodging,lodging,OPERATIONAL,,0,true,alpine-ski,ski rental; ski shop,core,standard,covered_tile,0,operator,,,,,ChIJATEYOVrXm4ARDDKk8E_IRm8,https://maps.google.com/?cid=8018316432245010956&g_mp=Cidnb29nbGUubWFwcy5wbGFjZXMudjEuUGxhY2VzLlNlYXJjaFRleHQQAhgEIAA
344,not_an_operator,gate3:vacation_rental_listing,Alpine Bay by AvantStay | 5mins To Diamond Peak Skiing w/ Expansive Deck,,Lodging,lodging,OPERATIONAL,,0,true,alpine-ski,ski rental,core,standard,covered_tile,0,operator,,,,,ChIJGa0h3uVvmYARrlIQHwExPRU,https://maps.google.com/?cid=1530433329261728430&g_mp=Cidnb29nbGUubWFwcy5wbGFjZXMudjEuUGxhY2VzLlNlYXJjaFRleHQQAhgEIAA
345,not_an_operator,gate3:vacation_rental_listing,Alpine Bay by Avantstay 5mins To Diamond Peak Skiing w/ Expansive Deck,,Lodging,lodging,OPERATIONAL,,0,true,alpine-ski,ski rental,core,standard,covered_tile,0,operator,,,,,ChIJAWA0heZvmYARC91vxLwhnQg,https://maps.google.com/?cid=620689418280230155&g_mp=Cidnb29nbGUubWFwcy5wbGFjZXMudjEuUGxhY2VzLlNlYXJjaFRleHQQAhgEIAA
346,not_an_operator,gate3:vacation_rental_listing,"Alpine Bliss- Stylish, Dog Friendly, Plus Seasonal Ski Shuttle",,Lodging,lodging,OPERATIONAL,,0,true,alpine-ski,ski rental,core,standard,covered_tile,0,operator,,,,,ChIJRTm0aHvXm4ARoQJf_9SpLWA,https://maps.google.com/?cid=6930382133875638945&g_mp=Cidnb29nbGUubWFwcy5wbGFjZXMudjEuUGxhY2VzLlNlYXJjaFRleHQQAhgEIAA
347,not_an_operator,gate3:vacation_rental_listing,"Alpine Escape (Room), near lake ski",,Lodging,lodging,OPERATIONAL,,0,true,alpine-ski,ski rental,core,standard,covered_tile,0,operator,,,,,ChIJUy3wGYZ9mYARohjQLFgDZOQ,https://maps.google.com/?cid=16457282615562475682&g_mp=Cidnb29nbGUubWFwcy5wbGFjZXMudjEuUGxhY2VzLlNlYXJjaFRleHQQAhgEIAA
348,not_an_operator,gate3:vacation_rental_listing,Alpine Escape by Tahoe Getaways - Shuttle to Ski Slopes & Fireplace,,Lodging,lodging,OPERATIONAL,,0,true,alpine-ski,ski rental,core,standard,covered_tile,0,operator,,,,,ChIJ8ayu8WPXm4ARmNkIDqWYaLM,https://maps.google.com/?cid=12927750565039495576&g_mp=Cidnb29nbGUubWFwcy5wbGFjZXMudjEuUGxhY2VzLlNlYXJjaFRleHQQAhgEIAA
349,not_an_operator,gate3:vacation_rental_listing,Alpine Meadows ski retreat ~ Sauna,,Lodging,lodging,OPERATIONAL,,0,true,alpine-ski,ski rental,core,standard,covered_tile,0,operator,,,,,ChIJnUz5EXzXm4AR-FGmWmPPpek,https://maps.google.com/?cid=16836090807624028664&g_mp=Cidnb29nbGUubWFwcy5wbGFjZXMudjEuUGxhY2VzLlNlYXJjaFRleHQQAhgEIAA
350,not_an_operator,gate3:vacation_rental_listing,Alpine Retreat Luxury Rental,,Lodging,lodging,OPERATIONAL,,0,true,alpine-ski,ski rental,core,standard,covered_tile,0,operator,,,,,ChIJvZnrxe7Xm4ARmAqOsL9hfu4,https://maps.google.com/?cid=17185280704021138072&g_mp=Cidnb29nbGUubWFwcy5wbGFjZXMudjEuUGxhY2VzLlNlYXJjaFRleHQQAhgEIAA
351,not_an_operator,gate3:vacation_rental_listing,"Alpine Sierra at Schaffer's Mill, Club Amenities Ski & Golf, Lake Tahoe!",,Lodging,lodging,OPERATIONAL,,0,true,alpine-ski,ski rental,core,standard,covered_tile,0,operator,,,,,ChIJ7ZeQ7n7fm4ARjH5jNPc88cM,https://maps.google.com/?cid=14119133339216739980&g_mp=Cidnb29nbGUubWFwcy5wbGFjZXMudjEuUGxhY2VzLlNlYXJjaFRleHQQAhgEIAA
352,not_an_operator,gate3:vacation_rental_listing,Amazing location close to Heavenly available for ski season,,Lodging,lodging,OPERATIONAL,,0,true,alpine-ski,ski rental,core,standard,covered_tile,0,operator,,,,,ChIJywEavBWQmYARtVB1I0NJqGQ,https://maps.google.com/?cid=7253127752586711221&g_mp=Cidnb29nbGUubWFwcy5wbGFjZXMudjEuUGxhY2VzLlNlYXJjaFRleHQQAhgEIAA
353,not_an_operator,gate3:vacation_rental_listing,Amazing Ski-In/Ski-Out Everline Condo,,Lodging,lodging,OPERATIONAL,,0,true,alpine-ski,ski rental,core,standard,covered_tile,0,operator,,,,,ChIJoyC-wcXZm4AR5qwkfnZ4zRA,https://maps.google.com/?cid=1210756325150338278&g_mp=Cidnb29nbGUubWFwcy5wbGFjZXMudjEuUGxhY2VzLlNlYXJjaFRleHQQAhgEIAA
354,not_an_operator,gate3:vacation_rental_listing,Apres Ski on Sandy Way - Adventure-ready Palisades Home with Private Hot Tub,,Lodging,lodging,OPERATIONAL,,0,true,alpine-ski,ski rental,core,standard,covered_tile,0,operator,,,,,ChIJhd98LbnZm4AR9JzFQmZdo_c,https://maps.google.com/?cid=17844208842360331508&g_mp=Cidnb29nbGUubWFwcy5wbGFjZXMudjEuUGxhY2VzLlNlYXJjaFRleHQQAhgEIAA
355,not_an_operator,gate3:vacation_rental_listing,Apres with Me in Palisades Tahoe | Ski Shuttle,,Lodging,lodging,OPERATIONAL,,0,true,alpine-ski,ski rental,core,standard,covered_tile,0,operator,,,,,ChIJL2qooTXYm4AR8Wk-NZJsvcU,https://maps.google.com/?cid=14248664171284425201&g_mp=Cidnb29nbGUubWFwcy5wbGFjZXMudjEuUGxhY2VzLlNlYXJjaFRleHQQAhgEIAA
356,not_an_operator,gate3:vacation_rental_listing,Attention all skiers/snowborders. Looking for a great ski lease for this season?,,Lodging,lodging,OPERATIONAL,,0,true,alpine-ski,ski rental,core,standard,covered_tile,0,operator,,,,,ChIJ6coYir-PmYARWBPh73rZaEw,https://maps.google.com/?cid=5505889666494174040&g_mp=Cidnb29nbGUubWFwcy5wbGFjZXMudjEuUGxhY2VzLlNlYXJjaFRleHQQAhgEIAA
357,not_an_operator,gate3:vacation_rental_listing,"Available for All Seasons; Sorry, No Ski Leases",,Lodging,lodging,OPERATIONAL,,0,true,alpine-ski,ski rental,core,standard,covered_tile,0,operator,,,,,ChIJ1SbYwa32mYARAKJ7fkJDhk4,https://maps.google.com/?cid=5658283934706541056&g_mp=Cidnb29nbGUubWFwcy5wbGFjZXMudjEuUGxhY2VzLlNlYXJjaFRleHQQAhgEIAA
358,not_an_operator,gate3:vacation_rental_listing,Base Camp G- Ski-in / Ski-out Condo in Tahoe Donner,,Lodging,lodging,OPERATIONAL,,0,true,alpine-ski,ski rental,core,standard,covered_tile,0,operator,,,,,ChIJ5Y6du5fgm4ARM2PP3xKmTgs,https://maps.google.com/?cid=814771182595171123&g_mp=Cidnb29nbGUubWFwcy5wbGFjZXMudjEuUGxhY2VzLlNlYXJjaFRleHQQAhgEIAA
359,not_an_operator,gate3:vacation_rental_listing,Base Camp G- Ski-in / Ski-out Condo in Tahoe Donner,,Lodging,lodging,OPERATIONAL,,0,true,alpine-ski,ski rental,core,standard,covered_tile,0,operator,,,,,ChIJOQSeu5fgm4ARhbKUvBxKVZw,https://maps.google.com/?cid=11264991530220565125&g_mp=Cidnb29nbGUubWFwcy5wbGFjZXMudjEuUGxhY2VzLlNlYXJjaFRleHQQAhgEIAA
360,not_an_operator,gate3:vacation_rental_listing,Beach and Skiing at Zephyr Cove house,,Lodging,lodging,OPERATIONAL,,0,true,alpine-ski,ski rental,core,standard,covered_tile,0,operator,,,,,ChIJcXkHxWibmYARy2XYCmBYczQ,https://maps.google.com/?cid=3779461681816036811&g_mp=Cidnb29nbGUubWFwcy5wbGFjZXMudjEuUGxhY2VzLlNlYXJjaFRleHQQAhgEIAA
361,not_an_operator,gate3:vacation_rental_listing,Beach and Skiing at Zephyr Cove House,,Lodging,lodging,OPERATIONAL,,0,true,alpine-ski,ski rental,core,standard,covered_tile,0,operator,,,,,ChIJdbBACGebmYARXq8c0_y4Wvc,https://maps.google.com/?cid=17823761871285301086&g_mp=Cidnb29nbGUubWFwcy5wbGFjZXMudjEuUGxhY2VzLlNlYXJjaFRleHQQAhgEIAA
362,not_an_operator,gate3:vacation_rental_listing,Beach-N-Ski Condo,,Lodging,lodging,OPERATIONAL,,0,true,alpine-ski,ski rental,core,standard,covered_tile,0,operator,,,,,ChIJMabJfstkmYARCjiPMwxgzn0,https://maps.google.com/?cid=9065288705464285194&g_mp=Cidnb29nbGUubWFwcy5wbGFjZXMudjEuUGxhY2VzLlNlYXJjaFRleHQQAhgEIAA
363,not_an_operator,gate3:vacation_rental_listing,Beachfront Ski Cabin,,Lodging,lodging,OPERATIONAL,,0,true,alpine-ski,ski rental,core,standard,covered_tile,0,operator,,,,,ChIJiylBRkRwmYARaQpGw_8R2G4,https://maps.google.com/?cid=7987153729332054633&g_mp=Cidnb29nbGUubWFwcy5wbGFjZXMudjEuUGxhY2VzLlNlYXJjaFRleHQQAhgEIAA
364,not_an_operator,gate3:vacation_rental_listing,Bear Creek cozy ski /hike retreat in Alpine Meadows.,,Lodging,lodging,OPERATIONAL,,0,true,alpine-ski,ski rental,core,standard,covered_tile,0,operator,,,,,ChIJsYUIrF7Xm4ARhYfYOgjxegY,https://maps.google.com/?cid=466950529035569029&g_mp=Cidnb29nbGUubWFwcy5wbGFjZXMudjEuUGxhY2VzLlNlYXJjaFRleHQQAhgEIAA
365,not_an_operator,gate3:vacation_rental_listing,Bear Creek cozy ski/hike retreat in Alpine Meadows.,,Lodging,lodging,OPERATIONAL,,0,true,alpine-ski,ski rental,core,standard,covered_tile,0,operator,,,,,ChIJD6MIrF7Xm4AR5zwPr1RtrsA,https://maps.google.com/?cid=13884154911711509735&g_mp=Cidnb29nbGUubWFwcy5wbGFjZXMudjEuUGxhY2VzLlNlYXJjaFRleHQQAhgEIAA
366,not_an_operator,gate3:vacation_rental_listing,Bear Haus - Sledding At Cabin - Forest Views - Foosball - Three-Bedroom Chalet,,Lodging,lodging,OPERATIONAL,,0,false,snow-tube,sled rental,experience,standard,covered_tile,0,operator,,,,,ChIJacYbFnaOmYARbyoen9NSU1k,https://maps.google.com/?cid=6436579361303702127&g_mp=Cidnb29nbGUubWFwcy5wbGFjZXMudjEuUGxhY2VzLlNlYXJjaFRleHQQAhgEIAA
367,not_an_operator,gate3:vacation_rental_listing,Bearfoot Cabin: Walk to Ski Shuttle /Lake /Dining,,Lodging,lodging,OPERATIONAL,,0,true,alpine-ski,ski rental,core,standard,covered_tile,0,operator,,,,,ChIJb7d8CA6QmYAR-j-rH_EsivU,https://maps.google.com/?cid=17693003500208472058&g_mp=Cidnb29nbGUubWFwcy5wbGFjZXMudjEuUGxhY2VzLlNlYXJjaFRleHQQAhgEIAA
368,not_an_operator,gate3:vacation_rental_listing,Bearfoot Lodge- 5 BR Walk To Ski Resort- Pet Friendly- Gym and Pool Access,,Lodging,lodging,OPERATIONAL,,0,true,alpine-ski,ski rental,core,standard,covered_tile,0,operator,,,,,ChIJnQmQ3Sjnm4ARIwXrbNosm5M,https://maps.google.com/?cid=10636144261607392547&g_mp=Cidnb29nbGUubWFwcy5wbGFjZXMudjEuUGxhY2VzLlNlYXJjaFRleHQQAhgEIAA
369,not_an_operator,gate3:vacation_rental_listing,"Beautiful 3BR Ski-in,Ski-out Donner Condo - Apartment",,Lodging,lodging,OPERATIONAL,,0,true,alpine-ski,ski rental,core,standard,covered_tile,0,operator,,,,,ChIJIZl9qS_nm4ARldtYZMuLKBI,https://maps.google.com/?cid=1308449397429296021&g_mp=Cidnb29nbGUubWFwcy5wbGFjZXMudjEuUGxhY2VzLlNlYXJjaFRleHQQAhgEIAA
370,not_an_operator,gate3:vacation_rental_listing,"Beautiful 3BR Ski-in,Ski-out Donner Condo - Apartment",,Lodging,lodging,OPERATIONAL,,0,true,alpine-ski,ski rental,core,standard,covered_tile,0,operator,,,,,ChIJIZl9qS_nm4ARw5oAN-pwa88,https://maps.google.com/?cid=14946163939606567619&g_mp=Cidnb29nbGUubWFwcy5wbGFjZXMudjEuUGxhY2VzLlNlYXJjaFRleHQQAhgEIAA
371,not_an_operator,gate3:vacation_rental_listing,Beautiful 3BR Ski-in/Ski-out Donner Condo,,Lodging,lodging,OPERATIONAL,,0,true,alpine-ski,ski rental,core,standard,covered_tile,0,operator,,,,,ChIJg219qS_nm4ARvv2trVLI8fw,https://maps.google.com/?cid=18226569424371842494&g_mp=Cidnb29nbGUubWFwcy5wbGFjZXMudjEuUGxhY2VzLlNlYXJjaFRleHQQAhgEIAA
372,not_an_operator,gate3:vacation_rental_listing,Beautiful 3BR Ski-in/Ski-out Donner Condo,,Lodging,lodging,OPERATIONAL,,0,true,alpine-ski,ski rental,core,standard,covered_tile,0,operator,,,,,ChIJmVm8qi_nm4ARYAR-UZAccnI,https://maps.google.com/?cid=8246685273836880992&g_mp=Cidnb29nbGUubWFwcy5wbGFjZXMudjEuUGxhY2VzLlNlYXJjaFRleHQQAhgEIAA
373,not_an_operator,gate3:vacation_rental_listing,"Beautiful Cabin in Truckee with Ski, Golf & Lake Access, Forest Views",,Lodging,lodging,OPERATIONAL,,0,true,alpine-ski,ski rental,core,standard,covered_tile,0,operator,,,,,ChIJQVKM9krnm4ARRFrAXYvFrpw,https://maps.google.com/?cid=11290178518228425284&g_mp=Cidnb29nbGUubWFwcy5wbGFjZXMudjEuUGxhY2VzLlNlYXJjaFRleHQQAhgEIAA
374,not_an_operator,gate3:vacation_rental_listing,Beautiful Mountain 2 Bedroom Ski-In/Ski-Out in Ski Trails,,Lodging,lodging,OPERATIONAL,,0,true,alpine-ski,ski rental,core,standard,covered_tile,0,operator,,,,,ChIJqavxSTZimYARASwIvSfcbqg,https://maps.google.com/?cid=12136880109043330049&g_mp=Cidnb29nbGUubWFwcy5wbGFjZXMudjEuUGxhY2VzLlNlYXJjaFRleHQQAhgEIAA
375,not_an_operator,gate3:vacation_rental_listing,Beautiful New Ski Home on Truckee River,,Lodging,lodging,OPERATIONAL,,0,true,alpine-ski,ski rental,core,standard,covered_tile,0,operator,,,,,ChIJBwJnkZTfm4ARjpLqbwr8zaw,https://maps.google.com/?cid=12451885666506805902&g_mp=Cidnb29nbGUubWFwcy5wbGFjZXMudjEuUGxhY2VzLlNlYXJjaFRleHQQAhgEIAA
376,not_an_operator,gate3:vacation_rental_listing,Beautiful Ski In /Ski Out Lodge in Northstar,,Lodging,lodging,OPERATIONAL,,0,true,alpine-ski,ski rental,core,standard,covered_tile,0,operator,,,,,ChIJNbz6kzBimYAR7tk6MR1xHHY,https://maps.google.com/?cid=8510801766017325550&g_mp=Cidnb29nbGUubWFwcy5wbGFjZXMudjEuUGxhY2VzLlNlYXJjaFRleHQQAhgEIAA
377,not_an_operator,gate3:vacation_rental_listing,Beautiful Tahoe Keys Home on the Water with Boat Dock near Heavenly Ski Resort,,Lodging,lodging,OPERATIONAL,,0,true,powerboat,boat rental,core,standard,covered_tile,0,operator,,,,,ChIJw0P8x4KPmYARRpA4qrx4LEs,https://maps.google.com/?cid=5416837203524882502&g_mp=Cidnb29nbGUubWFwcy5wbGFjZXMudjEuUGxhY2VzLlNlYXJjaFRleHQQAhgEIAA
378,not_an_operator,gate3:vacation_rental_listing,"Beautiful, Sunny, Quiet Tahoe House for Summer Ski Getaways",,Lodging,lodging,OPERATIONAL,,0,true,alpine-ski,ski rental,core,standard,covered_tile,0,operator,,,,,ChIJnZnqaOpkmYARVe5_8-KFdu8,https://maps.google.com/?cid=17255126232110984789&g_mp=Cidnb29nbGUubWFwcy5wbGFjZXMudjEuUGxhY2VzLlNlYXJjaFRleHQQAhgEIAA
379,not_an_operator,gate3:vacation_rental_listing,Beloved Tahoe Donner Ski Chalet - Three Bedroom holiday home,,Lodging,lodging,OPERATIONAL,,0,true,alpine-ski,ski rental,core,standard,covered_tile,0,operator,,,,,ChIJoTBwFJ_gm4ARoRPQlDjfg74,https://maps.google.com/?cid=13728061523263230881&g_mp=Cidnb29nbGUubWFwcy5wbGFjZXMudjEuUGxhY2VzLlNlYXJjaFRleHQQAhgEIAA
380,not_an_operator,gate3:vacation_rental_listing,Big Group Ski Cabin w/ Pool Table & Wood Fireplace,,Lodging,lodging,OPERATIONAL,,0,true,alpine-ski,ski rental,core,standard,covered_tile,0,operator,,,,,ChIJJwfkNcJkmYAR7JmztUxAmm8,https://maps.google.com/?cid=8041810782833580524&g_mp=Cidnb29nbGUubWFwcy5wbGFjZXMudjEuUGxhY2VzLlNlYXJjaFRleHQQAhgEIAA
381,not_an_operator,gate3:disc_golf_course_no_website,Bijou Disc Golf Course,,Athletic Field,athletic_field,OPERATIONAL,4.9,35,true,disc-golf,disc golf rental,core,standard,covered_tile,0,operator,,,,,ChIJ0wYJ9o6RmYAR1kC1SzvBUJI,https://maps.google.com/?cid=10543139188091732182&g_mp=Cidnb29nbGUubWFwcy5wbGFjZXMudjEuUGxhY2VzLlNlYXJjaFRleHQQAhgEIAA
382,not_an_operator,gate3:vacation_rental_listing,"Bike, Ski, Hike! Northstar Coyote Fork",,Lodging,lodging,OPERATIONAL,,0,true,alpine-ski,ski rental,core,standard,covered_tile,0,operator,,,,,ChIJyy8IUTZimYAR3QOphodxzvE,https://maps.google.com/?cid=17423988835236774877&g_mp=Cidnb29nbGUubWFwcy5wbGFjZXMudjEuUGxhY2VzLlNlYXJjaFRleHQQAhgEIAA
383,not_an_operator,gate3:vacation_rental_listing,"Bikes, Grill & Views: Luxe Truckee Cabin!",,Lodging,lodging,OPERATIONAL,,0,true,cycling,bike rental,core,standard,covered_tile,0,operator,,,,,ChIJSXqou8rgm4ARsGCyspjgQyg,https://maps.google.com/?cid=2901409531394416816&g_mp=Cidnb29nbGUubWFwcy5wbGFjZXMudjEuUGxhY2VzLlNlYXJjaFRleHQQAhgEIAA
384,not_an_operator,gate3:vacation_rental_listing,"Bikes, Grill & Views: Luxe Truckee Cabin!",,Lodging,lodging,OPERATIONAL,,0,true,cycling,bike rental,core,standard,covered_tile,0,operator,,,,,ChIJSXqou8rgm4ARVrhZtYntgno,https://maps.google.com/?cid=8827879395308451926&g_mp=Cidnb29nbGUubWFwcy5wbGFjZXMudjEuUGxhY2VzLlNlYXJjaFRleHQQAhgEIAA
385,not_an_operator,gate3:vacation_rental_listing,"Bikes, Grill & Views: Luxe Truckee Cabin!",,Lodging,lodging,OPERATIONAL,,0,true,cycling,bike rental,core,standard,covered_tile,0,operator,,,,,ChIJSXqou8rgm4ARwBWG6rP6bFo,https://maps.google.com/?cid=6515858411539011008&g_mp=Cidnb29nbGUubWFwcy5wbGFjZXMudjEuUGxhY2VzLlNlYXJjaFRleHQQAhgEIAA
386,not_an_operator,gate3:vacation_rental_listing,"Bikes, Grill & Views: Luxe Truckee Cabin!",,Lodging,lodging,OPERATIONAL,,0,true,cycling,bike rental,core,standard,covered_tile,0,operator,,,,,ChIJSXqou8rgm4ARRWiYSGFmnz8,https://maps.google.com/?cid=4584495513702262853&g_mp=Cidnb29nbGUubWFwcy5wbGFjZXMudjEuUGxhY2VzLlNlYXJjaFRleHQQAhgEIAA
387,not_an_operator,gate3:vacation_rental_listing,"Blitzen by Avantstay Pet-friendly Tahoe Retreat, Near Heavenly Ski Resort",,Lodging,lodging,OPERATIONAL,,0,true,alpine-ski,ski rental,core,standard,covered_tile,0,operator,,,,,ChIJ5fe37cqNmYAR06z2QWwxdCQ,https://maps.google.com/?cid=2626778823696755923&g_mp=Cidnb29nbGUubWFwcy5wbGFjZXMudjEuUGxhY2VzLlNlYXJjaFRleHQQAhgEIAA
388,not_an_operator,gate3:vacation_rental_listing,"Blue Bear Haus - biking/hiking trails from condo, walking distance ski resort",,Lodging,lodging,OPERATIONAL,,0,true,alpine-ski,ski rental,core,standard,covered_tile,0,operator,,,,,ChIJDWJNabKQmYAReFv_kKlOw-o,https://maps.google.com/?cid=16916451115522808696&g_mp=Cidnb29nbGUubWFwcy5wbGFjZXMudjEuUGxhY2VzLlNlYXJjaFRleHQQAhgEIAA
389,not_an_operator,gate3:vacation_rental_listing,Boat House - Five-Bedroom House,,Lodging,lodging,OPERATIONAL,,0,true,powerboat,boat rental,core,standard,covered_tile,0,operator,,,,,ChIJOah2yS_om4ARJKlMUAHl9e8,https://maps.google.com/?cid=17290978138163816740&g_mp=Cidnb29nbGUubWFwcy5wbGFjZXMudjEuUGxhY2VzLlNlYXJjaFRleHQQAhgEIAA
390,not_an_operator,gate3:vacation_rental_listing,Boulders Truckee Condo Near Donner Lake + Skiing!,,Lodging,lodging,OPERATIONAL,,0,true,alpine-ski,ski rental,core,standard,covered_tile,0,operator,,,,,ChIJ2zGTCDbem4AROLrncIGUKqU,https://maps.google.com/?cid=11901488248945883704&g_mp=Cidnb29nbGUubWFwcy5wbGFjZXMudjEuUGxhY2VzLlNlYXJjaFRleHQQAhgEIAA
391,not_an_operator,gate3:vacation_rental_listing,Boulders Truckee Condo Near Donner Lake + Skiing!,,Lodging,lodging,OPERATIONAL,,0,true,alpine-ski,ski rental,core,standard,covered_tile,0,operator,,,,,ChIJyUpABzXem4ARMwlpcz87cxA,https://maps.google.com/?cid=1185356270633814323&g_mp=Cidnb29nbGUubWFwcy5wbGFjZXMudjEuUGxhY2VzLlNlYXJjaFRleHQQAhgEIAA
392,not_an_operator,gate3:vacation_rental_listing,Breathtaking Lakefront Home- Private beach-Fabulous sunsets-Paddleboards & canoe,,Lodging,lodging,OPERATIONAL,,0,true,canoe,canoe rental,core,standard,covered_tile,0,operator,,,,,ChIJb1l6g9uamYARZSlY_MBz5Ek,https://maps.google.com/?cid=5324507932163320165&g_mp=Cidnb29nbGUubWFwcy5wbGFjZXMudjEuUGxhY2VzLlNlYXJjaFRleHQQAhgEIAA
393,not_an_operator,gate3:vacation_rental_listing,"Bright, Stylish, Equipped, Pet-Friendly, Great Location, Lake access, Ski lodge!",,Lodging,lodging,OPERATIONAL,,0,true,alpine-ski,ski rental,core,standard,covered_tile,0,operator,,,,,ChIJdaHqV3zgm4ARV03ECDTRZqw,https://maps.google.com/?cid=12422846643563679063&g_mp=Cidnb29nbGUubWFwcy5wbGFjZXMudjEuUGxhY2VzLlNlYXJjaFRleHQQAhgEIAA
394,not_an_operator,gate3:vacation_rental_listing,"Brockway Springs 12 Black Friday ski deal!! 5th night free, please inquire!!",,Lodging,lodging,OPERATIONAL,,0,true,alpine-ski,ski rental,core,standard,covered_tile,0,operator,,,,,ChIJZwqlddl6mYAR-VZtM5Ddz2Y,https://maps.google.com/?cid=7408383523455588089&g_mp=Cidnb29nbGUubWFwcy5wbGFjZXMudjEuUGxhY2VzLlNlYXJjaFRleHQQAhgEIAA
395,not_an_operator,gate3:vacation_rental_listing,Cabin < 2 Mi to Tahoe Donner Downhill Ski Resort,,Lodging,lodging,OPERATIONAL,,0,true,alpine-ski,ski rental,core,standard,covered_tile,0,operator,,,,,ChIJ44Eqgc_gm4AR_TK4pyTq8r4,https://maps.google.com/?cid=13759317254723875581&g_mp=Cidnb29nbGUubWFwcy5wbGFjZXMudjEuUGxhY2VzLlNlYXJjaFRleHQQAhgEIAA
396,not_an_operator,gate3:vacation_rental_listing,Cabin < 2 Mi to Tahoe Donner Downhill Ski Resort,,Lodging,lodging,OPERATIONAL,,0,true,alpine-ski,ski rental,core,standard,covered_tile,0,operator,,,,,ChIJ44Eqgc_gm4ARsvPEV0_wjXk,https://maps.google.com/?cid=8758921073871090610&g_mp=Cidnb29nbGUubWFwcy5wbGFjZXMudjEuUGxhY2VzLlNlYXJjaFRleHQQAhgEIAA
397,not_an_operator,gate3:vacation_rental_listing,Cabin < 2 Mi to Tahoe Donner Downhill Ski Resort,,Lodging,lodging,OPERATIONAL,,0,true,alpine-ski,ski rental,core,standard,covered_tile,0,operator,,,,,ChIJ44Eqgc_gm4ARkH7ZliIjkXU,https://maps.google.com/?cid=8471591005527309968&g_mp=Cidnb29nbGUubWFwcy5wbGFjZXMudjEuUGxhY2VzLlNlYXJjaFRleHQQAhgEIAA
398,not_an_operator,gate3:vacation_rental_listing,"Cabin in Zephyr Cove; close to lake and slopes, hot tub and kayaks",,Lodging,lodging,OPERATIONAL,,0,true,kayak,kayak rental,core,standard,covered_tile,0,operator,,,,,ChIJM-5xVPqamYARvYP3fKDfGMo,https://maps.google.com/?cid=14562635275486856125&g_mp=Cidnb29nbGUubWFwcy5wbGFjZXMudjEuUGxhY2VzLlNlYXJjaFRleHQQAhgEIAA
399,not_an_operator,gate3:vacation_rental_listing,"Cabin w/ Spa - minutes from the Lake, Kings Beach, Tahoe City & Ski Resorts",,Lodging,lodging,OPERATIONAL,,0,true,alpine-ski,ski rental,core,standard,covered_tile,0,operator,,,,,ChIJma1V_sZ8mYARtBZnvdDpS24,https://maps.google.com/?cid=7947703050165491380&g_mp=Cidnb29nbGUubWFwcy5wbGFjZXMudjEuUGxhY2VzLlNlYXJjaFRleHQQAhgEIAA
400,not_an_operator,gate3:vacation_rental_listing,Canoe Cabin I Sleeps 8 I Hot Tub I Pet Friendly,,Lodging,lodging,OPERATIONAL,,0,true,canoe,canoe rental,core,standard,covered_tile,0,operator,,,,,ChIJP4W9myNwmYARM0A3qn1ANf0,https://maps.google.com/?cid=18245560373832269875&g_mp=Cidnb29nbGUubWFwcy5wbGFjZXMudjEuUGxhY2VzLlNlYXJjaFRleHQQAhgEIAA
401,not_an_operator,gate3:vacation_rental_listing,Canoe Cabin I Sleeps 8 I Hot Tub I Pet Friendly - Vacation Home,,Lodging,lodging,OPERATIONAL,,0,true,canoe,canoe rental,core,standard,covered_tile,0,operator,,,,,ChIJMf-9myNwmYARpGFXW4LZ8kE,https://maps.google.com/?cid=4752099710730723748&g_mp=Cidnb29nbGUubWFwcy5wbGFjZXMudjEuUGxhY2VzLlNlYXJjaFRleHQQAhgEIAA
402,not_an_operator,gate3:vacation_rental_listing,"Canyon Chalet by Tahoe Getaways - 4 BR, SKI LEASE, Walk to Donner",,Lodging,lodging,OPERATIONAL,,0,true,alpine-ski,ski rental,core,standard,covered_tile,0,operator,,,,,ChIJ0ReRVH_nm4ARnRtYKNu_4wo,https://maps.google.com/?cid=784681708088204189&g_mp=Cidnb29nbGUubWFwcy5wbGFjZXMudjEuUGxhY2VzLlNlYXJjaFRleHQQAhgEIAA
403,not_an_operator,gate3:vacation_rental_listing,Cedar by Avantstay Ski Season Home! w/ Ping Pong,,Lodging,lodging,OPERATIONAL,,0,true,alpine-ski,ski rental,core,standard,covered_tile,0,operator,,,,,ChIJZ4LU7FBjmYARoe-UW-N52x8,https://maps.google.com/?cid=2295562452476424097&g_mp=Cidnb29nbGUubWFwcy5wbGFjZXMudjEuUGxhY2VzLlNlYXJjaFRleHQQAhgEIAA
404,not_an_operator,gate3:vacation_rental_listing,Central Truckee Ski Lease!,,Lodging,lodging,OPERATIONAL,,0,true,alpine-ski,ski rental,core,standard,covered_tile,0,operator,,,,,ChIJTTZ9sNRhmYARPerXl0fPt50,https://maps.google.com/?cid=11364780091089873469&g_mp=Cidnb29nbGUubWFwcy5wbGFjZXMudjEuUGxhY2VzLlNlYXJjaFRleHQQAhgEIAA
405,not_an_operator,gate3:vacation_rental_listing,"Centrally located! Ski Sierra, Heavenly or Kirkwood",,Lodging,lodging,OPERATIONAL,,0,true,alpine-ski,ski rental,core,standard,covered_tile,0,operator,,,,,ChIJd5O7g5uOmYARpY7pOrc9Zi4,https://maps.google.com/?cid=3343427630545866405&g_mp=Cidnb29nbGUubWFwcy5wbGFjZXMudjEuUGxhY2VzLlNlYXJjaFRleHQQAhgEIAA
406,not_an_operator,gate3:vacation_rental_listing,Centrally-Located Condo near Ski Resorts w /Gas Fireplace,,Lodging,lodging,OPERATIONAL,,0,true,alpine-ski,ski rental,core,standard,covered_tile,0,operator,,,,,ChIJZSlA4TXem4ARGEBCg7PAafM,https://maps.google.com/?cid=17539762101004943384&g_mp=Cidnb29nbGUubWFwcy5wbGFjZXMudjEuUGxhY2VzLlNlYXJjaFRleHQQAhgEIAA
407,not_an_operator,gate3:vacation_rental_listing,Centrally-Located Condo near Ski Resorts with Gas Fireplace,,Lodging,lodging,OPERATIONAL,,0,true,alpine-ski,ski rental,core,standard,covered_tile,0,operator,,,,,ChIJ7wBA4TXem4ARv5FyA-A4iBs,https://maps.google.com/?cid=1983898170638373311&g_mp=Cidnb29nbGUubWFwcy5wbGFjZXMudjEuUGxhY2VzLlNlYXJjaFRleHQQAhgEIAA
408,not_an_operator,gate3:vacation_rental_listing,Centrally-Located Condo near Ski Resorts with Gas Fireplace,,Lodging,lodging,OPERATIONAL,,0,true,alpine-ski,ski rental,core,standard,covered_tile,0,operator,,,,,ChIJraCT4DXem4AR7JDrflH2Qgc,https://maps.google.com/?cid=523251336610549996&g_mp=Cidnb29nbGUubWFwcy5wbGFjZXMudjEuUGxhY2VzLlNlYXJjaFRleHQQAhgEIAA
409,not_an_operator,gate3:vacation_rental_listing,"Charming cabin centrally located close to speedboat beach, Kings Beach skiing",,Lodging,lodging,OPERATIONAL,,0,true,alpine-ski,ski rental,core,standard,covered_tile,0,operator,,,,,ChIJnYoI2sJ6mYARBVXorMAV46M,https://maps.google.com/?cid=11809306565174383877&g_mp=Cidnb29nbGUubWFwcy5wbGFjZXMudjEuUGxhY2VzLlNlYXJjaFRleHQQAhgEIAA
410,not_an_operator,gate3:vacation_rental_listing,Charming Cabin-Easy Access to Skiing-Walk to Beach,,Lodging,lodging,OPERATIONAL,,0,true,alpine-ski,ski rental,core,standard,covered_tile,0,operator,,,,,ChIJ-9LjZNZ6mYARmgqNMzWcXKc,https://maps.google.com/?cid=12059685654503426714&g_mp=Cidnb29nbGUubWFwcy5wbGFjZXMudjEuUGxhY2VzLlNlYXJjaFRleHQQAhgEIAA
411,not_an_operator,gate3:vacation_rental_listing,"Charming Condo with Shared Hot Tub, Pool, Resort Amenities - Close to Ski & Beach",,Lodging,lodging,OPERATIONAL,,0,true,alpine-ski,ski rental,core,standard,covered_tile,0,operator,,,,,ChIJ8T_mFU5jmYARU-BtNlDP7A4,https://maps.google.com/?cid=1075462354452209747&g_mp=Cidnb29nbGUubWFwcy5wbGFjZXMudjEuUGxhY2VzLlNlYXJjaFRleHQQAhgEIAA
412,not_an_operator,gate3:vacation_rental_listing,Charming dog-friendly cabin with XC skiing & bike trails outside the door,,Lodging,lodging,OPERATIONAL,,0,true,cycling,bike rental,core,standard,covered_tile,0,operator,,,,,ChIJt1GZWbXpm4AR-AtdXtc8oaA,https://maps.google.com/?cid=11574599413017676792&g_mp=Cidnb29nbGUubWFwcy5wbGFjZXMudjEuUGxhY2VzLlNlYXJjaFRleHQQAhgEIAA
413,not_an_operator,gate3:vacation_rental_listing,Charming dog-friendly cabin with XC skiing bike trails outside the door,,Lodging,lodging,OPERATIONAL,,0,true,cycling,bike rental,core,standard,covered_tile,0,operator,,,,,ChIJt1GZWbXpm4ARA-4YBsi7vWw,https://maps.google.com/?cid=7835625394464681475&g_mp=Cidnb29nbGUubWFwcy5wbGFjZXMudjEuUGxhY2VzLlNlYXJjaFRleHQQAhgEIAA
414,not_an_operator,gate3:vacation_rental_listing,"Charming Mtn Chalet (Studio), near lake ski",,Lodging,lodging,OPERATIONAL,,0,true,alpine-ski,ski rental,core,standard,covered_tile,0,operator,,,,,ChIJUy3wGYZ9mYARndQPifaUhgU,https://maps.google.com/?cid=398169403651249309&g_mp=Cidnb29nbGUubWFwcy5wbGFjZXMudjEuUGxhY2VzLlNlYXJjaFRleHQQAhgEIAA
415,not_an_operator,gate3:vacation_rental_listing,Charming Private Woodsy Lake-Tahoe-Style Retreat Warm Cozy Family Ski Cabin Wifi,,Lodging,lodging,OPERATIONAL,,0,true,alpine-ski,ski rental,core,standard,covered_tile,0,operator,,,,,ChIJddcR4lhjmYARjGvH38oT2ys,https://maps.google.com/?cid=3160141325589244812&g_mp=Cidnb29nbGUubWFwcy5wbGFjZXMudjEuUGxhY2VzLlNlYXJjaFRleHQQAhgEIAA
416,not_an_operator,gate3:vacation_rental_listing,"Charming resort in Olympic valley, CA. walking distance to Palisades Tahoe ski",,Lodging,lodging,OPERATIONAL,,0,true,alpine-ski,ski rental,core,standard,covered_tile,0,operator,,,,,ChIJIaDyBZLZm4AR_LzfjAb1qwo,https://maps.google.com/?cid=768977569878883580&g_mp=Cidnb29nbGUubWFwcy5wbGFjZXMudjEuUGxhY2VzLlNlYXJjaFRleHQQAhgEIAA
417,not_an_operator,gate3:vacation_rental_listing,"Chic Carson City Home: Hike, Golf, Ski + More!",,Lodging,lodging,OPERATIONAL,,0,true,alpine-ski,ski rental,core,standard,covered_tile,0,operator,,,,,ChIJcxWZxNUKmYARwiC8KOISFX4,https://maps.google.com/?cid=9085188585845170370&g_mp=Cidnb29nbGUubWFwcy5wbGFjZXMudjEuUGxhY2VzLlNlYXJjaFRleHQQAhgEIAA
418,not_an_operator,gate3:vacation_rental_listing,Classic Tahoe Charm – 3 Ski Resorts Within 5 Miles,,Lodging,lodging,OPERATIONAL,,0,true,alpine-ski,ski rental,core,standard,covered_tile,0,operator,,,,,ChIJuxFH90vom4AR_faYyB1EByU,https://maps.google.com/?cid=2668176198950516477&g_mp=Cidnb29nbGUubWFwcy5wbGFjZXMudjEuUGxhY2VzLlNlYXJjaFRleHQQAhgEIAA
419,not_an_operator,gate3:vacation_rental_listing,Classic Tahoe Charm 3 Ski Resorts Within 5 Miles - Vacation Home,,Lodging,lodging,OPERATIONAL,,0,true,alpine-ski,ski rental,core,standard,covered_tile,0,operator,,,,,ChIJZ_ZG90vom4AR9Z5wcUHJ4YQ,https://maps.google.com/?cid=9575155565679648501&g_mp=Cidnb29nbGUubWFwcy5wbGFjZXMudjEuUGxhY2VzLlNlYXJjaFRleHQQAhgEIAA
420,not_an_operator,gate3:vacation_rental_listing,Close to Bike Trails - Family Fun Neighborhood home,,Lodging,lodging,OPERATIONAL,,0,true,cycling,bike rental,core,standard,covered_tile,0,operator,,,,,ChIJw0rRqvp8mYARGZw089Ort8Q,https://maps.google.com/?cid=14174987278978685977&g_mp=Cidnb29nbGUubWFwcy5wbGFjZXMudjEuUGxhY2VzLlNlYXJjaFRleHQQAhgEIAA
421,not_an_operator,gate3:vacation_rental_listing,Close to Donner Lake & Skiing: Truckee Getaway,,Lodging,lodging,OPERATIONAL,,0,true,alpine-ski,ski rental,core,standard,covered_tile,0,operator,,,,,ChIJzwi-E6rgm4ARaJtPzMs7GzI,https://maps.google.com/?cid=3610545272759753576&g_mp=Cidnb29nbGUubWFwcy5wbGFjZXMudjEuUGxhY2VzLlNlYXJjaFRleHQQAhgEIAA
422,not_an_operator,gate3:vacation_rental_listing,Close to Donner Lake & Skiing: Truckee Getaway,,Lodging,lodging,OPERATIONAL,,0,true,alpine-ski,ski rental,core,standard,covered_tile,0,operator,,,,,ChIJzwi-E6rgm4ARBTG4ZXux2GQ,https://maps.google.com/?cid=7266753142307959045&g_mp=Cidnb29nbGUubWFwcy5wbGFjZXMudjEuUGxhY2VzLlNlYXJjaFRleHQQAhgEIAA
423,not_an_operator,gate3:vacation_rental_listing,Close to Donner Lake Skiing: Truckee Getaway - House (4 Bedrooms),,Lodging,lodging,OPERATIONAL,,0,true,alpine-ski,ski rental,core,standard,covered_tile,0,operator,,,,,ChIJzwi-E6rgm4ARxu-9Z04f9dQ,https://maps.google.com/?cid=15345205726943244230&g_mp=Cidnb29nbGUubWFwcy5wbGFjZXMudjEuUGxhY2VzLlNlYXJjaFRleHQQAhgEIAA
424,not_an_operator,gate3:vacation_rental_listing,Close to Heavenly ski resort Modern Cabin 30 night minimum,,Lodging,lodging,OPERATIONAL,,0,true,alpine-ski,ski rental,core,standard,covered_tile,0,operator,,,,,ChIJXVbBg22QmYARyqf2SRe42-4,https://maps.google.com/?cid=17211552811091142602&g_mp=Cidnb29nbGUubWFwcy5wbGFjZXMudjEuUGxhY2VzLlNlYXJjaFRleHQQAhgEIAA
425,not_an_operator,gate3:vacation_rental_listing,Close to Ski Resorts! Log Cabin in Carnelian Bay LT,,Lodging,lodging,OPERATIONAL,,0,true,alpine-ski,ski rental,core,standard,covered_tile,0,operator,,,,,ChIJERPVNFBjmYARVEGNLmXnjHs,https://maps.google.com/?cid=8902744985163350356&g_mp=Cidnb29nbGUubWFwcy5wbGFjZXMudjEuUGxhY2VzLlNlYXJjaFRleHQQAhgEIAA
426,not_an_operator,gate3:vacation_rental_listing,Close to Ski Slopes: Tahoe Ski Chalet w/ Fireplace,,Lodging,lodging,OPERATIONAL,,0,true,alpine-ski,ski rental,core,standard,covered_tile,0,operator,,,,,ChIJP1OJbP3Wm4ARyZ1cf0_9FUE,https://maps.google.com/?cid=4689933104857259465&g_mp=Cidnb29nbGUubWFwcy5wbGFjZXMudjEuUGxhY2VzLlNlYXJjaFRleHQQAhgEIAA
427,not_an_operator,gate3:vacation_rental_listing,"Close to town, beaches, ski resorts - perfect for your North Lake Tahoe getaway",,Lodging,lodging,OPERATIONAL,,0,true,alpine-ski,ski rental,core,standard,covered_tile,0,operator,,,,,ChIJP4eq6W99mYAReDt1IhtbhCQ,https://maps.google.com/?cid=2631328254391565176&g_mp=Cidnb29nbGUubWFwcy5wbGFjZXMudjEuUGxhY2VzLlNlYXJjaFRleHQQAhgEIAA
428,not_an_operator,gate3:vacation_rental_listing,"Come Enjoy Full Tahoe Donner Amenities - Shared Pool /Hot Tub, 3 Miles to Skiing",,Lodging,lodging,OPERATIONAL,,0,true,alpine-ski,ski rental,core,standard,covered_tile,0,operator,,,,,ChIJqzCdGIvgm4ARz0kEV3sPoBI,https://maps.google.com/?cid=1342089711371700687&g_mp=Cidnb29nbGUubWFwcy5wbGFjZXMudjEuUGxhY2VzLlNlYXJjaFRleHQQAhgEIAA
429,not_an_operator,gate3:vacation_rental_listing,Comfy Condo with Lake Tahoe View - Ski Lifts Nearby! - Apartment,,Lodging,lodging,OPERATIONAL,,0,true,alpine-ski,ski rental,core,standard,covered_tile,0,operator,,,,,ChIJYZl45a2QmYARTgHKGF_9Ujs,https://maps.google.com/?cid=4274757581207634254&g_mp=Cidnb29nbGUubWFwcy5wbGFjZXMudjEuUGxhY2VzLlNlYXJjaFRleHQQAhgEIAA
430,not_an_operator,gate3:vacation_rental_listing,"Condo close to ski hill with fireplace, balcony, W&D, hot tub, & pool",,Lodging,lodging,OPERATIONAL,,0,true,alpine-ski,ski rental,core,standard,covered_tile,0,operator,,,,,ChIJ6QVJHoZ9mYAR34K5bukwTig,https://maps.google.com/?cid=2904312588843713247&g_mp=Cidnb29nbGUubWFwcy5wbGFjZXMudjEuUGxhY2VzLlNlYXJjaFRleHQQAhgEIAA
431,not_an_operator,gate3:vacation_rental_listing,Condo w/ Beautiful Mountain View. Steps from Ski/Trails. Donner Lake. EV outlet,,Lodging,lodging,OPERATIONAL,,0,true,alpine-ski,ski rental,core,standard,covered_tile,0,operator,,,,,ChIJ38zKzS7nm4ARhLVT6BsJRkM,https://maps.google.com/?cid=4847572064377484676&g_mp=Cidnb29nbGUubWFwcy5wbGFjZXMudjEuUGxhY2VzLlNlYXJjaFRleHQQAhgEIAA
432,not_an_operator,gate3:vacation_rental_listing,Condo w/ Lake Views - 1 Mi to Diamond Peak Ski!,,Lodging,lodging,OPERATIONAL,,0,true,alpine-ski,ski rental,core,standard,covered_tile,0,operator,,,,,ChIJgYnQcDRwmYARqndngcOsVbQ,https://maps.google.com/?cid=12994482255537076138&g_mp=Cidnb29nbGUubWFwcy5wbGFjZXMudjEuUGxhY2VzLlNlYXJjaFRleHQQAhgEIAA
433,not_an_operator,gate3:vacation_rental_listing,Constellation 208 Ski-In Out @ Northstar - TLUXP,,Lodging,lodging,OPERATIONAL,,0,true,alpine-ski,ski rental,core,standard,covered_tile,0,operator,,,,,ChIJ3WRcsDhimYARr-pvtXf_dfw,https://maps.google.com/?cid=18191727159443188399&g_mp=Cidnb29nbGUubWFwcy5wbGFjZXMudjEuUGxhY2VzLlNlYXJjaFRleHQQAhgEIAA
434,not_an_operator,gate3:vacation_rental_listing,Constellation 404 Ski-In & Out At Northstar,,Lodging,lodging,OPERATIONAL,,0,true,alpine-ski,ski rental,core,standard,covered_tile,0,operator,,,,,ChIJ3WRcsDhimYARVfk0VW8qOV0,https://maps.google.com/?cid=6717446976859076949&g_mp=Cidnb29nbGUubWFwcy5wbGFjZXMudjEuUGxhY2VzLlNlYXJjaFRleHQQAhgEIAA
435,not_an_operator,gate3:vacation_rental_listing,Constellation 404 Ski-in Out @ Northstar,,Lodging,lodging,OPERATIONAL,,0,true,alpine-ski,ski rental,core,standard,covered_tile,0,operator,,,,,ChIJ3WRcsDhimYARgBZEeNPeT10,https://maps.google.com/?cid=6723837768524633728&g_mp=Cidnb29nbGUubWFwcy5wbGFjZXMudjEuUGxhY2VzLlNlYXJjaFRleHQQAhgEIAA
436,not_an_operator,gate3:vacation_rental_listing,Constellation 407 Ski-In & Out At Northstar,,Lodging,lodging,OPERATIONAL,,0,true,alpine-ski,ski rental,core,standard,covered_tile,0,operator,,,,,ChIJ3WRcsDhimYARCUQ5fpJQKJU,https://maps.google.com/?cid=10747929100832818185&g_mp=Cidnb29nbGUubWFwcy5wbGFjZXMudjEuUGxhY2VzLlNlYXJjaFRleHQQAhgEIAA
437,not_an_operator,gate3:vacation_rental_listing,Constellation 407 Ski-In Out @ Northstar - TLUXP,,Lodging,lodging,OPERATIONAL,,0,true,alpine-ski,ski rental,core,standard,covered_tile,0,operator,,,,,ChIJ3WRcsDhimYARsfygt7Sh1Xk,https://maps.google.com/?cid=8779100846175616177&g_mp=Cidnb29nbGUubWFwcy5wbGFjZXMudjEuUGxhY2VzLlNlYXJjaFRleHQQAhgEIAA
438,not_an_operator,gate3:vacation_rental_listing,Constellation 508 Ski-In Out @ Northstar - TLUXP,,Lodging,lodging,OPERATIONAL,,0,true,alpine-ski,ski rental,core,standard,covered_tile,0,operator,,,,,ChIJ3WRcsDhimYARjgLf_OqBb-Y,https://maps.google.com/?cid=16604633197403112078&g_mp=Cidnb29nbGUubWFwcy5wbGFjZXMudjEuUGxhY2VzLlNlYXJjaFRleHQQAhgEIAA
439,not_an_operator,gate3:vacation_rental_listing,Coyote Fork Lodgette - Ski In Ski Out - 4133,,Lodging,lodging,OPERATIONAL,,0,true,alpine-ski,ski rental,core,standard,covered_tile,0,operator,,,,,ChIJKXR9TjZimYARUGuy0h_bOjU,https://maps.google.com/?cid=3835618962384776016&g_mp=Cidnb29nbGUubWFwcy5wbGFjZXMudjEuUGxhY2VzLlNlYXJjaFRleHQQAhgEIAA
440,not_an_operator,gate3:vacation_rental_listing,"Cozy 1BD/2BA Condo - Steps from Ski Lifts, Hot Tub",,Lodging,lodging,OPERATIONAL,,0,true,alpine-ski,ski rental,core,standard,covered_tile,0,operator,,,,,ChIJCwy52672mYAR8VVcXOQ1Heo,https://maps.google.com/?cid=16869699034118116849&g_mp=Cidnb29nbGUubWFwcy5wbGFjZXMudjEuUGxhY2VzLlNlYXJjaFRleHQQAhgEIAA
441,not_an_operator,gate3:vacation_rental_listing,Cozy Cabin Hot-Tub Pet-Friendly Close to Ski /Lake,,Lodging,lodging,OPERATIONAL,,0,true,alpine-ski,ski rental,core,standard,covered_tile,0,operator,,,,,ChIJcVMZ9ovVm4ARAYyar_28_Uw,https://maps.google.com/?cid=5547798113749208065&g_mp=Cidnb29nbGUubWFwcy5wbGFjZXMudjEuUGxhY2VzLlNlYXJjaFRleHQQAhgEIAA
442,not_an_operator,gate3:vacation_rental_listing,"Cozy Cabin Minutes to Ski Resorts, 10-15 Min Walk to Lake and Sunnyside",,Lodging,lodging,OPERATIONAL,,0,true,alpine-ski,ski rental,core,standard,covered_tile,0,operator,,,,,ChIJg9z51R3Wm4ARHnKmQF_MmHQ,https://maps.google.com/?cid=8401689814338269726&g_mp=Cidnb29nbGUubWFwcy5wbGFjZXMudjEuUGxhY2VzLlNlYXJjaFRleHQQAhgEIAA
443,not_an_operator,gate3:vacation_rental_listing,"Cozy Cabin Minutes to Ski Resorts, 5 Min Walk to Lake and Sunnyside",,Lodging,lodging,OPERATIONAL,,0,true,alpine-ski,ski rental,core,standard,covered_tile,0,operator,,,,,ChIJMWoiGhzWm4ARgN1k5rhv6UQ,https://maps.google.com/?cid=4965622904082718080&g_mp=Cidnb29nbGUubWFwcy5wbGFjZXMudjEuUGxhY2VzLlNlYXJjaFRleHQQAhgEIAA
444,not_an_operator,gate3:vacation_rental_listing,Cozy Donner Lake Cabin w Kayaks Forest Views Fireplace Quick Ski Resort Access Donner Lake Refuge by AvantStay - Three-Bedroom House,,Lodging,lodging,OPERATIONAL,,0,true,alpine-ski; kayak,kayak rental; ski rental,core,standard,covered_tile,0,operator,,,,,ChIJWxQfgl7nm4ARuObJJH7TxLg,https://maps.google.com/?cid=13313998937150580408&g_mp=Cidnb29nbGUubWFwcy5wbGFjZXMudjEuUGxhY2VzLlNlYXJjaFRleHQQAhgEIAA
445,not_an_operator,gate3:vacation_rental_listing,"Cozy Donner Lake Cabin w/ Kayaks, Forest Views, Fireplace & Quick Ski Resort Access | Donner Lake Refuge by AvantStay",,Lodging,lodging,OPERATIONAL,,0,true,alpine-ski; kayak,kayak rental; ski rental,core,standard,covered_tile,0,operator,,,,,ChIJ508egl7nm4ARB94YBkPxNw4,https://maps.google.com/?cid=1024552710417473031&g_mp=Cidnb29nbGUubWFwcy5wbGFjZXMudjEuUGxhY2VzLlNlYXJjaFRleHQQAhgEIAA
446,not_an_operator,gate3:vacation_rental_listing,"Cozy Donner Lake Cabin w/ Kayaks, Forest Views, Fireplace & Quick Ski Resort Access Donner Lake Refuge by Avantstay",,Lodging,lodging,OPERATIONAL,,0,true,alpine-ski; kayak,kayak rental; ski rental,core,standard,covered_tile,0,operator,,,,,ChIJ508egl7nm4AR-RIYyvV014c,https://maps.google.com/?cid=9788420914119447289&g_mp=Cidnb29nbGUubWFwcy5wbGFjZXMudjEuUGxhY2VzLlNlYXJjaFRleHQQAhgEIAA
447,not_an_operator,gate3:vacation_rental_listing,Cozy Escape w/ Hot Tub + Deck & Access to Tahoe Donner & Skiing | Alpenglow Chalet by AvantStay,,Lodging,lodging,OPERATIONAL,,0,true,alpine-ski,ski rental,core,standard,covered_tile,0,operator,,,,,ChIJhWWibaXgm4ARv9QMDY-PJHk,https://maps.google.com/?cid=8729259822312903871&g_mp=Cidnb29nbGUubWFwcy5wbGFjZXMudjEuUGxhY2VzLlNlYXJjaFRleHQQAhgEIAA
448,not_an_operator,gate3:vacation_rental_listing,"Cozy family cabin, pet friendly, a block from the water, close to ski, wifi",,Lodging,lodging,OPERATIONAL,,0,true,alpine-ski,ski rental,core,standard,covered_tile,0,operator,,,,,ChIJg84r6FljmYARW8SBrnDxtn8,https://maps.google.com/?cid=9202808354844558427&g_mp=Cidnb29nbGUubWFwcy5wbGFjZXMudjEuUGxhY2VzLlNlYXJjaFRleHQQAhgEIAA
449,not_an_operator,gate3:vacation_rental_listing,"Cozy hideaway 30 miles to Mt Rose Ski, Tahoe/ Reno",,Lodging,lodging,OPERATIONAL,,0,true,alpine-ski,ski rental,core,standard,covered_tile,0,operator,,,,,ChIJT8-njudHmYAR29ms7zQnsVE,https://maps.google.com/?cid=5886529296262814171&g_mp=Cidnb29nbGUubWFwcy5wbGFjZXMudjEuUGxhY2VzLlNlYXJjaFRleHQQAhgEIAA
450,not_an_operator,gate3:vacation_rental_listing,"Cozy hideaway 30 miles to Mt Rose Ski, Tahoe/ Reno",,Lodging,lodging,OPERATIONAL,,0,true,alpine-ski,ski rental,core,standard,covered_tile,0,operator,,,,,ChIJT8-njudHmYARAmZJhvZmMJ8,https://maps.google.com/?cid=11470781459913598466&g_mp=Cidnb29nbGUubWFwcy5wbGFjZXMudjEuUGxhY2VzLlNlYXJjaFRleHQQAhgEIAA
451,not_an_operator,gate3:vacation_rental_listing,Cozy Home with Patio 24 Mi to Ski Slopes! - Holiday Home,,Lodging,lodging,OPERATIONAL,,0,true,alpine-ski,ski rental,core,standard,covered_tile,0,operator,,,,,ChIJ_UnsSjI_mYAR4J0lN6CV7kE,https://maps.google.com/?cid=4750899172274970080&g_mp=Cidnb29nbGUubWFwcy5wbGFjZXMudjEuUGxhY2VzLlNlYXJjaFRleHQQAhgEIAA
452,not_an_operator,gate3:vacation_rental_listing,"Cozy Hotel Unit - steps from ski lifts, hot tub, kitchenette",,Lodging,lodging,OPERATIONAL,,0,true,alpine-ski,ski rental,core,standard,covered_tile,0,operator,,,,,ChIJZ9ABO7P2mYARbDQJULvWevo,https://maps.google.com/?cid=18048974556630692972&g_mp=Cidnb29nbGUubWFwcy5wbGFjZXMudjEuUGxhY2VzLlNlYXJjaFRleHQQAhgEIAA
453,not_an_operator,gate3:vacation_rental_listing,"Cozy Hotel Unit - steps from ski lifts, hot tub, kitchenette \n",,Lodging,lodging,OPERATIONAL,,0,true,alpine-ski,ski rental,core,standard,covered_tile,0,operator,,,,,ChIJO_P_OrP2mYARNdbQheOW3vM,https://maps.google.com/?cid=17572648699993052725&g_mp=Cidnb29nbGUubWFwcy5wbGFjZXMudjEuUGxhY2VzLlNlYXJjaFRleHQQAhgEIAA
454,not_an_operator,gate3:vacation_rental_listing,Cozy Lake Tahoe Cabin - Ultimate Ski & Summer House,,Lodging,lodging,OPERATIONAL,,0,true,alpine-ski,ski rental,core,standard,covered_tile,0,operator,,,,,ChIJS3hLr2iMmYARNJ-s94BcyQ4,https://maps.google.com/?cid=1065484495830687540&g_mp=Cidnb29nbGUubWFwcy5wbGFjZXMudjEuUGxhY2VzLlNlYXJjaFRleHQQAhgEIAA
455,not_an_operator,gate3:vacation_rental_listing,Cozy Lake Tahoe Cabin - Ultimate Ski Summer House,,Lodging,lodging,OPERATIONAL,,0,true,alpine-ski,ski rental,core,standard,covered_tile,0,operator,,,,,ChIJF6W0qGiMmYARq_oWPCkAJ1w,https://maps.google.com/?cid=6640276352682883755&g_mp=Cidnb29nbGUubWFwcy5wbGFjZXMudjEuUGxhY2VzLlNlYXJjaFRleHQQAhgEIAA
456,not_an_operator,gate3:vacation_rental_listing,Cozy Mountain Escape Near Diamond Peak Ski Resort,,Lodging,lodging,OPERATIONAL,,0,true,alpine-ski,ski rental,core,standard,covered_tile,0,operator,,,,,ChIJ6SGEizNwmYAR3oFGbLce8tI,https://maps.google.com/?cid=15200245465473253854&g_mp=Cidnb29nbGUubWFwcy5wbGFjZXMudjEuUGxhY2VzLlNlYXJjaFRleHQQAhgEIAA
457,not_an_operator,gate3:vacation_rental_listing,Cozy Mountain Escape Near Diamond Peak Ski Resort,,Lodging,lodging,OPERATIONAL,,0,true,alpine-ski,ski rental,core,standard,covered_tile,0,operator,,,,,ChIJUcCIizNwmYAR1xNNHJo61RA,https://maps.google.com/?cid=1212940108220404695&g_mp=Cidnb29nbGUubWFwcy5wbGFjZXMudjEuUGxhY2VzLlNlYXJjaFRleHQQAhgEIAA
458,not_an_operator,gate3:vacation_rental_listing,"Cozy newly remodeled Northstar Village ski in /ski out , BicycleHike",,Lodging,lodging,OPERATIONAL,,0,true,alpine-ski,ski rental,core,standard,covered_tile,0,operator,,,,,ChIJVSoshzdimYAR-Kuzx30dmDQ,https://maps.google.com/?cid=3789811512490830840&g_mp=Cidnb29nbGUubWFwcy5wbGFjZXMudjEuUGxhY2VzLlNlYXJjaFRleHQQAhgEIAA
459,not_an_operator,gate3:vacation_rental_listing,Cozy Northstar Ski Resort Condo,,Lodging,lodging,OPERATIONAL,,0,true,alpine-ski,ski rental,core,standard,covered_tile,0,operator,,,,,ChIJ1wnREDFimYARBn4m2GRHEuU,https://maps.google.com/?cid=16506334082714992134&g_mp=Cidnb29nbGUubWFwcy5wbGFjZXMudjEuUGxhY2VzLlNlYXJjaFRleHQQAhgEIAA
460,not_an_operator,gate3:vacation_rental_listing,Cozy Northstar Ski Resort Condo - Apartment,,Lodging,lodging,OPERATIONAL,,0,true,alpine-ski,ski rental,core,standard,covered_tile,0,operator,,,,,ChIJ1wnREDFimYARcU7KBaUWUTw,https://maps.google.com/?cid=4346280013411798641&g_mp=Cidnb29nbGUubWFwcy5wbGFjZXMudjEuUGxhY2VzLlNlYXJjaFRleHQQAhgEIAA
461,not_an_operator,gate3:vacation_rental_listing,Cozy railroad-inspired cabin near top ski resorts – the perfect mountain escape!,,Lodging,lodging,OPERATIONAL,,0,true,alpine-ski,ski rental,core,standard,covered_tile,0,operator,,,,,ChIJ8yylU1fom4ARnl-fRa1keJQ,https://maps.google.com/?cid=10698411610178805662&g_mp=Cidnb29nbGUubWFwcy5wbGFjZXMudjEuUGxhY2VzLlNlYXJjaFRleHQQAhgEIAA
462,not_an_operator,gate3:vacation_rental_listing,Cozy railroad-inspired cabin near top ski resorts – the perfect mountain escape!,,Lodging,lodging,OPERATIONAL,,0,true,alpine-ski,ski rental,core,standard,covered_tile,0,operator,,,,,ChIJO0pu61vom4ARbIcp7MQmeuI,https://maps.google.com/?cid=16319398826948003692&g_mp=Cidnb29nbGUubWFwcy5wbGFjZXMudjEuUGxhY2VzLlNlYXJjaFRleHQQAhgEIAA
463,not_an_operator,gate3:vacation_rental_listing,"Cozy Ski Condo with Lake View, East Peak Loop (SL307B)",,Lodging,lodging,OPERATIONAL,,0,true,alpine-ski,ski rental,core,standard,covered_tile,0,operator,,,,,ChIJHx0Swa2QmYARLCAbJSS8Wq8,https://maps.google.com/?cid=12635618567968727084&g_mp=Cidnb29nbGUubWFwcy5wbGFjZXMudjEuUGxhY2VzLlNlYXJjaFRleHQQAhgEIAA
464,not_an_operator,gate3:vacation_rental_listing,Cozy Ski In / Ski Out Retreat at Northstar at Tahoe!,,Lodging,lodging,OPERATIONAL,,0,true,alpine-ski,ski rental,core,standard,covered_tile,0,operator,,,,,ChIJ11vOYTZimYARQUqR90xJae0,https://maps.google.com/?cid=17107285254463375937&g_mp=Cidnb29nbGUubWFwcy5wbGFjZXMudjEuUGxhY2VzLlNlYXJjaFRleHQQAhgEIAA
465,not_an_operator,gate3:vacation_rental_listing,Cozy Ski In/ Ski Out Retreat at Northstar at Tahoe!,,Lodging,lodging,OPERATIONAL,,0,true,alpine-ski,ski rental,core,standard,covered_tile,0,operator,,,,,ChIJX_3NYTZimYARkh6MbyK-0jc,https://maps.google.com/?cid=4022486472304893586&g_mp=Cidnb29nbGUubWFwcy5wbGFjZXMudjEuUGxhY2VzLlNlYXJjaFRleHQQAhgEIAA
466,not_an_operator,gate3:vacation_rental_listing,Cozy ski lodge studio in Truckee,,Lodging,lodging,OPERATIONAL,,0,true,alpine-ski,ski rental,core,standard,covered_tile,0,operator,,,,,ChIJs8IDXC7nm4AR88fYuuLXv-I,https://maps.google.com/?cid=16339015341920798707&g_mp=Cidnb29nbGUubWFwcy5wbGFjZXMudjEuUGxhY2VzLlNlYXJjaFRleHQQAhgEIAA
467,not_an_operator,gate3:vacation_rental_listing,Cozy Ski retreat near Heavenly Village Tahoe!,,Lodging,lodging,OPERATIONAL,,0,true,alpine-ski,ski rental,core,standard,covered_tile,0,operator,,,,,ChIJNe4NiJOPmYAR35e8gT-7sEI,https://maps.google.com/?cid=4805546683838273503&g_mp=Cidnb29nbGUubWFwcy5wbGFjZXMudjEuUGxhY2VzLlNlYXJjaFRleHQQAhgEIAA
468,not_an_operator,gate3:vacation_rental_listing,Cozy ski retreat with gondola located in front and across from Harrah’s casino.,,Lodging,lodging,OPERATIONAL,,0,true,alpine-ski,ski rental,core,standard,covered_tile,0,operator,,,,,ChIJTWC48nOQmYARWogaUpu7HBU,https://maps.google.com/?cid=1521297049916180570&g_mp=Cidnb29nbGUubWFwcy5wbGFjZXMudjEuUGxhY2VzLlNlYXJjaFRleHQQAhgEIAA
469,not_an_operator,gate3:vacation_rental_listing,Cozy Ski retreat- South Lake Tahoe area. Off Pioneer Road,,Lodging,lodging,OPERATIONAL,,0,true,alpine-ski,ski rental,core,standard,covered_tile,0,operator,,,,,ChIJt8zhTd2NmYAR_FpysdlzEQI,https://maps.google.com/?cid=149027641502096124&g_mp=Cidnb29nbGUubWFwcy5wbGFjZXMudjEuUGxhY2VzLlNlYXJjaFRleHQQAhgEIAA
470,not_an_operator,gate3:vacation_rental_listing,Cozy Ski retreat- South Lake Tahoe area. Off Pioneer Road,,Lodging,lodging,OPERATIONAL,,0,true,alpine-ski,ski rental,core,standard,covered_tile,0,operator,,,,,ChIJe53hTd2NmYARrqMhwRtIx50,https://maps.google.com/?cid=11369135068361630638&g_mp=Cidnb29nbGUubWFwcy5wbGFjZXMudjEuUGxhY2VzLlNlYXJjaFRleHQQAhgEIAA
471,not_an_operator,gate3:vacation_rental_listing,Cozy Ski-in /Ski-out Northstar Village Residence - Big Horn 408,,Lodging,lodging,OPERATIONAL,,0,true,alpine-ski,ski rental,core,standard,covered_tile,0,operator,,,,,ChIJgZN2zTZimYAR0MsJQCdx3RQ,https://maps.google.com/?cid=1503482264003660752&g_mp=Cidnb29nbGUubWFwcy5wbGFjZXMudjEuUGxhY2VzLlNlYXJjaFRleHQQAhgEIAA
472,not_an_operator,gate3:vacation_rental_listing,Cozy Ski-in/Ski-out Northstar Village Residence - Big Horn 406,,Lodging,lodging,OPERATIONAL,,0,true,alpine-ski,ski rental,core,standard,covered_tile,0,operator,,,,,ChIJ3wWm0jZimYARvkdqnLcS3OY,https://maps.google.com/?cid=16635191703412295614&g_mp=Cidnb29nbGUubWFwcy5wbGFjZXMudjEuUGxhY2VzLlNlYXJjaFRleHQQAhgEIAA
473,not_an_operator,gate3:vacation_rental_listing,Cozy ski-in/ski-out Northstar Village Residence - Big Horn 408 - Holiday Home,,Lodging,lodging,OPERATIONAL,,0,true,alpine-ski,ski rental,core,standard,covered_tile,0,operator,,,,,ChIJT9OawN7fm4ARVxZxOQv3FBI,https://maps.google.com/?cid=1302937819797329495&g_mp=Cidnb29nbGUubWFwcy5wbGFjZXMudjEuUGxhY2VzLlNlYXJjaFRleHQQAhgEIAA
474,not_an_operator,gate3:vacation_rental_listing,Cozy Tahoe Cabin for Ski & Lake,,Lodging,lodging,OPERATIONAL,,0,true,alpine-ski,ski rental,core,standard,covered_tile,0,operator,,,,,ChIJ08a4KdB8mYARsxkTR4K_M_g,https://maps.google.com/?cid=17884849111477459379&g_mp=Cidnb29nbGUubWFwcy5wbGFjZXMudjEuUGxhY2VzLlNlYXJjaFRleHQQAhgEIAA
475,not_an_operator,gate3:vacation_rental_listing,Cozy Truckee Ski Chalet with Awesome Views for 2023-24 Ski Lease,,Lodging,lodging,OPERATIONAL,,0,true,alpine-ski,ski rental,core,standard,covered_tile,0,operator,,,,,ChIJv-vLoyvhm4AR6Iiyewjjfnk,https://maps.google.com/?cid=8754684351229364456&g_mp=Cidnb29nbGUubWFwcy5wbGFjZXMudjEuUGxhY2VzLlNlYXJjaFRleHQQAhgEIAA
476,not_an_operator,gate3:vacation_rental_listing,"Cozy/Modern, Hot Tub, Skiing, Gathering Space, Families, Pets",,Lodging,lodging,OPERATIONAL,,0,true,alpine-ski,ski rental,core,standard,covered_tile,0,operator,,,,,ChIJnYr-xCLWm4AR08T3TjbAYjE,https://maps.google.com/?cid=3558617995061740755&g_mp=Cidnb29nbGUubWFwcy5wbGFjZXMudjEuUGxhY2VzLlNlYXJjaFRleHQQAhgEIAA
477,not_an_operator,gate3:vacation_rental_listing,Dav’s Ski-in/Ski-out King Studio resort @ Everline,,Lodging,lodging,OPERATIONAL,,0,true,alpine-ski,ski rental; ski shop,core,standard,covered_tile,0,operator,,,,,ChIJAwF26sXZm4ARGfH9EkXHkTc,https://maps.google.com/?cid=4004200643194384665&g_mp=Cidnb29nbGUubWFwcy5wbGFjZXMudjEuUGxhY2VzLlNlYXJjaFRleHQQAhgEIAA
478,not_an_operator,gate3:disc_golf_course_no_website,DiscWood Disc Golf Course,,Athletic Field,athletic_field,OPERATIONAL,4.6,8,true,disc-golf,disc golf rental,core,standard,covered_tile,0,operator,,,,,ChIJuZS8zz_3mYARG7alCsHDeII,https://maps.google.com/?cid=9401479456010647067&g_mp=Cidnb29nbGUubWFwcy5wbGFjZXMudjEuUGxhY2VzLlNlYXJjaFRleHQQAhgEIAA
479,not_an_operator,gate3:vacation_rental_listing,"Dog-friendly, ski-in /ski-out Condo with deck, pool, tennis, sauna, hot tub",,Lodging,lodging,OPERATIONAL,,0,true,alpine-ski,ski rental,core,standard,covered_tile,0,operator,,,,,ChIJwwf3Ui7nm4ARHJcg9QDDIV8,https://maps.google.com/?cid=6854974516714575644&g_mp=Cidnb29nbGUubWFwcy5wbGFjZXMudjEuUGxhY2VzLlNlYXJjaFRleHQQAhgEIAA
480,not_an_operator,gate3:vacation_rental_listing,"Dog-friendly, ski-in /ski-out Condo with deck, pool, tennis, sauna, hot tub",,Lodging,lodging,OPERATIONAL,,0,true,alpine-ski,ski rental,core,standard,covered_tile,0,operator,,,,,ChIJwwf3Ui7nm4ARJ5pb7J5cgGI,https://maps.google.com/?cid=7097774850375916071&g_mp=Cidnb29nbGUubWFwcy5wbGFjZXMudjEuUGxhY2VzLlNlYXJjaFRleHQQAhgEIAA
481,not_an_operator,gate3:vacation_rental_listing,"Dog-friendly, ski-in/ski-out Condo with deck",,Lodging,lodging,OPERATIONAL,,0,true,alpine-ski,ski rental,core,standard,covered_tile,0,operator,,,,,ChIJpQLsUi7nm4ARtUjvOl9magE,https://maps.google.com/?cid=102006500765943989&g_mp=Cidnb29nbGUubWFwcy5wbGFjZXMudjEuUGxhY2VzLlNlYXJjaFRleHQQAhgEIAA
482,not_an_operator,gate3:vacation_rental_listing,"Dolomite Condo 8 - Charming Ski Lease, Gas fireplace and Mountain Views",,Lodging,lodging,OPERATIONAL,,0,true,alpine-ski,ski rental,core,standard,covered_tile,0,operator,,,,,ChIJt8yUSErem4ARe6ltbSYomRk,https://maps.google.com/?cid=1844549667894700411&g_mp=Cidnb29nbGUubWFwcy5wbGFjZXMudjEuUGxhY2VzLlNlYXJjaFRleHQQAhgEIAA
483,not_an_operator,gate3:vacation_rental_listing,Donner Lake Views HotTub Kayak Bikes by Sierra Getaways,,Lodging,lodging,OPERATIONAL,,0,true,canoe; kayak,canoe rental; kayak rental,core,standard,covered_tile,0,operator,,,,,ChIJZ8MzOVrnm4AR3siDeXgOW8E,https://maps.google.com/?cid=13932745782798305502&g_mp=Cidnb29nbGUubWFwcy5wbGFjZXMudjEuUGxhY2VzLlNlYXJjaFRleHQQAhgEIAA
484,not_an_operator,gate3:vacation_rental_listing,"Donner Lake, Truckee House - Available for Ski Lease 2025 ski season",,Lodging,lodging,OPERATIONAL,,0,true,alpine-ski,ski rental,core,standard,covered_tile,0,operator,,,,,ChIJcx75VfPdm4ARMjvnZs3d7PA,https://maps.google.com/?cid=17360494537870883634&g_mp=Cidnb29nbGUubWFwcy5wbGFjZXMudjEuUGxhY2VzLlNlYXJjaFRleHQQAhgEIAA
485,not_an_operator,gate3:vacation_rental_listing,Donner Ridge by Avantstay Minutes to Skiing Deck Ping Pong Pool Table,,Lodging,lodging,OPERATIONAL,,0,true,alpine-ski,ski rental,core,standard,covered_tile,0,operator,,,,,ChIJuf1vYUvnm4ARLyKAq8Nwsf0,https://maps.google.com/?cid=18280516348171788847&g_mp=Cidnb29nbGUubWFwcy5wbGFjZXMudjEuUGxhY2VzLlNlYXJjaFRleHQQAhgEIAA
486,not_an_operator,gate3:disc_golf_course_no_website,Donner Ski Ranch Disc Golf Course,,Athletic Field,athletic_field,OPERATIONAL,4.6,5,true,disc-golf,disc golf rental,core,standard,covered_tile,0,operator,,,,,ChIJZfehfmHnm4AR-dS-3AVlki0,https://maps.google.com/?cid=3283798154159248633&g_mp=Cidnb29nbGUubWFwcy5wbGFjZXMudjEuUGxhY2VzLlNlYXJjaFRleHQQAhgEIAA
487,not_an_operator,gate3:vacation_rental_listing,Downtown Kings Beach Cabin–Near Lake & Ski,,Lodging,lodging,OPERATIONAL,,0,true,alpine-ski,ski rental,core,standard,covered_tile,0,operator,,,,,ChIJe0lJ6dRkmYAR0V-T__Fdr74,https://maps.google.com/?cid=13740304282087022545&g_mp=Cidnb29nbGUubWFwcy5wbGFjZXMudjEuUGxhY2VzLlNlYXJjaFRleHQQAhgEIAA
488,not_an_operator,gate3:vacation_rental_listing,"Dreamy Ski Retreat W/ Private Patio, Shared Pool/Hot Tubs, Free WiFi & More",,Lodging,lodging,OPERATIONAL,,0,true,alpine-ski,ski rental,core,standard,covered_tile,0,operator,,,,,ChIJg7PBLSlimYARe39u39CFKIw,https://maps.google.com/?cid=10099469296526589819&g_mp=Cidnb29nbGUubWFwcy5wbGFjZXMudjEuUGxhY2VzLlNlYXJjaFRleHQQAhgEIAA
489,not_an_operator,gate3:vacation_rental_listing,Dreamy snow retreat sleeps 8 at Northstar Lodge. Ski in and out on Home Run!,,Lodging,lodging,OPERATIONAL,,0,true,alpine-ski,ski rental,core,standard,covered_tile,0,operator,,,,,ChIJA2cV9TBimYAR6nYKWw3QKK8,https://maps.google.com/?cid=12621566711486379754&g_mp=Cidnb29nbGUubWFwcy5wbGFjZXMudjEuUGxhY2VzLlNlYXJjaFRleHQQAhgEIAA
490,not_an_operator,gate3:vacation_rental_listing,Eagles Nest Lodge 2A Heavenly Ski In /out,,Lodging,lodging,OPERATIONAL,,0,true,alpine-ski,ski rental,core,standard,covered_tile,0,operator,,,,,ChIJKwMwKLGQmYARMxqPA5xvSu4,https://maps.google.com/?cid=17170659245168728627&g_mp=Cidnb29nbGUubWFwcy5wbGFjZXMudjEuUGxhY2VzLlNlYXJjaFRleHQQAhgEIAA
491,not_an_operator,gate3:public_recreation_site_no_website,Echo Lake Sno-Park,,Park,park,OPERATIONAL,4.4,451,false,snow-tube,snow tube rental,experience,standard,covered_tile,0,operator,,,,,ChIJNzRLiFmMmYARAQAxlN0uAdQ,https://maps.google.com/?cid=15276542940226322433&g_mp=Cidnb29nbGUubWFwcy5wbGFjZXMudjEuUGxhY2VzLlNlYXJjaFRleHQQAhgEIAA
492,not_an_operator,gate3:vacation_rental_listing,"Echo Summit Cabin: Modern, Family Friendly, Hot Tub, 1 mi. to Sierra Ski Resort!",,Lodging,lodging,OPERATIONAL,,0,true,alpine-ski,ski rental,core,standard,covered_tile,0,operator,,,,,ChIJ47NnFXCMmYARQE5j_TkYeks,https://maps.google.com/?cid=5438686137346641472&g_mp=Cidnb29nbGUubWFwcy5wbGFjZXMudjEuUGxhY2VzLlNlYXJjaFRleHQQAhgEIAA
493,not_an_operator,gate3:vacation_rental_listing,Elegant Cabin Ski Access Hot Tub Northstar with Garage,,Lodging,lodging,OPERATIONAL,,0,true,alpine-ski,ski rental,core,standard,covered_tile,0,operator,,,,,ChIJgdAcbCVimYARe-cVMxS74GU,https://maps.google.com/?cid=7341073088044722043&g_mp=Cidnb29nbGUubWFwcy5wbGFjZXMudjEuUGxhY2VzLlNlYXJjaFRleHQQAhgEIAA
494,not_an_operator,gate3:vacation_rental_listing,Elmcrest at Winter Creek by Tahoe Getaways - Pet-Friendly Monthly & Ski Lease,,Lodging,lodging,OPERATIONAL,,0,true,alpine-ski,ski rental,core,standard,covered_tile,0,operator,,,,,ChIJ4fgvT5Dfm4AReuYMc3VQ_MY,https://maps.google.com/?cid=14338423779012437626&g_mp=Cidnb29nbGUubWFwcy5wbGFjZXMudjEuUGxhY2VzLlNlYXJjaFRleHQQAhgEIAA
495,not_an_operator,gate3:vacation_rental_listing,Enchanting Old Tahoe Cabin! Ski Lease.,,Lodging,lodging,OPERATIONAL,,0,true,alpine-ski,ski rental,core,standard,covered_tile,0,operator,,,,,ChIJSeQJh8h8mYARWZsHQorwbv4,https://maps.google.com/?cid=18333855609675815769&g_mp=Cidnb29nbGUubWFwcy5wbGFjZXMudjEuUGxhY2VzLlNlYXJjaFRleHQQAhgEIAA
496,not_an_operator,gate3:vacation_rental_listing,Endless Mtn Views! Group Ski Lodge at Sugar Bowl,,Lodging,lodging,OPERATIONAL,,0,true,alpine-ski,ski rental,core,standard,covered_tile,0,operator,,,,,ChIJQV9ITOLnm4ARMFVn4ykuWdg,https://maps.google.com/?cid=15589542342563419440&g_mp=Cidnb29nbGUubWFwcy5wbGFjZXMudjEuUGxhY2VzLlNlYXJjaFRleHQQAhgEIAA
497,not_an_operator,gate3:vacation_rental_listing,Endless Mtn Views! Group Ski Lodge at Sugar Bowl,,Lodging,lodging,OPERATIONAL,,0,true,alpine-ski,ski rental,core,standard,covered_tile,0,operator,,,,,ChIJQV9ITOLnm4ARwcFftAK2B3c,https://maps.google.com/?cid=8577024138082763201&g_mp=Cidnb29nbGUubWFwcy5wbGFjZXMudjEuUGxhY2VzLlNlYXJjaFRleHQQAhgEIAA
498,not_an_operator,gate3:vacation_rental_listing,"Enjoy Paradise Hot Tub, Bike & Beach Equipment!",,Lodging,lodging,OPERATIONAL,,0,true,cycling,bike rental,core,standard,covered_tile,0,operator,,,,,ChIJCTNBsTXYm4ARW4oFc7y1t-8,https://maps.google.com/?cid=17273474716791048795&g_mp=Cidnb29nbGUubWFwcy5wbGFjZXMudjEuUGxhY2VzLlNlYXJjaFRleHQQAhgEIAA
499,not_an_operator,gate3:vacation_rental_listing,Escape to Incline Village! Min to Beach and Skiing,,Lodging,lodging,OPERATIONAL,,0,true,alpine-ski,ski rental,core,standard,covered_tile,0,operator,,,,,ChIJ5YCEPEpwmYARAwWXYu61Xqs,https://maps.google.com/?cid=12348507263757387011&g_mp=Cidnb29nbGUubWFwcy5wbGFjZXMudjEuUGxhY2VzLlNlYXJjaFRleHQQAhgEIAA
500,not_an_operator,gate3:vacation_rental_listing,"Evergreen Elegance: Boat Parking, Close to Lifts, Lake & Trails",,Lodging,lodging,OPERATIONAL,,0,true,powerboat,boat rental,core,standard,covered_tile,0,operator,,,,,ChIJ2aQ80DmQmYARBREZAZf3r9w,https://maps.google.com/?cid=15902201037199053061&g_mp=Cidnb29nbGUubWFwcy5wbGFjZXMudjEuUGxhY2VzLlNlYXJjaFRleHQQAhgEIAA
501,not_an_operator,gate3:vacation_rental_listing,"Everline Resort & Spa - luxe ski-in/ski-out condo with fireplace, pools, & gym",,Lodging,lodging,OPERATIONAL,,0,true,alpine-ski,ski rental,core,standard,covered_tile,0,operator,,,,,ChIJ1YWS6cXZm4AR2EUJvL57LBg,https://maps.google.com/?cid=1741903215014266328&g_mp=Cidnb29nbGUubWFwcy5wbGFjZXMudjEuUGxhY2VzLlNlYXJjaFRleHQQAhgEIAA
502,not_an_operator,gate3:vacation_rental_listing,Everline Resort & Spa - Ski-in-ski-out slope-view studio pools & gym,,Lodging,lodging,OPERATIONAL,,0,true,alpine-ski,ski rental; ski shop,core,standard,covered_tile,0,operator,,,,,ChIJ1YWS6cXZm4ARFMKcsjCKObE,https://maps.google.com/?cid=12770390160145433108&g_mp=Cidnb29nbGUubWFwcy5wbGFjZXMudjEuUGxhY2VzLlNlYXJjaFRleHQQAhgEIAA
503,not_an_operator,gate3:vacation_rental_listing,"Everline Resort & Spa - Ski-in-ski-out slope-view studio, pools, & gym",,Lodging,lodging,OPERATIONAL,,0,true,alpine-ski,ski rental,core,standard,covered_tile,0,operator,,,,,ChIJ1YWS6cXZm4AR-3hG5rWReWM,https://maps.google.com/?cid=7167920492375341307&g_mp=Cidnb29nbGUubWFwcy5wbGFjZXMudjEuUGxhY2VzLlNlYXJjaFRleHQQAhgEIAA
504,not_an_operator,gate3:vacation_rental_listing,Everline Resort & Spa - two units Ski-in-ski-out pools gym & ice rink,,Lodging,lodging,OPERATIONAL,,0,true,alpine-ski,ski rental,core,standard,covered_tile,0,operator,,,,,ChIJsdq_wcXZm4ARAJ4TBCQ-FWw,https://maps.google.com/?cid=7788199455015280128&g_mp=Cidnb29nbGUubWFwcy5wbGFjZXMudjEuUGxhY2VzLlNlYXJjaFRleHQQAhgEIAA
505,not_an_operator,gate3:vacation_rental_listing,"Everline Resort & Spa - two units, Ski-in-ski-out, pools, gym, & ice rink",,Lodging,lodging,OPERATIONAL,,0,true,alpine-ski,ski rental,core,standard,covered_tile,0,operator,,,,,ChIJB_-_wcXZm4AR8kaMfZ81hJk,https://maps.google.com/?cid=11062025543851198194&g_mp=Cidnb29nbGUubWFwcy5wbGFjZXMudjEuUGxhY2VzLlNlYXJjaFRleHQQAhgEIAA
506,not_an_operator,gate3:vacation_rental_listing,"Everline Resort & Spa adjoining condos with pool, hot tub, ski-in/ski-out locale",,Lodging,lodging,OPERATIONAL,,0,true,alpine-ski,ski rental,core,standard,covered_tile,0,operator,,,,,ChIJB_-_wcXZm4AR4Bd2KYC_2yk,https://maps.google.com/?cid=3016214932627003360&g_mp=Cidnb29nbGUubWFwcy5wbGFjZXMudjEuUGxhY2VzLlNlYXJjaFRleHQQAhgEIAA
507,not_an_operator,gate3:vacation_rental_listing,"Everline Resort & Spa Ski-in-ski-out condo with elevator, pool, hot tub, & spa",,Lodging,lodging,OPERATIONAL,,0,true,alpine-ski,ski rental,core,standard,covered_tile,0,operator,,,,,ChIJB_-_wcXZm4ARoVRtZ6fc3Aw,https://maps.google.com/?cid=926858234884347041&g_mp=Cidnb29nbGUubWFwcy5wbGFjZXMudjEuUGxhY2VzLlNlYXJjaFRleHQQAhgEIAA
508,not_an_operator,gate3:vacation_rental_listing,Everline Resort & Spa studio - Ski-in-ski-out pools hot tubs & full spa,,Lodging,lodging,OPERATIONAL,,0,true,alpine-ski,ski rental,core,standard,covered_tile,0,operator,,,,,ChIJB_-_wcXZm4AR-2mkx9XjcQI,https://maps.google.com/?cid=176172367761140219&g_mp=Cidnb29nbGUubWFwcy5wbGFjZXMudjEuUGxhY2VzLlNlYXJjaFRleHQQAhgEIAA
509,not_an_operator,gate3:vacation_rental_listing,"Everline Resort & Spa studio - Ski-in-ski-out, pools, hot tubs, & full spa",,Lodging,lodging,OPERATIONAL,,0,true,alpine-ski,ski rental,core,standard,covered_tile,0,operator,,,,,ChIJB_-_wcXZm4ARZug3v1mGQGo,https://maps.google.com/?cid=7656267086548166758&g_mp=Cidnb29nbGUubWFwcy5wbGFjZXMudjEuUGxhY2VzLlNlYXJjaFRleHQQAhgEIAA
510,not_an_operator,gate3:vacation_rental_listing,"Everline Resort & Spa: Deluxe Valley View Condo - Ski-in/out, Golf, Pools, Spa",,Lodging,lodging,OPERATIONAL,,0,true,alpine-ski,ski rental,core,standard,covered_tile,0,operator,,,,,ChIJW2zD38XZm4ARjF0V139FfUA,https://maps.google.com/?cid=4646946805887884684&g_mp=Cidnb29nbGUubWFwcy5wbGFjZXMudjEuUGxhY2VzLlNlYXJjaFRleHQQAhgEIAA
511,not_an_operator,gate3:vacation_rental_listing,"Everline Resort ski-in /ski-out suite with heated pools, hot tub, golf, tennis",,Lodging,lodging,OPERATIONAL,,0,true,alpine-ski,ski rental,core,standard,covered_tile,0,operator,,,,,ChIJCcUBwsXZm4ARNNfRuPEnvow,https://maps.google.com/?cid=10141587330026297140&g_mp=Cidnb29nbGUubWFwcy5wbGFjZXMudjEuUGxhY2VzLlNlYXJjaFRleHQQAhgEIAA
512,not_an_operator,gate3:vacation_rental_listing,Everline Resort Spa - ski-in /ski-out suite with heated pools hot tub,,Lodging,lodging,OPERATIONAL,,0,true,alpine-ski,ski rental,core,standard,covered_tile,0,operator,,,,,ChIJI21Cv8XZm4ARjvBpaIGR52c,https://maps.google.com/?cid=7487112890515320974&g_mp=Cidnb29nbGUubWFwcy5wbGFjZXMudjEuUGxhY2VzLlNlYXJjaFRleHQQAhgEIAA
513,not_an_operator,gate3:vacation_rental_listing,"Everline Resort, Ski in /Ski out top floor King",,Lodging,lodging,OPERATIONAL,,0,true,alpine-ski,ski rental; ski shop,core,standard,covered_tile,0,operator,,,,,ChIJaagCYcTZm4ARxOibFVjgTxo,https://maps.google.com/?cid=1895980637070551236&g_mp=Cidnb29nbGUubWFwcy5wbGFjZXMudjEuUGxhY2VzLlNlYXJjaFRleHQQAhgEIAA
514,not_an_operator,gate3:vacation_rental_listing,"Everline Resort, Ski in/Ski out top floor King",,Lodging,lodging,OPERATIONAL,,0,true,alpine-ski,ski rental,core,standard,covered_tile,0,operator,,,,,ChIJ3TwdYcTZm4ARt4X3NVJbhQY,https://maps.google.com/?cid=469882144780944823&g_mp=Cidnb29nbGUubWFwcy5wbGFjZXMudjEuUGxhY2VzLlNlYXJjaFRleHQQAhgEIAA
515,not_an_operator,gate3:vacation_rental_listing,"Expansive, Remodeled Home at Tahoe Donner - Swim, Ski & Ride",,Lodging,lodging,OPERATIONAL,,0,true,alpine-ski,ski rental,core,standard,covered_tile,0,operator,,,,,ChIJsVtQBYngm4ARomxk4urxL7A,https://maps.google.com/?cid=12695631865703591074&g_mp=Cidnb29nbGUubWFwcy5wbGFjZXMudjEuUGxhY2VzLlNlYXJjaFRleHQQAhgEIAA
516,not_an_operator,gate3:vacation_rental_listing,"Experience luxury living at Hyatt Northstar Lodge, premier ski-in/ski-out resort",,Lodging,lodging,OPERATIONAL,,0,true,alpine-ski,ski rental,core,standard,covered_tile,0,operator,,,,,ChIJ83gV9TBimYARlI1i4crpr7k,https://maps.google.com/?cid=13380170075515030932&g_mp=Cidnb29nbGUubWFwcy5wbGFjZXMudjEuUGxhY2VzLlNlYXJjaFRleHQQAhgEIAA
517,not_an_operator,gate3:vacation_rental_listing,Experience Tahoe's Ski Scene at Holiday Inn Club Vacations Tahoe Ridge Resort,,Lodging,lodging,OPERATIONAL,,0,true,alpine-ski,ski rental,core,standard,covered_tile,0,operator,,,,,ChIJp0a4ZrSQmYARU1N0udlkvCM,https://maps.google.com/?cid=2575043973231170387&g_mp=Cidnb29nbGUubWFwcy5wbGFjZXMudjEuUGxhY2VzLlNlYXJjaFRleHQQAhgEIAA
518,not_an_operator,gate3:vacation_rental_listing,Experience Tahoe's Ski Scene at Holiday Inn Club Vacations Tahoe Ridge Resort,,Lodging,lodging,OPERATIONAL,,0,true,alpine-ski,ski rental,core,standard,covered_tile,0,operator,,,,,ChIJi8X0grOQmYARjNBPYXyKLIw,https://maps.google.com/?cid=10100600331098378380&g_mp=Cidnb29nbGUubWFwcy5wbGFjZXMudjEuUGxhY2VzLlNlYXJjaFRleHQQAhgEIAA
519,not_an_operator,gate3:vacation_rental_listing,Experience Tahoe's Ski Scene at Holiday Inn Club Vacations Tahoe Ridge Resort,,Lodging,lodging,OPERATIONAL,,0,true,alpine-ski,ski rental,core,standard,covered_tile,0,operator,,,,,ChIJjQN9hLSQmYARRdKdaFEbp74,https://maps.google.com/?cid=13737979224778461765&g_mp=Cidnb29nbGUubWFwcy5wbGFjZXMudjEuUGxhY2VzLlNlYXJjaFRleHQQAhgEIAA
520,not_an_operator,gate3:vacation_rental_listing,Experience Tahoe's Ski Scene at Holiday Inn Club Vacations Tahoe Ridge Resort,,Lodging,lodging,OPERATIONAL,,0,true,alpine-ski,ski rental,core,standard,covered_tile,0,operator,,,,,ChIJcdb5hLSQmYARjttDIOufR8M,https://maps.google.com/?cid=14071391392949853070&g_mp=Cidnb29nbGUubWFwcy5wbGFjZXMudjEuUGxhY2VzLlNlYXJjaFRleHQQAhgEIAA
521,not_an_operator,gate3:vacation_rental_listing,Explore the West Shore! Ski Lease 2025 in Tahoma.,,Lodging,lodging,OPERATIONAL,,0,true,alpine-ski,ski rental,core,standard,covered_tile,0,operator,,,,,ChIJvYYoKvJ_mYARHsCEhKaHcVU,https://maps.google.com/?cid=6156851314849792030&g_mp=Cidnb29nbGUubWFwcy5wbGFjZXMudjEuUGxhY2VzLlNlYXJjaFRleHQQAhgEIAA
522,not_an_operator,gate3:vacation_rental_listing,"Exquisite lake house! Private Beach, Boat Dock, Lake, Skiing, Casinos, Views!",,Lodging,lodging,OPERATIONAL,,0,true,powerboat,boat rental,core,standard,covered_tile,0,operator,,,,,ChIJt0efHZWcmYARhHd46UaUomg,https://maps.google.com/?cid=7539751758457239428&g_mp=Cidnb29nbGUubWFwcy5wbGFjZXMudjEuUGxhY2VzLlNlYXJjaFRleHQQAhgEIAA
523,not_an_operator,gate3:vacation_rental_listing,Fabulous Tahoe Donner Home for Long-Term Summer or Ski Lease,,Lodging,lodging,OPERATIONAL,,0,true,alpine-ski,ski rental,core,standard,covered_tile,0,operator,,,,,ChIJB13-FaTgm4ARW9aSg5_DNZQ,https://maps.google.com/?cid=10679657181253654107&g_mp=Cidnb29nbGUubWFwcy5wbGFjZXMudjEuUGxhY2VzLlNlYXJjaFRleHQQAhgEIAA
524,not_an_operator,gate3:vacation_rental_listing,Fabulous Tahoe Donner Home for Long-Term Summer or Ski Lease,,Lodging,lodging,OPERATIONAL,,0,true,alpine-ski,ski rental,core,standard,covered_tile,0,operator,,,,,ChIJLcf-FaTgm4ARcofTBucrugk,https://maps.google.com/?cid=700920963261499250&g_mp=Cidnb29nbGUubWFwcy5wbGFjZXMudjEuUGxhY2VzLlNlYXJjaFRleHQQAhgEIAA
525,not_an_operator,gate3:vacation_rental_listing,Falcon's Rest - Ski and Summer Cabin in The Heart of North Lake Tahoe- Gas Fireplace,,Lodging,lodging,OPERATIONAL,,0,true,alpine-ski,ski rental,core,standard,covered_tile,0,operator,,,,,ChIJ46behMh8mYAR7X12tCp6xLw,https://maps.google.com/?cid=13602131098400620013&g_mp=Cidnb29nbGUubWFwcy5wbGFjZXMudjEuUGxhY2VzLlNlYXJjaFRleHQQAhgEIAA
526,not_an_operator,gate3:vacation_rental_listing,Family Dog-friendly Tahoe Ski Cabin w Hot Tub,,Lodging,lodging,OPERATIONAL,,0,true,alpine-ski,ski rental,core,standard,covered_tile,0,operator,,,,,ChIJpSxY4lpjmYARkO3injVAF9k,https://maps.google.com/?cid=15643042429737823632&g_mp=Cidnb29nbGUubWFwcy5wbGFjZXMudjEuUGxhY2VzLlNlYXJjaFRleHQQAhgEIAA
527,not_an_operator,gate3:vacation_rental_listing,Family Friendly 3BD-Next to Beach & Ski Resort,,Lodging,lodging,OPERATIONAL,,0,true,alpine-ski,ski rental,core,standard,covered_tile,0,operator,,,,,ChIJsRvwMit7mYAREvv8So2ql84,https://maps.google.com/?cid=14886554617121667858&g_mp=Cidnb29nbGUubWFwcy5wbGFjZXMudjEuUGxhY2VzLlNlYXJjaFRleHQQAhgEIAA
528,not_an_operator,gate3:vacation_rental_listing,Family Friendly 3BD-Next to Beach & Ski Resort,,Lodging,lodging,OPERATIONAL,,0,true,alpine-ski,ski rental,core,standard,covered_tile,0,operator,,,,,ChIJsRvwMit7mYARpS1IjUnagoU,https://maps.google.com/?cid=9620491763454586277&g_mp=Cidnb29nbGUubWFwcy5wbGFjZXMudjEuUGxhY2VzLlNlYXJjaFRleHQQAhgEIAA
529,not_an_operator,gate3:vacation_rental_listing,"Family Friendly Luxury Ski Lodge W / Hot-tub, 2 Main Decks, Pool Table And Wifi",,Lodging,lodging,OPERATIONAL,,0,true,alpine-ski,ski rental,core,standard,covered_tile,0,operator,,,,,ChIJ27SQtVLnm4AR6qrT2jVBxo0,https://maps.google.com/?cid=10215924504296925930&g_mp=Cidnb29nbGUubWFwcy5wbGFjZXMudjEuUGxhY2VzLlNlYXJjaFRleHQQAhgEIAA
530,not_an_operator,gate3:vacation_rental_listing,"Family Friendly Luxury Ski Lodge W/ Hot-tub, 2 Main Decks, Pool Table And Wifi",,Lodging,lodging,OPERATIONAL,,0,true,alpine-ski,ski rental,core,standard,covered_tile,0,operator,,,,,ChIJ2VhJwbLgm4ARPZ5W6IeU-7I,https://maps.google.com/?cid=12897065269345033789&g_mp=Cidnb29nbGUubWFwcy5wbGFjZXMudjEuUGxhY2VzLlNlYXJjaFRleHQQAhgEIAA
531,not_an_operator,gate3:vacation_rental_listing,Family Friendly Ski Out Condo with Lake Tahoe Views at Heavenly - Two-Bedroom Apartment,,Lodging,lodging,OPERATIONAL,,0,true,alpine-ski,ski rental,core,standard,covered_tile,0,operator,,,,,ChIJiRoHm66QmYAR0f9nC-blDbw,https://maps.google.com/?cid=13550739630024294353&g_mp=Cidnb29nbGUubWFwcy5wbGFjZXMudjEuUGxhY2VzLlNlYXJjaFRleHQQAhgEIAA
532,not_an_operator,gate3:vacation_rental_listing,"Family Friendly, Gorgeous Views and steps to Tahoe Donner Ski Hill",,Lodging,lodging,OPERATIONAL,,0,true,alpine-ski,ski rental,core,standard,covered_tile,0,operator,,,,,ChIJmbyG1y7nm4ARI36is1DCW4Y,https://maps.google.com/?cid=9681545475829956131&g_mp=Cidnb29nbGUubWFwcy5wbGFjZXMudjEuUGxhY2VzLlNlYXJjaFRleHQQAhgEIAA
533,not_an_operator,gate3:vacation_rental_listing,"Family Friendly, Gorgeous Views and steps to Tahoe Donner Ski Hill",,Lodging,lodging,OPERATIONAL,,0,true,alpine-ski,ski rental,core,standard,covered_tile,0,operator,,,,,ChIJmbyG1y7nm4ARcbb2bFuVnHQ,https://maps.google.com/?cid=8402755224669173361&g_mp=Cidnb29nbGUubWFwcy5wbGFjZXMudjEuUGxhY2VzLlNlYXJjaFRleHQQAhgEIAA
534,not_an_operator,gate3:vacation_rental_listing,Family Ski Getaway,,Lodging,lodging,OPERATIONAL,,0,true,alpine-ski,ski rental,core,standard,covered_tile,0,operator,,,,,ChIJ1SoxhrL2mYARsfegb5iO3JU,https://maps.google.com/?cid=10798662791886600113&g_mp=Cidnb29nbGUubWFwcy5wbGFjZXMudjEuUGxhY2VzLlNlYXJjaFRleHQQAhgEIAA
535,not_an_operator,gate3:vacation_rental_listing,Family Ski Getaway,,Lodging,lodging,OPERATIONAL,,0,true,alpine-ski,ski rental,core,standard,covered_tile,0,operator,,,,,ChIJCRc4hrL2mYARp3QQ9bI93jw,https://maps.google.com/?cid=4386010925930411175&g_mp=Cidnb29nbGUubWFwcy5wbGFjZXMudjEuUGxhY2VzLlNlYXJjaFRleHQQAhgEIAA
536,not_an_operator,gate3:vacation_rental_listing,Family Tahoe Donner Retreat < 2 Mi to Downhill Ski,,Lodging,lodging,OPERATIONAL,,0,true,alpine-ski,ski rental,core,standard,covered_tile,0,operator,,,,,ChIJda5lg9Dgm4ART93zgcbcZPE,https://maps.google.com/?cid=17394270405953576271&g_mp=Cidnb29nbGUubWFwcy5wbGFjZXMudjEuUGxhY2VzLlNlYXJjaFRleHQQAhgEIAA
537,not_an_operator,gate3:vacation_rental_listing,Feb. 7-10 SKI IN SKI OUT Cozy 1-bdrm resort villa with sofa bed base of heavenly,,Lodging,lodging,OPERATIONAL,,0,true,alpine-ski,ski rental,core,standard,covered_tile,0,operator,,,,,ChIJhxarf3aQmYAR5vr8OCIcBv4,https://maps.google.com/?cid=18304348668804528870&g_mp=Cidnb29nbGUubWFwcy5wbGFjZXMudjEuUGxhY2VzLlNlYXJjaFRleHQQAhgEIAA
538,not_an_operator,gate3:vacation_rental_listing,"Fireplace, forest views, 10 min to ski, game room, pet friendly",,Lodging,lodging,OPERATIONAL,,0,true,alpine-ski,ski rental,core,standard,covered_tile,0,operator,,,,,ChIJZztkN5xkmYARkKwreGDJPpE,https://maps.google.com/?cid=10466024000225782928&g_mp=Cidnb29nbGUubWFwcy5wbGFjZXMudjEuUGxhY2VzLlNlYXJjaFRleHQQAhgEIAA
539,not_an_operator,gate3:vacation_rental_listing,"First level studio suite close to everything bike, ski, swim Zephyr Cove!",,Lodging,lodging,OPERATIONAL,,0,true,alpine-ski; cycling,bike rental; ski rental,core,standard,covered_tile,0,operator,,,,,ChIJ0aj1vyObmYARxJqrJA8ma3o,https://maps.google.com/?cid=8821186141616839364&g_mp=Cidnb29nbGUubWFwcy5wbGFjZXMudjEuUGxhY2VzLlNlYXJjaFRleHQQAhgEIAA
540,not_an_operator,gate3:vacation_rental_listing,"First level studio suite close to everything bike, ski, swim Zephyr Cove!",,Lodging,lodging,OPERATIONAL,,0,true,alpine-ski; cycling,bike rental; ski rental,core,standard,covered_tile,0,operator,,,,,ChIJsZ71vyObmYAR25JNU-SRsNU,https://maps.google.com/?cid=15397967535815889627&g_mp=Cidnb29nbGUubWFwcy5wbGFjZXMudjEuUGxhY2VzLlNlYXJjaFRleHQQAhgEIAA
541,not_an_operator,gate3:vacation_rental_listing,"First level studio Unit 7 close to everything bike, ski, swim Zephyr Cove!",,Lodging,lodging,OPERATIONAL,,0,true,alpine-ski; cycling,bike rental; ski rental,core,standard,covered_tile,0,operator,,,,,ChIJsZ71vyObmYARrh2XrRC9l8I,https://maps.google.com/?cid=14021883844170816942&g_mp=Cidnb29nbGUubWFwcy5wbGFjZXMudjEuUGxhY2VzLlNlYXJjaFRleHQQAhgEIAA
542,not_an_operator,gate3:vacation_rental_listing,"First level studio Unit 7 close to everything bike, ski, swim Zephyr Cove!",,Lodging,lodging,OPERATIONAL,,0,true,alpine-ski; cycling,bike rental; ski rental,core,standard,covered_tile,0,operator,,,,,ChIJ1aIKwCObmYARUVbQXD2fzbM,https://maps.google.com/?cid=12956186788913763921&g_mp=Cidnb29nbGUubWFwcy5wbGFjZXMudjEuUGxhY2VzLlNlYXJjaFRleHQQAhgEIAA
543,not_an_operator,gate3:vacation_rental_listing,"Flat with heated pool, terrace & hot tub | Next to the ski",,Lodging,lodging,OPERATIONAL,,0,true,alpine-ski,ski rental,core,standard,covered_tile,0,operator,,,,,ChIJ90uB4TZimYARI8EeOaUoApA,https://maps.google.com/?cid=10376901181508075811&g_mp=Cidnb29nbGUubWFwcy5wbGFjZXMudjEuUGxhY2VzLlNlYXJjaFRleHQQAhgEIAA
544,not_an_operator,gate3:vacation_rental_listing,Flip Flops Ski Boots - Apartment,,Lodging,lodging,OPERATIONAL,,0,true,alpine-ski,ski rental,core,standard,covered_tile,0,operator,,,,,ChIJyy5O-AWQmYARw3rqlRKZDZg,https://maps.google.com/?cid=10956581773565917891&g_mp=Cidnb29nbGUubWFwcy5wbGFjZXMudjEuUGxhY2VzLlNlYXJjaFRleHQQAhgEIAA
545,not_an_operator,gate3:vacation_rental_listing,Forest-View Gem 2 Mi to Diamond Peak Ski Resort!,,Lodging,lodging,OPERATIONAL,,0,true,alpine-ski,ski rental,core,standard,covered_tile,0,operator,,,,,ChIJ13jkwjxwmYARQcv1Nk-QUUk,https://maps.google.com/?cid=5283162507781196609&g_mp=Cidnb29nbGUubWFwcy5wbGFjZXMudjEuUGxhY2VzLlNlYXJjaFRleHQQAhgEIAA
546,not_an_operator,gate3:vacation_rental_listing,Forest-View Gem 2 Mi to Diamond Peak Ski Resort!,,Lodging,lodging,OPERATIONAL,,0,true,alpine-ski,ski rental,core,standard,covered_tile,0,operator,,,,,ChIJ13jkwjxwmYARaUetlZVIjjs,https://maps.google.com/?cid=4291447302229149545&g_mp=Cidnb29nbGUubWFwcy5wbGFjZXMudjEuUGxhY2VzLlNlYXJjaFRleHQQAhgEIAA
547,not_an_operator,gate3:vacation_rental_listing,Four Summits- Hot Tub- Pool Table- Short Drive to Ski Resorits - Four-Bedroom House,,Lodging,lodging,OPERATIONAL,,0,true,alpine-ski,ski rental,core,standard,covered_tile,0,operator,,,,,ChIJkVNj1VZjmYARzaFRfhdtqIk,https://maps.google.com/?cid=9919298126954471885&g_mp=Cidnb29nbGUubWFwcy5wbGFjZXMudjEuUGxhY2VzLlNlYXJjaFRleHQQAhgEIAA
548,not_an_operator,gate3:vacation_rental_listing,"FREE Ski Shuttle, Lake, Beach, Fire Place, Pet Friendly, Traeger, 2 Balconies",,Lodging,lodging,OPERATIONAL,,0,true,alpine-ski,ski rental,core,standard,covered_tile,0,operator,,,,,ChIJG2WO6ElwmYARMe0tzR3hGL8,https://maps.google.com/?cid=13770003378797931825&g_mp=Cidnb29nbGUubWFwcy5wbGFjZXMudjEuUGxhY2VzLlNlYXJjaFRleHQQAhgEIAA
549,not_an_operator,gate3:vacation_rental_listing,"Gardner Mountain Lodge: Bike Friendly, National Forest Land, A/C, Pool Table, Dogs Welcome",,Lodging,lodging,OPERATIONAL,,0,true,mtb,mountain bike rental,core,standard,covered_tile,0,operator,,,,,ChIJz18PYQqPmYARK29jkLOLnKs,https://maps.google.com/?cid=12365912280190381867&g_mp=Cidnb29nbGUubWFwcy5wbGFjZXMudjEuUGxhY2VzLlNlYXJjaFRleHQQAhgEIAA
550,not_an_operator,gate3:vacation_rental_listing,"Gardner Mountain Lodge: Bike Friendly, National Forest Land, A/C, Pool Table, Dogs Welcome",,Lodging,lodging,OPERATIONAL,,0,true,mtb,mountain bike rental,core,standard,covered_tile,0,operator,,,,,ChIJz18PYQqPmYARUFlZ7lBoYCk,https://maps.google.com/?cid=2981497650124773712&g_mp=Cidnb29nbGUubWFwcy5wbGFjZXMudjEuUGxhY2VzLlNlYXJjaFRleHQQAhgEIAA
551,not_an_operator,gate3:vacation_rental_listing,Gateway to Mt Rose Ski! Reno Home Near Casinos,,Lodging,lodging,OPERATIONAL,,0,true,alpine-ski,ski rental,core,standard,covered_tile,0,operator,,,,,ChIJc202VqpHmYAR3NnUJAnQsgw,https://maps.google.com/?cid=915022412000844252&g_mp=Cidnb29nbGUubWFwcy5wbGFjZXMudjEuUGxhY2VzLlNlYXJjaFRleHQQAhgEIAA
552,not_an_operator,gate3:vacation_rental_listing,Gateway to Mt Rose Ski! Reno Home Near Casinos,,Lodging,lodging,OPERATIONAL,,0,true,alpine-ski,ski rental,core,standard,covered_tile,0,operator,,,,,ChIJDV1IVqpHmYARl7sQiB7_Du4,https://maps.google.com/?cid=17153928537297697687&g_mp=Cidnb29nbGUubWFwcy5wbGFjZXMudjEuUGxhY2VzLlNlYXJjaFRleHQQAhgEIAA
553,not_an_operator,gate3:vacation_rental_listing,Gateway to Mt Rose Ski! Reno Home w/ Fireplace,,Lodging,lodging,OPERATIONAL,,0,true,alpine-ski,ski rental,core,standard,covered_tile,0,operator,,,,,ChIJBVEp80BHmYARE7uuGJkalj4,https://maps.google.com/?cid=4509821321704553235&g_mp=Cidnb29nbGUubWFwcy5wbGFjZXMudjEuUGxhY2VzLlNlYXJjaFRleHQQAhgEIAA
554,not_an_operator,gate3:vacation_rental_listing,Gateway to Mt Rose Ski! Reno Home with Fireplace - Vacation Home,,Lodging,lodging,OPERATIONAL,,0,true,alpine-ski,ski rental,core,standard,covered_tile,0,operator,,,,,ChIJBVEp80BHmYAR1fTNASH0iLg,https://maps.google.com/?cid=13297146322412762325&g_mp=Cidnb29nbGUubWFwcy5wbGFjZXMudjEuUGxhY2VzLlNlYXJjaFRleHQQAhgEIAA
555,not_an_operator,gate3:vacation_rental_listing,"Gondola Getaway- Ski-in Ski-out - Luxury 4 BR, Private Hot Tub, HOA Amenities - Four-Bedroom House",,Lodging,lodging,OPERATIONAL,,0,true,alpine-ski,ski rental,core,standard,covered_tile,0,operator,,,,,ChIJiyuH_jhimYARvV5HRWV6L2Q,https://maps.google.com/?cid=7219123303070785213&g_mp=Cidnb29nbGUubWFwcy5wbGFjZXMudjEuUGxhY2VzLlNlYXJjaFRleHQQAhgEIAA
556,not_an_operator,gate3:vacation_rental_listing,"Gondola Ski-in /Ski-out By Tahoe Getaways - Luxury 4 BR, Private Hot Tub, Access to Pool",,Lodging,lodging,OPERATIONAL,,0,true,alpine-ski,ski rental,core,standard,covered_tile,0,operator,,,,,ChIJHwAG_DhimYARWJnPgrAOroI,https://maps.google.com/?cid=9416480022149962072&g_mp=Cidnb29nbGUubWFwcy5wbGFjZXMudjEuUGxhY2VzLlNlYXJjaFRleHQQAhgEIAA
557,not_an_operator,gate3:vacation_rental_listing,"Gone Ski-Inn_Walk To Prosser Lake +Game Room: Skee Ball, Arcades, Ping Pong & Shuffleboard",,Lodging,lodging,OPERATIONAL,,0,true,alpine-ski,ski rental,core,standard,covered_tile,0,operator,,,,,ChIJL2rSqhfgm4ARE7xa-acZ0yQ,https://maps.google.com/?cid=2653492814685060115&g_mp=Cidnb29nbGUubWFwcy5wbGFjZXMudjEuUGxhY2VzLlNlYXJjaFRleHQQAhgEIAA
558,not_an_operator,gate3:vacation_rental_listing,Gorgeous 2-bedroom condo steps from Kirkwood Mountain ski lift,,Lodging,lodging,OPERATIONAL,,0,true,alpine-ski,ski rental,core,standard,covered_tile,0,operator,,,,,ChIJQ8piv7L2mYARjicOpIEs5R4,https://maps.google.com/?cid=2226234526119372686&g_mp=Cidnb29nbGUubWFwcy5wbGFjZXMudjEuUGxhY2VzLlNlYXJjaFRleHQQAhgEIAA
559,not_an_operator,gate3:vacation_rental_listing,"Gorgeous Lake Tahoe Views, 10 Minutes to Skiing, Game Room for Family Fun!",,Lodging,lodging,OPERATIONAL,,0,true,alpine-ski,ski rental,core,standard,covered_tile,0,operator,,,,,ChIJ5SVkEuVvmYARnlsHCePlKZ8,https://maps.google.com/?cid=11468950689347492766&g_mp=Cidnb29nbGUubWFwcy5wbGFjZXMudjEuUGxhY2VzLlNlYXJjaFRleHQQAhgEIAA
560,not_an_operator,gate3:vacation_rental_listing,"Gorgeous lakefront escape with fireplace, close to skiing",,Lodging,lodging,OPERATIONAL,,0,true,alpine-ski,ski rental,core,standard,covered_tile,0,operator,,,,,ChIJ_5Pr5nvnm4ARuycBtNIEVYc,https://maps.google.com/?cid=9751705871150294971&g_mp=Cidnb29nbGUubWFwcy5wbGFjZXMudjEuUGxhY2VzLlNlYXJjaFRleHQQAhgEIAA
561,not_an_operator,gate3:vacation_rental_listing,"Gorgeous Mountain View & Access to a Pool, Hot Tub, Gym - Near Skiing",,Lodging,lodging,OPERATIONAL,,0,true,alpine-ski,ski rental,core,standard,covered_tile,0,operator,,,,,ChIJQ0XF2Nfgm4AR6yP-pd2KXmo,https://maps.google.com/?cid=7664716300408464363&g_mp=Cidnb29nbGUubWFwcy5wbGFjZXMudjEuUGxhY2VzLlNlYXJjaFRleHQQAhgEIAA
562,not_an_operator,gate3:vacation_rental_listing,Great Group Family Ski Fun!,,Lodging,lodging,OPERATIONAL,,0,true,alpine-ski,ski rental,core,standard,covered_tile,0,operator,,,,,ChIJoR-RgAWQmYARCEue14wMiTI,https://maps.google.com/?cid=3641455572758186760&g_mp=Cidnb29nbGUubWFwcy5wbGFjZXMudjEuUGxhY2VzLlNlYXJjaFRleHQQAhgEIAA
563,not_an_operator,gate3:vacation_rental_listing,"Great Lake Location, Kayak/SUP 1 min, Casinos 12 min, Skiing 14 min. Sleeps 6",,Lodging,lodging,OPERATIONAL,,0,true,alpine-ski; canoe; kayak; sup,canoe rental; kayak rental; paddleboard rental; ski rental,core,standard,covered_tile,0,operator,,,,,ChIJwyKlNp-cmYARvtyFDd9c8vE,https://maps.google.com/?cid=17434099220578950334&g_mp=Cidnb29nbGUubWFwcy5wbGFjZXMudjEuUGxhY2VzLlNlYXJjaFRleHQQAhgEIAA
564,not_an_operator,gate3:vacation_rental_listing,Great Location - close to Truckee Regional Park - Looking for Ski Lease,,Lodging,lodging,OPERATIONAL,,0,true,alpine-ski,ski rental,core,standard,covered_tile,0,operator,,,,,ChIJVeCNCY3fm4AR2yBIF0mv5nU,https://maps.google.com/?cid=8495670475539095771&g_mp=Cidnb29nbGUubWFwcy5wbGFjZXMudjEuUGxhY2VzLlNlYXJjaFRleHQQAhgEIAA
565,not_an_operator,gate3:vacation_rental_listing,"Great Location- Close to skiing, sledding and town. Free ski shuttle to DP!",,Lodging,lodging,OPERATIONAL,,0,true,alpine-ski,ski rental,core,standard,covered_tile,0,operator,,,,,ChIJ-Us7gxxwmYARHFeIBLZEP8s,https://maps.google.com/?cid=14645500061782923036&g_mp=Cidnb29nbGUubWFwcy5wbGFjZXMudjEuUGxhY2VzLlNlYXJjaFRleHQQAhgEIAA
566,not_an_operator,gate3:vacation_rental_listing,"Great Location! Studio, close to SKI+HIKE+BEACH",,Lodging,lodging,OPERATIONAL,,0,true,alpine-ski,ski rental,core,standard,covered_tile,0,operator,,,,,ChIJwbI6bbKQmYARTKOcfnI9YJc,https://maps.google.com/?cid=10907785859451102028&g_mp=Cidnb29nbGUubWFwcy5wbGFjZXMudjEuUGxhY2VzLlNlYXJjaFRleHQQAhgEIAA
567,not_an_operator,gate3:vacation_rental_listing,"GS117...Stateline Ski Cabin: 3 BR, 2 BA House in Stateline, Sleeps 6",,Lodging,lodging,OPERATIONAL,,0,true,alpine-ski,ski rental,core,standard,covered_tile,0,operator,,,,,ChIJx04vlYCamYARgKA6cgMjwow,https://maps.google.com/?cid=10142707808500097152&g_mp=Cidnb29nbGUubWFwcy5wbGFjZXMudjEuUGxhY2VzLlNlYXJjaFRleHQQAhgEIAA
568,not_an_operator,gate3:vacation_rental_listing,"Hansel by AvantStay | Pool Table, 5mins to Skiing",,Lodging,lodging,OPERATIONAL,,0,true,alpine-ski,ski rental,core,standard,covered_tile,0,operator,,,,,ChIJXwDM9MTgm4ARFECB6l7CzCU,https://maps.google.com/?cid=2723765587569360916&g_mp=Cidnb29nbGUubWFwcy5wbGFjZXMudjEuUGxhY2VzLlNlYXJjaFRleHQQAhgEIAA
569,not_an_operator,gate3:vacation_rental_listing,Hansel by Avantstay Pool Table 5mins to Skiing,,Lodging,lodging,OPERATIONAL,,0,true,alpine-ski,ski rental,core,standard,covered_tile,0,operator,,,,,ChIJXwDM9MTgm4ARPM0wrx1B8cc,https://maps.google.com/?cid=14407368278683995452&g_mp=Cidnb29nbGUubWFwcy5wbGFjZXMudjEuUGxhY2VzLlNlYXJjaFRleHQQAhgEIAA
570,not_an_operator,gate3:vacation_rental_listing,"Hansel by Avantstay Pool Table, 5mins to Skiing",,Lodging,lodging,OPERATIONAL,,0,true,alpine-ski,ski rental,core,standard,covered_tile,0,operator,,,,,ChIJmddySdvgm4ARMeaxH_PwKo4,https://maps.google.com/?cid=10244265229407086129&g_mp=Cidnb29nbGUubWFwcy5wbGFjZXMudjEuUGxhY2VzLlNlYXJjaFRleHQQAhgEIAA
571,not_an_operator,gate3:vacation_rental_listing,"Heart of West Shore; kid friendly; walk to lake; skiing, hiking, biking",,Lodging,lodging,OPERATIONAL,,0,true,alpine-ski,ski rental,core,standard,covered_tile,0,operator,,,,,ChIJL9pLbex_mYARHcKV428NxMU,https://maps.google.com/?cid=14250529895117865501&g_mp=Cidnb29nbGUubWFwcy5wbGFjZXMudjEuUGxhY2VzLlNlYXJjaFRleHQQAhgEIAA
572,not_an_operator,gate3:vacation_rental_listing,Heavenly Boulder Lodge,,Lodging,lodging,OPERATIONAL,,0,true,alpine-ski,ski rental,core,standard,covered_tile,0,operator,,,,,ChIJGR_1o2uRmYARqpZMFrpwxDU,https://maps.google.com/?cid=3874345523985815210&g_mp=Cidnb29nbGUubWFwcy5wbGFjZXMudjEuUGxhY2VzLlNlYXJjaFRleHQQAhgEIAA
573,not_an_operator,gate3:vacation_rental_listing,Heavenly Chairview Condo - Steps to Skiing,,Lodging,lodging,OPERATIONAL,,0,true,alpine-ski,ski rental,core,standard,covered_tile,0,operator,,,,,ChIJlZbA1LaQmYAResHOIzlntY0,https://maps.google.com/?cid=10211181225244017018&g_mp=Cidnb29nbGUubWFwcy5wbGFjZXMudjEuUGxhY2VzLlNlYXJjaFRleHQQAhgEIAA
574,not_an_operator,gate3:vacation_rental_listing,Heavenly Chairview Condo - Steps to Skiing,,Lodging,lodging,OPERATIONAL,,0,true,alpine-ski,ski rental,core,standard,covered_tile,0,operator,,,,,ChIJlZbA1LaQmYARBxTthzs90uM,https://maps.google.com/?cid=16416250917611705351&g_mp=Cidnb29nbGUubWFwcy5wbGFjZXMudjEuUGxhY2VzLlNlYXJjaFRleHQQAhgEIAA
575,not_an_operator,gate3:vacation_rental_listing,Heavenly Haven: Ski Beach Getaway,,Lodging,lodging,OPERATIONAL,,0,true,alpine-ski,ski rental,core,standard,covered_tile,0,operator,,,,,ChIJG2RMdQ6QmYARem1EM_yM6DM,https://maps.google.com/?cid=3740394505350966650&g_mp=Cidnb29nbGUubWFwcy5wbGFjZXMudjEuUGxhY2VzLlNlYXJjaFRleHQQAhgEIAA
576,not_an_operator,gate3:vacation_rental_listing,Heavenly Lake Tahoe Ski Resort,,Lodging,lodging,OPERATIONAL,,0,true,alpine-ski,ski rental,core,standard,covered_tile,0,operator,,,,,ChIJ29OEMXaQmYARb-AEydf8Atk,https://maps.google.com/?cid=15637338859904491631&g_mp=Cidnb29nbGUubWFwcy5wbGFjZXMudjEuUGxhY2VzLlNlYXJjaFRleHQQAhgEIAA
577,not_an_operator,gate3:vacation_rental_listing,Heavenly Lake Tahoe Ski Resort,,Lodging,lodging,OPERATIONAL,,0,true,alpine-ski,ski rental,core,standard,covered_tile,0,operator,,,,,ChIJ29OEMXaQmYARgw9Fywd04H4,https://maps.google.com/?cid=9142434820386000771&g_mp=Cidnb29nbGUubWFwcy5wbGFjZXMudjEuUGxhY2VzLlNlYXJjaFRleHQQAhgEIAA
578,not_an_operator,gate3:vacation_rental_listing,Heavenly Lake Tahoe Ski Resort,,Lodging,lodging,OPERATIONAL,,0,true,alpine-ski,ski rental,core,standard,covered_tile,0,operator,,,,,ChIJ29OEMXaQmYAR65VrVOe6fCQ,https://maps.google.com/?cid=2629181785194075627&g_mp=Cidnb29nbGUubWFwcy5wbGFjZXMudjEuUGxhY2VzLlNlYXJjaFRleHQQAhgEIAA
579,not_an_operator,gate3:vacation_rental_listing,Heavenly Mountain Chalet - Skiing Pets Hot tub,,Lodging,lodging,OPERATIONAL,,0,true,alpine-ski,ski rental,core,standard,covered_tile,0,operator,,,,,ChIJB5zg166QmYARe2EcrKtKbgk,https://maps.google.com/?cid=679562694966927739&g_mp=Cidnb29nbGUubWFwcy5wbGFjZXMudjEuUGxhY2VzLlNlYXJjaFRleHQQAhgEIAA
580,not_an_operator,gate3:vacation_rental_listing,"Heavenly Mountain Chalet - Skiing, Pets, Hot tub",,Lodging,lodging,OPERATIONAL,,0,true,alpine-ski,ski rental,core,standard,covered_tile,0,operator,,,,,ChIJ-4ff166QmYARVitpQnMbNlo,https://maps.google.com/?cid=6500413294005267286&g_mp=Cidnb29nbGUubWFwcy5wbGFjZXMudjEuUGxhY2VzLlNlYXJjaFRleHQQAhgEIAA
581,not_an_operator,gate3:vacation_rental_listing,"Heavenly Mountain Chalet - Skiing, Pets, Hot tub",,Lodging,lodging,OPERATIONAL,,0,true,alpine-ski,ski rental,core,standard,covered_tile,0,operator,,,,,ChIJpezg166QmYARS6bsY3sgUKo,https://maps.google.com/?cid=12272344698914121291&g_mp=Cidnb29nbGUubWFwcy5wbGFjZXMudjEuUGxhY2VzLlNlYXJjaFRleHQQAhgEIAA
582,not_an_operator,gate3:vacation_rental_listing,"Heavenly Mountain Chalet - Skiing, Pets, Hot tub",,Lodging,lodging,OPERATIONAL,,0,true,alpine-ski,ski rental,core,standard,covered_tile,0,operator,,,,,ChIJpezg166QmYARU1j9vmkMp30,https://maps.google.com/?cid=9054219224167045203&g_mp=Cidnb29nbGUubWFwcy5wbGFjZXMudjEuUGxhY2VzLlNlYXJjaFRleHQQAhgEIAA
583,not_an_operator,gate3:vacation_rental_listing,"Heavenly Mountain Lake Retreat Near Skiing, Hiking & Biking",,Lodging,lodging,OPERATIONAL,,0,true,alpine-ski,ski rental,core,standard,covered_tile,0,operator,,,,,ChIJGxWF762QmYAR5QhXO4pgVfw,https://maps.google.com/?cid=18182545217395558629&g_mp=Cidnb29nbGUubWFwcy5wbGFjZXMudjEuUGxhY2VzLlNlYXJjaFRleHQQAhgEIAA
584,not_an_operator,gate3:vacation_rental_listing,"Heavenly Mountain Lake Retreat Near Skiing, Hiking & Biking",,Lodging,lodging,OPERATIONAL,,0,true,alpine-ski,ski rental,core,standard,covered_tile,0,operator,,,,,ChIJywaQ762QmYARbWnZdhgVXYk,https://maps.google.com/?cid=9898090750847576429&g_mp=Cidnb29nbGUubWFwcy5wbGFjZXMudjEuUGxhY2VzLlNlYXJjaFRleHQQAhgEIAA
585,not_an_operator,gate3:vacation_rental_listing,"Heavenly Mountain Lake Retreat Near Skiing, Hiking & Biking",,Lodging,lodging,OPERATIONAL,,0,true,alpine-ski,ski rental,core,standard,covered_tile,0,operator,,,,,ChIJywaQ762QmYARHfsEnJcod3Y,https://maps.google.com/?cid=8536336250326809373&g_mp=Cidnb29nbGUubWFwcy5wbGFjZXMudjEuUGxhY2VzLlNlYXJjaFRleHQQAhgEIAA
586,not_an_operator,gate3:vacation_rental_listing,Heavenly Mountain Views 3B /2B Walk 2 Ski Lift /Hike,,Lodging,lodging,OPERATIONAL,,0,true,alpine-ski,ski rental,core,standard,covered_tile,0,operator,,,,,ChIJfVEhhrKQmYAR9_hiS5sjFOU,https://maps.google.com/?cid=16506857684111390967&g_mp=Cidnb29nbGUubWFwcy5wbGFjZXMudjEuUGxhY2VzLlNlYXJjaFRleHQQAhgEIAA
587,not_an_operator,gate3:vacation_rental_listing,Heavenly Mountain Views 3B/2B Walk 2 Ski Lift/Hike,,Lodging,lodging,OPERATIONAL,,0,true,alpine-ski,ski rental,core,standard,covered_tile,0,operator,,,,,ChIJWyAkhrKQmYARYA4gj0TbJHU,https://maps.google.com/?cid=8441112689104653920&g_mp=Cidnb29nbGUubWFwcy5wbGFjZXMudjEuUGxhY2VzLlNlYXJjaFRleHQQAhgEIAA
588,not_an_operator,gate3:vacation_rental_listing,Heavenly Olympic House. Ski in Ski out Luxury - Three-Bedroom Apartment,,Lodging,lodging,OPERATIONAL,,0,true,alpine-ski,ski rental,core,standard,covered_tile,0,operator,,,,,ChIJp5EOUbGQmYAR87jnD2gi7gg,https://maps.google.com/?cid=643489627099347187&g_mp=Cidnb29nbGUubWFwcy5wbGFjZXMudjEuUGxhY2VzLlNlYXJjaFRleHQQAhgEIAA
589,not_an_operator,gate3:vacation_rental_listing,Heavenly Paradise: Luxury Ski Beach Escape,,Lodging,lodging,OPERATIONAL,,0,true,alpine-ski,ski rental,core,standard,covered_tile,0,operator,,,,,ChIJvfO1dQ6QmYAREeACRcuh2l8,https://maps.google.com/?cid=6907010872934326289&g_mp=Cidnb29nbGUubWFwcy5wbGFjZXMudjEuUGxhY2VzLlNlYXJjaFRleHQQAhgEIAA
590,not_an_operator,gate3:vacation_rental_listing,Heavenly Resort with HOT TUB by ski lifts,,Lodging,lodging,OPERATIONAL,,0,true,alpine-ski,ski rental,core,standard,covered_tile,0,operator,,,,,ChIJL2_wpAeamYARICwEr941H1M,https://maps.google.com/?cid=5989565259961347104&g_mp=Cidnb29nbGUubWFwcy5wbGFjZXMudjEuUGxhY2VzLlNlYXJjaFRleHQQAhgEIAA
591,not_an_operator,gate3:vacation_rental_listing,"Heavenly Ski 10-min, Pickleball, Private Beach, EV",,Lodging,lodging,OPERATIONAL,,0,true,alpine-ski,ski rental,core,standard,covered_tile,0,operator,,,,,ChIJ2_0-id-amYARNXuqImNt7gA,https://maps.google.com/?cid=67111317007924021&g_mp=Cidnb29nbGUubWFwcy5wbGFjZXMudjEuUGxhY2VzLlNlYXJjaFRleHQQAhgEIAA
592,not_an_operator,gate3:vacation_rental_listing,"Heavenly Ski 10-min, Pickleball, Private Beach, EV",,Lodging,lodging,OPERATIONAL,,0,true,alpine-ski,ski rental,core,standard,covered_tile,0,operator,,,,,ChIJuTd7RyCbmYARBFv6gVitvFQ,https://maps.google.com/?cid=6105945790456945412&g_mp=Cidnb29nbGUubWFwcy5wbGFjZXMudjEuUGxhY2VzLlNlYXJjaFRleHQQAhgEIAA
593,not_an_operator,gate3:vacation_rental_listing,Heavenly Ski Condo - prime location - 30-day min stay - Contact host for rates,,Lodging,lodging,OPERATIONAL,,0,true,alpine-ski,ski rental,core,standard,covered_tile,0,operator,,,,,ChIJ5Y7XaECQmYARHN8ZvGNhyaU,https://maps.google.com/?cid=11946186567562419996&g_mp=Cidnb29nbGUubWFwcy5wbGFjZXMudjEuUGxhY2VzLlNlYXJjaFRleHQQAhgEIAA
594,not_an_operator,gate3:vacation_rental_listing,"Heavenly Ski Condo, Modern, close to town, beaches and skiing (SL759U)",,Lodging,lodging,OPERATIONAL,,0,true,alpine-ski,ski rental,core,standard,covered_tile,0,operator,,,,,ChIJccIgm66QmYARRO9mF2MYgwU,https://maps.google.com/?cid=397188006012186436&g_mp=Cidnb29nbGUubWFwcy5wbGFjZXMudjEuUGxhY2VzLlNlYXJjaFRleHQQAhgEIAA
595,not_an_operator,gate3:vacation_rental_listing,Heavenly Ski Escape - Spacious 4BR Mountain Chalet,,Lodging,lodging,OPERATIONAL,,0,true,alpine-ski,ski rental,core,standard,covered_tile,0,operator,,,,,ChIJH4Vny62QmYARgqJJ9Dc5qlU,https://maps.google.com/?cid=6172809151749137026&g_mp=Cidnb29nbGUubWFwcy5wbGFjZXMudjEuUGxhY2VzLlNlYXJjaFRleHQQAhgEIAA
596,not_an_operator,gate3:vacation_rental_listing,Heavenly Ski Lodge with lake views - only 1 minute to Boulder Lodge chairlift!,,Lodging,lodging,OPERATIONAL,,0,true,alpine-ski,ski rental,core,standard,covered_tile,0,operator,,,,,ChIJG426QaiQmYARgQ2qRUk6Ae4,https://maps.google.com/?cid=17150052942379355521&g_mp=Cidnb29nbGUubWFwcy5wbGFjZXMudjEuUGxhY2VzLlNlYXJjaFRleHQQAhgEIAA
597,not_an_operator,gate3:vacation_rental_listing,Heavenly Ski Retreat,,Lodging,lodging,OPERATIONAL,,0,true,alpine-ski,ski rental,core,standard,covered_tile,0,operator,,,,,ChIJ8-91LKiQmYARX604tbEi3OQ,https://maps.google.com/?cid=16491094082168859999&g_mp=Cidnb29nbGUubWFwcy5wbGFjZXMudjEuUGxhY2VzLlNlYXJjaFRleHQQAhgEIAA
598,not_an_operator,gate3:vacation_rental_listing,Heavenly Ski Run Cottage - Two-Bedroom Apartment,,Lodging,lodging,OPERATIONAL,,0,true,alpine-ski,ski rental,core,standard,covered_tile,0,operator,,,,,ChIJ09da5A2QmYARf_7lDBQYsSw,https://maps.google.com/?cid=3220381682941427327&g_mp=Cidnb29nbGUubWFwcy5wbGFjZXMudjEuUGxhY2VzLlNlYXJjaFRleHQQAhgEIAA
599,not_an_operator,gate3:vacation_rental_listing,Heavenly Ski-in/Ski-out Chalet Pets Stay Free,,Lodging,lodging,OPERATIONAL,,0,true,alpine-ski,ski rental,core,standard,covered_tile,0,operator,,,,,ChIJq8au3LOQmYARsWxEWD3hcZw,https://maps.google.com/?cid=11273038995875196081&g_mp=Cidnb29nbGUubWFwcy5wbGFjZXMudjEuUGxhY2VzLlNlYXJjaFRleHQQAhgEIAA
600,not_an_operator,gate3:vacation_rental_listing,Heavenly Ski-Out Luxurious Condo!,,Lodging,lodging,OPERATIONAL,,0,true,alpine-ski,ski rental,core,standard,covered_tile,0,operator,,,,,ChIJC6bQrbGQmYAR9DxxE_4IMpE,https://maps.google.com/?cid=10462434771675987188&g_mp=Cidnb29nbGUubWFwcy5wbGFjZXMudjEuUGxhY2VzLlNlYXJjaFRleHQQAhgEIAA
601,not_an_operator,gate3:vacation_rental_listing,Heavenly Ski-Out Luxurious Condo!,,Lodging,lodging,OPERATIONAL,,0,true,alpine-ski,ski rental,core,standard,covered_tile,0,operator,,,,,ChIJN9jQrbGQmYARgRORrVIV5R4,https://maps.google.com/?cid=2226209035648045953&g_mp=Cidnb29nbGUubWFwcy5wbGFjZXMudjEuUGxhY2VzLlNlYXJjaFRleHQQAhgEIAA
602,not_an_operator,gate3:vacation_rental_listing,Heavenly Stagecoach lift ski in ski out condo with private hot tub,,Lodging,lodging,OPERATIONAL,,0,true,alpine-ski,ski rental,core,standard,covered_tile,0,operator,,,,,ChIJPY6g5LOQmYARdH1tG6advOs,https://maps.google.com/?cid=16986625231284960628&g_mp=Cidnb29nbGUubWFwcy5wbGFjZXMudjEuUGxhY2VzLlNlYXJjaFRleHQQAhgEIAA
603,not_an_operator,gate3:vacation_rental_listing,Heavenly Stagecoach Ski Retreat,,Lodging,lodging,OPERATIONAL,,0,true,alpine-ski,ski rental,core,standard,covered_tile,0,operator,,,,,ChIJ9dQ-qK2QmYARz-8_pkyZQYI,https://maps.google.com/?cid=9385951652902596559&g_mp=Cidnb29nbGUubWFwcy5wbGFjZXMudjEuUGxhY2VzLlNlYXJjaFRleHQQAhgEIAA
604,not_an_operator,gate3:vacation_rental_listing,Heavenly Stagecoach Ski Retreat,,Lodging,lodging,OPERATIONAL,,0,true,alpine-ski,ski rental,core,standard,covered_tile,0,operator,,,,,ChIJ9dQ-qK2QmYARaZe5jqISp5Y,https://maps.google.com/?cid=10855665916188399465&g_mp=Cidnb29nbGUubWFwcy5wbGFjZXMudjEuUGxhY2VzLlNlYXJjaFRleHQQAhgEIAA
605,not_an_operator,gate3:vacation_rental_listing,"Hidden Gem, Mountain Views, 5 Mins to DT, within 60 mins of 7 Ski Resorts! - Four-Bedroom House",,Lodging,lodging,OPERATIONAL,,0,true,alpine-ski,ski rental,core,standard,covered_tile,0,operator,,,,,ChIJfa4jCOZGmYAREUT7zSZq4mI,https://maps.google.com/?cid=7125374275350643729&g_mp=Cidnb29nbGUubWFwcy5wbGFjZXMudjEuUGxhY2VzLlNlYXJjaFRleHQQAhgEIAA
606,not_an_operator,gate3:vacation_rental_listing,"High Sierra at Dollar Point - Private Hot Tub, Close to Ski Resorts, Pet Friendly! - Four-Bedroom House",,Lodging,lodging,OPERATIONAL,,0,true,alpine-ski,ski rental,core,standard,covered_tile,0,operator,,,,,ChIJZYh4OOV8mYARvdudlUThg0Q,https://maps.google.com/?cid=4937037301212371901&g_mp=Cidnb29nbGUubWFwcy5wbGFjZXMudjEuUGxhY2VzLlNlYXJjaFRleHQQAhgEIAA
607,not_an_operator,gate3:vacation_rental_listing,Hike and Bike - Northstar Lodgette - 4136,,Lodging,lodging,OPERATIONAL,,0,true,cycling,bike rental,core,standard,covered_tile,0,operator,,,,,ChIJLzRplzZimYARbsJz6MOWhCc,https://maps.google.com/?cid=2847566632567685742&g_mp=Cidnb29nbGUubWFwcy5wbGFjZXMudjEuUGxhY2VzLlNlYXJjaFRleHQQAhgEIAA
608,not_an_operator,gate3:vacation_rental_listing,"Hike, Bike & Ski: South Lake Tahoe Retreat",,Lodging,lodging,OPERATIONAL,,0,true,alpine-ski; cycling,bike rental; ski rental,core,standard,covered_tile,0,operator,,,,,ChIJicyBtNCPmYARMSek_aCsY1o,https://maps.google.com/?cid=6513239293558007601&g_mp=Cidnb29nbGUubWFwcy5wbGFjZXMudjEuUGxhY2VzLlNlYXJjaFRleHQQAhgEIAA
609,not_an_operator,gate3:vacation_rental_listing,"Hike, Bike and Ski South Lake Tahoe Retreat - Vacation Home",,Lodging,lodging,OPERATIONAL,,0,true,cycling,bike rental,core,standard,covered_tile,0,operator,,,,,ChIJicyBtNCPmYARM_jwCm8GA34,https://maps.google.com/?cid=9080108347703752755&g_mp=Cidnb29nbGUubWFwcy5wbGFjZXMudjEuUGxhY2VzLlNlYXJjaFRleHQQAhgEIAA
610,not_an_operator,gate3:vacation_rental_listing,"Hike, Boat & Ski: South Lake Tahoe Home",,Lodging,lodging,OPERATIONAL,,0,true,alpine-ski,ski rental,core,standard,covered_tile,0,operator,,,,,ChIJPVbJw5COmYARRMYTeIOX8tU,https://maps.google.com/?cid=15416551065353700932&g_mp=Cidnb29nbGUubWFwcy5wbGFjZXMudjEuUGxhY2VzLlNlYXJjaFRleHQQAhgEIAA
611,not_an_operator,gate3:vacation_rental_listing,"Hike, Boat and Ski South Lake Tahoe Home - Vacation Home",,Lodging,lodging,OPERATIONAL,,0,true,alpine-ski,ski rental,core,standard,covered_tile,0,operator,,,,,ChIJPVbJw5COmYARl68vrvRPWDE,https://maps.google.com/?cid=3555679818121981847&g_mp=Cidnb29nbGUubWFwcy5wbGFjZXMudjEuUGxhY2VzLlNlYXJjaFRleHQQAhgEIAA
612,not_an_operator,gate3:vacation_rental_listing,"Hike, Sled & Ski! Cozy Tahoe City Condo w/ Hot Tub",,Lodging,lodging,OPERATIONAL,,0,true,alpine-ski; snow-tube,ski rental; sled rental,core; experience,standard,covered_tile,0,operator,,,,,ChIJc-96JYl9mYARxARQGQv1aHE,https://maps.google.com/?cid=8172050951881884868&g_mp=Cidnb29nbGUubWFwcy5wbGFjZXMudjEuUGxhY2VzLlNlYXJjaFRleHQQAhgEIAA
613,not_an_operator,gate3:vacation_rental_listing,"Hike, Sled & Ski! Cozy Tahoe City Condo w/ Hot Tub",,Lodging,lodging,OPERATIONAL,,0,true,alpine-ski; snow-tube,ski rental; sled rental,core; experience,standard,covered_tile,0,operator,,,,,ChIJEZzjGYZ9mYAR2QCsK5fX1xs,https://maps.google.com/?cid=2006309203289571545&g_mp=Cidnb29nbGUubWFwcy5wbGFjZXMudjEuUGxhY2VzLlNlYXJjaFRleHQQAhgEIAA
614,not_an_operator,gate3:vacation_rental_listing,"Hike, Sled & Ski! Cozy Tahoe City Condo w/ Hot Tub",,Lodging,lodging,OPERATIONAL,,0,true,alpine-ski; snow-tube,ski rental; sled rental,core; experience,standard,covered_tile,0,operator,,,,,ChIJEZzjGYZ9mYAROMWXwmPosE0,https://maps.google.com/?cid=5598229851985659192&g_mp=Cidnb29nbGUubWFwcy5wbGFjZXMudjEuUGxhY2VzLlNlYXJjaFRleHQQAhgEIAA
615,not_an_operator,gate3:vacation_rental_listing,"Hike, Sled and Ski! Cozy Tahoe City Condo with Hot Tub - Apartment",,Lodging,lodging,OPERATIONAL,,0,true,alpine-ski; snow-tube,ski rental; sled rental,core; experience,standard,covered_tile,0,operator,,,,,ChIJu6jjGYZ9mYARpUIQrMrFS_Y,https://maps.google.com/?cid=17747496230844383909&g_mp=Cidnb29nbGUubWFwcy5wbGFjZXMudjEuUGxhY2VzLlNlYXJjaFRleHQQAhgEIAA
616,not_an_operator,gate3:vacation_rental_listing,"Hirschdale Hideaway on the Truckee River - Fly Fishing, Skiing, Hiking, Biking",,Lodging,lodging,OPERATIONAL,,0,true,alpine-ski,ski rental,core,standard,covered_tile,0,operator,,,,,ChIJN8cCvaVgmYARgbGu--kOJp4,https://maps.google.com/?cid=11395812305220317569&g_mp=Cidnb29nbGUubWFwcy5wbGFjZXMudjEuUGxhY2VzLlNlYXJjaFRleHQQAhgEIAA
617,not_an_operator,gate3:vacation_rental_listing,"Historic Stone Villa - Donner Summit - Ski, Hike & Climb - Sauna - EV Charger",,Lodging,lodging,OPERATIONAL,,0,true,alpine-ski,ski rental,core,standard,covered_tile,0,operator,,,,,ChIJeRLIuFnom4ARRtQTrcHXXGY,https://maps.google.com/?cid=7376007516558447686&g_mp=Cidnb29nbGUubWFwcy5wbGFjZXMudjEuUGxhY2VzLlNlYXJjaFRleHQQAhgEIAA
618,not_an_operator,gate3:vacation_rental_listing,"Historical Cal Berkeley Ski Lodge, walking distance from Sugar Bowl Ski Resort!",,Lodging,lodging,OPERATIONAL,,0,true,alpine-ski,ski rental,core,standard,covered_tile,0,operator,,,,,ChIJgTZAhwvom4ARU_A6CHmzsOE,https://maps.google.com/?cid=16262695586845356115&g_mp=Cidnb29nbGUubWFwcy5wbGFjZXMudjEuUGxhY2VzLlNlYXJjaFRleHQQAhgEIAA
619,not_an_operator,gate3:vacation_rental_listing,Home 1 Mi to Downhill Ski Resort: Bring Your Pets!,,Lodging,lodging,OPERATIONAL,,0,true,alpine-ski,ski rental,core,standard,covered_tile,0,operator,,,,,ChIJ1wBs3tDgm4ARmr2dhyySlAk,https://maps.google.com/?cid=690337362846006682&g_mp=Cidnb29nbGUubWFwcy5wbGFjZXMudjEuUGxhY2VzLlNlYXJjaFRleHQQAhgEIAA
620,not_an_operator,gate3:vacation_rental_listing,Hot Tub • Firepit • Loft Suite & Mins to World-Class Skiing | Tahoe A-Frame Retreat by AvantStay,,Lodging,lodging,OPERATIONAL,,0,true,alpine-ski,ski rental,core,standard,covered_tile,0,operator,,,,,ChIJ4SkbeFpjmYARsNBrYUYc30A,https://maps.google.com/?cid=4674486026841608368&g_mp=Cidnb29nbGUubWFwcy5wbGFjZXMudjEuUGxhY2VzLlNlYXJjaFRleHQQAhgEIAA
621,not_an_operator,gate3:vacation_rental_listing,Hot Tub Firepit Loft Suite & Mins to World-class Skiing Tahoe A-frame Retreat by Avantstay,,Lodging,lodging,OPERATIONAL,,0,true,alpine-ski,ski rental,core,standard,covered_tile,0,operator,,,,,ChIJNT54A1tjmYARCl853-4M3v0,https://maps.google.com/?cid=18293072956512362250&g_mp=Cidnb29nbGUubWFwcy5wbGFjZXMudjEuUGxhY2VzLlNlYXJjaFRleHQQAhgEIAA
622,not_an_operator,gate3:vacation_rental_listing,HOT TUB KING BED SATELLITE INTERNET BBQ 2 KAYAKS AFFORDABLE CLEANING FEE.,,Lodging,lodging,OPERATIONAL,,0,true,kayak,kayak rental,core,standard,covered_tile,0,operator,,,,,ChIJsdgqTrKQmYARHvbLpjhfrDM,https://maps.google.com/?cid=3723455688849749534&g_mp=Cidnb29nbGUubWFwcy5wbGFjZXMudjEuUGxhY2VzLlNlYXJjaFRleHQQAhgEIAA
623,not_an_operator,gate3:vacation_rental_listing,"HOT TUB Tahoe Home w / New Kitchen, HOA beach Pier. AVAILABLE FOR SKI LEASE",,Lodging,lodging,OPERATIONAL,,0,true,alpine-ski,ski rental,core,standard,covered_tile,0,operator,,,,,ChIJVeWyb8Z8mYARKZgYrGxv74M,https://maps.google.com/?cid=9506939850936850473&g_mp=Cidnb29nbGUubWFwcy5wbGFjZXMudjEuUGxhY2VzLlNlYXJjaFRleHQQAhgEIAA
624,not_an_operator,gate3:vacation_rental_listing,"HOT TUB Tahoe Home w/ New Kitchen, HOA beach & Pier. AVAILABLE FOR SKI LEASE",,Lodging,lodging,OPERATIONAL,,0,true,alpine-ski,ski rental,core,standard,covered_tile,0,operator,,,,,ChIJefuhi8h8mYARS2EClhJaNKQ,https://maps.google.com/?cid=11832181156881785163&g_mp=Cidnb29nbGUubWFwcy5wbGFjZXMudjEuUGxhY2VzLlNlYXJjaFRleHQQAhgEIAA
625,not_an_operator,gate3:vacation_rental_listing,"Hot Tub, Ski, Snowboard and Tahoe Winter Fun",,Lodging,lodging,OPERATIONAL,,0,true,alpine-ski; snowboard,ski rental; ski shop; snowboard rental,core,standard,covered_tile,0,operator,,,,,ChIJJ8uUSeRvmYARLT25UhPW69Y,https://maps.google.com/?cid=15486707122124176685&g_mp=Cidnb29nbGUubWFwcy5wbGFjZXMudjEuUGxhY2VzLlNlYXJjaFRleHQQAhgEIAA
626,not_an_operator,gate3:vacation_rental_listing,"Hot Tub, Ski, Snowboard and Tahoe Winter Fun",,Lodging,lodging,OPERATIONAL,,0,true,alpine-ski; snowboard,ski rental; ski shop; snowboard rental,core,standard,covered_tile,0,operator,,,,,ChIJsZZm5F9wmYARfHNY5KLUZgg,https://maps.google.com/?cid=605404996008702844&g_mp=Cidnb29nbGUubWFwcy5wbGFjZXMudjEuUGxhY2VzLlNlYXJjaFRleHQQAhgEIAA
627,not_an_operator,gate3:vacation_rental_listing,Hot tub! Ski In /Out! Pool Table /PingPong Fireplaces! Mere feet from the Village!,,Lodging,lodging,OPERATIONAL,,0,true,alpine-ski,ski rental,core,standard,covered_tile,0,operator,,,,,ChIJueXH3i9imYAR4RDDAdwLbBs,https://maps.google.com/?cid=1975967376059076833&g_mp=Cidnb29nbGUubWFwcy5wbGFjZXMudjEuUGxhY2VzLlNlYXJjaFRleHQQAhgEIAA
628,not_an_operator,gate3:vacation_rental_listing,Hot tub! Ski In/Out! Pool Table/PingPong Fireplaces! Mere feet from the Village!,,Lodging,lodging,OPERATIONAL,,0,true,alpine-ski,ski rental,core,standard,covered_tile,0,operator,,,,,ChIJO9VOmTpimYARhx_7YbylKG4,https://maps.google.com/?cid=7937776571756781447&g_mp=Cidnb29nbGUubWFwcy5wbGFjZXMudjEuUGxhY2VzLlNlYXJjaFRleHQQAhgEIAA
629,not_an_operator,gate3:vacation_rental_listing,"House, walking distance to the Lake Tahoe and Diamond Peak ski resort!",,Lodging,lodging,OPERATIONAL,,0,true,alpine-ski,ski rental,core,standard,covered_tile,0,operator,,,,,ChIJpQ1hSUpwmYAR__KMCP2cIZA,https://maps.google.com/?cid=10385754826277188351&g_mp=Cidnb29nbGUubWFwcy5wbGFjZXMudjEuUGxhY2VzLlNlYXJjaFRleHQQAhgEIAA
630,not_an_operator,gate3:vacation_rental_listing,Huge Ski In / Out with Best Views @ Heavenly! The Bear on the Roof - 16ppl,,Lodging,lodging,OPERATIONAL,,0,true,alpine-ski,ski rental,core,standard,covered_tile,0,operator,,,,,ChIJr76syraQmYARLCmwiShMJvk,https://maps.google.com/?cid=17953120701551487276&g_mp=Cidnb29nbGUubWFwcy5wbGFjZXMudjEuUGxhY2VzLlNlYXJjaFRleHQQAhgEIAA
631,not_an_operator,gate3:vacation_rental_listing,Huge Ski In / Out with Best Views @ Heavenly! The Bear on the Roof - 16ppl,,Lodging,lodging,OPERATIONAL,,0,true,alpine-ski,ski rental,core,standard,covered_tile,0,operator,,,,,ChIJa52ryraQmYARcBVr6KzlRX8,https://maps.google.com/?cid=9170988747006350704&g_mp=Cidnb29nbGUubWFwcy5wbGFjZXMudjEuUGxhY2VzLlNlYXJjaFRleHQQAhgEIAA
632,not_an_operator,gate3:vacation_rental_listing,"In Northstar Ski Resort! | Game Room, Family-Friendly | Dakine Haus by AvantStay",,Lodging,lodging,OPERATIONAL,,0,true,alpine-ski,ski rental,core,standard,covered_tile,0,operator,,,,,ChIJQf6rUSZimYARhczgBPAmAKA,https://maps.google.com/?cid=11529257858384317573&g_mp=Cidnb29nbGUubWFwcy5wbGFjZXMudjEuUGxhY2VzLlNlYXJjaFRleHQQAhgEIAA
633,not_an_operator,gate3:vacation_rental_listing,"In Northstar Ski Resort! Game Room, Family-friendly Dakine Haus by Avantstay",,Lodging,lodging,OPERATIONAL,,0,true,alpine-ski,ski rental,core,standard,covered_tile,0,operator,,,,,ChIJncUFJC9imYARnyIXlYetZ7I,https://maps.google.com/?cid=12855434459185881759&g_mp=Cidnb29nbGUubWFwcy5wbGFjZXMudjEuUGxhY2VzLlNlYXJjaFRleHQQAhgEIAA
634,not_an_operator,gate3:vacation_rental_listing,Incline Lake Tahoe Sauna Pool BBQ Beach Skiing Pets Toys Bch Chairs Umbrella,,Lodging,lodging,OPERATIONAL,,0,true,alpine-ski,ski rental,core,standard,covered_tile,0,operator,,,,,ChIJ1QaO6ElwmYARJ3VfJOa61kI,https://maps.google.com/?cid=4816242349134804263&g_mp=Cidnb29nbGUubWFwcy5wbGFjZXMudjEuUGxhY2VzLlNlYXJjaFRleHQQAhgEIAA
635,not_an_operator,gate3:vacation_rental_listing,Incline Paradise by Avantstay Walk to Town Lake 5mins to Ski Resort,,Lodging,lodging,OPERATIONAL,,0,true,alpine-ski,ski rental,core,standard,covered_tile,0,operator,,,,,ChIJCc20bj5wmYARsMhUMJQdWas,https://maps.google.com/?cid=12346932375716153520&g_mp=Cidnb29nbGUubWFwcy5wbGFjZXMudjEuUGxhY2VzLlNlYXJjaFRleHQQAhgEIAA
636,not_an_operator,gate3:vacation_rental_listing,Incline Village Cozy Ski Lease - Charming Mountain Retreat Minutes from Slopes,,Lodging,lodging,OPERATIONAL,,0,true,alpine-ski,ski rental,core,standard,covered_tile,0,operator,,,,,ChIJX7vmHRFwmYARyKLq3cHIXeU,https://maps.google.com/?cid=16527586942496973512&g_mp=Cidnb29nbGUubWFwcy5wbGFjZXMudjEuUGxhY2VzLlNlYXJjaFRleHQQAhgEIAA
637,not_an_operator,gate3:vacation_rental_listing,Incline Village Getaway Near Lake & Ski,,Lodging,lodging,OPERATIONAL,,0,true,alpine-ski,ski rental,core,standard,covered_tile,0,operator,,,,,ChIJVfATeiNwmYAR_XEtefDp0FU,https://maps.google.com/?cid=6183699507414135293&g_mp=Cidnb29nbGUubWFwcy5wbGFjZXMudjEuUGxhY2VzLlNlYXJjaFRleHQQAhgEIAA
638,not_an_operator,gate3:vacation_rental_listing,Incline Village Getaway Near Lake & Ski,,Lodging,lodging,OPERATIONAL,,0,true,alpine-ski,ski rental,core,standard,covered_tile,0,operator,,,,,ChIJI7TWTTtwmYARp35E5rIzfbk,https://maps.google.com/?cid=13365896112565943975&g_mp=Cidnb29nbGUubWFwcy5wbGFjZXMudjEuUGxhY2VzLlNlYXJjaFRleHQQAhgEIAA
639,not_an_operator,gate3:vacation_rental_listing,Inviting Townhome with Heated Floors Ski Storage Close to Heavenly Ski Resort,,Lodging,lodging,OPERATIONAL,,0,true,alpine-ski,ski rental,core,standard,covered_tile,0,operator,,,,,ChIJd6_yJayQmYARD8uadqTfhTM,https://maps.google.com/?cid=3712619365294328591&g_mp=Cidnb29nbGUubWFwcy5wbGFjZXMudjEuUGxhY2VzLlNlYXJjaFRleHQQAhgEIAA
640,not_an_operator,gate3:vacation_rental_listing,"Inviting Townhome with Heated Floors, Ski Storage, Close to Heavenly Ski Resort",,Lodging,lodging,OPERATIONAL,,0,true,alpine-ski,ski rental,core,standard,covered_tile,0,operator,,,,,ChIJd6_yJayQmYARKy_okF9N52E,https://maps.google.com/?cid=7054692414147538731&g_mp=Cidnb29nbGUubWFwcy5wbGFjZXMudjEuUGxhY2VzLlNlYXJjaFRleHQQAhgEIAA
641,not_an_operator,gate3:vacation_rental_listing,Iron Horse South at Northstar .... Ski in and ski out at Northstar!,,Lodging,lodging,OPERATIONAL,,0,true,alpine-ski,ski rental,core,standard,covered_tile,0,operator,,,,,ChIJryJI4TBimYARdwjgYqC0fms,https://maps.google.com/?cid=7745827010070448247&g_mp=Cidnb29nbGUubWFwcy5wbGFjZXMudjEuUGxhY2VzLlNlYXJjaFRleHQQAhgEIAA
642,not_an_operator,gate3:disc_golf_course_no_website,James Lee Park Disc Golf Course,,Athletic Field,athletic_field,OPERATIONAL,4.3,6,true,disc-golf,disc golf rental,core,standard,covered_tile,0,operator,,,,,ChIJ49SCxemhmYAROdwzxV_MoXs,https://maps.google.com/?cid=8908626249618021433&g_mp=Cidnb29nbGUubWFwcy5wbGFjZXMudjEuUGxhY2VzLlNlYXJjaFRleHQQAhgEIAA
643,not_an_operator,gate3:vacation_rental_listing,"Kings Beach Townhome – Walk to Lake & Shops, Near Ski Resorts, Hiking & Golf",,Lodging,lodging,OPERATIONAL,,0,true,alpine-ski,ski rental,core,standard,covered_tile,0,operator,,,,,ChIJ4aJ5wNV6mYARIbUZaGYg8d8,https://maps.google.com/?cid=16136714564050466081&g_mp=Cidnb29nbGUubWFwcy5wbGFjZXMudjEuUGxhY2VzLlNlYXJjaFRleHQQAhgEIAA
644,not_an_operator,gate3:vacation_rental_listing,Kirkwood Ski Lodge.,,Lodging,lodging,OPERATIONAL,,0,true,alpine-ski,ski rental,core,standard,covered_tile,0,operator,,,,,ChIJpeDk5wP0mYARA52j5L-G3Lk,https://maps.google.com/?cid=13392727550625815811&g_mp=Cidnb29nbGUubWFwcy5wbGFjZXMudjEuUGxhY2VzLlNlYXJjaFRleHQQAhgEIAA
645,not_an_operator,gate3:vacation_rental_listing,Kirkwood Ski Lodge.,,Lodging,lodging,OPERATIONAL,,0,true,alpine-ski,ski rental,core,standard,covered_tile,0,operator,,,,,ChIJpeDk5wP0mYAR6Aok-_srFAw,https://maps.google.com/?cid=870368989239577320&g_mp=Cidnb29nbGUubWFwcy5wbGFjZXMudjEuUGxhY2VzLlNlYXJjaFRleHQQAhgEIAA
646,not_an_operator,gate3:vacation_rental_listing,Kirkwood Ski Lodge. Directly on Meadow.,,Lodging,lodging,OPERATIONAL,,0,true,alpine-ski,ski rental,core,standard,covered_tile,0,operator,,,,,ChIJF01QjQT0mYAR5F5B7Gh2Qno,https://maps.google.com/?cid=8809734014102494948&g_mp=Cidnb29nbGUubWFwcy5wbGFjZXMudjEuUGxhY2VzLlNlYXJjaFRleHQQAhgEIAA
647,not_an_operator,gate3:vacation_rental_listing,Kirkwood Ski Resort,,Lodging,lodging,OPERATIONAL,,0,true,alpine-ski,ski rental,core,standard,covered_tile,0,operator,,,,,ChIJ8RxwlrL2mYARk5Ak22H-5dE,https://maps.google.com/?cid=15124774619835568275&g_mp=Cidnb29nbGUubWFwcy5wbGFjZXMudjEuUGxhY2VzLlNlYXJjaFRleHQQAhgEIAA
648,not_an_operator,gate3:vacation_rental_listing,Kirkwood Ski Resort,,Lodging,lodging,OPERATIONAL,,0,true,alpine-ski,ski rental,core,standard,covered_tile,0,operator,,,,,ChIJ8RxwlrL2mYARS37Nv-rgkSw,https://maps.google.com/?cid=3211595308136758859&g_mp=Cidnb29nbGUubWFwcy5wbGFjZXMudjEuUGxhY2VzLlNlYXJjaFRleHQQAhgEIAA
649,not_an_operator,gate3:vacation_rental_listing,Kirkwood Studio SKI IN Walk out,,Lodging,lodging,OPERATIONAL,,0,true,alpine-ski,ski rental,core,standard,covered_tile,0,operator,,,,,ChIJmY0Gva32mYARqF_jmP-_09Q,https://maps.google.com/?cid=15335812260629274536&g_mp=Cidnb29nbGUubWFwcy5wbGFjZXMudjEuUGxhY2VzLlNlYXJjaFRleHQQAhgEIAA
650,not_an_operator,gate3:vacation_rental_listing,Kirkwood Studio SKI IN Walk out,,Lodging,lodging,OPERATIONAL,,0,true,alpine-ski,ski rental,core,standard,covered_tile,0,operator,,,,,ChIJo9lokK32mYARktS08UgxZAQ,https://maps.google.com/?cid=316432063185343634&g_mp=Cidnb29nbGUubWFwcy5wbGFjZXMudjEuUGxhY2VzLlNlYXJjaFRleHQQAhgEIAA
651,not_an_operator,gate3:vacation_rental_listing,Kirkwood Winter Lease - walking distance to ski lifts - 2025 /2026,,Lodging,lodging,OPERATIONAL,,0,true,alpine-ski,ski rental,core,standard,covered_tile,0,operator,,,,,ChIJyxJaMKz2mYARA71JgpbSYQU,https://maps.google.com/?cid=387822586803371267&g_mp=Cidnb29nbGUubWFwcy5wbGFjZXMudjEuUGxhY2VzLlNlYXJjaFRleHQQAhgEIAA
652,not_an_operator,gate3:vacation_rental_listing,"Lake & Mountain Views Condo - 5 min. drive to lake, ski and golf",,Lodging,lodging,OPERATIONAL,,0,true,alpine-ski,ski rental,core,standard,covered_tile,0,operator,,,,,ChIJ9f-8YMtxmYARWcAfx5D9ed4,https://maps.google.com/?cid=16031123146859855961&g_mp=Cidnb29nbGUubWFwcy5wbGFjZXMudjEuUGxhY2VzLlNlYXJjaFRleHQQAhgEIAA
653,not_an_operator,gate3:vacation_rental_listing,"Lake & Mountain Views Condo - 5 min. drive to lake, ski and golf",,Lodging,lodging,OPERATIONAL,,0,true,alpine-ski,ski rental,core,standard,covered_tile,0,operator,,,,,ChIJ6bE0yjRwmYARZfnm15ZGoRE,https://maps.google.com/?cid=1270374183576467813&g_mp=Cidnb29nbGUubWFwcy5wbGFjZXMudjEuUGxhY2VzLlNlYXJjaFRleHQQAhgEIAA
654,not_an_operator,gate3:vacation_rental_listing,Lake Escape-Minutes to Lake & Ski Areas,,Lodging,lodging,OPERATIONAL,,0,true,alpine-ski,ski rental,core,standard,covered_tile,0,operator,,,,,ChIJ2d23GYZ9mYAR21ECt5D5GeQ,https://maps.google.com/?cid=16436442715006325211&g_mp=Cidnb29nbGUubWFwcy5wbGFjZXMudjEuUGxhY2VzLlNlYXJjaFRleHQQAhgEIAA
655,not_an_operator,gate3:vacation_rental_listing,Lake Escape-Minutes to Lake Ski Areas,,Lodging,lodging,OPERATIONAL,,0,true,alpine-ski,ski rental,core,standard,covered_tile,0,operator,,,,,ChIJvb-3GYZ9mYARpDPyrOfC7jU,https://maps.google.com/?cid=3886257828762104740&g_mp=Cidnb29nbGUubWFwcy5wbGFjZXMudjEuUGxhY2VzLlNlYXJjaFRleHQQAhgEIAA
656,not_an_operator,gate3:vacation_rental_listing,"Lake Mountain Views Condo - 5 min. drive to lake, ski and golf",,Lodging,lodging,OPERATIONAL,,0,true,alpine-ski,ski rental,core,standard,covered_tile,0,operator,,,,,ChIJLSDLyzRwmYAR_6U2pDOxuFA,https://maps.google.com/?cid=5816593754105488895&g_mp=Cidnb29nbGUubWFwcy5wbGFjZXMudjEuUGxhY2VzLlNlYXJjaFRleHQQAhgEIAA
657,not_an_operator,gate3:vacation_rental_listing,Lake Tahoe,,Lodging,lodging,OPERATIONAL,,0,true,kayak,kayak rental,core,standard,covered_tile,0,operator,,,,,ChIJZ_3v5yd9mYARbjy_H_hezDM,https://maps.google.com/?cid=3732462610960825454&g_mp=Cidnb29nbGUubWFwcy5wbGFjZXMudjEuUGxhY2VzLlNlYXJjaFRleHQQAhgEIAA
658,not_an_operator,gate3:vacation_rental_listing,Lake Tahoe - Northstar Lodge - Ski Week - Ski In Ski Out,,Lodging,lodging,OPERATIONAL,,0,true,alpine-ski,ski rental,core,standard,covered_tile,0,operator,,,,,ChIJ1Xw3NjBimYAR21EwRMN5RGI,https://maps.google.com/?cid=7080918393702863323&g_mp=Cidnb29nbGUubWFwcy5wbGFjZXMudjEuUGxhY2VzLlNlYXJjaFRleHQQAhgEIAA
659,not_an_operator,gate3:vacation_rental_listing,"Lake Tahoe Cabin | Hammocks, Paddle Boards & Bikes",,Lodging,lodging,OPERATIONAL,,0,true,cycling,bike rental,core,standard,covered_tile,0,operator,,,,,ChIJfWU7B_jVm4ARcNFycrpZB5k,https://maps.google.com/?cid=11026880869958865264&g_mp=Cidnb29nbGUubWFwcy5wbGFjZXMudjEuUGxhY2VzLlNlYXJjaFRleHQQAhgEIAA
660,not_an_operator,gate3:vacation_rental_listing,Lake Tahoe Cabin about Walk to Free Ski Shuttle! - Holiday Home,,Lodging,lodging,OPERATIONAL,,0,true,alpine-ski,ski rental,core,standard,covered_tile,0,operator,,,,,ChIJ9duDHqqQmYARdngkkkchFEU,https://maps.google.com/?cid=4977640079429498998&g_mp=Cidnb29nbGUubWFwcy5wbGFjZXMudjEuUGxhY2VzLlNlYXJjaFRleHQQAhgEIAA
661,not_an_operator,gate3:vacation_rental_listing,Lake Tahoe Getaway – Close to Beach & Ski Slopes!,,Lodging,lodging,OPERATIONAL,,0,true,alpine-ski,ski rental,core,standard,covered_tile,0,operator,,,,,ChIJS_z8RB19mYAROhSruoXoMPg,https://maps.google.com/?cid=17884049781348308026&g_mp=Cidnb29nbGUubWFwcy5wbGFjZXMudjEuUGxhY2VzLlNlYXJjaFRleHQQAhgEIAA
662,not_an_operator,gate3:vacation_rental_listing,Lake Tahoe Getaway Close to Beach Ski Slopes - Apartment,,Lodging,lodging,OPERATIONAL,,0,true,alpine-ski,ski rental,core,standard,covered_tile,0,operator,,,,,ChIJlSEeRR19mYAR12A9ikkiYl8,https://maps.google.com/?cid=6873093680568033495&g_mp=Cidnb29nbGUubWFwcy5wbGFjZXMudjEuUGxhY2VzLlNlYXJjaFRleHQQAhgEIAA
663,not_an_operator,gate3:vacation_rental_listing,"Lake Tahoe Hike, Bike, Golf",,Lodging,lodging,OPERATIONAL,,0,true,cycling,bike rental,core,standard,covered_tile,0,operator,,,,,ChIJDZzUQPxvmYARkaLxaNXzUHQ,https://maps.google.com/?cid=8381467004450742929&g_mp=Cidnb29nbGUubWFwcy5wbGFjZXMudjEuUGxhY2VzLlNlYXJjaFRleHQQAhgEIAA
664,not_an_operator,gate3:vacation_rental_listing,Lake Tahoe Homewood Tahoe Swiss Village Ski Lease inquire by message,,Lodging,lodging,OPERATIONAL,,0,true,alpine-ski,ski rental,core,standard,covered_tile,0,operator,,,,,ChIJ1VZ4oo7Vm4ARJ1odcZvlqp0,https://maps.google.com/?cid=11361145465775938087&g_mp=Cidnb29nbGUubWFwcy5wbGFjZXMudjEuUGxhY2VzLlNlYXJjaFRleHQQAhgEIAA
665,not_an_operator,gate3:vacation_rental_listing,Lake Tahoe Incline Beach Ski Pool Pets Casino,,Lodging,lodging,OPERATIONAL,,0,true,alpine-ski,ski rental,core,standard,covered_tile,0,operator,,,,,ChIJ8dF3M0pwmYARt427xicl8Yg,https://maps.google.com/?cid=9867709111313599927&g_mp=Cidnb29nbGUubWFwcy5wbGFjZXMudjEuUGxhY2VzLlNlYXJjaFRleHQQAhgEIAA
666,not_an_operator,gate3:vacation_rental_listing,"Lake Tahoe Mountains - Kayaks, Bikes, Pet friendly",,Lodging,lodging,OPERATIONAL,,0,true,kayak,kayak rental,core,standard,covered_tile,0,operator,,,,,ChIJMzRw1duNmYARc0TGqDAfUl8,https://maps.google.com/?cid=6868586675543884915&g_mp=Cidnb29nbGUubWFwcy5wbGFjZXMudjEuUGxhY2VzLlNlYXJjaFRleHQQAhgEIAA
667,not_an_operator,gate3:vacation_rental_listing,Lake Tahoe Ski Condo Walk to Lift and Rim Trail! - Apartment,,Lodging,lodging,OPERATIONAL,,0,true,alpine-ski,ski rental,core,standard,covered_tile,0,operator,,,,,ChIJ5VdNabKQmYARXFzKzZylL2s,https://maps.google.com/?cid=7723573978849762396&g_mp=Cidnb29nbGUubWFwcy5wbGFjZXMudjEuUGxhY2VzLlNlYXJjaFRleHQQAhgEIAA
668,not_an_operator,gate3:vacation_rental_listing,"Lake Tahoe Vacation House close to beach, Skiing, tubing Heated Pool and Hot Tub",,Lodging,lodging,OPERATIONAL,,0,true,alpine-ski,ski rental,core,standard,covered_tile,0,operator,,,,,ChIJW5ia-Cnhm4AR5vEAe0qrQDo,https://maps.google.com/?cid=4197543189088891366&g_mp=Cidnb29nbGUubWFwcy5wbGFjZXMudjEuUGxhY2VzLlNlYXJjaFRleHQQAhgEIAA
669,not_an_operator,gate3:vacation_rental_listing,"Lake Tahoe Vacation House close to beach, Skiing, tubing Heated Pool and Hot Tub",,Lodging,lodging,OPERATIONAL,,0,true,alpine-ski,ski rental,core,standard,covered_tile,0,operator,,,,,ChIJW5ia-Cnhm4ARrofgmLfWmD8,https://maps.google.com/?cid=4582648704881690542&g_mp=Cidnb29nbGUubWFwcy5wbGFjZXMudjEuUGxhY2VzLlNlYXJjaFRleHQQAhgEIAA
670,not_an_operator,gate3:vacation_rental_listing,Lake View Ski Bear Lodge,,Lodging,lodging,OPERATIONAL,,0,true,alpine-ski,ski rental,core,standard,covered_tile,0,operator,,,,,ChIJE44xGLKQmYAR-TsV-mgi2DE,https://maps.google.com/?cid=3591658537095609337&g_mp=Cidnb29nbGUubWFwcy5wbGFjZXMudjEuUGxhY2VzLlNlYXJjaFRleHQQAhgEIAA
671,not_an_operator,gate3:vacation_rental_listing,Lake View Ski Escape - Two-Bedroom Apartment,,Lodging,lodging,OPERATIONAL,,0,true,alpine-ski,ski rental,core,standard,covered_tile,0,operator,,,,,ChIJ27R6ILKQmYARz7C88reDMJM,https://maps.google.com/?cid=10606121948532224207&g_mp=Cidnb29nbGUubWFwcy5wbGFjZXMudjEuUGxhY2VzLlNlYXJjaFRleHQQAhgEIAA
672,not_an_operator,gate3:vacation_rental_listing,Lake View with ski lifts at the parking lot. Upper unit with good views.,,Lodging,lodging,OPERATIONAL,,0,true,alpine-ski,ski rental,core,standard,covered_tile,0,operator,,,,,ChIJe35QI7GQmYARa_NaC3UFZfM,https://maps.google.com/?cid=17538430324124087147&g_mp=Cidnb29nbGUubWFwcy5wbGFjZXMudjEuUGxhY2VzLlNlYXJjaFRleHQQAhgEIAA
673,not_an_operator,gate3:vacation_rental_listing,"Lake Views, Hot Tub, Close to Sled Ski, Garage \""Sandy Shores Villa\""",,Lodging,lodging,OPERATIONAL,,0,true,alpine-ski; snow-tube,ski rental; sled rental,core; experience,standard,covered_tile,0,operator,,,,,ChIJ3VO-aLBkmYARYxTcbOU0jJ4,https://maps.google.com/?cid=11424564514710623331&g_mp=Cidnb29nbGUubWFwcy5wbGFjZXMudjEuUGxhY2VzLlNlYXJjaFRleHQQAhgEIAA
674,not_an_operator,gate3:vacation_rental_listing,"Lake Views! SKI OUT on Heavenly Mountain No traffic, 8,000 ft. elevation",,Lodging,lodging,OPERATIONAL,,0,true,alpine-ski,ski rental,core,standard,covered_tile,0,operator,,,,,ChIJDdJdL7KQmYARgEJqMwfMEt0,https://maps.google.com/?cid=15930019163262304896&g_mp=Cidnb29nbGUubWFwcy5wbGFjZXMudjEuUGxhY2VzLlNlYXJjaFRleHQQAhgEIAA
675,not_an_operator,gate3:vacation_rental_listing,"Lake Views! SKI OUT on Heavenly Mountain No traffic, 8,000 ft. elevation",,Lodging,lodging,OPERATIONAL,,0,true,alpine-ski,ski rental,core,standard,covered_tile,0,operator,,,,,ChIJDdJdL7KQmYARVGWNcOZvAkA,https://maps.google.com/?cid=4612372003902285140&g_mp=Cidnb29nbGUubWFwcy5wbGFjZXMudjEuUGxhY2VzLlNlYXJjaFRleHQQAhgEIAA
676,not_an_operator,gate3:vacation_rental_listing,"Lake Vista Ski Cabin - Stunning Lake Views, Fenced Backyard and Private Hot Tub",,Lodging,lodging,OPERATIONAL,,0,true,alpine-ski,ski rental,core,standard,covered_tile,0,operator,,,,,ChIJBUjUecJ8mYAR9bqmdAJXpnQ,https://maps.google.com/?cid=8405501422592244469&g_mp=Cidnb29nbGUubWFwcy5wbGFjZXMudjEuUGxhY2VzLlNlYXJjaFRleHQQAhgEIAA
677,not_an_operator,gate3:vacation_rental_listing,Lakefront Haven by Avantstay Minutes to Ski Resorts Private Dock Boat,,Lodging,lodging,OPERATIONAL,,0,true,wakeboard,ski boat rental,core,standard,covered_tile,0,operator,,,,,ChIJnSa8I4DVm4ARrWuuKvZQS-A,https://maps.google.com/?cid=16162100705957407661&g_mp=Cidnb29nbGUubWFwcy5wbGFjZXMudjEuUGxhY2VzLlNlYXJjaFRleHQQAhgEIAA
678,not_an_operator,gate3:vacation_rental_listing,Lakefront Haven by Avantstay Minutes to Ski Resorts Private Dock Boat,,Lodging,lodging,OPERATIONAL,,0,true,wakeboard,ski boat rental,core,standard,covered_tile,0,operator,,,,,ChIJnSa8I4DVm4ARO5M4KFJT7dk,https://maps.google.com/?cid=15703299088038007611&g_mp=Cidnb29nbGUubWFwcy5wbGFjZXMudjEuUGxhY2VzLlNlYXJjaFRleHQQAhgEIAA
679,not_an_operator,gate3:vacation_rental_listing,Lakefront Ski Lease - Soda Springs near Sugar Bowl Ski Resort,,Lodging,lodging,OPERATIONAL,,0,true,alpine-ski,ski rental,core,standard,covered_tile,0,operator,,,,,ChIJg8-j7i3om4ARysnUfmspfJU,https://maps.google.com/?cid=10771529950429497802&g_mp=Cidnb29nbGUubWFwcy5wbGFjZXMudjEuUGxhY2VzLlNlYXJjaFRleHQQAhgEIAA
680,not_an_operator,gate3:vacation_rental_listing,Lakefront Tahoe Cabin Available For Ski Lease,,Lodging,lodging,OPERATIONAL,,0,true,alpine-ski,ski rental,core,standard,covered_tile,0,operator,,,,,ChIJNcVW51OAmYARed6Gse5pvjE,https://maps.google.com/?cid=3584418827335032441&g_mp=Cidnb29nbGUubWFwcy5wbGFjZXMudjEuUGxhY2VzLlNlYXJjaFRleHQQAhgEIAA
681,not_an_operator,gate3:vacation_rental_listing,"Lakefront Tahoe Cabin with HOT TUB & Pier, Avail. starting 2/16/26 For Ski Lease",,Lodging,lodging,OPERATIONAL,,0,true,alpine-ski,ski rental,core,standard,covered_tile,0,operator,,,,,ChIJjXZW51OAmYARBlqoUhx04nk,https://maps.google.com/?cid=8782709888320559622&g_mp=Cidnb29nbGUubWFwcy5wbGFjZXMudjEuUGxhY2VzLlNlYXJjaFRleHQQAhgEIAA
682,not_an_operator,gate3:vacation_rental_listing,"Lakeside Studio Close to Beach Ski Resort w /WiFi, Shared Pool /Hot Tub, Patio",,Lodging,lodging,OPERATIONAL,,0,true,alpine-ski,ski rental,core,standard,covered_tile,0,operator,,,,,ChIJBe73Ew-QmYARvNEji8PzAYs,https://maps.google.com/?cid=10016555067427246524&g_mp=Cidnb29nbGUubWFwcy5wbGFjZXMudjEuUGxhY2VzLlNlYXJjaFRleHQQAhgEIAA
683,not_an_operator,gate3:vacation_rental_listing,"Lakeside Tahoe Getaway - Ski, Hike & Swim!",,Lodging,lodging,OPERATIONAL,,0,true,alpine-ski,ski rental,core,standard,covered_tile,0,operator,,,,,ChIJdwR0WfmPmYARsIuFMBDRDas,https://maps.google.com/?cid=12325737622646655920&g_mp=Cidnb29nbGUubWFwcy5wbGFjZXMudjEuUGxhY2VzLlNlYXJjaFRleHQQAhgEIAA
684,not_an_operator,gate3:vacation_rental_listing,"Lakeviews!, 1 /2 blk to Lake, Ski, Casinos, Remodeled! Rental restrictions apply-",,Lodging,lodging,OPERATIONAL,,0,true,alpine-ski,ski rental,core,standard,covered_tile,0,operator,,,,,ChIJ4ZI2QPePmYAR8tTVQKsBb2Y,https://maps.google.com/?cid=7381120149322323186&g_mp=Cidnb29nbGUubWFwcy5wbGFjZXMudjEuUGxhY2VzLlNlYXJjaFRleHQQAhgEIAA
685,not_an_operator,gate3:vacation_rental_listing,Large Family ski Chalet blocks to the ski resort,,Lodging,lodging,OPERATIONAL,,0,true,alpine-ski,ski rental,core,standard,covered_tile,0,operator,,,,,ChIJUbe_PWqQmYARKdgh_r0iWco,https://maps.google.com/?cid=14580723467996485673&g_mp=Cidnb29nbGUubWFwcy5wbGFjZXMudjEuUGxhY2VzLlNlYXJjaFRleHQQAhgEIAA
686,not_an_operator,gate3:vacation_rental_listing,Large Kings Beach Ski Lease,,Lodging,lodging,OPERATIONAL,,0,true,alpine-ski,ski rental,core,standard,covered_tile,0,operator,,,,,ChIJeY7-ydB6mYAR46um-SR3LO8,https://maps.google.com/?cid=17234280874731023331&g_mp=Cidnb29nbGUubWFwcy5wbGFjZXMudjEuUGxhY2VzLlNlYXJjaFRleHQQAhgEIAA
687,not_an_operator,gate3:vacation_rental_listing,"Lewis Lair - Renovated, Dog-Friendly, Lake & Ski",,Lodging,lodging,OPERATIONAL,,0,true,alpine-ski,ski rental,core,standard,covered_tile,0,operator,,,,,ChIJS1C2hMVkmYARBqAJHjuCu3E,https://maps.google.com/?cid=8195287137349378054&g_mp=Cidnb29nbGUubWFwcy5wbGFjZXMudjEuUGxhY2VzLlNlYXJjaFRleHQQAhgEIAA
688,not_an_operator,gate3:disc_golf_course_no_website,Lizard Peak Disc Golf Course,,Athletic Field,athletic_field,OPERATIONAL,4.6,102,true,disc-golf,disc golf rental,core,standard,covered_tile,0,operator,,,,,ChIJjcqYrf83mYARi2reMygOHPo,https://maps.google.com/?cid=18022295374661577355&g_mp=Cidnb29nbGUubWFwcy5wbGFjZXMudjEuUGxhY2VzLlNlYXJjaFRleHQQAhgEIAA
689,not_an_operator,gate3:vacation_rental_listing,LOADS OF AMENITIES also 20 min to NorthStar and Palisade's for skiing.,,Lodging,lodging,OPERATIONAL,,0,true,alpine-ski,ski rental,core,standard,covered_tile,0,operator,,,,,ChIJd6U7uYPgm4ARJtKhBB7_yJ8,https://maps.google.com/?cid=11513732951764488742&g_mp=Cidnb29nbGUubWFwcy5wbGFjZXMudjEuUGxhY2VzLlNlYXJjaFRleHQQAhgEIAA
690,not_an_operator,gate3:vacation_rental_listing,"Located in Heavenly Village, nearby restaurants and shopping, ski lift outside !",,Lodging,lodging,OPERATIONAL,,0,true,alpine-ski,ski rental,core,standard,covered_tile,0,operator,,,,,ChIJc4bpJnaQmYARK21vUzFlV64,https://maps.google.com/?cid=12562620948100902187&g_mp=Cidnb29nbGUubWFwcy5wbGFjZXMudjEuUGxhY2VzLlNlYXJjaFRleHQQAhgEIAA
691,not_an_operator,gate3:vacation_rental_listing,"Lodgepole Lair - Remodeled, Walkable, Lake Ski",,Lodging,lodging,OPERATIONAL,,0,true,alpine-ski,ski rental,core,standard,covered_tile,0,operator,,,,,ChIJuZNHdnF9mYARMrV_IUVsHag,https://maps.google.com/?cid=12113957616867063090&g_mp=Cidnb29nbGUubWFwcy5wbGFjZXMudjEuUGxhY2VzLlNlYXJjaFRleHQQAhgEIAA
692,not_an_operator,gate3:vacation_rental_listing,Lovely Ski-in-ski-out condo at Squaw Creek with stunning valley & mountain view,,Lodging,lodging,OPERATIONAL,,0,true,alpine-ski,ski rental,core,standard,covered_tile,0,operator,,,,,ChIJ1YWS6cXZm4ARs14fcuXXHb4,https://maps.google.com/?cid=13699343021993057971&g_mp=Cidnb29nbGUubWFwcy5wbGFjZXMudjEuUGxhY2VzLlNlYXJjaFRleHQQAhgEIAA
693,not_an_operator,gate3:vacation_rental_listing,Lovely Ski-in-ski-out condo at Squaw Creek with stunning valley & mountain view,,Lodging,lodging,OPERATIONAL,,0,true,alpine-ski,ski rental,core,standard,covered_tile,0,operator,,,,,ChIJ1YWS6cXZm4ARRHkcLT5Qtro,https://maps.google.com/?cid=13454029164790970692&g_mp=Cidnb29nbGUubWFwcy5wbGFjZXMudjEuUGxhY2VzLlNlYXJjaFRleHQQAhgEIAA
694,not_an_operator,gate3:vacation_rental_listing,"Luxe All-Season Escape - Pool, Sauna, Tennis - Near Kings Beach & Ski Resorts",,Lodging,lodging,OPERATIONAL,,0,true,alpine-ski,ski rental,core,standard,covered_tile,0,operator,,,,,ChIJA0ehiMRkmYARikslFAwlsnI,https://maps.google.com/?cid=8264708999986105226&g_mp=Cidnb29nbGUubWFwcy5wbGFjZXMudjEuUGxhY2VzLlNlYXJjaFRleHQQAhgEIAA
695,not_an_operator,gate3:vacation_rental_listing,Luxe Ski-in-ski-out King Suite with Fireplace Resort Pools Spa & Gym,,Lodging,lodging,OPERATIONAL,,0,true,alpine-ski,ski shop,core,standard,covered_tile,0,operator,,,,,ChIJ8wMADMbZm4ARknPAvOLd3sg,https://maps.google.com/?cid=14474250218314429330&g_mp=Cidnb29nbGUubWFwcy5wbGFjZXMudjEuUGxhY2VzLlNlYXJjaFRleHQQAhgEIAA
696,not_an_operator,gate3:vacation_rental_listing,Luxurious 3 BR Ritz Carlton Club Ski in/Ski out Villa in Truckee,,Lodging,lodging,OPERATIONAL,,0,true,alpine-ski,ski rental,core,standard,covered_tile,0,operator,,,,,ChIJv_hO9kZimYAR_ENEMpHtPQk,https://maps.google.com/?cid=665949527790076924&g_mp=Cidnb29nbGUubWFwcy5wbGFjZXMudjEuUGxhY2VzLlNlYXJjaFRleHQQAhgEIAA
697,not_an_operator,gate3:vacation_rental_listing,Luxurious Ski In Ski Out Heavenly Condo,,Lodging,lodging,OPERATIONAL,,0,true,alpine-ski,ski rental,core,standard,covered_tile,0,operator,,,,,ChIJ90roT7GQmYARxmyfp1ypyt4,https://maps.google.com/?cid=16053830037129882822&g_mp=Cidnb29nbGUubWFwcy5wbGFjZXMudjEuUGxhY2VzLlNlYXJjaFRleHQQAhgEIAA
698,not_an_operator,gate3:vacation_rental_listing,Luxurious Ski In Ski Out Heavenly Condo,,Lodging,lodging,OPERATIONAL,,0,true,alpine-ski,ski rental,core,standard,covered_tile,0,operator,,,,,ChIJ90roT7GQmYARAU67z6UmAzQ,https://maps.google.com/?cid=3747881808499002881&g_mp=Cidnb29nbGUubWFwcy5wbGFjZXMudjEuUGxhY2VzLlNlYXJjaFRleHQQAhgEIAA
699,not_an_operator,gate3:vacation_rental_listing,Luxurious ski-in /ski-out resort accommodation at the Northstar resort in Truckee,,Lodging,lodging,OPERATIONAL,,0,true,alpine-ski,ski rental,core,standard,covered_tile,0,operator,,,,,ChIJG7Vd0jVimYARQKLUA4WXotk,https://maps.google.com/?cid=15682263450008199744&g_mp=Cidnb29nbGUubWFwcy5wbGFjZXMudjEuUGxhY2VzLlNlYXJjaFRleHQQAhgEIAA
700,not_an_operator,gate3:vacation_rental_listing,Luxury 2 bd condo at Northstar with a ski-in/ski-out gondola awaits during MLK!,,Lodging,lodging,OPERATIONAL,,0,true,alpine-ski,ski rental,core,standard,covered_tile,0,operator,,,,,ChIJX_2E9TBimYAR8pKBS0_Ihc0,https://maps.google.com/?cid=14809463192572498674&g_mp=Cidnb29nbGUubWFwcy5wbGFjZXMudjEuUGxhY2VzLlNlYXJjaFRleHQQAhgEIAA
701,not_an_operator,gate3:vacation_rental_listing,"Luxury 2-BR Condo+Den, VIP Gondola Access, Ski-In /Out, w /Parking,Presidents Week",,Lodging,lodging,OPERATIONAL,,0,true,alpine-ski,ski rental,core,standard,covered_tile,0,operator,,,,,ChIJ_UNzUzBimYARBOcH2k1bBq8,https://maps.google.com/?cid=12611868196426213124&g_mp=Cidnb29nbGUubWFwcy5wbGFjZXMudjEuUGxhY2VzLlNlYXJjaFRleHQQAhgEIAA
702,not_an_operator,gate3:vacation_rental_listing,Luxury 2BD Village at Northstar Residence w / Ski Valet,,Lodging,lodging,OPERATIONAL,,0,true,alpine-ski,ski rental,core,standard,covered_tile,0,operator,,,,,ChIJJ1ak8zBimYARxb1omHtqvWI,https://maps.google.com/?cid=7114960065385774533&g_mp=Cidnb29nbGUubWFwcy5wbGFjZXMudjEuUGxhY2VzLlNlYXJjaFRleHQQAhgEIAA
703,not_an_operator,gate3:vacation_rental_listing,Luxury 4BD True Ski-In/Ski-Out Mid-Mountain Residence - Stellar Northstar,,Lodging,lodging,OPERATIONAL,,0,true,alpine-ski,ski rental,core,standard,covered_tile,0,operator,,,,,ChIJ15-fTThimYARldYy2BlLlAM,https://maps.google.com/?cid=257913653040436885&g_mp=Cidnb29nbGUubWFwcy5wbGFjZXMudjEuUGxhY2VzLlNlYXJjaFRleHQQAhgEIAA
704,not_an_operator,gate3:vacation_rental_listing,Luxury 4BD True Ski-In/Ski-Out Mid-Mountain Residence - Trailside Northstar - Vacation Home,,Lodging,lodging,OPERATIONAL,,0,true,alpine-ski,ski rental,core,standard,covered_tile,0,operator,,,,,ChIJz7uVZzhimYARolvIELdh_gk,https://maps.google.com/?cid=720120429314333602&g_mp=Cidnb29nbGUubWFwcy5wbGFjZXMudjEuUGxhY2VzLlNlYXJjaFRleHQQAhgEIAA
705,not_an_operator,gate3:vacation_rental_listing,"Luxury Apt in Northstar Village, Mountain Biking, Ski-In Ski-out",,Lodging,lodging,OPERATIONAL,,0,true,alpine-ski,ski rental,core,standard,covered_tile,0,operator,,,,,ChIJUz1eXjRimYARuke5j7ui18s,https://maps.google.com/?cid=14688387636146030522&g_mp=Cidnb29nbGUubWFwcy5wbGFjZXMudjEuUGxhY2VzLlNlYXJjaFRleHQQAhgEIAA
706,not_an_operator,gate3:vacation_rental_listing,"Luxury Deluxe 2-Bedroom, Ski-in, Ski-out Northstar Residence: Constellation 104",,Lodging,lodging,OPERATIONAL,,0,true,alpine-ski,ski rental,core,standard,covered_tile,0,operator,,,,,ChIJDSOPdkdimYARoQ2mXx5ZFTE,https://maps.google.com/?cid=3536831069358001569&g_mp=Cidnb29nbGUubWFwcy5wbGFjZXMudjEuUGxhY2VzLlNlYXJjaFRleHQQAhgEIAA
707,not_an_operator,gate3:vacation_rental_listing,Luxury Family Condo Conveniently Central to skiing in Lake Tahoe,,Lodging,lodging,OPERATIONAL,,0,true,alpine-ski,ski rental,core,standard,covered_tile,0,operator,,,,,ChIJac9J5yNwmYAR8DPLPAdkK2o,https://maps.google.com/?cid=7650318374266418160&g_mp=Cidnb29nbGUubWFwcy5wbGFjZXMudjEuUGxhY2VzLlNlYXJjaFRleHQQAhgEIAA
708,not_an_operator,gate3:vacation_rental_listing,Luxury Heavenly Ski House with Amazing Tahoe Views,,Lodging,lodging,OPERATIONAL,,0,true,alpine-ski,ski rental,core,standard,covered_tile,0,operator,,,,,ChIJa8BupwSamYARafq4QtWldfM,https://maps.google.com/?cid=17543110258857671273&g_mp=Cidnb29nbGUubWFwcy5wbGFjZXMudjEuUGxhY2VzLlNlYXJjaFRleHQQAhgEIAA
709,not_an_operator,gate3:vacation_rental_listing,Luxury Home Walk to Ski Lifts 6 Pools Food Private Hot-Tub Yard Fun Bunk Room - Four-Bedroom House,,Lodging,lodging,OPERATIONAL,,0,true,alpine-ski,ski rental,core,standard,covered_tile,0,operator,,,,,ChIJ60SaKi5imYARB7udvd9V8CQ,https://maps.google.com/?cid=2661721799223261959&g_mp=Cidnb29nbGUubWFwcy5wbGFjZXMudjEuUGxhY2VzLlNlYXJjaFRleHQQAhgEIAA
710,not_an_operator,gate3:vacation_rental_listing,Luxury Keys Living: 3BR Pool Boat Dock & BBQ,,Lodging,lodging,OPERATIONAL,,0,true,powerboat,boat rental,core,standard,covered_tile,0,operator,,,,,ChIJ365g4YGPmYARMDVXXGdtMrI,https://maps.google.com/?cid=12840445778284983600&g_mp=Cidnb29nbGUubWFwcy5wbGFjZXMudjEuUGxhY2VzLlNlYXJjaFRleHQQAhgEIAA
711,not_an_operator,gate3:vacation_rental_listing,Luxury Lakeview 3 Bd 2 Bth +Loft Ski In-Out Condo,,Lodging,lodging,OPERATIONAL,,0,true,alpine-ski,ski rental,core,standard,covered_tile,0,operator,,,,,ChIJ_-uPA7GQmYARiQIiCB9-fNw,https://maps.google.com/?cid=15887712257201799817&g_mp=Cidnb29nbGUubWFwcy5wbGFjZXMudjEuUGxhY2VzLlNlYXJjaFRleHQQAhgEIAA
712,not_an_operator,gate3:vacation_rental_listing,Luxury Lakeview 3 Bd 2 Bth +Loft Ski In-Out Condo,,Lodging,lodging,OPERATIONAL,,0,true,alpine-ski,ski rental,core,standard,covered_tile,0,operator,,,,,ChIJ_-uPA7GQmYARiEJoM5z6mqM,https://maps.google.com/?cid=11789010523380007560&g_mp=Cidnb29nbGUubWFwcy5wbGFjZXMudjEuUGxhY2VzLlNlYXJjaFRleHQQAhgEIAA
713,not_an_operator,gate3:vacation_rental_listing,Luxury Reno Getaway ~ 8 Mi to Mt Rose Ski!,,Lodging,lodging,OPERATIONAL,,0,true,alpine-ski,ski rental,core,standard,covered_tile,0,operator,,,,,ChIJQf6zeIxsmYARzaq4lVbPUUo,https://maps.google.com/?cid=5355289402706275021&g_mp=Cidnb29nbGUubWFwcy5wbGFjZXMudjEuUGxhY2VzLlNlYXJjaFRleHQQAhgEIAA
714,not_an_operator,gate3:vacation_rental_listing,Luxury resort with ski lift and ice skating rink,,Lodging,lodging,OPERATIONAL,,0,true,alpine-ski,ski rental,core,standard,covered_tile,0,operator,,,,,ChIJJ7jMmDpimYARIOmrIS4ejTc,https://maps.google.com/?cid=4002888827284482336&g_mp=Cidnb29nbGUubWFwcy5wbGFjZXMudjEuUGxhY2VzLlNlYXJjaFRleHQQAhgEIAA
715,not_an_operator,gate3:vacation_rental_listing,Luxury Ski Condo - No Lake Tahoe Alpine Meadows & Ski Palisades,,Lodging,lodging,OPERATIONAL,,0,true,alpine-ski,ski rental,core,standard,covered_tile,0,operator,,,,,ChIJD9KYsVzXm4AR_Sl5WNUPhlw,https://maps.google.com/?cid=6667033707355384317&g_mp=Cidnb29nbGUubWFwcy5wbGFjZXMudjEuUGxhY2VzLlNlYXJjaFRleHQQAhgEIAA
716,not_an_operator,gate3:vacation_rental_listing,Luxury Ski Condo - No Lake Tahoe Alpine Meadows Ski Palisades,,Lodging,lodging,OPERATIONAL,,0,true,alpine-ski,ski rental,core,standard,covered_tile,0,operator,,,,,ChIJLx6fsVzXm4ARdk2TnBXXQgk,https://maps.google.com/?cid=667332182625439094&g_mp=Cidnb29nbGUubWFwcy5wbGFjZXMudjEuUGxhY2VzLlNlYXJjaFRleHQQAhgEIAA
717,not_an_operator,gate3:vacation_rental_listing,Luxury Ski in Ski out - 3 BD NorthStar Lodge in the VILLAGE,,Lodging,lodging,OPERATIONAL,,0,true,alpine-ski,ski rental,core,standard,covered_tile,0,operator,,,,,ChIJ96UX9TBimYARlZUw0OQ7K30,https://maps.google.com/?cid=9019368532670977429&g_mp=Cidnb29nbGUubWFwcy5wbGFjZXMudjEuUGxhY2VzLlNlYXJjaFRleHQQAhgEIAA
718,not_an_operator,gate3:vacation_rental_listing,"Luxury Ski In Ski Out Everline Resort Spa: Swimming Pools, Hot Tubs, Saunas",,Lodging,lodging,OPERATIONAL,,0,true,alpine-ski,ski rental,core,standard,covered_tile,0,operator,,,,,ChIJZd9i5rTZm4ARkuHSnmCLPDg,https://maps.google.com/?cid=4052267011824345490&g_mp=Cidnb29nbGUubWFwcy5wbGFjZXMudjEuUGxhY2VzLlNlYXJjaFRleHQQAhgEIAA
719,not_an_operator,gate3:vacation_rental_listing,Luxury Ski Lease | Located in Lahontan | Northstar,,Lodging,lodging,OPERATIONAL,,0,true,alpine-ski,ski rental,core,standard,covered_tile,0,operator,,,,,ChIJEVu2kOBhmYARRW_e_lCpPBc,https://maps.google.com/?cid=1674399326813450053&g_mp=Cidnb29nbGUubWFwcy5wbGFjZXMudjEuUGxhY2VzLlNlYXJjaFRleHQQAhgEIAA
720,not_an_operator,gate3:vacation_rental_listing,Luxury Ski-In and Ski-Out 2-Bedroom Villa at Hyatt Northstar Lodge,,Lodging,lodging,OPERATIONAL,,0,true,alpine-ski,ski rental,core,standard,covered_tile,0,operator,,,,,ChIJA2cV9TBimYARCZz4zTZoM2Q,https://maps.google.com/?cid=7220229212198181897&g_mp=Cidnb29nbGUubWFwcy5wbGFjZXMudjEuUGxhY2VzLlNlYXJjaFRleHQQAhgEIAA
721,not_an_operator,gate3:vacation_rental_listing,Luxury Ski-In and Ski-Out 2-Bedroom+Den Villa at Hyatt Northstar Lodge,,Lodging,lodging,OPERATIONAL,,0,true,alpine-ski,ski rental,core,standard,covered_tile,0,operator,,,,,ChIJG_Bd8C9imYAR6LhsAuCCIuE,https://maps.google.com/?cid=16222672706366912744&g_mp=Cidnb29nbGUubWFwcy5wbGFjZXMudjEuUGxhY2VzLlNlYXJjaFRleHQQAhgEIAA
722,not_an_operator,gate3:vacation_rental_listing,Luxury ski-in ski-out Palisades condo 200ft to KT22 Steps to Gondola Tram Funitel - Apartment with Mountain View,,Lodging,lodging,OPERATIONAL,,0,true,alpine-ski,ski rental,core,standard,covered_tile,0,operator,,,,,ChIJ7ZfDAe3Zm4ARBWIyilLww7Y,https://maps.google.com/?cid=13169633972658004485&g_mp=Cidnb29nbGUubWFwcy5wbGFjZXMudjEuUGxhY2VzLlNlYXJjaFRleHQQAhgEIAA
723,not_an_operator,gate3:vacation_rental_listing,Luxury Skiin-Skiout condo with ski tuning room at stagecoach lift Heavenly Nv,,Lodging,lodging,OPERATIONAL,,0,true,alpine-ski,ski rental,core,standard,covered_tile,0,operator,,,,,ChIJp5EOUbGQmYARhti0RRdXbPw,https://maps.google.com/?cid=18189008752507934854&g_mp=Cidnb29nbGUubWFwcy5wbGFjZXMudjEuUGxhY2VzLlNlYXJjaFRleHQQAhgEIAA
724,not_an_operator,gate3:vacation_rental_listing,Luxury Skiing or Beach at Spacious McCloud 3Bed/ 2.5 Lake close 1-Car Garage,,Lodging,lodging,OPERATIONAL,,0,true,alpine-ski,ski rental,core,standard,covered_tile,0,operator,,,,,ChIJW56OZEBwmYARElHSje27-P8,https://maps.google.com/?cid=18444698902856880402&g_mp=Cidnb29nbGUubWFwcy5wbGFjZXMudjEuUGxhY2VzLlNlYXJjaFRleHQQAhgEIAA
725,not_an_operator,gate3:vacation_rental_listing,Luxury Studio at Northstart Lodge Ski In /Out with Ski Valet.,,Lodging,lodging,OPERATIONAL,,0,true,alpine-ski,ski rental,core,standard,covered_tile,0,operator,,,,,ChIJ274HIzFimYAR5XenL0x894E,https://maps.google.com/?cid=9365090616799098853&g_mp=Cidnb29nbGUubWFwcy5wbGFjZXMudjEuUGxhY2VzLlNlYXJjaFRleHQQAhgEIAA
726,not_an_operator,gate3:vacation_rental_listing,Mariposa at Palisades Alpine - Ski Shuttle- 3BR - Forest Views,,Lodging,lodging,OPERATIONAL,,0,true,alpine-ski,ski rental,core,standard,covered_tile,0,operator,,,,,ChIJsaomenvXm4ARQKX3s4a6WcA,https://maps.google.com/?cid=13860314415917147456&g_mp=Cidnb29nbGUubWFwcy5wbGFjZXMudjEuUGxhY2VzLlNlYXJjaFRleHQQAhgEIAA
727,not_an_operator,gate3:vacation_rental_listing,"Mauna Hale - Ski-in, Ski-out Mountainside at Northstar Lake Tahoe",,Lodging,lodging,OPERATIONAL,,0,true,alpine-ski,ski rental,core,standard,covered_tile,0,operator,,,,,ChIJfW5SHzximYARsx_p6GPHEe0,https://maps.google.com/?cid=17082654093516283827&g_mp=Cidnb29nbGUubWFwcy5wbGFjZXMudjEuUGxhY2VzLlNlYXJjaFRleHQQAhgEIAA
728,not_an_operator,gate3:vacation_rental_listing,"Mauna Hale - Ski-in, Ski-out Mountainside at Northstar Lake Tahoe",,Lodging,lodging,OPERATIONAL,,0,true,alpine-ski,ski rental,core,standard,covered_tile,0,operator,,,,,ChIJtZdSHzximYARXg-bGRQS4Qw,https://maps.google.com/?cid=928042875753271134&g_mp=Cidnb29nbGUubWFwcy5wbGFjZXMudjEuUGxhY2VzLlNlYXJjaFRleHQQAhgEIAA
729,not_an_operator,gate3:disc_golf_course_no_website,Mayor's Park Disc Golf Course,,Athletic Field,athletic_field,OPERATIONAL,4.4,35,true,disc-golf,disc golf rental,core,standard,covered_tile,0,operator,,,,,ChIJA6BEGyFJmYARF8aTBvmDVHw,https://maps.google.com/?cid=8958930664327202327&g_mp=Cidnb29nbGUubWFwcy5wbGFjZXMudjEuUGxhY2VzLlNlYXJjaFRleHQQAhgEIAA
730,not_an_operator,gate3:vacation_rental_listing,Mineral Springs By Tahoe Getaways w / Hot tub Ski Shuttle in Alpine Meadows,,Lodging,lodging,OPERATIONAL,,0,true,alpine-ski,ski rental,core,standard,covered_tile,0,operator,,,,,ChIJd7ICRmHXm4ARB9TeYJva7Yk,https://maps.google.com/?cid=9938840313556554759&g_mp=Cidnb29nbGUubWFwcy5wbGFjZXMudjEuUGxhY2VzLlNlYXJjaFRleHQQAhgEIAA
731,not_an_operator,gate3:vacation_rental_listing,"Minutes to Heavenly, Skiing Downtown w / Spa",,Lodging,lodging,OPERATIONAL,,0,true,alpine-ski,ski rental,core,standard,covered_tile,0,operator,,,,,ChIJ-bLfbhaamYARdrXGiVtwu2Y,https://maps.google.com/?cid=7402633950969378166&g_mp=Cidnb29nbGUubWFwcy5wbGFjZXMudjEuUGxhY2VzLlNlYXJjaFRleHQQAhgEIAA
732,not_an_operator,gate3:vacation_rental_listing,Minutes to Ski Resorts 5min Walk to Lake Sunnyside Ward Creek by AvantStay,,Lodging,lodging,OPERATIONAL,,0,true,alpine-ski,ski rental,core,standard,covered_tile,0,operator,,,,,ChIJB1D5qwLWm4ARSFTn2sPwD50,https://maps.google.com/?cid=11317529112587228232&g_mp=Cidnb29nbGUubWFwcy5wbGFjZXMudjEuUGxhY2VzLlNlYXJjaFRleHQQAhgEIAA
733,not_an_operator,gate3:vacation_rental_listing,"Minutes to Ski Resorts, 5min Walk to Lake | Sunnyside | Ward Creek by AvantStay",,Lodging,lodging,OPERATIONAL,,0,true,alpine-ski,ski rental; ski shop,core,standard,covered_tile,0,operator,,,,,ChIJB1D5qwLWm4AR3aTFahfK1m0,https://maps.google.com/?cid=7914735597074621661&g_mp=Cidnb29nbGUubWFwcy5wbGFjZXMudjEuUGxhY2VzLlNlYXJjaFRleHQQAhgEIAA
734,not_an_operator,gate3:vacation_rental_listing,"Minutes to Ski Resorts, 5min Walk to Lake Sunnyside Ward Creek by Avantstay",,Lodging,lodging,OPERATIONAL,,0,true,alpine-ski,ski rental,core,standard,covered_tile,0,operator,,,,,ChIJB1D5qwLWm4AREQSmGdu_7WY,https://maps.google.com/?cid=7416795109098128401&g_mp=Cidnb29nbGUubWFwcy5wbGFjZXMudjEuUGxhY2VzLlNlYXJjaFRleHQQAhgEIAA
735,not_an_operator,gate3:vacation_rental_listing,"MML Unit 4 - Ski, Ride, Relax Newly Updated Studio w/ Kitchen - One-Bedroom Apartment",,Lodging,lodging,OPERATIONAL,,0,true,alpine-ski,ski rental,core,standard,covered_tile,0,operator,,,,,ChIJNyF0wXWQmYARcHeFQE8Np6c,https://maps.google.com/?cid=12080639159480711024&g_mp=Cidnb29nbGUubWFwcy5wbGFjZXMudjEuUGxhY2VzLlNlYXJjaFRleHQQAhgEIAA
736,not_an_operator,gate3:vacation_rental_listing,MML Unit 9 - Ski Village Steps Away! Cozy Studio w/ Kitchenette - One-Bedroom Apartment,,Lodging,lodging,OPERATIONAL,,0,true,alpine-ski,ski rental,core,standard,covered_tile,0,operator,,,,,ChIJNyF0wXWQmYARzuDNYY-X-is,https://maps.google.com/?cid=3169011929885565134&g_mp=Cidnb29nbGUubWFwcy5wbGFjZXMudjEuUGxhY2VzLlNlYXJjaFRleHQQAhgEIAA
737,not_an_operator,gate3:vacation_rental_listing,Modern 1 bedroom in Ski Trails,,Lodging,lodging,OPERATIONAL,,0,true,alpine-ski,ski rental,core,standard,covered_tile,0,operator,,,,,ChIJqavxSTZimYARp24cDSInqO0,https://maps.google.com/?cid=17124980610278649511&g_mp=Cidnb29nbGUubWFwcy5wbGFjZXMudjEuUGxhY2VzLlNlYXJjaFRleHQQAhgEIAA
738,not_an_operator,gate3:vacation_rental_listing,Modern 1 bedroom in Ski Trails by RedAwning,,Lodging,lodging,OPERATIONAL,,0,true,alpine-ski,ski rental,core,standard,covered_tile,0,operator,,,,,ChIJqavxSTZimYARkAKxrzlzrcc,https://maps.google.com/?cid=14388283076116546192&g_mp=Cidnb29nbGUubWFwcy5wbGFjZXMudjEuUGxhY2VzLlNlYXJjaFRleHQQAhgEIAA
739,not_an_operator,gate3:vacation_rental_listing,"Modern 1BR: Walk to Heavenly, Beach, Ski, Golf & Casinos: Pet Friendly",,Lodging,lodging,OPERATIONAL,,0,true,alpine-ski,ski rental,core,standard,covered_tile,0,operator,,,,,ChIJM-u5CXWQmYARjaYBC3OYXNk,https://maps.google.com/?cid=15662561223961061005&g_mp=Cidnb29nbGUubWFwcy5wbGFjZXMudjEuUGxhY2VzLlNlYXJjaFRleHQQAhgEIAA
740,not_an_operator,gate3:vacation_rental_listing,Modern Heavenly Ski Resort Mountain-top Retreat,,Lodging,lodging,OPERATIONAL,,0,true,alpine-ski,ski rental,core,standard,covered_tile,0,operator,,,,,ChIJLYSej7KQmYARlWleZosf-9I,https://maps.google.com/?cid=15202779650697619861&g_mp=Cidnb29nbGUubWFwcy5wbGFjZXMudjEuUGxhY2VzLlNlYXJjaFRleHQQAhgEIAA
741,not_an_operator,gate3:vacation_rental_listing,Modern Heavenly Ski Resort Mountain-Top Retreat,,Lodging,lodging,OPERATIONAL,,0,true,alpine-ski,ski rental,core,standard,covered_tile,0,operator,,,,,ChIJWc7wQ6yQmYARPbnQgAmYdHE,https://maps.google.com/?cid=8175326390167583037&g_mp=Cidnb29nbGUubWFwcy5wbGFjZXMudjEuUGxhY2VzLlNlYXJjaFRleHQQAhgEIAA
742,not_an_operator,gate3:vacation_rental_listing,Modern Heavenly Ski-In Ski-Out Condo,,Lodging,lodging,OPERATIONAL,,0,true,alpine-ski,ski rental,core,standard,covered_tile,0,operator,,,,,ChIJuQEKQrKQmYARM03VTFxJQHk,https://maps.google.com/?cid=8737063937873628467&g_mp=Cidnb29nbGUubWFwcy5wbGFjZXMudjEuUGxhY2VzLlNlYXJjaFRleHQQAhgEIAA
743,not_an_operator,gate3:vacation_rental_listing,"Modern House Ski Lease or short term, New Hot TubGas Insert, by Nordic Center",,Lodging,lodging,OPERATIONAL,,0,true,alpine-ski,ski rental,core,standard,covered_tile,0,operator,,,,,ChIJz1ZizON8mYARvqTqpXTsVYw,https://maps.google.com/?cid=10112248524074296510&g_mp=Cidnb29nbGUubWFwcy5wbGFjZXMudjEuUGxhY2VzLlNlYXJjaFRleHQQAhgEIAA
744,not_an_operator,gate3:vacation_rental_listing,Modern Lake Tahoe Retreat – Ski and Swim,,Lodging,lodging,OPERATIONAL,,0,true,alpine-ski,ski rental,core,standard,covered_tile,0,operator,,,,,ChIJq3_juZtkmYARS9YdNa5YtGE,https://maps.google.com/?cid=7040349622725629515&g_mp=Cidnb29nbGUubWFwcy5wbGFjZXMudjEuUGxhY2VzLlNlYXJjaFRleHQQAhgEIAA
745,not_an_operator,gate3:vacation_rental_listing,Modern Lake Tahoe Retreat Ski and Swim,,Lodging,lodging,OPERATIONAL,,0,true,alpine-ski,ski rental,core,standard,covered_tile,0,operator,,,,,ChIJq3_juZtkmYAR_cjXPEYvdEA,https://maps.google.com/?cid=4644389094440814845&g_mp=Cidnb29nbGUubWFwcy5wbGFjZXMudjEuUGxhY2VzLlNlYXJjaFRleHQQAhgEIAA
746,not_an_operator,gate3:vacation_rental_listing,Modern Lake Tahoe Retreat Ski and Swim,,Lodging,lodging,OPERATIONAL,,0,true,alpine-ski,ski rental,core,standard,covered_tile,0,operator,,,,,ChIJq3_juZtkmYARP4zBtrF0y08,https://maps.google.com/?cid=5749817655892741183&g_mp=Cidnb29nbGUubWFwcy5wbGFjZXMudjEuUGxhY2VzLlNlYXJjaFRleHQQAhgEIAA
747,not_an_operator,gate3:vacation_rental_listing,Modern Ski Chalet with Hot Tub - Three-Bedroom House,,Lodging,lodging,OPERATIONAL,,0,true,alpine-ski,ski rental,core,standard,covered_tile,0,operator,,,,,ChIJYVKJGo_fm4ARWS621hRNlDo,https://maps.google.com/?cid=4221083502649945689&g_mp=Cidnb29nbGUubWFwcy5wbGFjZXMudjEuUGxhY2VzLlNlYXJjaFRleHQQAhgEIAA
748,not_an_operator,gate3:vacation_rental_listing,Modern Ski In Out Home Mid-mountain Northstar,,Lodging,lodging,OPERATIONAL,,0,true,alpine-ski,ski rental,core,standard,covered_tile,0,operator,,,,,ChIJubVHTjhimYARLJO8-gnBkqg,https://maps.google.com/?cid=12146983393577177900&g_mp=Cidnb29nbGUubWFwcy5wbGFjZXMudjEuUGxhY2VzLlNlYXJjaFRleHQQAhgEIAA
749,not_an_operator,gate3:vacation_rental_listing,Modern Ski In Out Home Mid-mountain Northstar,,Lodging,lodging,OPERATIONAL,,0,true,alpine-ski,ski rental,core,standard,covered_tile,0,operator,,,,,ChIJubVHTjhimYAR2MiYdhx8PTA,https://maps.google.com/?cid=3476070949090543832&g_mp=Cidnb29nbGUubWFwcy5wbGFjZXMudjEuUGxhY2VzLlNlYXJjaFRleHQQAhgEIAA
750,not_an_operator,gate3:vacation_rental_listing,Modern Ski In Out Home Mid-mountain Northstar,,Lodging,lodging,OPERATIONAL,,0,true,alpine-ski,ski rental,core,standard,covered_tile,0,operator,,,,,ChIJubVHTjhimYAReRHRSktc-8Y,https://maps.google.com/?cid=14338155317111624057&g_mp=Cidnb29nbGUubWFwcy5wbGFjZXMudjEuUGxhY2VzLlNlYXJjaFRleHQQAhgEIAA
751,not_an_operator,gate3:vacation_rental_listing,"Modern Ski In-Out Home, Mid-Mountain",,Lodging,lodging,OPERATIONAL,,0,true,alpine-ski,ski rental,core,standard,covered_tile,0,operator,,,,,ChIJy1HBsDlimYARqO8GX5QnSBY,https://maps.google.com/?cid=1605576785360514984&g_mp=Cidnb29nbGUubWFwcy5wbGFjZXMudjEuUGxhY2VzLlNlYXJjaFRleHQQAhgEIAA
752,not_an_operator,gate3:vacation_rental_listing,"Modern Ski In-Out Home, Mid-Mountain",,Lodging,lodging,OPERATIONAL,,0,true,alpine-ski,ski rental,core,standard,covered_tile,0,operator,,,,,ChIJy1HBsDlimYARGNMywHdsbXA,https://maps.google.com/?cid=8101250566290854680&g_mp=Cidnb29nbGUubWFwcy5wbGFjZXMudjEuUGxhY2VzLlNlYXJjaFRleHQQAhgEIAA
753,not_an_operator,gate3:vacation_rental_listing,"Modern Ski In-Out Home, Mid-Mountain",,Lodging,lodging,OPERATIONAL,,0,true,alpine-ski,ski rental,core,standard,covered_tile,0,operator,,,,,ChIJddRHTjhimYAR11x-_CNtX6M,https://maps.google.com/?cid=11772247952297188567&g_mp=Cidnb29nbGUubWFwcy5wbGFjZXMudjEuUGxhY2VzLlNlYXJjaFRleHQQAhgEIAA
754,not_an_operator,gate3:vacation_rental_listing,Modern Ski Trails slopeside condo: Ski-in Ski-out - Be Home for Lunch!!,,Lodging,lodging,OPERATIONAL,,0,true,alpine-ski,ski rental,core,standard,covered_tile,0,operator,,,,,ChIJl_MNITdimYARcGm5_Q7h9TM,https://maps.google.com/?cid=3744146119731014000&g_mp=Cidnb29nbGUubWFwcy5wbGFjZXMudjEuUGxhY2VzLlNlYXJjaFRleHQQAhgEIAA
755,not_an_operator,gate3:vacation_rental_listing,Modern Ski-in Mountainside Villa- One Village Place- Luxury,,Lodging,lodging,OPERATIONAL,,0,true,alpine-ski,ski rental,core,standard,covered_tile,0,operator,,,,,ChIJu__xeEpimYARhjYaGhFOsJQ,https://maps.google.com/?cid=10714149348873746054&g_mp=Cidnb29nbGUubWFwcy5wbGFjZXMudjEuUGxhY2VzLlNlYXJjaFRleHQQAhgEIAA
756,not_an_operator,gate3:vacation_rental_listing,Modern Tahoe Getaway Near Ski Resorts Truckee,,Lodging,lodging,OPERATIONAL,,0,true,alpine-ski,ski rental,core,standard,covered_tile,0,operator,,,,,ChIJa-ZnMNNjmYARCYHyujg9S_A,https://maps.google.com/?cid=17315000506219921673&g_mp=Cidnb29nbGUubWFwcy5wbGFjZXMudjEuUGxhY2VzLlNlYXJjaFRleHQQAhgEIAA
757,not_an_operator,gate3:vacation_rental_listing,Montgomery Estates Ski & Beach Haven,,Lodging,lodging,OPERATIONAL,,0,true,alpine-ski,ski rental,core,standard,covered_tile,0,operator,,,,,ChIJ2VWZBCmOmYARPbs0wgHTS54,https://maps.google.com/?cid=11406442485752576829&g_mp=Cidnb29nbGUubWFwcy5wbGFjZXMudjEuUGxhY2VzLlNlYXJjaFRleHQQAhgEIAA
758,not_an_operator,gate3:vacation_rental_listing,Monthly Home Rental 15 minutes to ski resort!,,Lodging,lodging,OPERATIONAL,,0,true,alpine-ski,ski rental,core,standard,covered_tile,0,operator,,,,,ChIJMTIghaIUmYARTsaUgK2qTmU,https://maps.google.com/?cid=7299959708177450574&g_mp=Cidnb29nbGUubWFwcy5wbGFjZXMudjEuUGxhY2VzLlNlYXJjaFRleHQQAhgEIAA
759,not_an_operator,gate3:vacation_rental_listing,Moose Haven Family Favorite Close to Ski Resorts,,Lodging,lodging,OPERATIONAL,,0,true,alpine-ski,ski rental,core,standard,covered_tile,0,operator,,,,,ChIJBRMPnpqOmYARNPuTSz2Xy-E,https://maps.google.com/?cid=16270264368322837300&g_mp=Cidnb29nbGUubWFwcy5wbGFjZXMudjEuUGxhY2VzLlNlYXJjaFRleHQQAhgEIAA
760,not_an_operator,gate3:vacation_rental_listing,Moose Haven- Family Favorite! Close to Ski Resorts,,Lodging,lodging,OPERATIONAL,,0,true,alpine-ski,ski rental,core,standard,covered_tile,0,operator,,,,,ChIJrx0PnpqOmYARrubQYXDE5FI,https://maps.google.com/?cid=5973114992756582062&g_mp=Cidnb29nbGUubWFwcy5wbGFjZXMudjEuUGxhY2VzLlNlYXJjaFRleHQQAhgEIAA
761,not_an_operator,gate3:vacation_rental_listing,Moraine by AvantStay | Woodsy Tahoe Cabin • Deck • Near Donner Lake + Skiing,,Lodging,lodging,OPERATIONAL,,0,true,alpine-ski,ski rental,core,standard,covered_tile,0,operator,,,,,ChIJa4SEP6rgm4ARY8FnSZkoogo,https://maps.google.com/?cid=766219525433049443&g_mp=Cidnb29nbGUubWFwcy5wbGFjZXMudjEuUGxhY2VzLlNlYXJjaFRleHQQAhgEIAA
762,not_an_operator,gate3:vacation_rental_listing,Mountain Bike delight for summer in our Northstar Cozy Condo,,Lodging,lodging,OPERATIONAL,,0,true,mtb,mountain bike rental,core,standard,covered_tile,0,operator,,,,,ChIJGxAwPS9imYARNilhsR7cTDg,https://maps.google.com/?cid=4056859388737038646&g_mp=Cidnb29nbGUubWFwcy5wbGFjZXMudjEuUGxhY2VzLlNlYXJjaFRleHQQAhgEIAA
763,not_an_operator,gate3:vacation_rental_listing,Mountain Bike In/Out at Timber Creek in at Northstar,,Lodging,lodging,OPERATIONAL,,0,true,mtb,mountain bike rental,core,standard,covered_tile,0,operator,,,,,ChIJ7Sh8FjFimYARrbC_kQWGpvM,https://maps.google.com/?cid=17556867555828674733&g_mp=Cidnb29nbGUubWFwcy5wbGFjZXMudjEuUGxhY2VzLlNlYXJjaFRleHQQAhgEIAA
764,not_an_operator,gate3:vacation_rental_listing,"Mountain Cabin w/ Fireplace, Balcony & Easy Ski Access | Bear Americana",,Lodging,lodging,OPERATIONAL,,0,true,alpine-ski,ski rental,core,standard,covered_tile,0,operator,,,,,ChIJ16pOGYLnm4ARCN0qaWcBZ3Q,https://maps.google.com/?cid=8387674374658514184&g_mp=Cidnb29nbGUubWFwcy5wbGFjZXMudjEuUGxhY2VzLlNlYXJjaFRleHQQAhgEIAA
765,not_an_operator,gate3:vacation_rental_listing,"Mountain Cabin w/ Fireplace, Balcony & Easy Ski Access Bear Americana",,Lodging,lodging,OPERATIONAL,,0,true,alpine-ski,ski rental,core,standard,covered_tile,0,operator,,,,,ChIJ16pOGYLnm4AR8IhsI5LFxQI,https://maps.google.com/?cid=199782989938067696&g_mp=Cidnb29nbGUubWFwcy5wbGFjZXMudjEuUGxhY2VzLlNlYXJjaFRleHQQAhgEIAA
766,not_an_operator,gate3:vacation_rental_listing,"Mountain Cabin w/ Fireplace, Balcony & Easy Ski Access Bear Americana",,Lodging,lodging,OPERATIONAL,,0,true,alpine-ski,ski rental,core,standard,covered_tile,0,operator,,,,,ChIJXZuEhHjnm4ARStHxdcL9Y5Y,https://maps.google.com/?cid=10836784140027810122&g_mp=Cidnb29nbGUubWFwcy5wbGFjZXMudjEuUGxhY2VzLlNlYXJjaFRleHQQAhgEIAA
767,not_an_operator,gate3:vacation_rental_listing,Mountain Cabin With Deck < 1 Mile to Ski Resort!,,Lodging,lodging,OPERATIONAL,,0,true,alpine-ski,ski rental,core,standard,covered_tile,0,operator,,,,,ChIJW2Xa3Vvom4ARLJOJiJbXVUE,https://maps.google.com/?cid=4707906027021505324&g_mp=Cidnb29nbGUubWFwcy5wbGFjZXMudjEuUGxhY2VzLlNlYXJjaFRleHQQAhgEIAA
768,not_an_operator,gate3:vacation_rental_listing,Mountain Cabin with Deck Less Than 1 Mile to Ski Resort! - Holiday Home,,Lodging,lodging,OPERATIONAL,,0,true,alpine-ski,ski rental,core,standard,covered_tile,0,operator,,,,,ChIJW2Xa3Vvom4ARqAf0VtZZLcc,https://maps.google.com/?cid=14352226364616345512&g_mp=Cidnb29nbGUubWFwcy5wbGFjZXMudjEuUGxhY2VzLlNlYXJjaFRleHQQAhgEIAA
769,not_an_operator,gate3:vacation_rental_listing,Mountain Condo steps from ski lifts - Two-Bedroom Apartment,,Lodging,lodging,OPERATIONAL,,0,true,alpine-ski,ski rental,core,standard,covered_tile,0,operator,,,,,ChIJZ2swhrL2mYARaxu1a6I4a54,https://maps.google.com/?cid=11415279950743542635&g_mp=Cidnb29nbGUubWFwcy5wbGFjZXMudjEuUGxhY2VzLlNlYXJjaFRleHQQAhgEIAA
770,not_an_operator,gate3:vacation_rental_listing,Mountain Condo w / Fireplace in Kirkwood Ski Resort,,Lodging,lodging,OPERATIONAL,,0,true,alpine-ski,ski rental,core,standard,covered_tile,0,operator,,,,,ChIJV11RMKz2mYARp--zQd8P3P0,https://maps.google.com/?cid=18292513238026547111&g_mp=Cidnb29nbGUubWFwcy5wbGFjZXMudjEuUGxhY2VzLlNlYXJjaFRleHQQAhgEIAA
771,not_an_operator,gate3:vacation_rental_listing,Mountain Condo with Fireplace in Kirkwood Ski Resort - Apartment,,Lodging,lodging,OPERATIONAL,,0,true,alpine-ski,ski rental,core,standard,covered_tile,0,operator,,,,,ChIJ6QZQMKz2mYARpSY5e0WQlME,https://maps.google.com/?cid=13948932573967754917&g_mp=Cidnb29nbGUubWFwcy5wbGFjZXMudjEuUGxhY2VzLlNlYXJjaFRleHQQAhgEIAA
772,not_an_operator,gate3:vacation_rental_listing,Mountain Home! 5-minutes From Diamond Peak Ski Resort Birchwood by Avantstay,,Lodging,lodging,OPERATIONAL,,0,true,alpine-ski,ski rental,core,standard,covered_tile,0,operator,,,,,ChIJef2wcUZwmYARkF2vYmfwW3M,https://maps.google.com/?cid=8312501864070339984&g_mp=Cidnb29nbGUubWFwcy5wbGFjZXMudjEuUGxhY2VzLlNlYXJjaFRleHQQAhgEIAA
773,not_an_operator,gate3:vacation_rental_listing,Mountain Retreat - Sleeps 7 - Canoe - Fireplace,,Lodging,lodging,OPERATIONAL,,0,true,canoe,canoe rental,core,standard,covered_tile,0,operator,,,,,ChIJRweEkUvom4ARmhu9g2B0XBU,https://maps.google.com/?cid=1539233130529758106&g_mp=Cidnb29nbGUubWFwcy5wbGFjZXMudjEuUGxhY2VzLlNlYXJjaFRleHQQAhgEIAA
774,not_an_operator,gate3:vacation_rental_listing,Mountain Retreat | Canoe | Fireplace | Views,,Lodging,lodging,OPERATIONAL,,0,true,canoe,canoe rental,core,standard,covered_tile,0,operator,,,,,ChIJ914qkkvom4ARjjGwxWM_hLM,https://maps.google.com/?cid=12935533727465877902&g_mp=Cidnb29nbGUubWFwcy5wbGFjZXMudjEuUGxhY2VzLlNlYXJjaFRleHQQAhgEIAA
775,not_an_operator,gate3:vacation_rental_listing,Mountain Retreat Donner Ski Bowl - One Bedroom Apartment,,Lodging,lodging,OPERATIONAL,,0,true,alpine-ski,ski rental,core,standard,covered_tile,0,operator,,,,,ChIJ4RweBi7nm4ARSvzObRzcbmc,https://maps.google.com/?cid=7453136448004226122&g_mp=Cidnb29nbGUubWFwcy5wbGFjZXMudjEuUGxhY2VzLlNlYXJjaFRleHQQAhgEIAA
776,not_an_operator,gate3:vacation_rental_listing,Mountain Retreat: Cozy condo at Ski Way Ridge for your Lake Tahoe escape,,Lodging,lodging,OPERATIONAL,,0,true,alpine-ski,ski rental,core,standard,covered_tile,0,operator,,,,,ChIJ7c_YGEpwmYARVZiWHO5Zebc,https://maps.google.com/?cid=13220697060339521621&g_mp=Cidnb29nbGUubWFwcy5wbGFjZXMudjEuUGxhY2VzLlNlYXJjaFRleHQQAhgEIAA
777,not_an_operator,gate3:vacation_rental_listing,Mountain Retreat: Cozy condo at Ski Way Ridge for your Lake Tahoe escape,,Lodging,lodging,OPERATIONAL,,0,true,alpine-ski,ski rental,core,standard,covered_tile,0,operator,,,,,ChIJBykSGUpwmYAR2ujo6C_alHU,https://maps.google.com/?cid=8472636698296641754&g_mp=Cidnb29nbGUubWFwcy5wbGFjZXMudjEuUGxhY2VzLlNlYXJjaFRleHQQAhgEIAA
778,not_an_operator,gate3:vacation_rental_listing,Mountain Rustic Ski House Tahoe-Reno Mt Rose-Snow Resort 1.5 Miles,,Lodging,lodging,OPERATIONAL,,0,true,alpine-ski,ski rental,core,standard,covered_tile,0,operator,,,,,ChIJ639JJyJsmYAR0VHaAYTg82U,https://maps.google.com/?cid=7346462274742800849&g_mp=Cidnb29nbGUubWFwcy5wbGFjZXMudjEuUGxhY2VzLlNlYXJjaFRleHQQAhgEIAA
779,not_an_operator,gate3:vacation_rental_listing,Mountain Rustic Ski House Tahoe-Reno Mt Rose-Snow Resort 1.5 Miles,,Lodging,lodging,OPERATIONAL,,0,true,alpine-ski,ski rental,core,standard,covered_tile,0,operator,,,,,ChIJ639JJyJsmYARZVZeqSsREUE,https://maps.google.com/?cid=4688547566292194917&g_mp=Cidnb29nbGUubWFwcy5wbGFjZXMudjEuUGxhY2VzLlNlYXJjaFRleHQQAhgEIAA
780,not_an_operator,gate3:vacation_rental_listing,"Mountain Serenity | Ski, Golf, Casino and Lake within 5 mile",,Lodging,lodging,OPERATIONAL,,0,true,alpine-ski,ski rental,core,standard,covered_tile,0,operator,,,,,ChIJQ_csbbKQmYARb57Yb9-v830,https://maps.google.com/?cid=9075791048270716527&g_mp=Cidnb29nbGUubWFwcy5wbGFjZXMudjEuUGxhY2VzLlNlYXJjaFRleHQQAhgEIAA
781,not_an_operator,gate3:vacation_rental_listing,"Mountain Serenity, near Ski, Golf, Casino, Lake",,Lodging,lodging,OPERATIONAL,,0,true,alpine-ski,ski rental,core,standard,covered_tile,0,operator,,,,,ChIJaSCzErKQmYARX6gkoDI8uCg,https://maps.google.com/?cid=2934161345364666463&g_mp=Cidnb29nbGUubWFwcy5wbGFjZXMudjEuUGxhY2VzLlNlYXJjaFRleHQQAhgEIAA
782,not_an_operator,gate3:vacation_rental_listing,Mountain side ski up premium winter villa with all amenities,,Lodging,lodging,OPERATIONAL,,0,true,alpine-ski,ski rental,core,standard,covered_tile,0,operator,,,,,ChIJ2WgneZ6amYARVPVCzM_m_mc,https://maps.google.com/?cid=7493680610150643028&g_mp=Cidnb29nbGUubWFwcy5wbGFjZXMudjEuUGxhY2VzLlNlYXJjaFRleHQQAhgEIAA
783,not_an_operator,gate3:vacation_rental_listing,Mountain Trail Lodge at Ski Run,,Lodging,lodging,OPERATIONAL,,0,true,alpine-ski,ski rental,core,standard,covered_tile,0,operator,,,,,ChIJwZy4hRGQmYARh4tGw7iatF0,https://maps.google.com/?cid=6752191859676056455&g_mp=Cidnb29nbGUubWFwcy5wbGFjZXMudjEuUGxhY2VzLlNlYXJjaFRleHQQAhgEIAA
784,not_an_operator,gate3:vacation_rental_listing,Mountain-Chic 2BR Ski Chalet in Prime Incline Village walk to Diamond Peak Ski,,Lodging,lodging,OPERATIONAL,,0,true,alpine-ski,ski rental,core,standard,covered_tile,0,operator,,,,,ChIJi0CJ6s1xmYARMr45iKZI3FI,https://maps.google.com/?cid=5970727086073691698&g_mp=Cidnb29nbGUubWFwcy5wbGFjZXMudjEuUGxhY2VzLlNlYXJjaFRleHQQAhgEIAA
785,not_an_operator,gate3:vacation_rental_listing,Mountainside by Tahoe Getaways - Luxury Pet-Friendly Northstar Ski-in Ski-Out - Swimming Pool and Gym! - Three-Bedroom House,,Lodging,lodging,OPERATIONAL,,0,true,alpine-ski,ski rental,core,standard,covered_tile,0,operator,,,,,ChIJC2A5_DhimYAR9yGPKJzWxTY,https://maps.google.com/?cid=3946796614643818999&g_mp=Cidnb29nbGUubWFwcy5wbGFjZXMudjEuUGxhY2VzLlNlYXJjaFRleHQQAhgEIAA
786,not_an_operator,gate3:vacation_rental_listing,Mtn & Lake Views: Incline Village Ski Chalet,,Lodging,lodging,OPERATIONAL,,0,true,alpine-ski,ski rental,core,standard,covered_tile,0,operator,,,,,ChIJJ-YoZzBwmYAR7tvP6MNHb9E,https://maps.google.com/?cid=15091359783091952622&g_mp=Cidnb29nbGUubWFwcy5wbGFjZXMudjEuUGxhY2VzLlNlYXJjaFRleHQQAhgEIAA
787,not_an_operator,gate3:vacation_rental_listing,"Mtn Hideaway (Rm) @ Granlibakken, near Lake & Ski",,Lodging,lodging,OPERATIONAL,,0,true,alpine-ski,ski rental,core,standard,covered_tile,0,operator,,,,,ChIJhQXwGYZ9mYARwPU8IbVmcic,https://maps.google.com/?cid=2842447242956961216&g_mp=Cidnb29nbGUubWFwcy5wbGFjZXMudjEuUGxhY2VzLlNlYXJjaFRleHQQAhgEIAA
788,not_an_operator,gate3:vacation_rental_listing,"Mtn Retreat(Studio) @Granlibakken, near Lake & ski",,Lodging,lodging,OPERATIONAL,,0,true,alpine-ski,ski rental,core,standard,covered_tile,0,operator,,,,,ChIJhQXwGYZ9mYARkrQFqThsZG0,https://maps.google.com/?cid=7882544238414902418&g_mp=Cidnb29nbGUubWFwcy5wbGFjZXMudjEuUGxhY2VzLlNlYXJjaFRleHQQAhgEIAA
789,not_an_operator,gate3:vacation_rental_listing,Mtn-view Haven w/ Hot Tub! 28 Mi to Mt Rose Ski,,Lodging,lodging,OPERATIONAL,,0,true,alpine-ski,ski rental,core,standard,covered_tile,0,operator,,,,,ChIJt902cd87mYARzPoKSU8bOyQ,https://maps.google.com/?cid=2610710436333157068&g_mp=Cidnb29nbGUubWFwcy5wbGFjZXMudjEuUGxhY2VzLlNlYXJjaFRleHQQAhgEIAA
790,not_an_operator,gate3:vacation_rental_listing,Mtn-View Haven w/ Hot Tub! 28 Mi to Mt Rose Ski,,Lodging,lodging,OPERATIONAL,,0,true,alpine-ski,ski rental,core,standard,covered_tile,0,operator,,,,,ChIJAXgqM2I5mYARI12XlbWIPkU,https://maps.google.com/?cid=4989575750653271331&g_mp=Cidnb29nbGUubWFwcy5wbGFjZXMudjEuUGxhY2VzLlNlYXJjaFRleHQQAhgEIAA
791,not_an_operator,gate3:vacation_rental_listing,Mtn-View Haven w/ Hot Tub! 28 Mi to Mt Rose Ski,,Lodging,lodging,OPERATIONAL,,0,true,alpine-ski,ski rental,core,standard,covered_tile,0,operator,,,,,ChIJAXgqM2I5mYARtORmtaZ3U0w,https://maps.google.com/?cid=5499871127841203380&g_mp=Cidnb29nbGUubWFwcy5wbGFjZXMudjEuUGxhY2VzLlNlYXJjaFRleHQQAhgEIAA
792,not_an_operator,gate3:vacation_rental_listing,My Oasis at Ski Bowl Condos - Two Bedroom Apartment,,Lodging,lodging,OPERATIONAL,,0,true,alpine-ski,ski rental,core,standard,covered_tile,0,operator,,,,,ChIJL5Rfry_nm4ARoK6r3OyjDEI,https://maps.google.com/?cid=4759359143933619872&g_mp=Cidnb29nbGUubWFwcy5wbGFjZXMudjEuUGxhY2VzLlNlYXJjaFRleHQQAhgEIAA
793,not_an_operator,gate3:vacation_rental_listing,Near Donner Lake & Skiing: Soda Springs Cabin!,,Lodging,lodging,OPERATIONAL,,0,true,alpine-ski,ski rental,core,standard,covered_tile,0,operator,,,,,ChIJZ3DBe__om4AROSR6jg829XE,https://maps.google.com/?cid=8211528936022746169&g_mp=Cidnb29nbGUubWFwcy5wbGFjZXMudjEuUGxhY2VzLlNlYXJjaFRleHQQAhgEIAA
794,not_an_operator,gate3:vacation_rental_listing,Near Donner Lake & Skiing: Soda Springs Cabin!,,Lodging,lodging,OPERATIONAL,,0,true,alpine-ski,ski rental,core,standard,covered_tile,0,operator,,,,,ChIJZ3DBe__om4ARppzsDPn4SZI,https://maps.google.com/?cid=10541230151384734886&g_mp=Cidnb29nbGUubWFwcy5wbGFjZXMudjEuUGxhY2VzLlNlYXJjaFRleHQQAhgEIAA
795,not_an_operator,gate3:vacation_rental_listing,Near Ski Resorts & Trails: Truckee Home w/ Hot Tub,,Lodging,lodging,OPERATIONAL,,0,true,alpine-ski,ski rental,core,standard,covered_tile,0,operator,,,,,ChIJH9DeQb3gm4ARJ--LCCSgXLw,https://maps.google.com/?cid=13572899453610487591&g_mp=Cidnb29nbGUubWFwcy5wbGFjZXMudjEuUGxhY2VzLlNlYXJjaFRleHQQAhgEIAA
796,not_an_operator,gate3:vacation_rental_listing,Near Ski Resorts & Trails: Truckee Home w/ Hot Tub,,Lodging,lodging,OPERATIONAL,,0,true,alpine-ski,ski rental,core,standard,covered_tile,0,operator,,,,,ChIJ_5gDepfgm4ARMtkIHNButHs,https://maps.google.com/?cid=8913871402575649074&g_mp=Cidnb29nbGUubWFwcy5wbGFjZXMudjEuUGxhY2VzLlNlYXJjaFRleHQQAhgEIAA
797,not_an_operator,gate3:vacation_rental_listing,Near Ski Resorts and Trails Truckee Home with Hot Tub - Vacation Home,,Lodging,lodging,OPERATIONAL,,0,true,alpine-ski,ski rental,core,standard,covered_tile,0,operator,,,,,ChIJiXIDepfgm4AR3qrQLXcPeHo,https://maps.google.com/?cid=8824820474376661726&g_mp=Cidnb29nbGUubWFwcy5wbGFjZXMudjEuUGxhY2VzLlNlYXJjaFRleHQQAhgEIAA
798,not_an_operator,gate3:vacation_rental_listing,Near Ski Resorts Trails: Truckee Home w/ Hot Tub - House (3 Bedrooms),,Lodging,lodging,OPERATIONAL,,0,true,alpine-ski,ski rental,core,standard,covered_tile,0,operator,,,,,ChIJGZgEepfgm4ARwEqnpd6Yda8,https://maps.google.com/?cid=12643179610941901504&g_mp=Cidnb29nbGUubWFwcy5wbGFjZXMudjEuUGxhY2VzLlNlYXJjaFRleHQQAhgEIAA
799,not_an_operator,gate3:vacation_rental_listing,"Near Ski Resorts, Downtown Truckee, & Donner Lake Basque Lodge by Avantstay",,Lodging,lodging,OPERATIONAL,,0,true,alpine-ski,ski rental,core,standard,covered_tile,0,operator,,,,,ChIJNVT48dNjmYARvsJ027FPEC0,https://maps.google.com/?cid=3247182956643795646&g_mp=Cidnb29nbGUubWFwcy5wbGFjZXMudjEuUGxhY2VzLlNlYXJjaFRleHQQAhgEIAA
800,not_an_operator,gate3:vacation_rental_listing,"Near Ski, Beach, & Hiking Trails + Clubhouse Pool & Hot Tub Access | Juanita Blue by AvantStay",,Lodging,lodging,OPERATIONAL,,0,true,alpine-ski,ski rental,core,standard,covered_tile,0,operator,,,,,ChIJ67LljhVwmYARmoRNY_D33Qc,https://maps.google.com/?cid=566881739948786842&g_mp=Cidnb29nbGUubWFwcy5wbGFjZXMudjEuUGxhY2VzLlNlYXJjaFRleHQQAhgEIAA
801,not_an_operator,gate3:vacation_rental_listing,"Near Ski, Beach, & Hiking Trails + Clubhouse Pool & Hot Tub Access Juanita Blue by Avantstay",,Lodging,lodging,OPERATIONAL,,0,true,alpine-ski,ski rental,core,standard,covered_tile,0,operator,,,,,ChIJXWykahRwmYARJF14loMcsk8,https://maps.google.com/?cid=5742683826341567780&g_mp=Cidnb29nbGUubWFwcy5wbGFjZXMudjEuUGxhY2VzLlNlYXJjaFRleHQQAhgEIAA
802,not_an_operator,gate3:vacation_rental_listing,"Near Ski, Beach, & Hiking Trails + Clubhouse Pool & Hot Tub Access Juanita Blue by Avantstay",,Lodging,lodging,OPERATIONAL,,0,true,alpine-ski,ski rental,core,standard,covered_tile,0,operator,,,,,ChIJ67LljhVwmYARj5xqf-70LL8,https://maps.google.com/?cid=13775654665396591759&g_mp=Cidnb29nbGUubWFwcy5wbGFjZXMudjEuUGxhY2VzLlNlYXJjaFRleHQQAhgEIAA
803,not_an_operator,gate3:vacation_rental_listing,Near Skiing & Hiking: Carnelian Bay Cabin,,Lodging,lodging,OPERATIONAL,,0,true,alpine-ski,ski rental,core,standard,covered_tile,0,operator,,,,,ChIJh97DtVZjmYARnVTo__IeIc8,https://maps.google.com/?cid=14925244669106869405&g_mp=Cidnb29nbGUubWFwcy5wbGFjZXMudjEuUGxhY2VzLlNlYXJjaFRleHQQAhgEIAA
804,not_an_operator,gate3:vacation_rental_listing,Near Skiing & Hiking: Carnelian Bay Cabin,,Lodging,lodging,OPERATIONAL,,0,true,alpine-ski,ski rental,core,standard,covered_tile,0,operator,,,,,ChIJh97DtVZjmYAR09TN7ARFZug,https://maps.google.com/?cid=16746148151878866131&g_mp=Cidnb29nbGUubWFwcy5wbGFjZXMudjEuUGxhY2VzLlNlYXJjaFRleHQQAhgEIAA
805,not_an_operator,gate3:vacation_rental_listing,Near Skiing and Hiking Carnelian Bay Cabin - Vacation Home,,Lodging,lodging,OPERATIONAL,,0,true,alpine-ski,ski rental,core,standard,covered_tile,0,operator,,,,,ChIJh97DtVZjmYARjdpHAO-qMZ4,https://maps.google.com/?cid=11399080075330050701&g_mp=Cidnb29nbGUubWFwcy5wbGFjZXMudjEuUGxhY2VzLlNlYXJjaFRleHQQAhgEIAA
806,not_an_operator,gate3:vacation_rental_listing,Near Skiing Hiking: Carnelian Bay Cabin - House (3 Bedrooms),,Lodging,lodging,OPERATIONAL,,0,true,alpine-ski,ski rental,core,standard,covered_tile,0,operator,,,,,ChIJh97DtVZjmYARkWJNNbEGSSM,https://maps.google.com/?cid=2542570822800597649&g_mp=Cidnb29nbGUubWFwcy5wbGFjZXMudjEuUGxhY2VzLlNlYXJjaFRleHQQAhgEIAA
807,not_an_operator,gate3:vacation_rental_listing,NEW Alpenglow House - 5 min Ski Shuttle + Hot Tub,,Lodging,lodging,OPERATIONAL,,0,true,alpine-ski,ski rental,core,standard,covered_tile,0,operator,,,,,ChIJJeZbnDXYm4ARO2xXVfgLnMw,https://maps.google.com/?cid=14743672441315748923&g_mp=Cidnb29nbGUubWFwcy5wbGFjZXMudjEuUGxhY2VzLlNlYXJjaFRleHQQAhgEIAA
808,not_an_operator,gate3:vacation_rental_listing,New Custom Ski-In /Ski-Out Big Springs at Northstar Luxury Residence!,,Lodging,lodging,OPERATIONAL,,0,true,alpine-ski,ski rental,core,standard,covered_tile,0,operator,,,,,ChIJmY99QztimYARUQXI4CIFw8U,https://maps.google.com/?cid=14250239293288613201&g_mp=Cidnb29nbGUubWFwcy5wbGFjZXMudjEuUGxhY2VzLlNlYXJjaFRleHQQAhgEIAA
809,not_an_operator,gate3:vacation_rental_listing,New Listing! Ski-In /Ski-Out Northstar Constellation,,Lodging,lodging,OPERATIONAL,,0,true,alpine-ski,ski rental,core,standard,covered_tile,0,operator,,,,,ChIJ-f2srzhimYARHTgeM84o_DQ,https://maps.google.com/?cid=3817971450189330461&g_mp=Cidnb29nbGUubWFwcy5wbGFjZXMudjEuUGxhY2VzLlNlYXJjaFRleHQQAhgEIAA
810,not_an_operator,gate3:vacation_rental_listing,New Listing! Slopeside Sanctuary at Home Run Trail Ski-In /Ski-Out,,Lodging,lodging,OPERATIONAL,,0,true,alpine-ski,ski rental,core,standard,covered_tile,0,operator,,,,,ChIJGZVj4ThimYARu_VSoLR6KsE,https://maps.google.com/?cid=13919072514544432571&g_mp=Cidnb29nbGUubWFwcy5wbGFjZXMudjEuUGxhY2VzLlNlYXJjaFRleHQQAhgEIAA
811,not_an_operator,gate3:vacation_rental_listing,"New Remodel Lakeside Luxe; Private Beach, Ice Skate, Sled, WinterFun@LakeTahoe!",,Lodging,lodging,OPERATIONAL,,0,true,ice-skate,ice skate rental,core,standard,covered_tile,0,operator,,,,,ChIJqbuMYctkmYAR2kvcVBXmE_g,https://maps.google.com/?cid=17875884325256055770&g_mp=Cidnb29nbGUubWFwcy5wbGFjZXMudjEuUGxhY2VzLlNlYXJjaFRleHQQAhgEIAA
812,not_an_operator,gate3:vacation_rental_listing,NEW Ski Bum in Palisades Tahoe w /free mt shuttle Share Save,,Lodging,lodging,OPERATIONAL,,0,true,alpine-ski,ski rental,core,standard,covered_tile,0,operator,,,,,ChIJ2aDu4UrYm4ARC5k3uyivQ9A,https://maps.google.com/?cid=15007030972803160331&g_mp=Cidnb29nbGUubWFwcy5wbGFjZXMudjEuUGxhY2VzLlNlYXJjaFRleHQQAhgEIAA
813,not_an_operator,gate3:vacation_rental_listing,New Years at Luxury Northstar Lodge! 15% off week rental/500 ft from ski gondola,,Lodging,lodging,OPERATIONAL,,0,true,alpine-ski,ski rental,core,standard,covered_tile,0,operator,,,,,ChIJX_2E9TBimYARNqyKaw8GN30,https://maps.google.com/?cid=9022687041758604342&g_mp=Cidnb29nbGUubWFwcy5wbGFjZXMudjEuUGxhY2VzLlNlYXJjaFRleHQQAhgEIAA
814,not_an_operator,gate3:vacation_rental_listing,"Newer Built ski to ski lift , Extra Master Bedroom ,Sleeps 10",,Lodging,lodging,OPERATIONAL,,0,true,alpine-ski,ski rental; ski shop,core,standard,covered_tile,0,operator,,,,,ChIJdUdnGdh_mYARX-8GTEV8jBQ,https://maps.google.com/?cid=1480695014568161119&g_mp=Cidnb29nbGUubWFwcy5wbGFjZXMudjEuUGxhY2VzLlNlYXJjaFRleHQQAhgEIAA
815,not_an_operator,gate3:vacation_rental_listing,"Newer Built ski to ski lift , Extra Master Bedroom ,Sleeps 10",,Lodging,lodging,OPERATIONAL,,0,true,alpine-ski,ski shop,core,standard,covered_tile,0,operator,,,,,ChIJdUdnGdh_mYARbsXWRqxLXao,https://maps.google.com/?cid=12276051362576778606&g_mp=Cidnb29nbGUubWFwcy5wbGFjZXMudjEuUGxhY2VzLlNlYXJjaFRleHQQAhgEIAA
816,not_an_operator,gate3:vacation_rental_listing,Newly Remodeled Ski in Ski Out Cabinette,,Lodging,lodging,OPERATIONAL,,0,true,alpine-ski,ski rental,core,standard,covered_tile,0,operator,,,,,ChIJuZIz_y_nm4ARgefVGS-LR0c,https://maps.google.com/?cid=5136226934452512641&g_mp=Cidnb29nbGUubWFwcy5wbGFjZXMudjEuUGxhY2VzLlNlYXJjaFRleHQQAhgEIAA
817,not_an_operator,gate3:vacation_rental_listing,Newly Remodeled Ski in Ski Out Cabinette,,Lodging,lodging,OPERATIONAL,,0,true,alpine-ski,ski rental,core,standard,covered_tile,0,operator,,,,,ChIJ8Qox_y_nm4AR_thSdF1kHtE,https://maps.google.com/?cid=15068591755774580990&g_mp=Cidnb29nbGUubWFwcy5wbGFjZXMudjEuUGxhY2VzLlNlYXJjaFRleHQQAhgEIAA
818,not_an_operator,gate3:vacation_rental_listing,"NICELY REMODELED TRANQUIL MOUNTAIN VIEW CONDO, SKI TO LIFTS.",,Lodging,lodging,OPERATIONAL,,0,true,alpine-ski,ski rental,core,standard,covered_tile,0,operator,,,,,ChIJuxyrBLGQmYAR0gWpIF6xjWc,https://maps.google.com/?cid=7461815175455770066&g_mp=Cidnb29nbGUubWFwcy5wbGFjZXMudjEuUGxhY2VzLlNlYXJjaFRleHQQAhgEIAA
819,not_an_operator,gate3:vacation_rental_listing,North Lake Charmer-Minutes to Northstar Ski Resort,,Lodging,lodging,OPERATIONAL,,0,true,alpine-ski,ski rental,core,standard,covered_tile,0,operator,,,,,ChIJi4qLSd1kmYARK9u7jeF13rA,https://maps.google.com/?cid=12744753607111072555&g_mp=Cidnb29nbGUubWFwcy5wbGFjZXMudjEuUGxhY2VzLlNlYXJjaFRleHQQAhgEIAA
820,not_an_operator,gate3:vacation_rental_listing,North Lake Tahoe Alpine Retreat 5 Min to Skiing,,Lodging,lodging,OPERATIONAL,,0,true,alpine-ski,ski rental,core,standard,covered_tile,0,operator,,,,,ChIJOYfTjYbXm4ARshnUWRWHHsQ,https://maps.google.com/?cid=14131881206506330546&g_mp=Cidnb29nbGUubWFwcy5wbGFjZXMudjEuUGxhY2VzLlNlYXJjaFRleHQQAhgEIAA
821,not_an_operator,gate3:vacation_rental_listing,North Lake Tahoe House: Ski Beach,,Lodging,lodging,OPERATIONAL,,0,true,alpine-ski,ski rental,core,standard,covered_tile,0,operator,,,,,ChIJbVJRMtVkmYARnLQ0wppd6e8,https://maps.google.com/?cid=17287451563902940316&g_mp=Cidnb29nbGUubWFwcy5wbGFjZXMudjEuUGxhY2VzLlNlYXJjaFRleHQQAhgEIAA
822,not_an_operator,gate3:vacation_rental_listing,"North Lake Tahoe Kings Beach Townhome, 5-min walk to lake, close to ski resorts",,Lodging,lodging,OPERATIONAL,,0,true,alpine-ski,ski rental,core,standard,covered_tile,0,operator,,,,,ChIJGSGCG9R6mYARGes8KWBMyrs,https://maps.google.com/?cid=13531712006280506137&g_mp=Cidnb29nbGUubWFwcy5wbGFjZXMudjEuUGxhY2VzLlNlYXJjaFRleHQQAhgEIAA
823,not_an_operator,gate3:vacation_rental_listing,"NORTH LAKE TAHOE VACATION RENTAL WITH SKI AND MOUNTAIN VIEWS, HIKE & BIKE TRAILS",,Lodging,lodging,OPERATIONAL,,0,true,alpine-ski; cycling; mtb,bike rental; mountain bike rental; ski rental,core,standard,covered_tile,0,operator,,,,,ChIJX5zuX8xxmYAROZT10PlTecY,https://maps.google.com/?cid=14301554424109438009&g_mp=Cidnb29nbGUubWFwcy5wbGFjZXMudjEuUGxhY2VzLlNlYXJjaFRleHQQAhgEIAA
824,not_an_operator,gate3:vacation_rental_listing,North Shore Lake Tahoe - Near Ski Resort and Beach,,Lodging,lodging,OPERATIONAL,,0,true,alpine-ski,ski rental,core,standard,covered_tile,0,operator,,,,,ChIJM6HA9r9kmYARUqTOCFiRGho,https://maps.google.com/?cid=1880975601671513170&g_mp=Cidnb29nbGUubWFwcy5wbGFjZXMudjEuUGxhY2VzLlNlYXJjaFRleHQQAhgEIAA
825,not_an_operator,gate3:vacation_rental_listing,"Northlake Escape and Outlook– Bike, Drive or Walk to Lake, Trails, Downtown Fun!",,Lodging,lodging,OPERATIONAL,,0,true,cycling,bike rental,core,standard,covered_tile,0,operator,,,,,ChIJcfD-oh59mYARt-3tLjhnhOA,https://maps.google.com/?cid=16178169252424838583&g_mp=Cidnb29nbGUubWFwcy5wbGFjZXMudjEuUGxhY2VzLlNlYXJjaFRleHQQAhgEIAA
826,not_an_operator,gate3:vacation_rental_listing,Northstar 2BR Walk to Village Bike Hike Rec Center - Apartment,,Lodging,lodging,OPERATIONAL,,0,true,cycling,bike rental,core,standard,covered_tile,0,operator,,,,,ChIJcxtfCDJimYARVXqmN_xyt58,https://maps.google.com/?cid=11508793800359574101&g_mp=Cidnb29nbGUubWFwcy5wbGFjZXMudjEuUGxhY2VzLlNlYXJjaFRleHQQAhgEIAA
827,not_an_operator,gate3:vacation_rental_listing,"NorthStar Espresso_Lift Views, Walk To Village, Ski In /Out +PinBall Arcade RecPass(Gym /Pool /Sauna)",,Lodging,lodging,OPERATIONAL,,0,true,alpine-ski,ski rental,core,standard,covered_tile,0,operator,,,,,ChIJY3Eq5jNimYARjAf6g_Lf9JA,https://maps.google.com/?cid=10445219668468303756&g_mp=Cidnb29nbGUubWFwcy5wbGFjZXMudjEuUGxhY2VzLlNlYXJjaFRleHQQAhgEIAA
828,not_an_operator,gate3:vacation_rental_listing,"NorthStar Espresso_Lift Views, Walk To Village, Ski In/Out +PinBall Arcade & RecPass(Gym/Pool/Sauna)",,Lodging,lodging,OPERATIONAL,,0,true,alpine-ski,ski rental,core,standard,covered_tile,0,operator,,,,,ChIJc-T1wzZimYARMsU6h7stnx8,https://maps.google.com/?cid=2278590219923670322&g_mp=Cidnb29nbGUubWFwcy5wbGFjZXMudjEuUGxhY2VzLlNlYXJjaFRleHQQAhgEIAA
829,not_an_operator,gate3:vacation_rental_listing,Northstar Lodge 2 BD/2Bath Sleeps 6 Condo: Ski-in/Ski-out,,Lodging,lodging,OPERATIONAL,,0,true,alpine-ski,ski rental,core,standard,covered_tile,0,operator,,,,,ChIJX_2E9TBimYARwB7V1UdKsM4,https://maps.google.com/?cid=14893485640104877760&g_mp=Cidnb29nbGUubWFwcy5wbGFjZXMudjEuUGxhY2VzLlNlYXJjaFRleHQQAhgEIAA
830,not_an_operator,gate3:vacation_rental_listing,NorthStar Lodge at Lake Tahoe in walking distance to ski lifts!,,Lodging,lodging,OPERATIONAL,,0,true,alpine-ski,ski rental,core,standard,covered_tile,0,operator,,,,,ChIJ83gV9TBimYARc9n7qxLWuno,https://maps.google.com/?cid=8843616193978554739&g_mp=Cidnb29nbGUubWFwcy5wbGFjZXMudjEuUGxhY2VzLlNlYXJjaFRleHQQAhgEIAA
831,not_an_operator,gate3:vacation_rental_listing,"Northstar lodge Resort, Ski-In/Out, Truckee, Pool",,Lodging,lodging,OPERATIONAL,,0,true,alpine-ski,ski rental,core,standard,covered_tile,0,operator,,,,,ChIJe1EV9TBimYAR-uqExU0Qugw,https://maps.google.com/?cid=917063400335665914&g_mp=Cidnb29nbGUubWFwcy5wbGFjZXMudjEuUGxhY2VzLlNlYXJjaFRleHQQAhgEIAA
832,not_an_operator,gate3:vacation_rental_listing,Northstar Ski In /Ski Out condo! Walking distance to the Village,,Lodging,lodging,OPERATIONAL,,0,true,alpine-ski,ski rental,core,standard,covered_tile,0,operator,,,,,ChIJj1SAEDpimYARYMJ-9Vee8Lo,https://maps.google.com/?cid=13470440586083222112&g_mp=Cidnb29nbGUubWFwcy5wbGFjZXMudjEuUGxhY2VzLlNlYXJjaFRleHQQAhgEIAA
833,not_an_operator,gate3:vacation_rental_listing,Northstar Ski in /Ski out Remodeled Condo - Dog Friendly,,Lodging,lodging,OPERATIONAL,,0,true,alpine-ski,ski rental,core,standard,covered_tile,0,operator,,,,,ChIJu17q_DZimYARcsM9uu9EkEY,https://maps.google.com/?cid=5084639775713772402&g_mp=Cidnb29nbGUubWFwcy5wbGFjZXMudjEuUGxhY2VzLlNlYXJjaFRleHQQAhgEIAA
834,not_an_operator,gate3:vacation_rental_listing,Northstar Ski in Ski out 2BR Condo - Apartment,,Lodging,lodging,OPERATIONAL,,0,true,alpine-ski,ski rental,core,standard,covered_tile,0,operator,,,,,ChIJ90uB4TZimYARWomjWNuFRGs,https://maps.google.com/?cid=7729450037606058330&g_mp=Cidnb29nbGUubWFwcy5wbGFjZXMudjEuUGxhY2VzLlNlYXJjaFRleHQQAhgEIAA
835,not_an_operator,gate3:vacation_rental_listing,Northstar Ski In/Ski Out condo! Walking distance to the Village,,Lodging,lodging,OPERATIONAL,,0,true,alpine-ski,ski rental,core,standard,covered_tile,0,operator,,,,,ChIJnUyBEDpimYARQ_2WOx5LbZA,https://maps.google.com/?cid=10407056907143937347&g_mp=Cidnb29nbGUubWFwcy5wbGFjZXMudjEuUGxhY2VzLlNlYXJjaFRleHQQAhgEIAA
836,not_an_operator,gate3:vacation_rental_listing,Northstar Ski Resort Vacay,,Lodging,lodging,OPERATIONAL,,0,true,alpine-ski,ski rental,core,standard,covered_tile,0,operator,,,,,ChIJOVbxYzJimYAR-pegQcGx5Us,https://maps.google.com/?cid=5468972766099183610&g_mp=Cidnb29nbGUubWFwcy5wbGFjZXMudjEuUGxhY2VzLlNlYXJjaFRleHQQAhgEIAA
837,not_an_operator,gate3:vacation_rental_listing,"Northstar Ski Resort. 2 Bedroom Condominium with Den, 1600 Sq ft, Sleeps 8.",,Lodging,lodging,OPERATIONAL,,0,true,alpine-ski,ski rental,core,standard,covered_tile,0,operator,,,,,ChIJl9wdSiVimYAR5Ng4Dsrhdoo,https://maps.google.com/?cid=9977410282424162532&g_mp=Cidnb29nbGUubWFwcy5wbGFjZXMudjEuUGxhY2VzLlNlYXJjaFRleHQQAhgEIAA
838,not_an_operator,gate3:vacation_rental_listing,"Northstar Ski Resort. 2 Bedroom Condominium with Den, 1600 Sq ft, Sleeps 8.",,Lodging,lodging,OPERATIONAL,,0,true,alpine-ski,ski rental,core,standard,covered_tile,0,operator,,,,,ChIJl9wdSiVimYARUTS2VxccUyg,https://maps.google.com/?cid=2905697071165486161&g_mp=Cidnb29nbGUubWFwcy5wbGFjZXMudjEuUGxhY2VzLlNlYXJjaFRleHQQAhgEIAA
839,not_an_operator,gate3:vacation_rental_listing,Northstar Ski Retreat,,Lodging,lodging,OPERATIONAL,,0,true,alpine-ski,ski rental,core,standard,covered_tile,0,operator,,,,,ChIJKxziNy5imYAR5vIcLB2_jGI,https://maps.google.com/?cid=7101260844471481062&g_mp=Cidnb29nbGUubWFwcy5wbGFjZXMudjEuUGxhY2VzLlNlYXJjaFRleHQQAhgEIAA
840,not_an_operator,gate3:vacation_rental_listing,Northstar Ski Trail Condo Ski In/Ski Out NEWLY REMODELED DEC 2016,,Lodging,lodging,OPERATIONAL,,0,true,alpine-ski,ski rental,core,standard,covered_tile,0,operator,,,,,ChIJj1dE4zZimYARXpkHPw-S7N4,https://maps.google.com/?cid=16063374565103343966&g_mp=Cidnb29nbGUubWFwcy5wbGFjZXMudjEuUGxhY2VzLlNlYXJjaFRleHQQAhgEIAA
841,not_an_operator,gate3:vacation_rental_listing,Northstar Ski Trails - Two Bedroom Apartment,,Lodging,lodging,OPERATIONAL,,0,true,alpine-ski,ski rental,core,standard,covered_tile,0,operator,,,,,ChIJMzJPUDZimYARO7zhU8nZK8s,https://maps.google.com/?cid=14640034472416885819&g_mp=Cidnb29nbGUubWFwcy5wbGFjZXMudjEuUGxhY2VzLlNlYXJjaFRleHQQAhgEIAA
842,not_an_operator,gate3:vacation_rental_listing,Northstar Ski Trails Condo Walk to Village 3 Year-Round Hot Tubs in Rec. Center - One-Bedroom Apartment,,Lodging,lodging,OPERATIONAL,,0,true,alpine-ski,ski rental,core,standard,covered_tile,0,operator,,,,,ChIJB_ak_DZimYARTVHAkW4sjlo,https://maps.google.com/?cid=6525201763509752141&g_mp=Cidnb29nbGUubWFwcy5wbGFjZXMudjEuUGxhY2VzLlNlYXJjaFRleHQQAhgEIAA
843,not_an_operator,gate3:vacation_rental_listing,"Northstar Ski Trails, Ski In /Ski Out - Walk to Village /Rec Center - Sleeps 4",,Lodging,lodging,OPERATIONAL,,0,true,alpine-ski,ski rental,core,standard,covered_tile,0,operator,,,,,ChIJKzWsRzZimYARVEHm7Bj5gks,https://maps.google.com/?cid=5441185185266024788&g_mp=Cidnb29nbGUubWFwcy5wbGFjZXMudjEuUGxhY2VzLlNlYXJjaFRleHQQAhgEIAA
844,not_an_operator,gate3:vacation_rental_listing,"Northstar Ski Trails, Ski In/Ski Out - Walk to Village/Rec Center - Sleeps 4",,Lodging,lodging,OPERATIONAL,,0,true,alpine-ski,ski rental,core,standard,covered_tile,0,operator,,,,,ChIJKzWsRzZimYARvMazX6Te2wA,https://maps.google.com/?cid=61887817461253820&g_mp=Cidnb29nbGUubWFwcy5wbGFjZXMudjEuUGxhY2VzLlNlYXJjaFRleHQQAhgEIAA
845,not_an_operator,gate3:vacation_rental_listing,"Northstar Ski Trails, Ski In/Ski Out - Walk to Village/Rec Center - Sleeps 4",,Lodging,lodging,OPERATIONAL,,0,true,alpine-ski,ski rental,core,standard,covered_tile,0,operator,,,,,ChIJKzWsRzZimYAREM20ozEemjc,https://maps.google.com/?cid=4006548017048243472&g_mp=Cidnb29nbGUubWFwcy5wbGFjZXMudjEuUGxhY2VzLlNlYXJjaFRleHQQAhgEIAA
846,not_an_operator,gate3:vacation_rental_listing,NorthStar ski village Condo. Tahoe,,Lodging,lodging,OPERATIONAL,,0,true,alpine-ski,ski rental,core,standard,covered_tile,0,operator,,,,,ChIJj5X95jBimYARsyS5hymSboo,https://maps.google.com/?cid=9975070931740599475&g_mp=Cidnb29nbGUubWFwcy5wbGFjZXMudjEuUGxhY2VzLlNlYXJjaFRleHQQAhgEIAA
847,not_an_operator,gate3:vacation_rental_listing,Northstar Ski-In /Ski-Out Renovated 2BR Hidden Gem at Truckee Lake Tahoe,,Lodging,lodging,OPERATIONAL,,0,true,alpine-ski,ski rental,core,standard,covered_tile,0,operator,,,,,ChIJU22wOjdimYARC4uvqhy15S0,https://maps.google.com/?cid=3307248636100840203&g_mp=Cidnb29nbGUubWFwcy5wbGFjZXMudjEuUGxhY2VzLlNlYXJjaFRleHQQAhgEIAA
848,not_an_operator,gate3:vacation_rental_listing,Northstar Ski-In /Ski-Out with Valley Views,,Lodging,lodging,OPERATIONAL,,0,true,alpine-ski,ski rental,core,standard,covered_tile,0,operator,,,,,ChIJzw0bUCNimYARqUAWmZTFYzY,https://maps.google.com/?cid=3919193342756667561&g_mp=Cidnb29nbGUubWFwcy5wbGFjZXMudjEuUGxhY2VzLlNlYXJjaFRleHQQAhgEIAA
849,not_an_operator,gate3:vacation_rental_listing,Northstar Ski-in out. 2 Bdr 2 bath office-game room. NO PARTYING risk deposit,,Lodging,lodging,OPERATIONAL,,0,true,alpine-ski,ski rental,core,standard,covered_tile,0,operator,,,,,ChIJE1R72jZimYARWyTMfi_Cra0,https://maps.google.com/?cid=12514872448779035739&g_mp=Cidnb29nbGUubWFwcy5wbGFjZXMudjEuUGxhY2VzLlNlYXJjaFRleHQQAhgEIAA
850,not_an_operator,gate3:vacation_rental_listing,Northstar Ski-in out. 2 Bdr 2 bath with office-game room.,,Lodging,lodging,OPERATIONAL,,0,true,alpine-ski,ski rental,core,standard,covered_tile,0,operator,,,,,ChIJpWB72jZimYARxFiUdZha5mo,https://maps.google.com/?cid=7702943823517997252&g_mp=Cidnb29nbGUubWFwcy5wbGFjZXMudjEuUGxhY2VzLlNlYXJjaFRleHQQAhgEIAA
851,not_an_operator,gate3:vacation_rental_listing,Northstar Ski-In Ski-Out Luxury Townhome with Hot Tub - Three-Bedroom Vacation Home,,Lodging,lodging,OPERATIONAL,,0,true,alpine-ski,ski rental,core,standard,covered_tile,0,operator,,,,,ChIJoaLWFjlimYARuN5-1sCmfCI,https://maps.google.com/?cid=2485044441564241592&g_mp=Cidnb29nbGUubWFwcy5wbGFjZXMudjEuUGxhY2VzLlNlYXJjaFRleHQQAhgEIAA
852,not_an_operator,gate3:vacation_rental_listing,Northstar Ski-in/out Condo w/ Resort Amenities!,,Lodging,lodging,OPERATIONAL,,0,true,alpine-ski,ski rental,core,standard,covered_tile,0,operator,,,,,ChIJB2AgUSVimYARLNKH4-RRPSk,https://maps.google.com/?cid=2971621372646117932&g_mp=Cidnb29nbGUubWFwcy5wbGFjZXMudjEuUGxhY2VzLlNlYXJjaFRleHQQAhgEIAA
853,not_an_operator,gate3:vacation_rental_listing,Northstar Ski-In/Out Condo w/ Resort Amenities!,,Lodging,lodging,OPERATIONAL,,0,true,alpine-ski,ski rental,core,standard,covered_tile,0,operator,,,,,ChIJk9jaEDFimYARTbxnfDSDpJ4,https://maps.google.com/?cid=11431406015621872717&g_mp=Cidnb29nbGUubWFwcy5wbGFjZXMudjEuUGxhY2VzLlNlYXJjaFRleHQQAhgEIAA
854,not_an_operator,gate3:vacation_rental_listing,Northstar Ski-in/Ski-Out 2BR Condo,,Lodging,lodging,OPERATIONAL,,0,true,alpine-ski,ski rental,core,standard,covered_tile,0,operator,,,,,ChIJ2z9-4TZimYARV9tiTj8xWDI,https://maps.google.com/?cid=3627703647814736727&g_mp=Cidnb29nbGUubWFwcy5wbGFjZXMudjEuUGxhY2VzLlNlYXJjaFRleHQQAhgEIAA
855,not_an_operator,gate3:vacation_rental_listing,Northstar Ski-In/Ski-Out Renovated 2BR Hidden Gem at Truckee Lake Tahoe,,Lodging,lodging,OPERATIONAL,,0,true,alpine-ski,ski rental,core,standard,covered_tile,0,operator,,,,,ChIJsRywOjdimYAREGNkJ8NjyoM,https://maps.google.com/?cid=9496512454094775056&g_mp=Cidnb29nbGUubWFwcy5wbGFjZXMudjEuUGxhY2VzLlNlYXJjaFRleHQQAhgEIAA
856,not_an_operator,gate3:vacation_rental_listing,Northstar Ski-InandOut Condo with Resort Amenities! - Apartment,,Lodging,lodging,OPERATIONAL,,0,true,alpine-ski,ski rental,core,standard,covered_tile,0,operator,,,,,ChIJk9jaEDFimYAROUtGRNPJ3IA,https://maps.google.com/?cid=9285518440951860025&g_mp=Cidnb29nbGUubWFwcy5wbGFjZXMudjEuUGxhY2VzLlNlYXJjaFRleHQQAhgEIAA
857,not_an_operator,gate3:vacation_rental_listing,Northstar Tahoe Luxury Ski Home [Discounted!],,Lodging,lodging,OPERATIONAL,,0,true,alpine-ski,ski rental,core,standard,covered_tile,0,operator,,,,,ChIJ6TPghy1imYARCf5b-BX41-o,https://maps.google.com/?cid=16922266898112708105&g_mp=Cidnb29nbGUubWFwcy5wbGFjZXMudjEuUGxhY2VzLlNlYXJjaFRleHQQAhgEIAA
858,not_an_operator,gate3:vacation_rental_listing,Northstar Village Ski in /out - Luxury condo in Gondola Building,,Lodging,lodging,OPERATIONAL,,0,true,alpine-ski,ski rental,core,standard,covered_tile,0,operator,,,,,ChIJdQ94KDdimYARFew59rlVeSw,https://maps.google.com/?cid=3204686867039120405&g_mp=Cidnb29nbGUubWFwcy5wbGFjZXMudjEuUGxhY2VzLlNlYXJjaFRleHQQAhgEIAA
859,not_an_operator,gate3:vacation_rental_listing,Northstar Village Ski in/out - Luxury condo in Gondola Building,,Lodging,lodging,OPERATIONAL,,0,true,alpine-ski,ski rental,core,standard,covered_tile,0,operator,,,,,ChIJ16d5KDdimYARSzFFE6KK-xI,https://maps.google.com/?cid=1367839340549714251&g_mp=Cidnb29nbGUubWFwcy5wbGFjZXMudjEuUGxhY2VzLlNlYXJjaFRleHQQAhgEIAA
860,not_an_operator,gate3:vacation_rental_listing,Old Greenwood Cabin 41 - Free Ski Shuttle,,Lodging,lodging,OPERATIONAL,,0,true,alpine-ski,ski rental,core,standard,covered_tile,0,operator,,,,,ChIJa5chjRxgmYARdIP4vUkSLsI,https://maps.google.com/?cid=13992141200215802740&g_mp=Cidnb29nbGUubWFwcy5wbGFjZXMudjEuUGxhY2VzLlNlYXJjaFRleHQQAhgEIAA
861,not_an_operator,gate3:vacation_rental_listing,Old Greenwood Townhome 2B - Free Ski Shuttle,,Lodging,lodging,OPERATIONAL,,0,true,alpine-ski,ski rental,core,standard,covered_tile,0,operator,,,,,ChIJNZ6IsxBgmYAR5nXXKWv8sB0,https://maps.google.com/?cid=2139487360194672102&g_mp=Cidnb29nbGUubWFwcy5wbGFjZXMudjEuUGxhY2VzLlNlYXJjaFRleHQQAhgEIAA
862,not_an_operator,gate3:vacation_rental_listing,"Olympic Valley Resort: Ski In /Out King Bedroom,7th floor, valley view",,Lodging,lodging,OPERATIONAL,,0,true,alpine-ski,ski rental,core,standard,covered_tile,0,operator,,,,,ChIJCWe2G8fZm4ARiqSUlXG8T9U,https://maps.google.com/?cid=15370711249265665162&g_mp=Cidnb29nbGUubWFwcy5wbGFjZXMudjEuUGxhY2VzLlNlYXJjaFRleHQQAhgEIAA
863,not_an_operator,gate3:vacation_rental_listing,On-Site Skiing Truckee Studio with Balcony - Apartment,,Lodging,lodging,OPERATIONAL,,0,true,alpine-ski,ski rental,core,standard,covered_tile,0,operator,,,,,ChIJT7QGXC7nm4ARPia9SrONzN0,https://maps.google.com/?cid=15982304978823620158&g_mp=Cidnb29nbGUubWFwcy5wbGFjZXMudjEuUGxhY2VzLlNlYXJjaFRleHQQAhgEIAA
864,not_an_operator,gate3:vacation_rental_listing,On-site Skiing: Truckee Studio w/ Balcony,,Lodging,lodging,OPERATIONAL,,0,true,alpine-ski,ski rental,core,standard,covered_tile,0,operator,,,,,ChIJhW0BXC7nm4AR3u8bIxcMzkY,https://maps.google.com/?cid=5102028721370165214&g_mp=Cidnb29nbGUubWFwcy5wbGFjZXMudjEuUGxhY2VzLlNlYXJjaFRleHQQAhgEIAA
865,not_an_operator,gate3:vacation_rental_listing,On-site Skiing: Truckee Studio w/ Balcony,,Lodging,lodging,OPERATIONAL,,0,true,alpine-ski,ski rental,core,standard,covered_tile,0,operator,,,,,ChIJhW0BXC7nm4ARNH7VIJPcNM0,https://maps.google.com/?cid=14786686001033346612&g_mp=Cidnb29nbGUubWFwcy5wbGFjZXMudjEuUGxhY2VzLlNlYXJjaFRleHQQAhgEIAA
866,not_an_operator,gate3:vacation_rental_listing,On-Site Skiing: Truckee Studio w/ Balcony,,Lodging,lodging,OPERATIONAL,,0,true,alpine-ski,ski rental,core,standard,covered_tile,0,operator,,,,,ChIJhW0BXC7nm4ARSz6ysb25AKc,https://maps.google.com/?cid=12033822428715171403&g_mp=Cidnb29nbGUubWFwcy5wbGFjZXMudjEuUGxhY2VzLlNlYXJjaFRleHQQAhgEIAA
867,not_an_operator,gate3:vacation_rental_listing,On-Site Skiing: Truckee Studio w/ Balcony,,Lodging,lodging,OPERATIONAL,,0,true,alpine-ski,ski rental,core,standard,covered_tile,0,operator,,,,,ChIJhW0BXC7nm4ARj7VUVNnMH-Y,https://maps.google.com/?cid=16582197586796262799&g_mp=Cidnb29nbGUubWFwcy5wbGFjZXMudjEuUGxhY2VzLlNlYXJjaFRleHQQAhgEIAA
868,not_an_operator,gate3:vacation_rental_listing,Open for 2025 Ski Lease Season! Comfy Queen sized lake front! PRIVATE BEACH!,,Lodging,lodging,OPERATIONAL,,0,true,alpine-ski,ski rental,core,standard,covered_tile,0,operator,,,,,ChIJhW4Gf8xkmYARp2WOOhWAark,https://maps.google.com/?cid=13360632073213076903&g_mp=Cidnb29nbGUubWFwcy5wbGFjZXMudjEuUGxhY2VzLlNlYXJjaFRleHQQAhgEIAA
869,not_an_operator,gate3:vacation_rental_listing,Palisades At Kirkwood Ski-in/out Luxury 6 Bedroom Home,,Lodging,lodging,OPERATIONAL,,0,true,alpine-ski,ski rental,core,standard,covered_tile,0,operator,,,,,ChIJWzu48a32mYAR38eDqkqchi8,https://maps.google.com/?cid=3424596411164116959&g_mp=Cidnb29nbGUubWFwcy5wbGFjZXMudjEuUGxhY2VzLlNlYXJjaFRleHQQAhgEIAA
870,not_an_operator,gate3:vacation_rental_listing,Palisades Condo - Walk to Ski Lift!,,Lodging,lodging,OPERATIONAL,,0,true,alpine-ski,ski rental,core,standard,covered_tile,0,operator,,,,,ChIJ0xqb2urZm4ARlXNYd1kuSkE,https://maps.google.com/?cid=4704623722531156885&g_mp=Cidnb29nbGUubWFwcy5wbGFjZXMudjEuUGxhY2VzLlNlYXJjaFRleHQQAhgEIAA
871,not_an_operator,gate3:vacation_rental_listing,Palisades Condo - Walk to Ski Lift! - Apartment,,Lodging,lodging,OPERATIONAL,,0,true,alpine-ski,ski rental,core,standard,covered_tile,0,operator,,,,,ChIJYyqb2urZm4ARIrBt7xY_Axo,https://maps.google.com/?cid=1874411237655031842&g_mp=Cidnb29nbGUubWFwcy5wbGFjZXMudjEuUGxhY2VzLlNlYXJjaFRleHQQAhgEIAA
872,not_an_operator,gate3:vacation_rental_listing,"Palisades Condo – Walk to Ski Lifts, Mtn Views",,Lodging,lodging,OPERATIONAL,,0,true,alpine-ski,ski rental,core,standard,covered_tile,0,operator,,,,,ChIJM-mzx-rZm4AR7lLVE4HcAHc,https://maps.google.com/?cid=8575096137455063790&g_mp=Cidnb29nbGUubWFwcy5wbGFjZXMudjEuUGxhY2VzLlNlYXJjaFRleHQQAhgEIAA
873,not_an_operator,gate3:vacation_rental_listing,Palisades Meadows Condo 13 by Tahoe Getaways - Ski Monthly Lease. Walk to Chairlifts!,,Lodging,lodging,OPERATIONAL,,0,true,alpine-ski,ski rental,core,standard,covered_tile,0,operator,,,,,ChIJje9_gOrZm4ARd4Yt3o6N29M,https://maps.google.com/?cid=15265951006654826103&g_mp=Cidnb29nbGUubWFwcy5wbGFjZXMudjEuUGxhY2VzLlNlYXJjaFRleHQQAhgEIAA
874,not_an_operator,gate3:vacation_rental_listing,"Palisades Ski Condo: Ski-in/ski-out Studio w/ Hot Tubs, Pool",,Lodging,lodging,OPERATIONAL,,0,true,alpine-ski,ski rental,core,standard,covered_tile,0,operator,,,,,ChIJQ2A0bO3Zm4ARfNXTmkUGiGQ,https://maps.google.com/?cid=7244046896645526908&g_mp=Cidnb29nbGUubWFwcy5wbGFjZXMudjEuUGxhY2VzLlNlYXJjaFRleHQQAhgEIAA
875,not_an_operator,gate3:vacation_rental_listing,Palisades Tahoe Lodge 1-Bedroom Ski-in/Ski-out220,,Lodging,lodging,OPERATIONAL,,0,true,alpine-ski,ski rental,core,standard,covered_tile,0,operator,,,,,ChIJWebj_uzZm4AR_WrS5gOeD5k,https://maps.google.com/?cid=11029207752048274173&g_mp=Cidnb29nbGUubWFwcy5wbGFjZXMudjEuUGxhY2VzLlNlYXJjaFRleHQQAhgEIAA
876,not_an_operator,gate3:vacation_rental_listing,Palisades Tahoe Lodge Bright Comfy Ski-in /out 1Bdr Condo 242,,Lodging,lodging,OPERATIONAL,,0,true,alpine-ski,ski rental,core,standard,covered_tile,0,operator,,,,,ChIJSxri_uzZm4AR6uT_WaU9puU,https://maps.google.com/?cid=16547981661208306922&g_mp=Cidnb29nbGUubWFwcy5wbGFjZXMudjEuUGxhY2VzLlNlYXJjaFRleHQQAhgEIAA
877,not_an_operator,gate3:vacation_rental_listing,"Palisades Tahoe Lodge Lush Studio, Ski-in/out 105 105",,Lodging,lodging,OPERATIONAL,,0,true,alpine-ski,ski rental,core,standard,covered_tile,0,operator,,,,,ChIJp9Hj_uzZm4ARxcklKs7OTIo,https://maps.google.com/?cid=9965567460329769413&g_mp=Cidnb29nbGUubWFwcy5wbGFjZXMudjEuUGxhY2VzLlNlYXJjaFRleHQQAhgEIAA
878,not_an_operator,gate3:vacation_rental_listing,Palisades Tahoe Lodge Rentals,,Lodging,lodging,OPERATIONAL,,0,true,alpine-ski,ski rental,core,standard,covered_tile,0,operator,,,,,ChIJky0kQO3Zm4ARS-LlKBUjM1c,https://maps.google.com/?cid=6283404478899413579&g_mp=Cidnb29nbGUubWFwcy5wbGFjZXMudjEuUGxhY2VzLlNlYXJjaFRleHQQAhgEIAA
879,not_an_operator,gate3:vacation_rental_listing,Palisades Tahoe Lodge Studio w /Loft Ski-in /Ski-out 315,,Lodging,lodging,OPERATIONAL,,0,true,alpine-ski,ski rental,core,standard,covered_tile,0,operator,,,,,ChIJSxri_uzZm4ARK7tpqrlcQ3k,https://maps.google.com/?cid=8737929654526655275&g_mp=Cidnb29nbGUubWFwcy5wbGFjZXMudjEuUGxhY2VzLlNlYXJjaFRleHQQAhgEIAA
880,not_an_operator,gate3:vacation_rental_listing,Palisades Tahoe Lodge Two BR+Twins Ski-in /out 512,,Lodging,lodging,OPERATIONAL,,0,true,alpine-ski,ski rental,core,standard,covered_tile,0,operator,,,,,ChIJp9Hj_uzZm4AR7OnnlaJT1K8,https://maps.google.com/?cid=12669843609464859116&g_mp=Cidnb29nbGUubWFwcy5wbGFjZXMudjEuUGxhY2VzLlNlYXJjaFRleHQQAhgEIAA
881,not_an_operator,gate3:vacation_rental_listing,Palisades Tahoe Lodge: Newly Upgraded Ski-in /out 1 BR condo / full kitchen,,Lodging,lodging,OPERATIONAL,,0,true,alpine-ski,ski rental,core,standard,covered_tile,0,operator,,,,,ChIJIV40Du3Zm4ARzNSfRjIgHnw,https://maps.google.com/?cid=8943621310309717196&g_mp=Cidnb29nbGUubWFwcy5wbGFjZXMudjEuUGxhY2VzLlNlYXJjaFRleHQQAhgEIAA
882,not_an_operator,gate3:vacation_rental_listing,"Palisades Tahoe Ski Condo by Tahoe Getaways - Remodeled 2 BR, Walking Distance to Lifts Village - Two-Bedroom Townhouse",,Lodging,lodging,OPERATIONAL,,0,true,alpine-ski,ski rental,core,standard,covered_tile,0,operator,,,,,ChIJc2goNJPZm4ARrRSAUKb9Q4I,https://maps.google.com/?cid=9386624939127215277&g_mp=Cidnb29nbGUubWFwcy5wbGFjZXMudjEuUGxhY2VzLlNlYXJjaFRleHQQAhgEIAA
883,not_an_operator,gate3:vacation_rental_listing,"Palisades Tahoe Ski Getaway, private HOT TUB, Summer POOL, near Free Shuttles",,Lodging,lodging,OPERATIONAL,,0,true,alpine-ski,ski rental,core,standard,covered_tile,0,operator,,,,,ChIJ1yoZzYXXm4AR9659yB9oek0,https://maps.google.com/?cid=5582889173796105975&g_mp=Cidnb29nbGUubWFwcy5wbGFjZXMudjEuUGxhY2VzLlNlYXJjaFRleHQQAhgEIAA
884,not_an_operator,gate3:vacation_rental_listing,"Palisades Tahoe Ski Getaway, private HOT TUB, Summer POOL, near Free Shuttles",,Lodging,lodging,OPERATIONAL,,0,true,alpine-ski,ski rental,core,standard,covered_tile,0,operator,,,,,ChIJ4yAZzYXXm4ARi8793KdoT-w,https://maps.google.com/?cid=17027943786287582859&g_mp=Cidnb29nbGUubWFwcy5wbGFjZXMudjEuUGxhY2VzLlNlYXJjaFRleHQQAhgEIAA
885,not_an_operator,gate3:vacation_rental_listing,Palisades Village ski in ski out Mountain Retreat,,Lodging,lodging,OPERATIONAL,,0,true,alpine-ski,ski rental,core,standard,covered_tile,0,operator,,,,,ChIJAzRufuvZm4ARV0QhtFMX43M,https://maps.google.com/?cid=8350543782346835031&g_mp=Cidnb29nbGUubWFwcy5wbGFjZXMudjEuUGxhY2VzLlNlYXJjaFRleHQQAhgEIAA
886,not_an_operator,gate3:vacation_rental_listing,Park & walk Stateline Starting 499.00 Nite 3 Blk Beach Casinos & Ski Gondola,,Lodging,lodging,OPERATIONAL,,0,true,alpine-ski,ski rental,core,standard,covered_tile,0,operator,,,,,ChIJXdiQF56amYARst1vBeaxmlc,https://maps.google.com/?cid=6312553429204983218&g_mp=Cidnb29nbGUubWFwcy5wbGFjZXMudjEuUGxhY2VzLlNlYXJjaFRleHQQAhgEIAA
887,not_an_operator,gate3:vacation_rental_listing,Park walk Stateline Starting 499.00 Nite 3 Blk Beach \n Casinos Ski Gondola,,Lodging,lodging,OPERATIONAL,,0,true,alpine-ski,ski rental,core,standard,covered_tile,0,operator,,,,,ChIJXdiQF56amYARWXsLZPiyZ9E,https://maps.google.com/?cid=15089225856428243801&g_mp=Cidnb29nbGUubWFwcy5wbGFjZXMudjEuUGxhY2VzLlNlYXJjaFRleHQQAhgEIAA
888,not_an_operator,gate3:vacation_rental_listing,Perfect 2BR Ski Chalet Walk to Lifts Avoid Traffic,,Lodging,lodging,OPERATIONAL,,0,true,alpine-ski,ski rental,core,standard,covered_tile,0,operator,,,,,ChIJK5la8b_Zm4AR2ixpS0GAaHI,https://maps.google.com/?cid=8243980135828106458&g_mp=Cidnb29nbGUubWFwcy5wbGFjZXMudjEuUGxhY2VzLlNlYXJjaFRleHQQAhgEIAA
889,not_an_operator,gate3:vacation_rental_listing,Perfect multi- family ski destination with 3 master bedrooms!!!!!!!!!!!!!!!!!!,,Lodging,lodging,OPERATIONAL,,0,true,alpine-ski,ski rental,core,standard,covered_tile,0,operator,,,,,ChIJlfFZHS3nm4ARglK64IXQbrc,https://maps.google.com/?cid=13217731229798519426&g_mp=Cidnb29nbGUubWFwcy5wbGFjZXMudjEuUGxhY2VzLlNlYXJjaFRleHQQAhgEIAA
890,not_an_operator,gate3:vacation_rental_listing,Perfect Ski and Lake Townhome,,Lodging,lodging,OPERATIONAL,,0,true,alpine-ski,ski rental; ski shop,core,standard,covered_tile,0,operator,,,,,ChIJeziOrARwmYARuOO9O5w-Mp8,https://maps.google.com/?cid=11471300041604195256&g_mp=Cidnb29nbGUubWFwcy5wbGFjZXMudjEuUGxhY2VzLlNlYXJjaFRleHQQAhgEIAA
891,not_an_operator,gate3:vacation_rental_listing,Perle du Bois - Ski in /Ski out,,Lodging,lodging,OPERATIONAL,,0,true,alpine-ski,ski rental,core,standard,covered_tile,0,operator,,,,,ChIJdS0I8a32mYAR6__D1UY8V3A,https://maps.google.com/?cid=8095005130153525227&g_mp=Cidnb29nbGUubWFwcy5wbGFjZXMudjEuUGxhY2VzLlNlYXJjaFRleHQQAhgEIAA
892,not_an_operator,gate3:vacation_rental_listing,Perle du Bois - Ski in/Ski out,,Lodging,lodging,OPERATIONAL,,0,true,alpine-ski,ski rental,core,standard,covered_tile,0,operator,,,,,ChIJ36Cn8a32mYARhPB9lpD5-iw,https://maps.google.com/?cid=3241177281241936004&g_mp=Cidnb29nbGUubWFwcy5wbGFjZXMudjEuUGxhY2VzLlNlYXJjaFRleHQQAhgEIAA
893,not_an_operator,gate3:vacation_rental_listing,"Pet Friendly | Spa, Deck & Ski Access | Sleeps 10",,Lodging,lodging,OPERATIONAL,,0,true,alpine-ski,ski rental,core,standard,covered_tile,0,operator,,,,,ChIJlcenI7GQmYARep2VR7oFUGY,https://maps.google.com/?cid=7372398887628545402&g_mp=Cidnb29nbGUubWFwcy5wbGFjZXMudjEuUGxhY2VzLlNlYXJjaFRleHQQAhgEIAA
894,not_an_operator,gate3:vacation_rental_listing,Pet Friendly 2BR Rental in Tahoe City with WiFi & Boat Launch,,Lodging,lodging,OPERATIONAL,,0,true,powerboat,boat rental,core,standard,covered_tile,0,operator,,,,,ChIJv98fS-F8mYAR9qF99jCqVSg,https://maps.google.com/?cid=2906416261808103926&g_mp=Cidnb29nbGUubWFwcy5wbGFjZXMudjEuUGxhY2VzLlNlYXJjaFRleHQQAhgEIAA
895,not_an_operator,gate3:vacation_rental_listing,Pet Friendly Classic Pet Friendly Ski Lodge W/ Hot Tub,,Lodging,lodging,OPERATIONAL,,0,true,alpine-ski,ski rental,core,standard,covered_tile,0,operator,,,,,ChIJKxWB-ZtkmYARzfHmECWXxdg,https://maps.google.com/?cid=15620057068057588173&g_mp=Cidnb29nbGUubWFwcy5wbGFjZXMudjEuUGxhY2VzLlNlYXJjaFRleHQQAhgEIAA
896,not_an_operator,gate3:vacation_rental_listing,Pet Friendly Condo With Lake Views - 1 Mi to Diamond Peak Ski,,Lodging,lodging,OPERATIONAL,,0,true,alpine-ski,ski rental,core,standard,covered_tile,0,operator,,,,,ChIJgYnQcDRwmYARXgzxFyjpIgI,https://maps.google.com/?cid=153941695693655134&g_mp=Cidnb29nbGUubWFwcy5wbGFjZXMudjEuUGxhY2VzLlNlYXJjaFRleHQQAhgEIAA
897,not_an_operator,gate3:vacation_rental_listing,Pet Friendly Mountain Chalet - 1 Mi to Skiing & Incline Village,,Lodging,lodging,OPERATIONAL,,0,true,alpine-ski,ski rental,core,standard,covered_tile,0,operator,,,,,ChIJJ-YoZzBwmYARoGbyWTrtQCM,https://maps.google.com/?cid=2540291024709904032&g_mp=Cidnb29nbGUubWFwcy5wbGFjZXMudjEuUGxhY2VzLlNlYXJjaFRleHQQAhgEIAA
898,not_an_operator,gate3:vacation_rental_listing,Pet Friendly Soda Springs Cabin Near Donner Lake + Ski Resorts,,Lodging,lodging,OPERATIONAL,,0,true,alpine-ski,ski rental,core,standard,covered_tile,0,operator,,,,,ChIJZ3DBe__om4ARfVHeHYmwkkA,https://maps.google.com/?cid=4652975467985260925&g_mp=Cidnb29nbGUubWFwcy5wbGFjZXMudjEuUGxhY2VzLlNlYXJjaFRleHQQAhgEIAA
899,not_an_operator,gate3:vacation_rental_listing,Pet Friendly Townhome Close to Skiing & Hiking,,Lodging,lodging,OPERATIONAL,,0,true,alpine-ski,ski rental,core,standard,covered_tile,0,operator,,,,,ChIJp5Y3MgaamYARkQGq_pwHVMI,https://maps.google.com/?cid=14002825512270561681&g_mp=Cidnb29nbGUubWFwcy5wbGFjZXMudjEuUGxhY2VzLlNlYXJjaFRleHQQAhgEIAA
900,not_an_operator,gate3:vacation_rental_listing,Pet Friendly VIEWS Walk to Ski Resorts-Private Hot Tub Sauna Steam Room Great Location,,Lodging,lodging,OPERATIONAL,,0,true,alpine-ski,ski rental,core,standard,covered_tile,0,operator,,,,,ChIJCbBhIwiamYAR_no0qqE-_QU,https://maps.google.com/?cid=431570003363658494&g_mp=Cidnb29nbGUubWFwcy5wbGFjZXMudjEuUGxhY2VzLlNlYXJjaFRleHQQAhgEIAA
901,not_an_operator,gate3:vacation_rental_listing,Pinewood Lodge by AvantStay | Cozy Cabin Near Ski Resorts & Hiking,,Lodging,lodging,OPERATIONAL,,0,true,alpine-ski,ski rental,core,standard,covered_tile,0,operator,,,,,ChIJI1RBPOrgm4ARmmrR_0Cv4t8,https://maps.google.com/?cid=16132649508899220122&g_mp=Cidnb29nbGUubWFwcy5wbGFjZXMudjEuUGxhY2VzLlNlYXJjaFRleHQQAhgEIAA
902,not_an_operator,gate3:vacation_rental_listing,"Plateau Alpine Retreat - 3BR, 4BA 10 Min To Ski",,Lodging,lodging,OPERATIONAL,,0,true,alpine-ski,ski rental,core,standard,covered_tile,0,operator,,,,,ChIJRz4JVNGRmYARrNoQObUHIrU,https://maps.google.com/?cid=13052003145000999596&g_mp=Cidnb29nbGUubWFwcy5wbGFjZXMudjEuUGxhY2VzLlNlYXJjaFRleHQQAhgEIAA
903,not_an_operator,gate3:vacation_rental_listing,PLEASE NOTE FOR THE 2025 SKI SEASON WE ARE ONLY ACCEPTING 3 MONTH RENTAL MINIMUS,,Lodging,lodging,OPERATIONAL,,0,true,alpine-ski,ski rental,core,standard,covered_tile,0,operator,,,,,ChIJm6zyD5Hgm4ARRmvkDx7CGuQ,https://maps.google.com/?cid=16436663224413481798&g_mp=Cidnb29nbGUubWFwcy5wbGFjZXMudjEuUGxhY2VzLlNlYXJjaFRleHQQAhgEIAA
904,not_an_operator,gate3:vacation_rental_listing,Powder Creek by Tahoe Getaways - Gorgeous Creekside in Alpine Meadows 4 BR Monthly or Ski Lease,,Lodging,lodging,OPERATIONAL,,0,true,alpine-ski,ski rental,core,standard,covered_tile,0,operator,,,,,ChIJSThigHzXm4ARQaSSvbQRm1s,https://maps.google.com/?cid=6600889146813883457&g_mp=Cidnb29nbGUubWFwcy5wbGFjZXMudjEuUGxhY2VzLlNlYXJjaFRleHQQAhgEIAA
905,not_an_operator,gate3:vacation_rental_listing,Powder Run Retreat – Modern Stay for 6 With On-site Ski Access Mountain Views,,Lodging,lodging,OPERATIONAL,,0,true,alpine-ski,ski rental,core,standard,covered_tile,0,operator,,,,,ChIJAaJCsS_nm4ARIQKQPA_6MRc,https://maps.google.com/?cid=1671391880078688801&g_mp=Cidnb29nbGUubWFwcy5wbGFjZXMudjEuUGxhY2VzLlNlYXJjaFRleHQQAhgEIAA
906,not_an_operator,gate3:vacation_rental_listing,Powder Run Retreat Modern Stay for 6 With On-site Ski Access & Mountain Views,,Lodging,lodging,OPERATIONAL,,0,true,alpine-ski,ski rental,core,standard,covered_tile,0,operator,,,,,ChIJF1ResS_nm4AR-sn9F2NmiYw,https://maps.google.com/?cid=10126737812909574650&g_mp=Cidnb29nbGUubWFwcy5wbGFjZXMudjEuUGxhY2VzLlNlYXJjaFRleHQQAhgEIAA
907,not_an_operator,gate3:vacation_rental_listing,Private condo steps from ski lift minutes to lake,,Lodging,lodging,OPERATIONAL,,0,true,alpine-ski,ski rental,core,standard,covered_tile,0,operator,,,,,ChIJg3nDV7KQmYAR5v8SqmXsZC8,https://maps.google.com/?cid=3415114338842902502&g_mp=Cidnb29nbGUubWFwcy5wbGFjZXMudjEuUGxhY2VzLlNlYXJjaFRleHQQAhgEIAA
908,not_an_operator,gate3:vacation_rental_listing,Private Deck Fireplace and Ski Access Near Northstar The Lazy Bear,,Lodging,lodging,OPERATIONAL,,0,true,alpine-ski,ski rental,core,standard,covered_tile,0,operator,,,,,ChIJ9xA-Yr3gm4ARUcjUo_ZdnL8,https://maps.google.com/?cid=13807013871503067217&g_mp=Cidnb29nbGUubWFwcy5wbGFjZXMudjEuUGxhY2VzLlNlYXJjaFRleHQQAhgEIAA
909,not_an_operator,gate3:vacation_rental_listing,"Private Deck, Fireplace, and Ski Access Near Northstar The Lazy Bear - House (4 Bedrooms)",,Lodging,lodging,OPERATIONAL,,0,true,alpine-ski,ski rental,core,standard,covered_tile,0,operator,,,,,ChIJ_TkWYr3gm4ARIyZP0HsJtmg,https://maps.google.com/?cid=7545228653086320163&g_mp=Cidnb29nbGUubWFwcy5wbGFjZXMudjEuUGxhY2VzLlNlYXJjaFRleHQQAhgEIAA
910,not_an_operator,gate3:vacation_rental_listing,"Private Ski, Lake & Golf Chalet! Walk to Lake",,Lodging,lodging,OPERATIONAL,,0,true,alpine-ski,ski rental,core,standard,covered_tile,0,operator,,,,,ChIJZ62m1M9kmYARWjvhvjQmNho,https://maps.google.com/?cid=1888739101711088474&g_mp=Cidnb29nbGUubWFwcy5wbGFjZXMudjEuUGxhY2VzLlNlYXJjaFRleHQQAhgEIAA
911,not_an_operator,gate3:vacation_rental_listing,"Private Ski, Lake & Golf Chalet! Walk to Lake",,Lodging,lodging,OPERATIONAL,,0,true,alpine-ski,ski rental,core,standard,covered_tile,0,operator,,,,,ChIJZ62m1M9kmYARFBfbW4PgW7Y,https://maps.google.com/?cid=13140343192569976596&g_mp=Cidnb29nbGUubWFwcy5wbGFjZXMudjEuUGxhY2VzLlNlYXJjaFRleHQQAhgEIAA
912,not_an_operator,gate3:vacation_rental_listing,"Private Ski, Lake & Golf Chalet! Walk to Lake",,Lodging,lodging,OPERATIONAL,,0,true,alpine-ski,ski rental,core,standard,covered_tile,0,operator,,,,,ChIJZ62m1M9kmYAREnbYELKmfns,https://maps.google.com/?cid=8898733197447689746&g_mp=Cidnb29nbGUubWFwcy5wbGFjZXMudjEuUGxhY2VzLlNlYXJjaFRleHQQAhgEIAA
913,not_an_operator,gate3:vacation_rental_listing,"Private Ski, Lake Golf Chalet! Walk to Lake - Three-Bedroom Chalet",,Lodging,lodging,OPERATIONAL,,0,true,alpine-ski,ski rental,core,standard,covered_tile,0,operator,,,,,ChIJATmk1M9kmYARjyWP5znPTWY,https://maps.google.com/?cid=7371776012680373647&g_mp=Cidnb29nbGUubWFwcy5wbGFjZXMudjEuUGxhY2VzLlNlYXJjaFRleHQQAhgEIAA
914,not_an_operator,gate3:vacation_rental_listing,"Private, Gorgeous Lux View Home in Prime Park, Ski Location",,Lodging,lodging,OPERATIONAL,,0,true,alpine-ski,ski rental,core,standard,covered_tile,0,operator,,,,,ChIJU67lEVCAmYAR4RI95Kq-Y8g,https://maps.google.com/?cid=14439594471462867681&g_mp=Cidnb29nbGUubWFwcy5wbGFjZXMudjEuUGxhY2VzLlNlYXJjaFRleHQQAhgEIAA
915,not_an_operator,gate3:vacation_rental_listing,"Private, Ski & Golf, Close to 4 Ski Areas, Allergy friendly, No pets",,Lodging,lodging,OPERATIONAL,,0,true,alpine-ski,ski rental,core,standard,covered_tile,0,operator,,,,,ChIJcQEh2dFkmYARbZG37LwZuvg,https://maps.google.com/?cid=17922665966290309485&g_mp=Cidnb29nbGUubWFwcy5wbGFjZXMudjEuUGxhY2VzLlNlYXJjaFRleHQQAhgEIAA
916,not_an_operator,gate3:vacation_rental_listing,"Private, Ski & Golf, Close to 4 Ski Areas, Allergy friendly, No pets please",,Lodging,lodging,OPERATIONAL,,0,true,alpine-ski,ski rental,core,standard,covered_tile,0,operator,,,,,ChIJbzOK19FkmYAR1Di6fRgTHjo,https://maps.google.com/?cid=4187805699410639060&g_mp=Cidnb29nbGUubWFwcy5wbGFjZXMudjEuUGxhY2VzLlNlYXJjaFRleHQQAhgEIAA
917,not_an_operator,gate3:vacation_rental_listing,"Private, Ski Golf, Close to 4 Ski Areas, Allergy friendly, No pets",,Lodging,lodging,OPERATIONAL,,0,true,alpine-ski,ski rental,core,standard,covered_tile,0,operator,,,,,ChIJ0SEh2dFkmYAR-OwNpw9jfRU,https://maps.google.com/?cid=1548502765763685624&g_mp=Cidnb29nbGUubWFwcy5wbGFjZXMudjEuUGxhY2VzLlNlYXJjaFRleHQQAhgEIAA
918,not_an_operator,gate3:vacation_rental_listing,"Private, Ski Golf, Close to 4 Ski Areas, Allergy friendly, No pets please",,Lodging,lodging,OPERATIONAL,,0,true,alpine-ski,ski rental,core,standard,covered_tile,0,operator,,,,,ChIJiZCJ19FkmYARTlpEDTAW9YQ,https://maps.google.com/?cid=9580588177937422926&g_mp=Cidnb29nbGUubWFwcy5wbGFjZXMudjEuUGxhY2VzLlNlYXJjaFRleHQQAhgEIAA
919,not_an_operator,gate3:vacation_rental_listing,"PT Lodge: Ski-in/out Studio plus Loft with full-size refrig,",,Lodging,lodging,OPERATIONAL,,0,true,alpine-ski,ski rental,core,standard,covered_tile,0,operator,,,,,ChIJi7_roO3Zm4ARPP7-iKfzkYY,https://maps.google.com/?cid=9696799373588889148&g_mp=Cidnb29nbGUubWFwcy5wbGFjZXMudjEuUGxhY2VzLlNlYXJjaFRleHQQAhgEIAA
920,not_an_operator,gate3:vacation_rental_listing,"PTL 309: Studio + Loft. Ski-In/Out. Hot Tubs, Fitness Ctr, Walk to Restaurants.",,Lodging,lodging,OPERATIONAL,,0,true,alpine-ski,ski rental; ski shop,core,standard,covered_tile,0,operator,,,,,ChIJV3eue-7Zm4ARG1qOskcmLiw,https://maps.google.com/?cid=3183524075977726491&g_mp=Cidnb29nbGUubWFwcy5wbGFjZXMudjEuUGxhY2VzLlNlYXJjaFRleHQQAhgEIAA
921,not_an_operator,gate3:vacation_rental_listing,Quiet 1 Bdrm walk to beach & trails. Close to ski areas.,,Lodging,lodging,OPERATIONAL,,0,true,alpine-ski,ski rental,core,standard,covered_tile,0,operator,,,,,ChIJE0ml0tNkmYARGdEMJ4OYfJY,https://maps.google.com/?cid=10843709691864600857&g_mp=Cidnb29nbGUubWFwcy5wbGFjZXMudjEuUGxhY2VzLlNlYXJjaFRleHQQAhgEIAA
922,not_an_operator,gate3:vacation_rental_listing,Quiet 1 Bdrm walk to beach & trails. Close to ski areas.,,Lodging,lodging,OPERATIONAL,,0,true,alpine-ski,ski rental,core,standard,covered_tile,0,operator,,,,,ChIJ7R_CotNkmYARyVK-QdKsd-A,https://maps.google.com/?cid=16174586605770527433&g_mp=Cidnb29nbGUubWFwcy5wbGFjZXMudjEuUGxhY2VzLlNlYXJjaFRleHQQAhgEIAA
923,not_an_operator,gate3:vacation_rental_listing,Quiet 1 Bdrm walk to beach & trails. Close to ski areas.,,Lodging,lodging,OPERATIONAL,,0,true,alpine-ski,ski rental,core,standard,covered_tile,0,operator,,,,,ChIJ7R_CotNkmYARbDADwPbUWX8,https://maps.google.com/?cid=9176599871992574060&g_mp=Cidnb29nbGUubWFwcy5wbGFjZXMudjEuUGxhY2VzLlNlYXJjaFRleHQQAhgEIAA
924,not_an_operator,gate3:vacation_rental_listing,Quiet 1 Bdrm walk to beach trails. Close to ski areas.,,Lodging,lodging,OPERATIONAL,,0,true,alpine-ski,ski rental,core,standard,covered_tile,0,operator,,,,,ChIJx96k0tNkmYARAXmh2amQP_Q,https://maps.google.com/?cid=17599944927962298625&g_mp=Cidnb29nbGUubWFwcy5wbGFjZXMudjEuUGxhY2VzLlNlYXJjaFRleHQQAhgEIAA
925,not_an_operator,gate3:vacation_rental_listing,Quiet and Serene Tahoe Ski Getaway + Small Private Complex + Close to Resorts,,Lodging,lodging,OPERATIONAL,,0,true,alpine-ski,ski rental,core,standard,covered_tile,0,operator,,,,,ChIJBThqXPt8mYARpEuXW2KB-F4,https://maps.google.com/?cid=6843361893232888740&g_mp=Cidnb29nbGUubWFwcy5wbGFjZXMudjEuUGxhY2VzLlNlYXJjaFRleHQQAhgEIAA
926,not_an_operator,gate3:vacation_rental_listing,Quiet Chalet with Big Views - Walk to Tahoe Skiing! - Holiday Home,,Lodging,lodging,OPERATIONAL,,0,true,alpine-ski,ski rental,core,standard,covered_tile,0,operator,,,,,ChIJmSPM9TTnm4AR2SJULxA-1PM,https://maps.google.com/?cid=17569736285513589465&g_mp=Cidnb29nbGUubWFwcy5wbGFjZXMudjEuUGxhY2VzLlNlYXJjaFRleHQQAhgEIAA
927,not_an_operator,gate3:vacation_rental_listing,"Quintessential Tahoe Cabin, Private beach, kayaks, Max Occ 4 adults 2 kids",,Lodging,lodging,OPERATIONAL,,0,true,kayak,kayak rental,core,standard,covered_tile,0,operator,,,,,ChIJv61n9dyamYARba1pWzBAIiE,https://maps.google.com/?cid=2387541328896044397&g_mp=Cidnb29nbGUubWFwcy5wbGFjZXMudjEuUGxhY2VzLlNlYXJjaFRleHQQAhgEIAA
928,not_an_operator,gate3:vacation_rental_listing,Red Wolf Lodge Ski In /Out-The Ultimate Skiing Experience!,,Lodging,lodging,OPERATIONAL,,0,true,alpine-ski,ski rental,core,standard,covered_tile,0,operator,,,,,ChIJv9P9yOnZm4ARuScSMlxTMns,https://maps.google.com/?cid=8877249470942816185&g_mp=Cidnb29nbGUubWFwcy5wbGFjZXMudjEuUGxhY2VzLlNlYXJjaFRleHQQAhgEIAA
929,not_an_operator,gate3:vacation_rental_listing,Red Wolf Lodge Ski In/Out-The Ultimate Skiing Experience!,,Lodging,lodging,OPERATIONAL,,0,true,alpine-ski,ski rental,core,standard,covered_tile,0,operator,,,,,ChIJSyT8yOnZm4ARukBNte5eX0Y,https://maps.google.com/?cid=5070876084779434170&g_mp=Cidnb29nbGUubWFwcy5wbGFjZXMudjEuUGxhY2VzLlNlYXJjaFRleHQQAhgEIAA
930,not_an_operator,gate3:vacation_rental_listing,REDUCED! Hyatt Northstar Lake Tahoe True Ski In /Ski Out 5 Resort CHRISTMAS Week,,Lodging,lodging,OPERATIONAL,,0,true,alpine-ski,ski rental,core,standard,covered_tile,0,operator,,,,,ChIJp38nyDBimYAR-ghfuHTJQTI,https://maps.google.com/?cid=3621397078529214714&g_mp=Cidnb29nbGUubWFwcy5wbGFjZXMudjEuUGxhY2VzLlNlYXJjaFRleHQQAhgEIAA
931,not_an_operator,gate3:vacation_rental_listing,Remodeled Lake Tahoe Beach Condo - Pools Tennis & Deck - Near Ski Resorts,,Lodging,lodging,OPERATIONAL,,0,true,alpine-ski,ski rental,core,standard,covered_tile,0,operator,,,,,ChIJ9YGEMB19mYAR_g-zkD4Zc1o,https://maps.google.com/?cid=6517580842241560574&g_mp=Cidnb29nbGUubWFwcy5wbGFjZXMudjEuUGxhY2VzLlNlYXJjaFRleHQQAhgEIAA
932,not_an_operator,gate3:vacation_rental_listing,"Remodeled Lake Tahoe Beach Condo - Pools, Tennis & Deck - Near Ski Resorts",,Lodging,lodging,OPERATIONAL,,0,true,alpine-ski,ski rental,core,standard,covered_tile,0,operator,,,,,ChIJ9YGEMB19mYARwtrg7lsaPOk,https://maps.google.com/?cid=16806336891591908034&g_mp=Cidnb29nbGUubWFwcy5wbGFjZXMudjEuUGxhY2VzLlNlYXJjaFRleHQQAhgEIAA
933,not_an_operator,gate3:vacation_rental_listing,Remodeled Ski In /out Condo At Northstar Resort,,Lodging,lodging,OPERATIONAL,,0,true,alpine-ski,ski rental,core,standard,covered_tile,0,operator,,,,,ChIJmRAnUDZimYAR5IL0w7HQa88,https://maps.google.com/?cid=14946269250274493156&g_mp=Cidnb29nbGUubWFwcy5wbGFjZXMudjEuUGxhY2VzLlNlYXJjaFRleHQQAhgEIAA
934,not_an_operator,gate3:vacation_rental_listing,Remodeled Ski In/out Condo At Northstar Resort,,Lodging,lodging,OPERATIONAL,,0,true,alpine-ski,ski rental,core,standard,covered_tile,0,operator,,,,,ChIJvXEmUDZimYARl_n3lnjj36E,https://maps.google.com/?cid=11664291666981288343&g_mp=Cidnb29nbGUubWFwcy5wbGFjZXMudjEuUGxhY2VzLlNlYXJjaFRleHQQAhgEIAA
935,not_an_operator,gate3:vacation_rental_listing,Renovated Ski Home with a Hot Tub Views of Slope - Perfect Ski Lease,,Lodging,lodging,OPERATIONAL,,0,true,alpine-ski,ski rental,core,standard,covered_tile,0,operator,,,,,ChIJ3VPGMdNxmYARg2QYRTgtwIw,https://maps.google.com/?cid=10142156080539001987&g_mp=Cidnb29nbGUubWFwcy5wbGFjZXMudjEuUGxhY2VzLlNlYXJjaFRleHQQAhgEIAA
936,not_an_operator,gate3:vacation_rental_listing,Resort at Squaw Creek corner unit - amazing views Ski-in-ski-out on-site pool,,Lodging,lodging,OPERATIONAL,,0,true,alpine-ski,ski rental,core,standard,covered_tile,0,operator,,,,,ChIJ1YWS6cXZm4ARpJovh6rq7RY,https://maps.google.com/?cid=1652234656448223908&g_mp=Cidnb29nbGUubWFwcy5wbGFjZXMudjEuUGxhY2VzLlNlYXJjaFRleHQQAhgEIAA
937,not_an_operator,gate3:vacation_rental_listing,"Resort at Squaw Creek corner unit - amazing views, Ski-in-ski-out, on-site pool",,Lodging,lodging,OPERATIONAL,,0,true,alpine-ski,ski rental,core,standard,covered_tile,0,operator,,,,,ChIJ1YWS6cXZm4ARIyI4vpNlqg4,https://maps.google.com/?cid=1056768747797750307&g_mp=Cidnb29nbGUubWFwcy5wbGFjZXMudjEuUGxhY2VzLlNlYXJjaFRleHQQAhgEIAA
938,not_an_operator,gate3:vacation_rental_listing,"Resort at Squaw Creek remodeled corner unit with amazing views, ski-in/ski-out",,Lodging,lodging,OPERATIONAL,,0,true,alpine-ski,ski rental,core,standard,covered_tile,0,operator,,,,,ChIJ1YWS6cXZm4ARGTc6mKaEfDM,https://maps.google.com/?cid=3709986044099835673&g_mp=Cidnb29nbGUubWFwcy5wbGFjZXMudjEuUGxhY2VzLlNlYXJjaFRleHQQAhgEIAA
939,not_an_operator,gate3:vacation_rental_listing,Resort Studio Minutes to Lake and Ski Areas,,Lodging,lodging,OPERATIONAL,,0,true,alpine-ski,ski rental,core,standard,covered_tile,0,operator,,,,,ChIJvb-3GYZ9mYARBLUFEjQJkTk,https://maps.google.com/?cid=4148106851030250756&g_mp=Cidnb29nbGUubWFwcy5wbGFjZXMudjEuUGxhY2VzLlNlYXJjaFRleHQQAhgEIAA
940,not_an_operator,gate3:vacation_rental_listing,"Ridge Resort by Heavenly ski, Near Casinos, Shops Dining; Dogs OK. 2 Units avail",,Lodging,lodging,OPERATIONAL,,0,true,alpine-ski,ski rental,core,standard,covered_tile,0,operator,,,,,ChIJSZT9e6yQmYARsMb0WIqBxxo,https://maps.google.com/?cid=1929653396549453488&g_mp=Cidnb29nbGUubWFwcy5wbGFjZXMudjEuUGxhY2VzLlNlYXJjaFRleHQQAhgEIAA
941,not_an_operator,gate3:vacation_rental_listing,Ritz Carlton Ski-In/Ski-Out 5-Star Luxury Condo,,Lodging,lodging,OPERATIONAL,,0,true,alpine-ski,ski rental,core,standard,covered_tile,0,operator,,,,,ChIJp70HQT9imYARI_kQ-xuta7A,https://maps.google.com/?cid=12712444708871272739&g_mp=Cidnb29nbGUubWFwcy5wbGFjZXMudjEuUGxhY2VzLlNlYXJjaFRleHQQAhgEIAA
942,not_an_operator,gate3:vacation_rental_listing,"Room for the Whole Crew to Enjoy - Ski Bird's Paradise, 31 Night Minimum",,Lodging,lodging,OPERATIONAL,,0,true,alpine-ski,ski rental,core,standard,covered_tile,0,operator,,,,,ChIJ7-g8TFpjmYARU_OiwAoMXl4,https://maps.google.com/?cid=6799885727697138515&g_mp=Cidnb29nbGUubWFwcy5wbGFjZXMudjEuUGxhY2VzLlNlYXJjaFRleHQQAhgEIAA
943,not_an_operator,gate3:vacation_rental_listing,"Rustic Truckee Cabin Near Donner Lake, Ski Resorts",,Lodging,lodging,OPERATIONAL,,0,true,alpine-ski,ski rental,core,standard,covered_tile,0,operator,,,,,ChIJ7wto4GXnm4ARckp3h2nQoV4,https://maps.google.com/?cid=6818960462478527090&g_mp=Cidnb29nbGUubWFwcy5wbGFjZXMudjEuUGxhY2VzLlNlYXJjaFRleHQQAhgEIAA
944,not_an_operator,gate3:vacation_rental_listing,Sail Away - Lakefront - TLUXP,,Lodging,lodging,OPERATIONAL,,0,true,sailing,sailboat rental,core,standard,covered_tile,0,operator,,,,,ChIJMS4FektjmYARkxJ36FZAIss,https://maps.google.com/?cid=14637332480919016083&g_mp=Cidnb29nbGUubWFwcy5wbGFjZXMudjEuUGxhY2VzLlNlYXJjaFRleHQQAhgEIAA
945,not_an_operator,gate3:vacation_rental_listing,"Sans Souci Terrace on the West Shore- 4 BR Cabin, Avail as a Ski Lease, Near Skiing! - Vacation Home",,Lodging,lodging,OPERATIONAL,,0,true,alpine-ski,ski rental,core,standard,covered_tile,0,operator,,,,,ChIJO2ch54XVm4ARCAu5LPV-TBg,https://maps.google.com/?cid=1750913946622692104&g_mp=Cidnb29nbGUubWFwcy5wbGFjZXMudjEuUGxhY2VzLlNlYXJjaFRleHQQAhgEIAA
946,not_an_operator,gate3:vacation_rental_listing,Scott Peak Ski Hideaway in Alpine Meadows,,Lodging,lodging,OPERATIONAL,,0,true,alpine-ski,ski rental; ski shop,core,standard,covered_tile,0,operator,,,,,ChIJ2__RTEPXm4ARhNy2HjootWQ,https://maps.google.com/?cid=7256750604665937028&g_mp=Cidnb29nbGUubWFwcy5wbGFjZXMudjEuUGxhY2VzLlNlYXJjaFRleHQQAhgEIAA
947,not_an_operator,gate3:vacation_rental_listing,Serene 1-bedroom with large loft cabin at Donner Summit- steps from ski resorts,,Lodging,lodging,OPERATIONAL,,0,true,alpine-ski,ski rental,core,standard,covered_tile,0,operator,,,,,ChIJnQZh4-7nm4ARJOkug6Wvgss,https://maps.google.com/?cid=14664476462077110564&g_mp=Cidnb29nbGUubWFwcy5wbGFjZXMudjEuUGxhY2VzLlNlYXJjaFRleHQQAhgEIAA
948,not_an_operator,gate3:vacation_rental_listing,Sierra by Avantstay Ski In/ Ski Out! Near Truckee w/ Access to Northstar Resort Community,,Lodging,lodging,OPERATIONAL,,0,true,alpine-ski,ski rental,core,standard,covered_tile,0,operator,,,,,ChIJwURNIDdimYARoOg4hrM07rA,https://maps.google.com/?cid=12749185540788119712&g_mp=Cidnb29nbGUubWFwcy5wbGFjZXMudjEuUGxhY2VzLlNlYXJjaFRleHQQAhgEIAA
949,not_an_operator,gate3:disc_golf_course_no_website,Sierra College Disc Golf Course,,Athletic Field,athletic_field,OPERATIONAL,5,4,true,disc-golf,disc golf rental,core,standard,covered_tile,0,operator,,,,,ChIJi5QZjkbfm4ARdU_fOkf1cQI,https://maps.google.com/?cid=176191546723356533&g_mp=Cidnb29nbGUubWFwcy5wbGFjZXMudjEuUGxhY2VzLlNlYXJjaFRleHQQAhgEIAA
950,not_an_operator,gate3:vacation_rental_listing,Silver Strike 2- Walk to Village- Ski Shuttle to Lifts,,Lodging,lodging,OPERATIONAL,,0,true,alpine-ski,ski rental,core,standard,covered_tile,0,operator,,,,,ChIJv5tN3i1imYARgUmcTG9X-IM,https://maps.google.com/?cid=9509446748731099521&g_mp=Cidnb29nbGUubWFwcy5wbGFjZXMudjEuUGxhY2VzLlNlYXJjaFRleHQQAhgEIAA
951,not_an_operator,gate3:vacation_rental_listing,Ski & Hike: Cozy Dtwn Reno Studio w/ Fireplace,,Lodging,lodging,OPERATIONAL,,0,true,alpine-ski,ski rental,core,standard,covered_tile,0,operator,,,,,ChIJKU6p5cVAmYARtSI8Cbjeea0,https://maps.google.com/?cid=12500267122753807029&g_mp=Cidnb29nbGUubWFwcy5wbGFjZXMudjEuUGxhY2VzLlNlYXJjaFRleHQQAhgEIAA
952,not_an_operator,gate3:vacation_rental_listing,Ski & Hike: Cozy Dtwn Reno Studio w/ Fireplace,,Lodging,lodging,OPERATIONAL,,0,true,alpine-ski,ski rental,core,standard,covered_tile,0,operator,,,,,ChIJKU6p5cVAmYARtBAB4z_foiI,https://maps.google.com/?cid=2495802609001107636&g_mp=Cidnb29nbGUubWFwcy5wbGFjZXMudjEuUGxhY2VzLlNlYXJjaFRleHQQAhgEIAA
953,not_an_operator,gate3:vacation_rental_listing,Ski & Hike: Cozy Dtwn Reno Studio w/ Fireplace,,Lodging,lodging,OPERATIONAL,,0,true,alpine-ski,ski rental,core,standard,covered_tile,0,operator,,,,,ChIJKU6p5cVAmYARWN7FcA5NKCY,https://maps.google.com/?cid=2749532296926584408&g_mp=Cidnb29nbGUubWFwcy5wbGFjZXMudjEuUGxhY2VzLlNlYXJjaFRleHQQAhgEIAA
954,not_an_operator,gate3:vacation_rental_listing,Ski & Relax: South Lake Tahoe Home with Mountain Views,,Lodging,lodging,OPERATIONAL,,0,true,alpine-ski,ski rental,core,standard,covered_tile,0,operator,,,,,ChIJjQAMhuyOmYARB3x7VSRtB5E,https://maps.google.com/?cid=10450441463156931591&g_mp=Cidnb29nbGUubWFwcy5wbGFjZXMudjEuUGxhY2VzLlNlYXJjaFRleHQQAhgEIAA
955,not_an_operator,gate3:vacation_rental_listing,"Ski & Relax: Updated Townhome Near Downtown, Casinos & Board Games!",,Lodging,lodging,OPERATIONAL,,0,true,alpine-ski,ski rental; ski shop,core,standard,covered_tile,0,operator,,,,,ChIJqxLuApdGmYARaCXzGpsheYM,https://maps.google.com/?cid=9473640241206338920&g_mp=Cidnb29nbGUubWFwcy5wbGFjZXMudjEuUGxhY2VzLlNlYXJjaFRleHQQAhgEIAA
956,not_an_operator,gate3:vacation_rental_listing,Ski & Soak: Hot Tub Haven in Tahoe City!,,Lodging,lodging,OPERATIONAL,,0,true,alpine-ski,ski rental,core,standard,covered_tile,0,operator,,,,,ChIJQcd4MJB9mYARNiHLECddoos,https://maps.google.com/?cid=10061706939865964854&g_mp=Cidnb29nbGUubWFwcy5wbGFjZXMudjEuUGxhY2VzLlNlYXJjaFRleHQQAhgEIAA
957,not_an_operator,gate3:vacation_rental_listing,Ski and Apres! Cozy Condo in Tahoe City!,,Lodging,lodging,OPERATIONAL,,0,true,alpine-ski,ski rental,core,standard,covered_tile,0,operator,,,,,ChIJmZtqZwN9mYARRy7O6vu9DRc,https://maps.google.com/?cid=1661192727243402823&g_mp=Cidnb29nbGUubWFwcy5wbGFjZXMudjEuUGxhY2VzLlNlYXJjaFRleHQQAhgEIAA
958,not_an_operator,gate3:vacation_rental_listing,Ski and Lake House at Serene Lakes,,Lodging,lodging,OPERATIONAL,,0,true,alpine-ski,ski rental,core,standard,covered_tile,0,operator,,,,,ChIJKR4GaDHom4ARTStKZn4ViAM,https://maps.google.com/?cid=254477011572632397&g_mp=Cidnb29nbGUubWFwcy5wbGFjZXMudjEuUGxhY2VzLlNlYXJjaFRleHQQAhgEIAA
959,not_an_operator,gate3:vacation_rental_listing,"SKI AND SUMMER TOWNHOME LOADS OF AMENITIES Golf , tennis, skiing, pools, hot tub",,Lodging,lodging,OPERATIONAL,,0,true,alpine-ski,ski rental,core,standard,covered_tile,0,operator,,,,,ChIJd6U7uYPgm4AR-coNJ66fdl0,https://maps.google.com/?cid=6734745863107496697&g_mp=Cidnb29nbGUubWFwcy5wbGFjZXMudjEuUGxhY2VzLlNlYXJjaFRleHQQAhgEIAA
960,not_an_operator,gate3:vacation_rental_listing,Ski Board with Hot Tub,,Lodging,lodging,OPERATIONAL,,0,true,alpine-ski,ski rental; ski shop,core,standard,covered_tile,0,operator,,,,,ChIJVTQXkcFvmYARPrAGnNZHujI,https://maps.google.com/?cid=3655313034630836286&g_mp=Cidnb29nbGUubWFwcy5wbGFjZXMudjEuUGxhY2VzLlNlYXJjaFRleHQQAhgEIAA
961,not_an_operator,gate3:vacation_rental_listing,Ski Bowl Condo~Tahoe Donner,,Lodging,lodging,OPERATIONAL,,0,true,alpine-ski,ski rental,core,standard,covered_tile,0,operator,,,,,ChIJc9Bc8y3nm4AR0vPHxgYYijo,https://maps.google.com/?cid=4218210418369754066&g_mp=Cidnb29nbGUubWFwcy5wbGFjZXMudjEuUGxhY2VzLlNlYXJjaFRleHQQAhgEIAA
962,not_an_operator,gate3:vacation_rental_listing,Ski Bowl Condos Unit 518 - Three-Bedroom Apartment,,Lodging,lodging,OPERATIONAL,,0,true,alpine-ski,ski rental,core,standard,covered_tile,0,operator,,,,,ChIJYSh0bC7nm4AR_se7rsDlkfk,https://maps.google.com/?cid=17983407402795124734&g_mp=Cidnb29nbGUubWFwcy5wbGFjZXMudjEuUGxhY2VzLlNlYXJjaFRleHQQAhgEIAA
963,not_an_operator,gate3:vacation_rental_listing,Ski Bowl Slopeside - Three Bedroom Apartment,,Lodging,lodging,OPERATIONAL,,0,true,alpine-ski,ski rental,core,standard,covered_tile,0,operator,,,,,ChIJaYukbS7nm4ARwS0zIHKanBc,https://maps.google.com/?cid=1701404574196379073&g_mp=Cidnb29nbGUubWFwcy5wbGFjZXMudjEuUGxhY2VzLlNlYXJjaFRleHQQAhgEIAA
964,not_an_operator,gate3:vacation_rental_listing,Ski Bums hideout- The Eagle’s Nest with Fabulous Views of Lake Tahoe.Walk to Ski,,Lodging,lodging,OPERATIONAL,,0,true,alpine-ski,ski rental,core,standard,covered_tile,0,operator,,,,,ChIJ6TPFuQeamYARO5A8SyXbYZk,https://maps.google.com/?cid=11052355913766441019&g_mp=Cidnb29nbGUubWFwcy5wbGFjZXMudjEuUGxhY2VzLlNlYXJjaFRleHQQAhgEIAA
965,not_an_operator,gate3:vacation_rental_listing,"Ski Condo at 'Heavenly' Ski in /Out at Stagecoach Lift, Nv",,Lodging,lodging,OPERATIONAL,,0,true,alpine-ski,ski rental,core,standard,covered_tile,0,operator,,,,,ChIJscz747OQmYARbR_9gh3lHdk,https://maps.google.com/?cid=15644912595469410157&g_mp=Cidnb29nbGUubWFwcy5wbGFjZXMudjEuUGxhY2VzLlNlYXJjaFRleHQQAhgEIAA
966,not_an_operator,gate3:vacation_rental_listing,Ski Condo North Lake Tahoe,,Lodging,lodging,OPERATIONAL,,0,true,alpine-ski,ski rental,core,standard,covered_tile,0,operator,,,,,ChIJa8V4aTbem4ARo9_DO9RpD2g,https://maps.google.com/?cid=7498328264851840931&g_mp=Cidnb29nbGUubWFwcy5wbGFjZXMudjEuUGxhY2VzLlNlYXJjaFRleHQQAhgEIAA
967,not_an_operator,gate3:vacation_rental_listing,Ski Condo w / Beach Access + 2 Mi to Diamond Peak!,,Lodging,lodging,OPERATIONAL,,0,true,alpine-ski,ski rental,core,standard,covered_tile,0,operator,,,,,ChIJNatdgUlwmYAROz3LKhKdLKg,https://maps.google.com/?cid=12118233398700096827&g_mp=Cidnb29nbGUubWFwcy5wbGFjZXMudjEuUGxhY2VzLlNlYXJjaFRleHQQAhgEIAA
968,not_an_operator,gate3:vacation_rental_listing,"SKI CONDO! Beautifully decorated, lake view, Amazing in summer too!!",,Lodging,lodging,OPERATIONAL,,0,true,alpine-ski,ski rental,core,standard,covered_tile,0,operator,,,,,ChIJCbs0H7KQmYARh5heRMpd4H0,https://maps.google.com/?cid=9070352772836006023&g_mp=Cidnb29nbGUubWFwcy5wbGFjZXMudjEuUGxhY2VzLlNlYXJjaFRleHQQAhgEIAA
969,not_an_operator,gate3:vacation_rental_listing,Ski Country - Three-Bedroom House,,Lodging,lodging,OPERATIONAL,,0,true,alpine-ski,ski rental,core,standard,covered_tile,0,operator,,,,,ChIJXy8JN2Pgm4AR_Z1I0FTp02U,https://maps.google.com/?cid=7337464768397614589&g_mp=Cidnb29nbGUubWFwcy5wbGFjZXMudjEuUGxhY2VzLlNlYXJjaFRleHQQAhgEIAA
970,not_an_operator,gate3:vacation_rental_listing,Ski dream walkable to lifts - 2 decks WFH area & shuttle pick-up across street,,Lodging,lodging,OPERATIONAL,,0,true,alpine-ski,ski rental,core,standard,covered_tile,0,operator,,,,,ChIJaSCzErKQmYARRR6Yc84c9FM,https://maps.google.com/?cid=6049491872493608517&g_mp=Cidnb29nbGUubWFwcy5wbGFjZXMudjEuUGxhY2VzLlNlYXJjaFRleHQQAhgEIAA
971,not_an_operator,gate3:vacation_rental_listing,Ski dream walkable to lifts - 2 decks WFH area & shuttle pick-up across street,,Lodging,lodging,OPERATIONAL,,0,true,alpine-ski,ski rental,core,standard,covered_tile,0,operator,,,,,ChIJQS9NbbKQmYARuktdNndTMw4,https://maps.google.com/?cid=1023253311821532090&g_mp=Cidnb29nbGUubWFwcy5wbGFjZXMudjEuUGxhY2VzLlNlYXJjaFRleHQQAhgEIAA
972,not_an_operator,gate3:vacation_rental_listing,"Ski dream walkable to lifts - 2 decks, WFH area & shuttle pick-up across street",,Lodging,lodging,OPERATIONAL,,0,true,alpine-ski,ski rental,core,standard,covered_tile,0,operator,,,,,ChIJaSCzErKQmYARngF3PYPInLc,https://maps.google.com/?cid=13230670271305154974&g_mp=Cidnb29nbGUubWFwcy5wbGFjZXMudjEuUGxhY2VzLlNlYXJjaFRleHQQAhgEIAA
973,not_an_operator,gate3:vacation_rental_listing,"Ski dream walkable to lifts - 2 decks, WFH area shuttle pick-up across street",,Lodging,lodging,OPERATIONAL,,0,true,alpine-ski,ski rental,core,standard,covered_tile,0,operator,,,,,ChIJaSCzErKQmYARnrvnI98YadM,https://maps.google.com/?cid=15233734561216576414&g_mp=Cidnb29nbGUubWFwcy5wbGFjZXMudjEuUGxhY2VzLlNlYXJjaFRleHQQAhgEIAA
974,not_an_operator,gate3:vacation_rental_listing,Ski Dreams - Three Bedroom Apartment,,Lodging,lodging,OPERATIONAL,,0,true,alpine-ski,ski rental,core,standard,covered_tile,0,operator,,,,,ChIJR7OdHUpwmYARGMfj5Auxcwg,https://maps.google.com/?cid=609025039268038424&g_mp=Cidnb29nbGUubWFwcy5wbGFjZXMudjEuUGxhY2VzLlNlYXJjaFRleHQQAhgEIAA
975,not_an_operator,gate3:vacation_rental_listing,Ski Getaway - Near Heavenly Valley,,Lodging,lodging,OPERATIONAL,,0,true,alpine-ski,ski rental,core,standard,covered_tile,0,operator,,,,,ChIJzTDK4KiQmYARTUrYb9aG6qk,https://maps.google.com/?cid=12243746792517683789&g_mp=Cidnb29nbGUubWFwcy5wbGFjZXMudjEuUGxhY2VzLlNlYXJjaFRleHQQAhgEIAA
976,not_an_operator,gate3:vacation_rental_listing,Ski Getaway: Reno Home By Attractions,,Lodging,lodging,OPERATIONAL,,0,true,alpine-ski,ski rental,core,standard,covered_tile,0,operator,,,,,ChIJh2YfeslFmYARBO8QK-fqDSk,https://maps.google.com/?cid=2958278808833158916&g_mp=Cidnb29nbGUubWFwcy5wbGFjZXMudjEuUGxhY2VzLlNlYXJjaFRleHQQAhgEIAA
977,not_an_operator,gate3:vacation_rental_listing,Ski Heavenly w / the Gondola to access the mountain @ the Timber Lodge Marriott’s,,Lodging,lodging,OPERATIONAL,,0,true,alpine-ski,ski rental,core,standard,covered_tile,0,operator,,,,,ChIJ_zwY7naQmYAR61pt1yHqv4I,https://maps.google.com/?cid=9421506376551455467&g_mp=Cidnb29nbGUubWFwcy5wbGFjZXMudjEuUGxhY2VzLlNlYXJjaFRleHQQAhgEIAA
978,not_an_operator,gate3:vacation_rental_listing,Ski Heavenly w/ the Gondola to access the mountain @ the Timber Lodge Marriott’s,,Lodging,lodging,OPERATIONAL,,0,true,alpine-ski,ski rental,core,standard,covered_tile,0,operator,,,,,ChIJgfMY7naQmYARTtkBT_2LUEA,https://maps.google.com/?cid=4634357936632748366&g_mp=Cidnb29nbGUubWFwcy5wbGFjZXMudjEuUGxhY2VzLlNlYXJjaFRleHQQAhgEIAA
979,not_an_operator,gate3:vacation_rental_listing,Ski In /Out - Zalanta - Perfect Location - Heated Pool - 2 Hot Tubs - Heavenly,,Lodging,lodging,OPERATIONAL,,0,true,alpine-ski,ski rental,core,standard,covered_tile,0,operator,,,,,ChIJfwwFanaQmYARD7SYE3FoaEs,https://maps.google.com/?cid=5433707785291871247&g_mp=Cidnb29nbGUubWFwcy5wbGFjZXMudjEuUGxhY2VzLlNlYXJjaFRleHQQAhgEIAA
980,not_an_operator,gate3:vacation_rental_listing,Ski In /Out | Hot Tub Slopeside Views | Sleeps 4,,Lodging,lodging,OPERATIONAL,,0,true,alpine-ski,ski rental,core,standard,covered_tile,0,operator,,,,,ChIJoZOXWrGQmYAR2SiJ80ATOVc,https://maps.google.com/?cid=6285075924656924889&g_mp=Cidnb29nbGUubWFwcy5wbGFjZXMudjEuUGxhY2VzLlNlYXJjaFRleHQQAhgEIAA
981,not_an_operator,gate3:vacation_rental_listing,Ski In /Out Eagles Nest Lodge - Studio /4A,,Lodging,lodging,OPERATIONAL,,0,true,alpine-ski,ski rental,core,standard,covered_tile,0,operator,,,,,ChIJKwMwKLGQmYARMGgH6icdT_0,https://maps.google.com/?cid=18252839872023193648&g_mp=Cidnb29nbGUubWFwcy5wbGFjZXMudjEuUGxhY2VzLlNlYXJjaFRleHQQAhgEIAA
982,not_an_operator,gate3:vacation_rental_listing,"Ski In /Out Skier /Snowboarder Delight \""B\""",,Lodging,lodging,OPERATIONAL,,0,true,alpine-ski,ski rental,core,standard,covered_tile,0,operator,,,,,ChIJ6_5zWLGQmYARgdSeOs-Rz1w,https://maps.google.com/?cid=6687724290896221313&g_mp=Cidnb29nbGUubWFwcy5wbGFjZXMudjEuUGxhY2VzLlNlYXJjaFRleHQQAhgEIAA
983,not_an_operator,gate3:vacation_rental_listing,SKI IN /OUT-WALK TO NORTHSTAR VILLAGE 2 BEDROOM+LOFT,,Lodging,lodging,OPERATIONAL,,0,true,alpine-ski,ski rental,core,standard,covered_tile,0,operator,,,,,ChIJl_RA_DZimYARYdAvVA3yNms,https://maps.google.com/?cid=7725628349861580897&g_mp=Cidnb29nbGUubWFwcy5wbGFjZXMudjEuUGxhY2VzLlNlYXJjaFRleHQQAhgEIAA
984,not_an_operator,gate3:vacation_rental_listing,Ski in /Ski out Cozy Home in April,,Lodging,lodging,OPERATIONAL,,0,true,alpine-ski,ski rental,core,standard,covered_tile,0,operator,,,,,ChIJBWLpvrGQmYAR070-YIeo-_I,https://maps.google.com/?cid=17508773275721711059&g_mp=Cidnb29nbGUubWFwcy5wbGFjZXMudjEuUGxhY2VzLlNlYXJjaFRleHQQAhgEIAA
985,not_an_operator,gate3:vacation_rental_listing,Ski In /Ski Out! Enjoy the amazing powder Palisades is receiving this season!,,Lodging,lodging,OPERATIONAL,,0,true,alpine-ski,ski rental; ski shop,core,standard,covered_tile,0,operator,,,,,ChIJSzIGZe3Zm4ARtKqQPlWVFxk,https://maps.google.com/?cid=1808077968766970548&g_mp=Cidnb29nbGUubWFwcy5wbGFjZXMudjEuUGxhY2VzLlNlYXJjaFRleHQQAhgEIAA
986,not_an_operator,gate3:vacation_rental_listing,Ski IN and OUT 2Bdrm at Hyatt Northstar New Years Week,,Lodging,lodging,OPERATIONAL,,0,true,alpine-ski,ski rental,core,standard,covered_tile,0,operator,,,,,ChIJn40FMzFimYARG1Cr4BqDi4g,https://maps.google.com/?cid=9839101962382692379&g_mp=Cidnb29nbGUubWFwcy5wbGFjZXMudjEuUGxhY2VzLlNlYXJjaFRleHQQAhgEIAA
987,not_an_operator,gate3:vacation_rental_listing,Ski In and Ski Out at Hyatt Northstar Lodge in Luxury Studio Romantic Ski Escape,,Lodging,lodging,OPERATIONAL,,0,true,alpine-ski,ski rental,core,standard,covered_tile,0,operator,,,,,ChIJA2cV9TBimYARK_VLVtCL4DE,https://maps.google.com/?cid=3594026229558932779&g_mp=Cidnb29nbGUubWFwcy5wbGFjZXMudjEuUGxhY2VzLlNlYXJjaFRleHQQAhgEIAA
988,not_an_operator,gate3:vacation_rental_listing,Ski In and Ski Out at Hyatt Northstar Lodge in Luxury Studio Romantic Ski Escape,,Lodging,lodging,OPERATIONAL,,0,true,alpine-ski,ski rental,core,standard,covered_tile,0,operator,,,,,ChIJA2cV9TBimYAR9nTYPv5DfN0,https://maps.google.com/?cid=15959705938749322486&g_mp=Cidnb29nbGUubWFwcy5wbGFjZXMudjEuUGxhY2VzLlNlYXJjaFRleHQQAhgEIAA
989,not_an_operator,gate3:vacation_rental_listing,Ski In and Ski Out at Hyatt Northstar Lodge in Luxury Studio Romantic Ski Escape,,Lodging,lodging,OPERATIONAL,,0,true,alpine-ski,ski rental,core,standard,covered_tile,0,operator,,,,,ChIJXZCXtzFimYARHNrtZjYc_Ng,https://maps.google.com/?cid=15635403026304195100&g_mp=Cidnb29nbGUubWFwcy5wbGFjZXMudjEuUGxhY2VzLlNlYXJjaFRleHQQAhgEIAA
990,not_an_operator,gate3:vacation_rental_listing,Ski In and Ski Out at Hyatt Northstar Lodge in Luxury Studio Romantic Ski Escape,,Lodging,lodging,OPERATIONAL,,0,true,alpine-ski,ski rental,core,standard,covered_tile,0,operator,,,,,ChIJ7cOZtzFimYARLiwrPhhQ6Dw,https://maps.google.com/?cid=4388845901925002286&g_mp=Cidnb29nbGUubWFwcy5wbGFjZXMudjEuUGxhY2VzLlNlYXJjaFRleHQQAhgEIAA
991,not_an_operator,gate3:vacation_rental_listing,Ski in and ski out in this wonderful Heavenly luxury three bedroom and 2 bath,,Lodging,lodging,OPERATIONAL,,0,true,alpine-ski,ski rental,core,standard,covered_tile,0,operator,,,,,ChIJ6Yjdo0KQmYARQVRsG2Jk8KI,https://maps.google.com/?cid=11740994601084539969&g_mp=Cidnb29nbGUubWFwcy5wbGFjZXMudjEuUGxhY2VzLlNlYXJjaFRleHQQAhgEIAA
992,not_an_operator,gate3:vacation_rental_listing,Ski in and Ski out. Exclusive Big Springs area.,,Lodging,lodging,OPERATIONAL,,0,true,alpine-ski,ski rental,core,standard,covered_tile,0,operator,,,,,ChIJOYQbmTBimYAR2aNpHZStGNk,https://maps.google.com/?cid=15643444157331645401&g_mp=Cidnb29nbGUubWFwcy5wbGFjZXMudjEuUGxhY2VzLlNlYXJjaFRleHQQAhgEIAA
993,not_an_operator,gate3:vacation_rental_listing,Ski in or Walk to lifts hot tub covered parking,,Lodging,lodging,OPERATIONAL,,0,true,alpine-ski,ski rental,core,standard,covered_tile,0,operator,,,,,ChIJtwgQva32mYAR3gqPzywMXDk,https://maps.google.com/?cid=4133191944619625182&g_mp=Cidnb29nbGUubWFwcy5wbGFjZXMudjEuUGxhY2VzLlNlYXJjaFRleHQQAhgEIAA
994,not_an_operator,gate3:vacation_rental_listing,Ski in out King bed Suite Mountain View,,Lodging,lodging,OPERATIONAL,,0,true,alpine-ski,ski rental,core,standard,covered_tile,0,operator,,,,,ChIJOdR9G03xmYART6GLGjLDHbo,https://maps.google.com/?cid=13411089885340344655&g_mp=Cidnb29nbGUubWFwcy5wbGFjZXMudjEuUGxhY2VzLlNlYXJjaFRleHQQAhgEIAA
995,not_an_operator,gate3:vacation_rental_listing,Ski In Ski Out 1200sf VIP Palisades Condo Mountain Open Until Memorial Day - Deluxe Apartment,,Lodging,lodging,OPERATIONAL,,0,true,alpine-ski,ski rental,core,standard,covered_tile,0,operator,,,,,ChIJOdDZAe3Zm4ARbqHE5OrOlMU,https://maps.google.com/?cid=14237231830280741230&g_mp=Cidnb29nbGUubWFwcy5wbGFjZXMudjEuUGxhY2VzLlNlYXJjaFRleHQQAhgEIAA
996,not_an_operator,gate3:vacation_rental_listing,Ski In Ski Out 3 BDR Steps from Stagecoach Lift,,Lodging,lodging,OPERATIONAL,,0,true,alpine-ski,ski rental,core,standard,covered_tile,0,operator,,,,,ChIJx0xnXLGQmYARxT6AsDoiFmE,https://maps.google.com/?cid=6995816706631286469&g_mp=Cidnb29nbGUubWFwcy5wbGFjZXMudjEuUGxhY2VzLlNlYXJjaFRleHQQAhgEIAA
997,not_an_operator,gate3:vacation_rental_listing,Ski in Ski out Dream Studio Village Mtn Views,,Lodging,lodging,OPERATIONAL,,0,true,alpine-ski,ski rental,core,standard,covered_tile,0,operator,,,,,ChIJJzzS_EzxmYARGjxWRVjvtt4,https://maps.google.com/?cid=16048277484580781082&g_mp=Cidnb29nbGUubWFwcy5wbGFjZXMudjEuUGxhY2VzLlNlYXJjaFRleHQQAhgEIAA
998,not_an_operator,gate3:vacation_rental_listing,Ski in Ski out King Bed Suite Hotel Room Near Village,,Lodging,lodging,OPERATIONAL,,0,true,alpine-ski,ski rental,core,standard,covered_tile,0,operator,,,,,ChIJV4qPHE3xmYARTIDAA773uK0,https://maps.google.com/?cid=12518027559755087948&g_mp=Cidnb29nbGUubWFwcy5wbGFjZXMudjEuUGxhY2VzLlNlYXJjaFRleHQQAhgEIAA
999,not_an_operator,gate3:vacation_rental_listing,Ski in Ski out Modern Condo next to Stagecoach lift and lodge (SL416J),,Lodging,lodging,OPERATIONAL,,0,true,alpine-ski,ski rental,core,standard,covered_tile,0,operator,,,,,ChIJz5Ko47OQmYARxwYOBpvxgCg,https://maps.google.com/?cid=2918598206659888839&g_mp=Cidnb29nbGUubWFwcy5wbGFjZXMudjEuUGxhY2VzLlNlYXJjaFRleHQQAhgEIAA
1000,not_an_operator,gate3:vacation_rental_listing,Ski In Ski Out PT Lodge 2BR 2BA Hot Tubs,,Lodging,lodging,OPERATIONAL,,0,true,alpine-ski,ski rental,core,standard,covered_tile,0,operator,,,,,ChIJaT1vAe3Zm4ARK4XQY0iaQCg,https://maps.google.com/?cid=2900487795729532203&g_mp=Cidnb29nbGUubWFwcy5wbGFjZXMudjEuUGxhY2VzLlNlYXJjaFRleHQQAhgEIAA
1001,not_an_operator,gate3:vacation_rental_listing,Ski In Ski Out Stagecoach Lift at Heavenly 3BR 3BA,,Lodging,lodging,OPERATIONAL,,0,true,alpine-ski,ski rental,core,standard,covered_tile,0,operator,,,,,ChIJ6fev5LOQmYARilfIhfEsLfE,https://maps.google.com/?cid=17378595952935851914&g_mp=Cidnb29nbGUubWFwcy5wbGFjZXMudjEuUGxhY2VzLlNlYXJjaFRleHQQAhgEIAA
1002,not_an_operator,gate3:vacation_rental_listing,"Ski in the winter, swim in the summer- Lake Tahoe is the perfect trip year round",,Lodging,lodging,OPERATIONAL,,0,true,alpine-ski,ski rental,core,standard,covered_tile,0,operator,,,,,ChIJBe73Ew-QmYARIUP3osl8tbo,https://maps.google.com/?cid=13453796667303609121&g_mp=Cidnb29nbGUubWFwcy5wbGFjZXMudjEuUGxhY2VzLlNlYXJjaFRleHQQAhgEIAA
1003,not_an_operator,gate3:vacation_rental_listing,"Ski in the winter, swim in the summer- Lake Tahoe is the perfect trip year round",,Lodging,lodging,OPERATIONAL,,0,true,alpine-ski,ski rental,core,standard,covered_tile,0,operator,,,,,ChIJBe73Ew-QmYARuw6TiyVLn-k,https://maps.google.com/?cid=16834256556761747131&g_mp=Cidnb29nbGUubWFwcy5wbGFjZXMudjEuUGxhY2VzLlNlYXJjaFRleHQQAhgEIAA
1004,not_an_operator,gate3:vacation_rental_listing,"Ski in the winter, swim in the summer- Lake Tahoe is the perfect trip year round",,Lodging,lodging,OPERATIONAL,,0,true,alpine-ski,ski rental,core,standard,covered_tile,0,operator,,,,,ChIJBe73Ew-QmYARQgWYUssIpFk,https://maps.google.com/?cid=6459297434913211714&g_mp=Cidnb29nbGUubWFwcy5wbGFjZXMudjEuUGxhY2VzLlNlYXJjaFRleHQQAhgEIAA
1005,not_an_operator,gate3:vacation_rental_listing,Ski In Walk out in the Meadows,,Lodging,lodging,OPERATIONAL,,0,true,alpine-ski,ski rental,core,standard,covered_tile,0,operator,,,,,ChIJaWbzNU3xmYAR-URT2BqQZdA,https://maps.google.com/?cid=15016566977509672185&g_mp=Cidnb29nbGUubWFwcy5wbGFjZXMudjEuUGxhY2VzLlNlYXJjaFRleHQQAhgEIAA
1006,not_an_operator,gate3:vacation_rental_listing,Ski In Walk out in the Meadows,,Lodging,lodging,OPERATIONAL,,0,true,alpine-ski,ski rental,core,standard,covered_tile,0,operator,,,,,ChIJwaz2Cq32mYAROBT8ZaIbbyg,https://maps.google.com/?cid=2913577868241671224&g_mp=Cidnb29nbGUubWFwcy5wbGFjZXMudjEuUGxhY2VzLlNlYXJjaFRleHQQAhgEIAA
1007,not_an_operator,gate3:vacation_rental_listing,"Ski in, Ski out Northstar-At-Tahoe 1 BRM condo",,Lodging,lodging,OPERATIONAL,,0,true,alpine-ski,ski rental,core,standard,covered_tile,0,operator,,,,,ChIJH7kzNzZimYAR1-_3RFKkVxY,https://maps.google.com/?cid=1609936065059614679&g_mp=Cidnb29nbGUubWFwcy5wbGFjZXMudjEuUGxhY2VzLlNlYXJjaFRleHQQAhgEIAA
1008,not_an_operator,gate3:vacation_rental_listing,"Ski in, Ski out, luxury resort. Exceptional snow",,Lodging,lodging,OPERATIONAL,,0,true,alpine-ski,ski rental,core,standard,covered_tile,0,operator,,,,,ChIJJdGY9DBimYAR6TgBL-Nwxt0,https://maps.google.com/?cid=15980584448819280105&g_mp=Cidnb29nbGUubWFwcy5wbGFjZXMudjEuUGxhY2VzLlNlYXJjaFRleHQQAhgEIAA
1009,not_an_operator,gate3:vacation_rental_listing,"Ski In, Ski Out! 3 BDR Steps From Stagecoach Lift",,Lodging,lodging,OPERATIONAL,,0,true,alpine-ski,ski rental,core,standard,covered_tile,0,operator,,,,,ChIJy-1mXLGQmYAR-wCu9ig7Ozk,https://maps.google.com/?cid=4123954930911150331&g_mp=Cidnb29nbGUubWFwcy5wbGFjZXMudjEuUGxhY2VzLlNlYXJjaFRleHQQAhgEIAA
1010,not_an_operator,gate3:vacation_rental_listing,"Ski In, Ski Out! 3 BDR Steps From Stagecoach Lift",,Lodging,lodging,OPERATIONAL,,0,true,alpine-ski,ski rental,core,standard,covered_tile,0,operator,,,,,ChIJ7-1uXLGQmYARMK6tAfVnTHY,https://maps.google.com/?cid=8524302496698314288&g_mp=Cidnb29nbGUubWFwcy5wbGFjZXMudjEuUGxhY2VzLlNlYXJjaFRleHQQAhgEIAA
1011,not_an_operator,gate3:vacation_rental_listing,"Ski In, Ski Out! 3 BDR Steps From Stagecoach Lift",,Lodging,lodging,OPERATIONAL,,0,true,alpine-ski,ski rental,core,standard,covered_tile,0,operator,,,,,ChIJc0Ve0rWQmYAR7sEdPlaHYRU,https://maps.google.com/?cid=1540661352016495086&g_mp=Cidnb29nbGUubWFwcy5wbGFjZXMudjEuUGxhY2VzLlNlYXJjaFRleHQQAhgEIAA
1012,not_an_operator,gate3:vacation_rental_listing,"Ski in! Ski out! Luxury 3 Bedroom Home @Heavenly ski resort, Lake Tahoe",,Lodging,lodging,OPERATIONAL,,0,true,alpine-ski,ski rental,core,standard,covered_tile,0,operator,,,,,ChIJ6fev5LOQmYARVXgVbj9MUEY,https://maps.google.com/?cid=5066633416105359445&g_mp=Cidnb29nbGUubWFwcy5wbGFjZXMudjEuUGxhY2VzLlNlYXJjaFRleHQQAhgEIAA
1013,not_an_operator,gate3:vacation_rental_listing,SKI IN/Kirkwood Towers-King Bed Hotel Room @ Village,,Lodging,lodging,OPERATIONAL,,0,true,alpine-ski,ski rental,core,standard,covered_tile,0,operator,,,,,ChIJR0eZWUzxmYARmWAZMzq1gMQ,https://maps.google.com/?cid=14159516490022871193&g_mp=Cidnb29nbGUubWFwcy5wbGFjZXMudjEuUGxhY2VzLlNlYXJjaFRleHQQAhgEIAA
1014,not_an_operator,gate3:vacation_rental_listing,Ski In/Out - Zalanta - Great Location- 2 Hot Tubs - Heated Pool - Two-Bedroom Apartment,,Lodging,lodging,OPERATIONAL,,0,true,alpine-ski,ski rental,core,standard,covered_tile,0,operator,,,,,ChIJfaGlbHaQmYARa7lDcauyezE,https://maps.google.com/?cid=3565639979403295083&g_mp=Cidnb29nbGUubWFwcy5wbGFjZXMudjEuUGxhY2VzLlNlYXJjaFRleHQQAhgEIAA
1015,not_an_operator,gate3:vacation_rental_listing,Ski In/Out - Zalanta - Great Location- 2 Hot Tubs - Heated Pool - Two-Bedroom Apartment,,Lodging,lodging,OPERATIONAL,,0,true,alpine-ski,ski rental,core,standard,covered_tile,0,operator,,,,,ChIJwYqmbHaQmYARAaGNtK-19JI,https://maps.google.com/?cid=10589288390107963649&g_mp=Cidnb29nbGUubWFwcy5wbGFjZXMudjEuUGxhY2VzLlNlYXJjaFRleHQQAhgEIAA
1016,not_an_operator,gate3:vacation_rental_listing,Ski In/Out | Hot Tub & Slopeside Views | Sleeps 4,,Lodging,lodging,OPERATIONAL,,0,true,alpine-ski,ski rental,core,standard,covered_tile,0,operator,,,,,ChIJoZOXWrGQmYAR_S6SjBg2wW8,https://maps.google.com/?cid=8052777087780663037&g_mp=Cidnb29nbGUubWFwcy5wbGFjZXMudjEuUGxhY2VzLlNlYXJjaFRleHQQAhgEIAA
1017,not_an_operator,gate3:vacation_rental_listing,Ski IN/OUT at One Village Place Residences by Hyatt 1 BDRM,,Lodging,lodging,OPERATIONAL,,0,true,alpine-ski,ski rental,core,standard,covered_tile,0,operator,,,,,ChIJP0SdizRimYARbPEkJdBLKio,https://maps.google.com/?cid=3038324255963279724&g_mp=Cidnb29nbGUubWFwcy5wbGFjZXMudjEuUGxhY2VzLlNlYXJjaFRleHQQAhgEIAA
1018,not_an_operator,gate3:vacation_rental_listing,Ski IN/OUT at One Village Place Residences by Hyatt 2Bedroom plus Den,,Lodging,lodging,OPERATIONAL,,0,true,alpine-ski,ski rental,core,standard,covered_tile,0,operator,,,,,ChIJP0SdizRimYARerXdb9j0DG0,https://maps.google.com/?cid=7857924660281587066&g_mp=Cidnb29nbGUubWFwcy5wbGFjZXMudjEuUGxhY2VzLlNlYXJjaFRleHQQAhgEIAA
1019,not_an_operator,gate3:vacation_rental_listing,Ski In/Out Luxury Studio at Hyatt Northstar Lodge,,Lodging,lodging,OPERATIONAL,,0,true,alpine-ski,ski rental,core,standard,covered_tile,0,operator,,,,,ChIJu2Xk8zNimYARoI8zmrFdBX0,https://maps.google.com/?cid=9008709647002210208&g_mp=Cidnb29nbGUubWFwcy5wbGFjZXMudjEuUGxhY2VzLlNlYXJjaFRleHQQAhgEIAA
1020,not_an_operator,gate3:vacation_rental_listing,SKI IN/OUT-WALK TO NORTHSTAR VILLAGE 2 BEDROOM+LOFT,,Lodging,lodging,OPERATIONAL,,0,true,alpine-ski,ski rental,core,standard,covered_tile,0,operator,,,,,ChIJdS9B_DZimYARGMfkaUP8jpA,https://maps.google.com/?cid=10416540354624145176&g_mp=Cidnb29nbGUubWFwcy5wbGFjZXMudjEuUGxhY2VzLlNlYXJjaFRleHQQAhgEIAA
1021,not_an_operator,gate3:vacation_rental_listing,SKI IN/OUT-WALK TO NORTHSTAR VILLAGE 2 BEDROOM+LOFT,,Lodging,lodging,OPERATIONAL,,0,true,alpine-ski,ski rental,core,standard,covered_tile,0,operator,,,,,ChIJdS9B_DZimYAR1Wfd3TyfQ08,https://maps.google.com/?cid=5711583836205049813&g_mp=Cidnb29nbGUubWFwcy5wbGFjZXMudjEuUGxhY2VzLlNlYXJjaFRleHQQAhgEIAA
1022,not_an_operator,gate3:vacation_rental_listing,Ski In/Ski Out 3-Bedroom Basecamp in the Heart of Kirkwood - Timber Ridge,,Lodging,lodging,OPERATIONAL,,0,true,alpine-ski,ski rental,core,standard,covered_tile,0,operator,,,,,ChIJzbbykq32mYARlbicLV7bxh0,https://maps.google.com/?cid=2145643470027274389&g_mp=Cidnb29nbGUubWFwcy5wbGFjZXMudjEuUGxhY2VzLlNlYXJjaFRleHQQAhgEIAA
1023,not_an_operator,gate3:vacation_rental_listing,Ski inout SO MUCH ️ at the beautiful 2bdrm 2ba Villa @ Hyatt Northstar Village,,Lodging,lodging,OPERATIONAL,,0,true,alpine-ski,ski rental,core,standard,covered_tile,0,operator,,,,,ChIJJdGY9DBimYARp9HZDdqGXxc,https://maps.google.com/?cid=1684213056753226151&g_mp=Cidnb29nbGUubWFwcy5wbGFjZXMudjEuUGxhY2VzLlNlYXJjaFRleHQQAhgEIAA
1024,not_an_operator,gate3:vacation_rental_listing,Ski Lake Lodge - Walk to the Shoreline (IVC0817),,Lodging,lodging,OPERATIONAL,,0,true,alpine-ski,ski rental,core,standard,covered_tile,0,operator,,,,,ChIJe1JPJz5wmYARztZxu0K7KrE,https://maps.google.com/?cid=12766221989022127822&g_mp=Cidnb29nbGUubWFwcy5wbGFjZXMudjEuUGxhY2VzLlNlYXJjaFRleHQQAhgEIAA
1025,not_an_operator,gate3:vacation_rental_listing,Ski Lake Tahoe Round Hill Stateline South Lake Tahoe,,Lodging,lodging,OPERATIONAL,,0,true,alpine-ski,ski rental,core,standard,covered_tile,0,operator,,,,,ChIJ85nxMomamYARI0N711t8SMU,https://maps.google.com/?cid=14215748957694018339&g_mp=Cidnb29nbGUubWFwcy5wbGFjZXMudjEuUGxhY2VzLlNlYXJjaFRleHQQAhgEIAA
1026,not_an_operator,gate3:vacation_rental_listing,"Ski Lease - RED CABIN on Golf Course, Minutes to Northstar, dog ok",,Lodging,lodging,OPERATIONAL,,0,true,alpine-ski,ski rental,core,standard,covered_tile,0,operator,,,,,ChIJtfXyEs5kmYARjOjBu2YK6YY,https://maps.google.com/?cid=9721312707008915596&g_mp=Cidnb29nbGUubWFwcy5wbGFjZXMudjEuUGxhY2VzLlNlYXJjaFRleHQQAhgEIAA
1027,not_an_operator,gate3:vacation_rental_listing,SKI LEASE 2026-2027 Tahoe Truckee Pet Friendly Home with Amazing Views,,Lodging,lodging,OPERATIONAL,,0,true,alpine-ski,ski rental,core,standard,covered_tile,0,operator,,,,,ChIJlVJ6EsDfm4ARVASjeuq15h0,https://maps.google.com/?cid=2154609490427839572&g_mp=Cidnb29nbGUubWFwcy5wbGFjZXMudjEuUGxhY2VzLlNlYXJjaFRleHQQAhgEIAA
1028,not_an_operator,gate3:vacation_rental_listing,Ski Lease Available - Central Gorgeous Truckee Townhouse,,Lodging,lodging,OPERATIONAL,,0,true,alpine-ski,ski rental,core,standard,covered_tile,0,operator,,,,,ChIJHSN47vzfm4ARHmTTqdy8ThA,https://maps.google.com/?cid=1175084208718308382&g_mp=Cidnb29nbGUubWFwcy5wbGFjZXMudjEuUGxhY2VzLlNlYXJjaFRleHQQAhgEIAA
1029,not_an_operator,gate3:vacation_rental_listing,Ski Lease Large Donner Summit Home - views of Sugar Bowl,,Lodging,lodging,OPERATIONAL,,0,true,alpine-ski,ski rental,core,standard,covered_tile,0,operator,,,,,ChIJ9U9R3lbom4ARK1qayQPeI2E,https://maps.google.com/?cid=6999682353712486955&g_mp=Cidnb29nbGUubWFwcy5wbGFjZXMudjEuUGxhY2VzLlNlYXJjaFRleHQQAhgEIAA
1030,not_an_operator,gate3:vacation_rental_listing,SKI LEASE ONLY: A Tranquil 3-Bedroom Cozy Cabin Retreat,,Lodging,lodging,OPERATIONAL,,0,true,alpine-ski,ski rental,core,standard,covered_tile,0,operator,,,,,ChIJGRCaZ898mYARwCTx2JlC1rM,https://maps.google.com/?cid=12958618206342292672&g_mp=Cidnb29nbGUubWFwcy5wbGFjZXMudjEuUGxhY2VzLlNlYXJjaFRleHQQAhgEIAA
1031,not_an_operator,gate3:vacation_rental_listing,"Ski Lease or monthly – South Lake Tahoe, authentic Log Cabin in Al Tahoe",,Lodging,lodging,OPERATIONAL,,0,true,alpine-ski,ski rental,core,standard,covered_tile,0,operator,,,,,ChIJxSzLgeSPmYARH72f-vAMaC4,https://maps.google.com/?cid=3343936952459050271&g_mp=Cidnb29nbGUubWFwcy5wbGFjZXMudjEuUGxhY2VzLlNlYXJjaFRleHQQAhgEIAA
1032,not_an_operator,gate3:vacation_rental_listing,Ski Lease Tahoe Truckee,,Lodging,lodging,OPERATIONAL,,0,true,alpine-ski,ski rental; ski shop,core,standard,covered_tile,0,operator,,,,,ChIJZbtn77Xgm4ARgz0kopURdXw,https://maps.google.com/?cid=8968093567346294147&g_mp=Cidnb29nbGUubWFwcy5wbGFjZXMudjEuUGxhY2VzLlNlYXJjaFRleHQQAhgEIAA
1033,not_an_operator,gate3:vacation_rental_listing,"Ski Lease this Brand New Townhome in Truckee at Cold Stream, 31 day minimum.",,Lodging,lodging,OPERATIONAL,,0,true,alpine-ski,ski rental,core,standard,covered_tile,0,operator,,,,,ChIJjSg62Dzem4AR6LWP3XZkIpU,https://maps.google.com/?cid=10746262122545526248&g_mp=Cidnb29nbGUubWFwcy5wbGFjZXMudjEuUGxhY2VzLlNlYXJjaFRleHQQAhgEIAA
1034,not_an_operator,gate3:vacation_rental_listing,Ski Lease. Famliy Fun Cabin near ski area's.,,Lodging,lodging,OPERATIONAL,,0,true,alpine-ski,ski rental,core,standard,covered_tile,0,operator,,,,,ChIJr2bUz6Lgm4AR6QzeMXMg6zY,https://maps.google.com/?cid=3957292376705076457&g_mp=Cidnb29nbGUubWFwcy5wbGFjZXMudjEuUGxhY2VzLlNlYXJjaFRleHQQAhgEIAA
1035,not_an_operator,gate3:vacation_rental_listing,SKI LIFT OUTSIDE YOUR FRONT DOOR,,Lodging,lodging,OPERATIONAL,,0,true,alpine-ski,ski rental,core,standard,covered_tile,0,operator,,,,,ChIJEzc7THaQmYARgDFLDxeteHA,https://maps.google.com/?cid=8104417844005646720&g_mp=Cidnb29nbGUubWFwcy5wbGFjZXMudjEuUGxhY2VzLlNlYXJjaFRleHQQAhgEIAA
1036,not_an_operator,gate3:vacation_rental_listing,"SKI MOUNTAIN GETAWAY! AMAZING LOCATION FOR SKIING, HIKING AND SEEING LAKE TAHOE.",,Lodging,lodging,OPERATIONAL,,0,true,alpine-ski,ski rental,core,standard,covered_tile,0,operator,,,,,ChIJDSNtUQaamYARdgJMCj5MmKs,https://maps.google.com/?cid=12364716606290133622&g_mp=Cidnb29nbGUubWFwcy5wbGFjZXMudjEuUGxhY2VzLlNlYXJjaFRleHQQAhgEIAA
1037,not_an_operator,gate3:vacation_rental_listing,Ski resort at Stagecoach lift Tahoe,,Lodging,lodging,OPERATIONAL,,0,true,alpine-ski,ski rental,core,standard,covered_tile,0,operator,,,,,ChIJN-uTHreQmYARFnpzCGB_E4U,https://maps.google.com/?cid=9589148082037291542&g_mp=Cidnb29nbGUubWFwcy5wbGFjZXMudjEuUGxhY2VzLlNlYXJjaFRleHQQAhgEIAA
1038,not_an_operator,gate3:vacation_rental_listing,Ski Run Blvd | 2BR Family Suite + Easy Check-in,,Lodging,lodging,OPERATIONAL,,0,true,alpine-ski,ski rental,core,standard,covered_tile,0,operator,,,,,ChIJ5wc0-g2QmYARO6nrSUR0jAc,https://maps.google.com/?cid=543937491651766587&g_mp=Cidnb29nbGUubWFwcy5wbGFjZXMudjEuUGxhY2VzLlNlYXJjaFRleHQQAhgEIAA
1039,not_an_operator,gate3:vacation_rental_listing,Ski Run Retreat,,Lodging,lodging,OPERATIONAL,,0,true,alpine-ski,ski rental,core,standard,covered_tile,0,operator,,,,,ChIJM-yWaUCQmYARtJTfGMlZ3Co,https://maps.google.com/?cid=3088442164709921972&g_mp=Cidnb29nbGUubWFwcy5wbGFjZXMudjEuUGxhY2VzLlNlYXJjaFRleHQQAhgEIAA
1040,not_an_operator,gate3:vacation_rental_listing,Ski Sanctuary - Two Bedroom Apartment,,Lodging,lodging,OPERATIONAL,,0,true,alpine-ski,ski rental,core,standard,covered_tile,0,operator,,,,,ChIJsUY1xurZm4ARhODCLNTQWLM,https://maps.google.com/?cid=12923308740442251396&g_mp=Cidnb29nbGUubWFwcy5wbGFjZXMudjEuUGxhY2VzLlNlYXJjaFRleHQQAhgEIAA
1041,not_an_operator,gate3:vacation_rental_listing,Ski Slope Views Tahoe Donner Retreat,,Lodging,lodging,OPERATIONAL,,0,true,alpine-ski,ski rental,core,standard,covered_tile,0,operator,,,,,ChIJuXy84S7nm4ARTyQpIY2_23A,https://maps.google.com/?cid=8132304165015200847&g_mp=Cidnb29nbGUubWFwcy5wbGFjZXMudjEuUGxhY2VzLlNlYXJjaFRleHQQAhgEIAA
1042,not_an_operator,gate3:vacation_rental_listing,Ski Slope Way - Four bedroom holiday home,,Lodging,lodging,OPERATIONAL,,0,true,alpine-ski,ski rental,core,standard,covered_tile,0,operator,,,,,ChIJV0AFFDTnm4ARNtq_iGphipE,https://maps.google.com/?cid=10487301792474323510&g_mp=Cidnb29nbGUubWFwcy5wbGFjZXMudjEuUGxhY2VzLlNlYXJjaFRleHQQAhgEIAA
1043,not_an_operator,gate3:vacation_rental_listing,Ski Trail 4099 - Northstar Slopeside,,Lodging,lodging,OPERATIONAL,,0,true,alpine-ski,ski rental,core,standard,covered_tile,0,operator,,,,,ChIJYzu7_DZimYARKNedNMNNZlU,https://maps.google.com/?cid=6153691441645082408&g_mp=Cidnb29nbGUubWFwcy5wbGFjZXMudjEuUGxhY2VzLlNlYXJjaFRleHQQAhgEIAA
1044,not_an_operator,gate3:vacation_rental_listing,Ski Trails 4015 - One-Bedroom Apartment,,Lodging,lodging,OPERATIONAL,,0,true,alpine-ski,ski rental,core,standard,covered_tile,0,operator,,,,,ChIJaYxmHzdimYARyoBOxtKPZgM,https://maps.google.com/?cid=245041365171208394&g_mp=Cidnb29nbGUubWFwcy5wbGFjZXMudjEuUGxhY2VzLlNlYXJjaFRleHQQAhgEIAA
1045,not_an_operator,gate3:vacation_rental_listing,Ski Trails 4042,,Lodging,lodging,OPERATIONAL,,0,true,alpine-ski,ski rental,core,standard,covered_tile,0,operator,,,,,ChIJu5vKFjFimYAR-rj6pEx2GYg,https://maps.google.com/?cid=9806999735133452538&g_mp=Cidnb29nbGUubWFwcy5wbGFjZXMudjEuUGxhY2VzLlNlYXJjaFRleHQQAhgEIAA
1046,not_an_operator,gate3:vacation_rental_listing,Ski Trails 4058,,Lodging,lodging,OPERATIONAL,,0,true,alpine-ski,ski rental,core,standard,covered_tile,0,operator,,,,,ChIJ65nDJDdimYARD-XpfUuJsFQ,https://maps.google.com/?cid=6102528452415055119&g_mp=Cidnb29nbGUubWFwcy5wbGFjZXMudjEuUGxhY2VzLlNlYXJjaFRleHQQAhgEIAA
1047,not_an_operator,gate3:vacation_rental_listing,Ski Trails 4058,,Lodging,lodging,OPERATIONAL,,0,true,alpine-ski,ski rental,core,standard,covered_tile,0,operator,,,,,ChIJ65nDJDdimYARBh0TOhChIXE,https://maps.google.com/?cid=8151973891583188230&g_mp=Cidnb29nbGUubWFwcy5wbGFjZXMudjEuUGxhY2VzLlNlYXJjaFRleHQQAhgEIAA
1048,not_an_operator,gate3:vacation_rental_listing,Ski Trails 4070,,Lodging,lodging,OPERATIONAL,,0,true,alpine-ski,ski rental,core,standard,covered_tile,0,operator,,,,,ChIJjej5IDdimYAR4NslMvuBDS0,https://maps.google.com/?cid=3246393822282111968&g_mp=Cidnb29nbGUubWFwcy5wbGFjZXMudjEuUGxhY2VzLlNlYXJjaFRleHQQAhgEIAA
1049,not_an_operator,gate3:vacation_rental_listing,Ski Trails 4070,,Lodging,lodging,OPERATIONAL,,0,true,alpine-ski,ski rental,core,standard,covered_tile,0,operator,,,,,ChIJjej5IDdimYARslmW71rhiZI,https://maps.google.com/?cid=10559218582029752754&g_mp=Cidnb29nbGUubWFwcy5wbGFjZXMudjEuUGxhY2VzLlNlYXJjaFRleHQQAhgEIAA
1050,not_an_operator,gate3:vacation_rental_listing,Ski Trails 4099 by East West Hospitality,,Lodging,lodging,OPERATIONAL,,0,true,alpine-ski,ski rental,core,standard,covered_tile,0,operator,,,,,ChIJYzu7_DZimYARLFOkLc37U2M,https://maps.google.com/?cid=7157341091474461484&g_mp=Cidnb29nbGUubWFwcy5wbGFjZXMudjEuUGxhY2VzLlNlYXJjaFRleHQQAhgEIAA
1051,not_an_operator,gate3:vacation_rental_listing,Ski Trails 4113,,Lodging,lodging,OPERATIONAL,,0,true,alpine-ski,ski rental,core,standard,covered_tile,0,operator,,,,,ChIJFXFYRTZimYARltGCerpuIjE,https://maps.google.com/?cid=3540514004264997270&g_mp=Cidnb29nbGUubWFwcy5wbGFjZXMudjEuUGxhY2VzLlNlYXJjaFRleHQQAhgEIAA
1052,not_an_operator,gate3:vacation_rental_listing,Ski Trails 4119 - Northstar Slopeside,,Lodging,lodging,OPERATIONAL,,0,true,alpine-ski,ski rental,core,standard,covered_tile,0,operator,,,,,ChIJoRb06DZimYARKyXS6uHmy88,https://maps.google.com/?cid=14973315244105016619&g_mp=Cidnb29nbGUubWFwcy5wbGFjZXMudjEuUGxhY2VzLlNlYXJjaFRleHQQAhgEIAA
1053,not_an_operator,gate3:vacation_rental_listing,Ski Trails 4123,,Lodging,lodging,OPERATIONAL,,0,true,alpine-ski,ski rental,core,standard,covered_tile,0,operator,,,,,ChIJD5vgRjZimYARGEtSa_EVUtA,https://maps.google.com/?cid=15011084634611141400&g_mp=Cidnb29nbGUubWFwcy5wbGFjZXMudjEuUGxhY2VzLlNlYXJjaFRleHQQAhgEIAA
1054,not_an_operator,gate3:vacation_rental_listing,Ski Trails Condo - in the Heart of Northstar,,Lodging,lodging,OPERATIONAL,,0,true,alpine-ski,ski rental,core,standard,covered_tile,0,operator,,,,,ChIJ90uB4TZimYARYIm0zJH3R4E,https://maps.google.com/?cid=9315686559815862624&g_mp=Cidnb29nbGUubWFwcy5wbGFjZXMudjEuUGxhY2VzLlNlYXJjaFRleHQQAhgEIAA
1055,not_an_operator,gate3:vacation_rental_listing,Ski Trails Condo-Prime location with ski in/out snow level conditions permitting,,Lodging,lodging,OPERATIONAL,,0,true,alpine-ski,ski rental,core,standard,covered_tile,0,operator,,,,,ChIJ6SQ-IDdimYARVIwtFgoOI0k,https://maps.google.com/?cid=5270071425438157908&g_mp=Cidnb29nbGUubWFwcy5wbGFjZXMudjEuUGxhY2VzLlNlYXJjaFRleHQQAhgEIAA
1056,not_an_operator,gate3:vacation_rental_listing,Ski Trails Condominiums by DC,,Lodging,lodging,OPERATIONAL,,0,true,alpine-ski,ski rental,core,standard,covered_tile,0,operator,,,,,ChIJ_fUnJTdimYARV_7kPEjqv7w,https://maps.google.com/?cid=13600846995662372439&g_mp=Cidnb29nbGUubWFwcy5wbGFjZXMudjEuUGxhY2VzLlNlYXJjaFRleHQQAhgEIAA
1057,not_an_operator,gate3:vacation_rental_listing,Ski Way by AvantStay | Cozy Tahoe Home w/ Fireplace & Balcony,,Lodging,lodging,OPERATIONAL,,0,true,alpine-ski,ski rental,core,standard,covered_tile,0,operator,,,,,ChIJK4jK9ElwmYARgZj7PiU15so,https://maps.google.com/?cid=14620431674391632001&g_mp=Cidnb29nbGUubWFwcy5wbGFjZXMudjEuUGxhY2VzLlNlYXJjaFRleHQQAhgEIAA
1058,not_an_operator,gate3:vacation_rental_listing,Ski Way by Avantstay Cozy Tahoe Home w/ Fireplace & Balcony,,Lodging,lodging,OPERATIONAL,,0,true,alpine-ski,ski rental,core,standard,covered_tile,0,operator,,,,,ChIJK4jK9ElwmYARe_wCAxIZDfM,https://maps.google.com/?cid=17513682091064360059&g_mp=Cidnb29nbGUubWFwcy5wbGFjZXMudjEuUGxhY2VzLlNlYXJjaFRleHQQAhgEIAA
1059,not_an_operator,gate3:vacation_rental_listing,Ski week 2023-dates available-Epic snowpack!,,Lodging,lodging,OPERATIONAL,,0,true,alpine-ski,ski rental,core,standard,covered_tile,0,operator,,,,,ChIJ02o-9TBimYARPiyY08nYTBU,https://maps.google.com/?cid=1534839934376487998&g_mp=Cidnb29nbGUubWFwcy5wbGFjZXMudjEuUGxhY2VzLlNlYXJjaFRleHQQAhgEIAA
1060,not_an_operator,gate3:vacation_rental_listing,Ski Week at Northstar California Resort /Ski in Ski out /3br Villa /February 15-22,,Lodging,lodging,OPERATIONAL,,0,true,alpine-ski,ski rental,core,standard,covered_tile,0,operator,,,,,ChIJw3hD9TBimYARY9kdmfArNpk,https://maps.google.com/?cid=11040059848906365283&g_mp=Cidnb29nbGUubWFwcy5wbGFjZXMudjEuUGxhY2VzLlNlYXJjaFRleHQQAhgEIAA
1061,not_an_operator,gate3:vacation_rental_listing,Ski Week at Northstar California Resort/Ski in Ski out/3br Villa/February 15-22,,Lodging,lodging,OPERATIONAL,,0,true,alpine-ski,ski rental,core,standard,covered_tile,0,operator,,,,,ChIJ6TVb9TBimYARvtDZzD2FIW0,https://maps.google.com/?cid=7863712924841922750&g_mp=Cidnb29nbGUubWFwcy5wbGFjZXMudjEuUGxhY2VzLlNlYXJjaFRleHQQAhgEIAA
1062,not_an_operator,gate3:vacation_rental_listing,"Ski WorldMark Tahoe III, NV",,Lodging,lodging,OPERATIONAL,,0,true,alpine-ski,ski rental,core,standard,covered_tile,0,operator,,,,,ChIJewCweamQmYARd8x9EWArIVc,https://maps.google.com/?cid=6278347047141493879&g_mp=Cidnb29nbGUubWFwcy5wbGFjZXMudjEuUGxhY2VzLlNlYXJjaFRleHQQAhgEIAA
1063,not_an_operator,gate3:vacation_rental_listing,Ski-in /ski-out alpine dream condo at Everline Resort Spa,,Lodging,lodging,OPERATIONAL,,0,true,alpine-ski,ski rental,core,standard,covered_tile,0,operator,,,,,ChIJRQc0wMXZm4AR1eVox3fyPpM,https://maps.google.com/?cid=10610184368392037845&g_mp=Cidnb29nbGUubWFwcy5wbGFjZXMudjEuUGxhY2VzLlNlYXJjaFRleHQQAhgEIAA
1064,not_an_operator,gate3:vacation_rental_listing,Ski-in /ski-out alpine dream condo at Everline Resort Spa,,Lodging,lodging,OPERATIONAL,,0,true,alpine-ski,ski rental,core,standard,covered_tile,0,operator,,,,,ChIJRQc0wMXZm4ARm-x88fu8HvM,https://maps.google.com/?cid=17518647390792117403&g_mp=Cidnb29nbGUubWFwcy5wbGFjZXMudjEuUGxhY2VzLlNlYXJjaFRleHQQAhgEIAA
1065,not_an_operator,gate3:vacation_rental_listing,"Ski-in /Ski-Out at Northstar, Après-ski, 10,000+ Sq Ft, on 1.36 Acres",,Lodging,lodging,OPERATIONAL,,0,true,alpine-ski,ski rental,core,standard,covered_tile,0,operator,,,,,ChIJeRDlqD5imYARVhXHIoBauVw,https://maps.google.com/?cid=6681471028566627670&g_mp=Cidnb29nbGUubWFwcy5wbGFjZXMudjEuUGxhY2VzLlNlYXJjaFRleHQQAhgEIAA
1066,not_an_operator,gate3:vacation_rental_listing,Ski-In /Ski-Out Cozy 1BR Retreat,,Lodging,lodging,OPERATIONAL,,0,true,alpine-ski,ski rental; ski shop,core,standard,covered_tile,0,operator,,,,,ChIJEeBuODZimYARj9r-WrQLA8g,https://maps.google.com/?cid=14412376101764389519&g_mp=Cidnb29nbGUubWFwcy5wbGFjZXMudjEuUGxhY2VzLlNlYXJjaFRleHQQAhgEIAA
1067,not_an_operator,gate3:vacation_rental_listing,Ski-In /Ski-Out Heavenly Retreat,,Lodging,lodging,OPERATIONAL,,0,true,alpine-ski,ski rental,core,standard,covered_tile,0,operator,,,,,ChIJPz4P0LCQmYARZDj0EkAvL8o,https://maps.google.com/?cid=14568915271809251428&g_mp=Cidnb29nbGUubWFwcy5wbGFjZXMudjEuUGxhY2VzLlNlYXJjaFRleHQQAhgEIAA
1068,not_an_operator,gate3:vacation_rental_listing,Ski-in /ski-out mountain view home with hot tub - hiking activities nearby,,Lodging,lodging,OPERATIONAL,,0,true,alpine-ski,ski rental,core,standard,covered_tile,0,operator,,,,,ChIJg5NjMkOQmYARoKuySEyI-sU,https://maps.google.com/?cid=14265864630868028320&g_mp=Cidnb29nbGUubWFwcy5wbGFjZXMudjEuUGxhY2VzLlNlYXJjaFRleHQQAhgEIAA
1069,not_an_operator,gate3:vacation_rental_listing,Ski-in /ski-out Squaw Valley Lodge 2BR Master: Walk to Lifts Restaurants,,Lodging,lodging,OPERATIONAL,,0,true,alpine-ski,ski rental,core,standard,covered_tile,0,operator,,,,,ChIJcVKibe3Zm4AR44Q-YLOf_Gg,https://maps.google.com/?cid=7565097066838263011&g_mp=Cidnb29nbGUubWFwcy5wbGFjZXMudjEuUGxhY2VzLlNlYXJjaFRleHQQAhgEIAA
1070,not_an_operator,gate3:vacation_rental_listing,Ski-In /Ski-Out Tahoe Donner Truckee Condo w /Views,,Lodging,lodging,OPERATIONAL,,0,true,alpine-ski,ski rental,core,standard,covered_tile,0,operator,,,,,ChIJCXYEDi_nm4ARrAP6k4bQtks,https://maps.google.com/?cid=5455777275032765356&g_mp=Cidnb29nbGUubWFwcy5wbGFjZXMudjEuUGxhY2VzLlNlYXJjaFRleHQQAhgEIAA
1071,not_an_operator,gate3:vacation_rental_listing,Ski-in /ski-out third-floor studio with free WiFi access to resort amenities,,Lodging,lodging,OPERATIONAL,,0,true,alpine-ski,ski rental; ski shop,core,standard,covered_tile,0,operator,,,,,ChIJszNPwMXZm4ARczsP4zVmRGY,https://maps.google.com/?cid=7369127271913700211&g_mp=Cidnb29nbGUubWFwcy5wbGFjZXMudjEuUGxhY2VzLlNlYXJjaFRleHQQAhgEIAA
1072,not_an_operator,gate3:vacation_rental_listing,Ski-in /ski-out third-floor studio with free WiFi access to resort amenities,,Lodging,lodging,OPERATIONAL,,0,true,alpine-ski,ski rental; ski shop,core,standard,covered_tile,0,operator,,,,,ChIJszNPwMXZm4AR8NUBaRfd_Lo,https://maps.google.com/?cid=13473887277801395696&g_mp=Cidnb29nbGUubWFwcy5wbGFjZXMudjEuUGxhY2VzLlNlYXJjaFRleHQQAhgEIAA
1073,not_an_operator,gate3:vacation_rental_listing,"Ski-in /ski-out, ground-floor condo with fireplace, patio, shared pool /hot tub",,Lodging,lodging,OPERATIONAL,,0,true,alpine-ski,ski rental,core,standard,covered_tile,0,operator,,,,,ChIJz0jv9DBimYARjYXpHEQwBGo,https://maps.google.com/?cid=7639283937028179341&g_mp=Cidnb29nbGUubWFwcy5wbGFjZXMudjEuUGxhY2VzLlNlYXJjaFRleHQQAhgEIAA
1074,not_an_operator,gate3:vacation_rental_listing,Ski-In Heavenly Condo | Cozy 3BR | Sleeps 8,,Lodging,lodging,OPERATIONAL,,0,true,alpine-ski,ski rental,core,standard,covered_tile,0,operator,,,,,ChIJZ0z8abKQmYARqJLprppOdlM,https://maps.google.com/?cid=6014080778666349224&g_mp=Cidnb29nbGUubWFwcy5wbGFjZXMudjEuUGxhY2VzLlNlYXJjaFRleHQQAhgEIAA
1075,not_an_operator,gate3:vacation_rental_listing,Ski-In Heavenly Condo | Cozy 3BR | Sleeps 8,,Lodging,lodging,OPERATIONAL,,0,true,alpine-ski,ski rental,core,standard,covered_tile,0,operator,,,,,ChIJZ0z8abKQmYARjKJ4POrFHzE,https://maps.google.com/?cid=3539765441964057228&g_mp=Cidnb29nbGUubWFwcy5wbGFjZXMudjEuUGxhY2VzLlNlYXJjaFRleHQQAhgEIAA
1076,not_an_operator,gate3:vacation_rental_listing,"Ski-In Heavenly Condo | Pool, Spa, A /C | Sleeps 8",,Lodging,lodging,OPERATIONAL,,0,true,alpine-ski,ski rental,core,standard,covered_tile,0,operator,,,,,ChIJvxv9abKQmYARrIeM486wDa8,https://maps.google.com/?cid=12613932533962016684&g_mp=Cidnb29nbGUubWFwcy5wbGFjZXMudjEuUGxhY2VzLlNlYXJjaFRleHQQAhgEIAA
1077,not_an_operator,gate3:vacation_rental_listing,Ski-in Ski-out Family Condo steps from lifts,,Lodging,lodging,OPERATIONAL,,0,true,alpine-ski,ski rental,core,standard,covered_tile,0,operator,,,,,ChIJD80cYrL2mYARDmH06-J2A_A,https://maps.google.com/?cid=17294797711026184462&g_mp=Cidnb29nbGUubWFwcy5wbGFjZXMudjEuUGxhY2VzLlNlYXJjaFRleHQQAhgEIAA
1078,not_an_operator,gate3:vacation_rental_listing,Ski-in Ski-out Family Condo steps from lifts,,Lodging,lodging,OPERATIONAL,,0,true,alpine-ski,ski rental,core,standard,covered_tile,0,operator,,,,,ChIJfSsdYrL2mYARbdY-S4o_0vE,https://maps.google.com/?cid=17425059771450316397&g_mp=Cidnb29nbGUubWFwcy5wbGFjZXMudjEuUGxhY2VzLlNlYXJjaFRleHQQAhgEIAA
1079,not_an_operator,gate3:vacation_rental_listing,Ski-In Ski-Out Squaw Creek Retreat - 2 Adjacent Suites - Pools & Hot Tubs,,Lodging,lodging,OPERATIONAL,,0,true,alpine-ski,ski rental,core,standard,covered_tile,0,operator,,,,,ChIJ8wMADMbZm4ARgonTcFu6kR0,https://maps.google.com/?cid=2130689000620657026&g_mp=Cidnb29nbGUubWFwcy5wbGFjZXMudjEuUGxhY2VzLlNlYXJjaFRleHQQAhgEIAA
1080,not_an_operator,gate3:vacation_rental_listing,Ski-In Ski-Out Squaw Valley Lodge Slopeside Townhome - Two Bedroom Apartment,,Lodging,lodging,OPERATIONAL,,0,true,alpine-ski,ski rental,core,standard,covered_tile,0,operator,,,,,ChIJDVuQGe3Zm4ART9l4IShhQSY,https://maps.google.com/?cid=2756591271915608399&g_mp=Cidnb29nbGUubWFwcy5wbGFjZXMudjEuUGxhY2VzLlNlYXJjaFRleHQQAhgEIAA
1081,not_an_operator,gate3:vacation_rental_listing,Ski-in-ski-out Everline Resort & Spa - two adjacent units,,Lodging,lodging,OPERATIONAL,,0,true,alpine-ski,ski rental,core,standard,covered_tile,0,operator,,,,,ChIJB_-_wcXZm4ARtsr9fcryvjs,https://maps.google.com/?cid=4305145245323872950&g_mp=Cidnb29nbGUubWFwcy5wbGFjZXMudjEuUGxhY2VzLlNlYXJjaFRleHQQAhgEIAA
1082,not_an_operator,gate3:vacation_rental_listing,Ski-in-ski-out ground-floor condo with fireplace patio shared pool & hot tub,,Lodging,lodging,OPERATIONAL,,0,true,alpine-ski,ski rental,core,standard,covered_tile,0,operator,,,,,ChIJo6OY9DBimYARQS85BZeIJDY,https://maps.google.com/?cid=3901393359418765121&g_mp=Cidnb29nbGUubWFwcy5wbGFjZXMudjEuUGxhY2VzLlNlYXJjaFRleHQQAhgEIAA
1083,not_an_operator,gate3:vacation_rental_listing,"Ski-in-ski-out Olympic Valley retreat with two adjacent units, pools, & hot tubs",,Lodging,lodging,OPERATIONAL,,0,true,alpine-ski,ski rental,core,standard,covered_tile,0,operator,,,,,ChIJ1YWS6cXZm4AR4CtnB4akTNQ,https://maps.google.com/?cid=15297782929827507168&g_mp=Cidnb29nbGUubWFwcy5wbGFjZXMudjEuUGxhY2VzLlNlYXJjaFRleHQQAhgEIAA
1084,not_an_operator,gate3:vacation_rental_listing,Ski-in-ski-out studio in Everline Resort & Spa - pools gym tennis ice rink,,Lodging,lodging,OPERATIONAL,,0,true,alpine-ski,ski rental; ski shop,core,standard,covered_tile,0,operator,,,,,ChIJ1YWS6cXZm4ARMdmpSzwOiN4,https://maps.google.com/?cid=16035082125382900017&g_mp=Cidnb29nbGUubWFwcy5wbGFjZXMudjEuUGxhY2VzLlNlYXJjaFRleHQQAhgEIAA
1085,not_an_operator,gate3:vacation_rental_listing,Ski-in-ski-out Suite with Kitchenette Access to Pools Spa Restaurants On-site,,Lodging,lodging,OPERATIONAL,,0,true,alpine-ski,ski shop,core,standard,covered_tile,0,operator,,,,,ChIJ8wMADMbZm4ARnd_D3zM0SFU,https://maps.google.com/?cid=6145219088949174173&g_mp=Cidnb29nbGUubWFwcy5wbGFjZXMudjEuUGxhY2VzLlNlYXJjaFRleHQQAhgEIAA
1086,not_an_operator,gate3:vacation_rental_listing,"Ski-in-ski-out, ground-floor condo with fireplace, patio, shared pool & hot tub",,Lodging,lodging,OPERATIONAL,,0,true,alpine-ski,ski rental,core,standard,covered_tile,0,operator,,,,,ChIJz0jv9DBimYAR2k6-CAav7EA,https://maps.google.com/?cid=4678306553382457050&g_mp=Cidnb29nbGUubWFwcy5wbGFjZXMudjEuUGxhY2VzLlNlYXJjaFRleHQQAhgEIAA
1087,not_an_operator,gate3:vacation_rental_listing,"Ski-in-ski-out, mountain view 1 BD 1 BA condo!",,Lodging,lodging,OPERATIONAL,,0,true,alpine-ski,ski rental,core,standard,covered_tile,0,operator,,,,,ChIJj1iETuzZm4ARrFJV5jcj7dE,https://maps.google.com/?cid=15126785446401888940&g_mp=Cidnb29nbGUubWFwcy5wbGFjZXMudjEuUGxhY2VzLlNlYXJjaFRleHQQAhgEIAA
1088,not_an_operator,gate3:vacation_rental_listing,"Ski-in, Chill-out Tahoe Donner Condo",,Lodging,lodging,OPERATIONAL,,0,true,alpine-ski,ski rental,core,standard,covered_tile,0,operator,,,,,ChIJs8IDXC7nm4ARStVusBs9wrc,https://maps.google.com/?cid=13241213043556144458&g_mp=Cidnb29nbGUubWFwcy5wbGFjZXMudjEuUGxhY2VzLlNlYXJjaFRleHQQAhgEIAA
1089,not_an_operator,gate3:vacation_rental_listing,"Ski-in, Chill-out Tahoe Donner Condo",,Lodging,lodging,OPERATIONAL,,0,true,alpine-ski,ski rental,core,standard,covered_tile,0,operator,,,,,ChIJs8IDXC7nm4ARNC02YboflnU,https://maps.google.com/?cid=8472994634299485492&g_mp=Cidnb29nbGUubWFwcy5wbGFjZXMudjEuUGxhY2VzLlNlYXJjaFRleHQQAhgEIAA
1090,not_an_operator,gate3:vacation_rental_listing,"Ski-In, Ski-Out - Hot Tub, Fireplace & Mountain Views",,Lodging,lodging,OPERATIONAL,,0,true,alpine-ski,ski rental,core,standard,covered_tile,0,operator,,,,,ChIJRYBoXLGQmYARailUwRo_uao,https://maps.google.com/?cid=12301933241284438378&g_mp=Cidnb29nbGUubWFwcy5wbGFjZXMudjEuUGxhY2VzLlNlYXJjaFRleHQQAhgEIAA
1091,not_an_operator,gate3:vacation_rental_listing,"Ski-In, Ski-Out Condo with Balcony and Gas Grill - Apartment",,Lodging,lodging,OPERATIONAL,,0,true,alpine-ski,ski rental,core,standard,covered_tile,0,operator,,,,,ChIJl5nZqy_nm4ARTuycSBtsHA0,https://maps.google.com/?cid=944748886279121998&g_mp=Cidnb29nbGUubWFwcy5wbGFjZXMudjEuUGxhY2VzLlNlYXJjaFRleHQQAhgEIAA
1092,not_an_operator,gate3:vacation_rental_listing,"Ski-In, Ski-Out Squaw Creek Retreat - 2 Adjacent Suites - Pools & Hot Tubs",,Lodging,lodging,OPERATIONAL,,0,true,alpine-ski,ski rental,core,standard,covered_tile,0,operator,,,,,ChIJ8wMADMbZm4ARWJ6oP-QaGlM,https://maps.google.com/?cid=5988128222165376600&g_mp=Cidnb29nbGUubWFwcy5wbGFjZXMudjEuUGxhY2VzLlNlYXJjaFRleHQQAhgEIAA
1093,not_an_operator,gate3:vacation_rental_listing,"Ski-In/Ski-Out Access to Northstar Resort, Near Truckee | Sierra by AvantStay",,Lodging,lodging,OPERATIONAL,,0,true,alpine-ski,ski rental,core,standard,covered_tile,0,operator,,,,,ChIJwURNIDdimYARbv2YeCsJ7Bc,https://maps.google.com/?cid=1723762839687593326&g_mp=Cidnb29nbGUubWFwcy5wbGFjZXMudjEuUGxhY2VzLlNlYXJjaFRleHQQAhgEIAA
1094,not_an_operator,gate3:vacation_rental_listing,"Ski-in/ski-out Access to Northstar Resort, Near Truckee Sierra by Avantstay",,Lodging,lodging,OPERATIONAL,,0,true,alpine-ski,ski rental,core,standard,covered_tile,0,operator,,,,,ChIJwURNIDdimYARIuxd7Cxo0GA,https://maps.google.com/?cid=6976190364950326306&g_mp=Cidnb29nbGUubWFwcy5wbGFjZXMudjEuUGxhY2VzLlNlYXJjaFRleHQQAhgEIAA
1095,not_an_operator,gate3:vacation_rental_listing,"Ski-in/ski-out Access to Northstar Resort, Near Truckee Sierra by Avantstay",,Lodging,lodging,OPERATIONAL,,0,true,alpine-ski,ski rental,core,standard,covered_tile,0,operator,,,,,ChIJmXFyuDZimYARnSjbP_fRsGg,https://maps.google.com/?cid=7543760235704035485&g_mp=Cidnb29nbGUubWFwcy5wbGFjZXMudjEuUGxhY2VzLlNlYXJjaFRleHQQAhgEIAA
1096,not_an_operator,gate3:vacation_rental_listing,Ski-In/Ski-Out Big Springs at Northstar Luxury Residence,,Lodging,lodging,OPERATIONAL,,0,true,alpine-ski,ski rental,core,standard,covered_tile,0,operator,,,,,ChIJK2XVqzximYAR9DV88EF9NLM,https://maps.google.com/?cid=12913083753739073012&g_mp=Cidnb29nbGUubWFwcy5wbGFjZXMudjEuUGxhY2VzLlNlYXJjaFRleHQQAhgEIAA
1097,not_an_operator,gate3:vacation_rental_listing,Ski-in/ski-out Condo w/ Views in Olympic Valley,,Lodging,lodging,OPERATIONAL,,0,true,alpine-ski,ski rental,core,standard,covered_tile,0,operator,,,,,ChIJY2M3cevZm4AROO65LWOpRLo,https://maps.google.com/?cid=13422039032904937016&g_mp=Cidnb29nbGUubWFwcy5wbGFjZXMudjEuUGxhY2VzLlNlYXJjaFRleHQQAhgEIAA
1098,not_an_operator,gate3:vacation_rental_listing,Ski-in/Ski-out Family Condo steps from lifts,,Lodging,lodging,OPERATIONAL,,0,true,alpine-ski,ski rental,core,standard,covered_tile,0,operator,,,,,ChIJAbunirL2mYARRI7LS8mfgzc,https://maps.google.com/?cid=4000216580944006724&g_mp=Cidnb29nbGUubWFwcy5wbGFjZXMudjEuUGxhY2VzLlNlYXJjaFRleHQQAhgEIAA
1099,not_an_operator,gate3:vacation_rental_listing,Ski-In/Ski-Out Heavenly Retreat,,Lodging,lodging,OPERATIONAL,,0,true,alpine-ski,ski rental,core,standard,covered_tile,0,operator,,,,,ChIJ2fkF0LCQmYARLtzHO96X_rw,https://maps.google.com/?cid=13618489303956446254&g_mp=Cidnb29nbGUubWFwcy5wbGFjZXMudjEuUGxhY2VzLlNlYXJjaFRleHQQAhgEIAA
1100,not_an_operator,gate3:vacation_rental_listing,Ski-in/Ski-out Northstar Condo - 31 Night Min,,Lodging,lodging,OPERATIONAL,,0,true,alpine-ski,ski rental,core,standard,covered_tile,0,operator,,,,,ChIJxRHQEDFimYARj02iTTkWOkY,https://maps.google.com/?cid=5060381566675602831&g_mp=Cidnb29nbGUubWFwcy5wbGFjZXMudjEuUGxhY2VzLlNlYXJjaFRleHQQAhgEIAA
1101,not_an_operator,gate3:vacation_rental_listing,Ski-In/Ski-Out Northstar Condo w/ Gondola View,,Lodging,lodging,OPERATIONAL,,0,true,alpine-ski,ski rental,core,standard,covered_tile,0,operator,,,,,ChIJrwp9_DZimYARu79363eYtbY,https://maps.google.com/?cid=13165596726506536891&g_mp=Cidnb29nbGUubWFwcy5wbGFjZXMudjEuUGxhY2VzLlNlYXJjaFRleHQQAhgEIAA
1102,not_an_operator,gate3:vacation_rental_listing,Ski-In/Ski-Out Northstar Condo w/ Gondola View,,Lodging,lodging,OPERATIONAL,,0,true,alpine-ski,ski rental,core,standard,covered_tile,0,operator,,,,,ChIJrwp9_DZimYARez3Vrv7-EHo,https://maps.google.com/?cid=8795810442062937467&g_mp=Cidnb29nbGUubWFwcy5wbGFjZXMudjEuUGxhY2VzLlNlYXJjaFRleHQQAhgEIAA
1103,not_an_operator,gate3:vacation_rental_listing,Ski-In/Ski-Out Palisades Condo Top Floor,,Lodging,lodging,OPERATIONAL,,0,true,alpine-ski,ski rental,core,standard,covered_tile,0,operator,,,,,ChIJ94oxp-3Zm4ARDneQG5SsDzc,https://maps.google.com/?cid=3967579548854286094&g_mp=Cidnb29nbGUubWFwcy5wbGFjZXMudjEuUGxhY2VzLlNlYXJjaFRleHQQAhgEIAA
1104,not_an_operator,gate3:vacation_rental_listing,Ski-In/Ski-Out Tahoe Donner Truckee Condo w/Views,,Lodging,lodging,OPERATIONAL,,0,true,alpine-ski,ski rental,core,standard,covered_tile,0,operator,,,,,ChIJUYABDi_nm4ARoyIw-T2lCyk,https://maps.google.com/?cid=2957639265891132067&g_mp=Cidnb29nbGUubWFwcy5wbGFjZXMudjEuUGxhY2VzLlNlYXJjaFRleHQQAhgEIAA
1105,not_an_operator,gate3:vacation_rental_listing,Ski-in/ski-out third-floor studio with free WiFi & access to resort amenities,,Lodging,lodging,OPERATIONAL,,0,true,alpine-ski,ski rental,core,standard,covered_tile,0,operator,,,,,ChIJ2xSQ6cXZm4ARv9HITHd6mUc,https://maps.google.com/?cid=5159289500937540031&g_mp=Cidnb29nbGUubWFwcy5wbGFjZXMudjEuUGxhY2VzLlNlYXJjaFRleHQQAhgEIAA
1106,not_an_operator,gate3:vacation_rental_listing,Ski-In/Ski-Out Top Floor Spacious Palisades Condo,,Lodging,lodging,OPERATIONAL,,0,true,alpine-ski,ski rental,core,standard,covered_tile,0,operator,,,,,ChIJxdkZAO3Zm4AREwAlkQNjp0M,https://maps.google.com/?cid=4874973988623024147&g_mp=Cidnb29nbGUubWFwcy5wbGFjZXMudjEuUGxhY2VzLlNlYXJjaFRleHQQAhgEIAA
1107,not_an_operator,gate3:vacation_rental_listing,"Ski-in/ski-out townhome with fireplace, pool, hot tub & on-site ski/sled hill",,Lodging,lodging,OPERATIONAL,,0,true,alpine-ski; snow-tube,ski rental; sled rental,core; experience,standard,covered_tile,0,operator,,,,,ChIJhQXwGYZ9mYARIqklZ-XkALg,https://maps.google.com/?cid=13258848976907905314&g_mp=Cidnb29nbGUubWFwcy5wbGFjZXMudjEuUGxhY2VzLlNlYXJjaFRleHQQAhgEIAA
1108,not_an_operator,gate3:vacation_rental_listing,Ski-in/Ski-out Village at Northstar Residence! - 310 Iron Horse South,,Lodging,lodging,OPERATIONAL,,0,true,alpine-ski,ski rental,core,standard,covered_tile,0,operator,,,,,ChIJ6W5o5DBimYARgCaD64E_9pw,https://maps.google.com/?cid=11310297341422151296&g_mp=Cidnb29nbGUubWFwcy5wbGFjZXMudjEuUGxhY2VzLlNlYXJjaFRleHQQAhgEIAA
1109,not_an_operator,gate3:vacation_rental_listing,Ski-in/Ski-out Village at Northstar Residence! - 310 Iron Horse South,,Lodging,lodging,OPERATIONAL,,0,true,alpine-ski,ski rental,core,standard,covered_tile,0,operator,,,,,ChIJXZbd4DBimYARdl15cSGdGT8,https://maps.google.com/?cid=4546838065770487158&g_mp=Cidnb29nbGUubWFwcy5wbGFjZXMudjEuUGxhY2VzLlNlYXJjaFRleHQQAhgEIAA
1110,not_an_operator,gate3:vacation_rental_listing,Ski-in/Ski-out Village at Northstar Residence! - 310 Iron Horse South - Holiday Home,,Lodging,lodging,OPERATIONAL,,0,true,alpine-ski,ski rental,core,standard,covered_tile,0,operator,,,,,ChIJ6W5o5DBimYAROuB-BjyUn60,https://maps.google.com/?cid=12510881275386454074&g_mp=Cidnb29nbGUubWFwcy5wbGFjZXMudjEuUGxhY2VzLlNlYXJjaFRleHQQAhgEIAA
1111,not_an_operator,gate3:vacation_rental_listing,Ski-Lease with private garage Lake Tahoe Incline Village,,Lodging,lodging,OPERATIONAL,,0,true,alpine-ski,ski rental,core,standard,covered_tile,0,operator,,,,,ChIJxxhBixVwmYARh1c6PHNudco,https://maps.google.com/?cid=14588688009147340679&g_mp=Cidnb29nbGUubWFwcy5wbGFjZXMudjEuUGxhY2VzLlNlYXJjaFRleHQQAhgEIAA
1112,not_an_operator,gate3:vacation_rental_listing,"Ski-Season Tahoe Basecamp By Palisades, Northstar and Beach",,Lodging,lodging,OPERATIONAL,,0,true,alpine-ski,ski rental,core,standard,covered_tile,0,operator,,,,,ChIJrcVjOx19mYARrSGfY2JnVks,https://maps.google.com/?cid=5428640073117540781&g_mp=Cidnb29nbGUubWFwcy5wbGFjZXMudjEuUGxhY2VzLlNlYXJjaFRleHQQAhgEIAA
1113,not_an_operator,gate3:vacation_rental_listing,"Ski, Fish & Hike: Truckee Gem 4 Mi to Donner Lake!",,Lodging,lodging,OPERATIONAL,,0,true,alpine-ski,ski rental,core,standard,covered_tile,0,operator,,,,,ChIJsddZTvPgm4AR2Yd5-9XuidU,https://maps.google.com/?cid=15387092204702500825&g_mp=Cidnb29nbGUubWFwcy5wbGFjZXMudjEuUGxhY2VzLlNlYXJjaFRleHQQAhgEIAA
1114,not_an_operator,gate3:vacation_rental_listing,"Ski, Golf & Hike! Incline Village Family Home",,Lodging,lodging,OPERATIONAL,,0,true,alpine-ski,ski rental,core,standard,covered_tile,0,operator,,,,,ChIJizKSuN9vmYAR3R5mPuZgP64,https://maps.google.com/?cid=12555860828137856733&g_mp=Cidnb29nbGUubWFwcy5wbGFjZXMudjEuUGxhY2VzLlNlYXJjaFRleHQQAhgEIAA
1115,not_an_operator,gate3:vacation_rental_listing,"Ski, Golf & Hike! Incline Village Family Home",,Lodging,lodging,OPERATIONAL,,0,true,alpine-ski,ski rental,core,standard,covered_tile,0,operator,,,,,ChIJizKSuN9vmYARyFvPwEiyFqI,https://maps.google.com/?cid=11679718709174164424&g_mp=Cidnb29nbGUubWFwcy5wbGFjZXMudjEuUGxhY2VzLlNlYXJjaFRleHQQAhgEIAA
1116,not_an_operator,gate3:vacation_rental_listing,"Ski, Golf, Shop, Party! Walkable to downtown Truckee!",,Lodging,lodging,OPERATIONAL,,0,true,alpine-ski,ski rental; ski shop,core,standard,covered_tile,0,operator,,,,,ChIJycR7NMHfm4ARKkscLdq52EQ,https://maps.google.com/?cid=4960919336259439402&g_mp=Cidnb29nbGUubWFwcy5wbGFjZXMudjEuUGxhY2VzLlNlYXJjaFRleHQQAhgEIAA
1117,not_an_operator,gate3:vacation_rental_listing,"Ski, Golf, Shop, Party! Walkable to downtown Truckee!",,Lodging,lodging,OPERATIONAL,,0,true,alpine-ski,ski rental; ski shop,core,standard,covered_tile,0,operator,,,,,ChIJycR7NMHfm4ARN-FFvsGTXdA,https://maps.google.com/?cid=15014319193053323575&g_mp=Cidnb29nbGUubWFwcy5wbGFjZXMudjEuUGxhY2VzLlNlYXJjaFRleHQQAhgEIAA
1118,not_an_operator,gate3:vacation_rental_listing,"Ski, Hike & Unwind: Cozy Carson City Duplex!",,Lodging,lodging,OPERATIONAL,,0,true,alpine-ski,ski rental; ski shop,core,standard,covered_tile,0,operator,,,,,ChIJ9bgTer4KmYARoKPr8AWRcmQ,https://maps.google.com/?cid=7238007005840647072&g_mp=Cidnb29nbGUubWFwcy5wbGFjZXMudjEuUGxhY2VzLlNlYXJjaFRleHQQAhgEIAA
1119,not_an_operator,gate3:vacation_rental_listing,"Ski, Hike & Unwind: Cozy Carson City Duplex!",,Lodging,lodging,OPERATIONAL,,0,true,alpine-ski,ski rental; ski shop,core,standard,covered_tile,0,operator,,,,,ChIJ9bgTer4KmYAREJNUSmeIajs,https://maps.google.com/?cid=4281384372979143440&g_mp=Cidnb29nbGUubWFwcy5wbGFjZXMudjEuUGxhY2VzLlNlYXJjaFRleHQQAhgEIAA
1120,not_an_operator,gate3:vacation_rental_listing,"Ski, Shop & Explore: Walkable Midtown Reno Oasis!",,Lodging,lodging,OPERATIONAL,,0,true,alpine-ski,ski rental; ski shop,core,standard,covered_tile,0,operator,,,,,ChIJJ3XZVchAmYARmJCEjOMYfe8,https://maps.google.com/?cid=17256976712747749528&g_mp=Cidnb29nbGUubWFwcy5wbGFjZXMudjEuUGxhY2VzLlNlYXJjaFRleHQQAhgEIAA
1121,not_an_operator,gate3:vacation_rental_listing,"Ski, Shop & Explore: Walkable Midtown Reno Oasis!",,Lodging,lodging,OPERATIONAL,,0,true,alpine-ski,ski rental; ski shop,core,standard,covered_tile,0,operator,,,,,ChIJJ3XZVchAmYARPjEtt7oUriQ,https://maps.google.com/?cid=2643072823482724670&g_mp=Cidnb29nbGUubWFwcy5wbGFjZXMudjEuUGxhY2VzLlNlYXJjaFRleHQQAhgEIAA
1122,not_an_operator,gate3:vacation_rental_listing,"Ski, Shop & Explore: Walkable Midtown Reno Oasis!",,Lodging,lodging,OPERATIONAL,,0,true,alpine-ski,ski rental; ski shop,core,standard,covered_tile,0,operator,,,,,ChIJJ3XZVchAmYARu6RBOqou6iI,https://maps.google.com/?cid=2515874650496541883&g_mp=Cidnb29nbGUubWFwcy5wbGFjZXMudjEuUGxhY2VzLlNlYXJjaFRleHQQAhgEIAA
1123,not_an_operator,gate3:vacation_rental_listing,"Ski, Soak & Sip Cocktails: Experience Diverse Pleasures in One Spot",,Lodging,lodging,OPERATIONAL,,0,true,alpine-ski,ski rental,core,standard,covered_tile,0,operator,,,,,ChIJ_eSIvneQmYARh1RGLFC9Cyk,https://maps.google.com/?cid=2957665732336702599&g_mp=Cidnb29nbGUubWFwcy5wbGFjZXMudjEuUGxhY2VzLlNlYXJjaFRleHQQAhgEIAA
1124,not_an_operator,gate3:vacation_rental_listing,Skier /Snowboarders Delight Northstar Lodge Lake Tahoe,,Lodging,lodging,OPERATIONAL,,0,true,snowboard,snowboard rental,core,standard,covered_tile,0,operator,,,,,ChIJ0XY9bjFimYARjm2cYK0DS6c,https://maps.google.com/?cid=12054732870772354446&g_mp=Cidnb29nbGUubWFwcy5wbGFjZXMudjEuUGxhY2VzLlNlYXJjaFRleHQQAhgEIAA
1125,not_an_operator,gate3:vacation_rental_listing,Skyline Downtown View • Near Mt. Rose Skiing,,Lodging,lodging,OPERATIONAL,,0,true,alpine-ski,ski rental,core,standard,covered_tile,0,operator,,,,,ChIJa403a_JGmYARu0LmxQyY46k,https://maps.google.com/?cid=12241795392750371515&g_mp=Cidnb29nbGUubWFwcy5wbGFjZXMudjEuUGxhY2VzLlNlYXJjaFRleHQQAhgEIAA
1126,not_an_operator,gate3:vacation_rental_listing,Slopeside Northstar Studio Ski-In and Out Access - Apartment,,Lodging,lodging,OPERATIONAL,,0,true,alpine-ski,ski rental,core,standard,covered_tile,0,operator,,,,,ChIJxRHQEDFimYARZS-xMdUYaO8,https://maps.google.com/?cid=17251065676583481189&g_mp=Cidnb29nbGUubWFwcy5wbGFjZXMudjEuUGxhY2VzLlNlYXJjaFRleHQQAhgEIAA
1127,not_an_operator,gate3:vacation_rental_listing,Snoopy Woodstock- Nr Ski and Bike Trl (WDC0688),,Lodging,lodging,OPERATIONAL,,0,true,alpine-ski; cycling,bike rental; ski rental; ski shop,core,standard,covered_tile,0,operator,,,,,ChIJEVSjjhpwmYARY5tWfDj0714,https://maps.google.com/?cid=6840954882440469347&g_mp=Cidnb29nbGUubWFwcy5wbGFjZXMudjEuUGxhY2VzLlNlYXJjaFRleHQQAhgEIAA
1128,not_an_operator,gate3:vacation_rental_listing,South Lake Tahoe - 3 BR Condo Private Boat Dock End Unit - LTA 8217,,Lodging,lodging,OPERATIONAL,,0,true,powerboat,boat rental,core,standard,covered_tile,0,operator,,,,,ChIJyWVTXJuPmYAR6q1_BREHUts,https://maps.google.com/?cid=15803701812084583914&g_mp=Cidnb29nbGUubWFwcy5wbGFjZXMudjEuUGxhY2VzLlNlYXJjaFRleHQQAhgEIAA
1129,not_an_operator,gate3:vacation_rental_listing,"Spacious cabin with shared pools /hot tubs - near skiing, hiking biking",,Lodging,lodging,OPERATIONAL,,0,true,alpine-ski,ski rental,core,standard,covered_tile,0,operator,,,,,ChIJJ8x7j9ngm4ARKKwz-Mx6FOQ,https://maps.google.com/?cid=16434895960937835560&g_mp=Cidnb29nbGUubWFwcy5wbGFjZXMudjEuUGxhY2VzLlNlYXJjaFRleHQQAhgEIAA
1130,not_an_operator,gate3:vacation_rental_listing,"Spacious condo walking distance to ski lifts with hot tub, sauna, pool access",,Lodging,lodging,OPERATIONAL,,0,true,alpine-ski,ski rental,core,standard,covered_tile,0,operator,,,,,ChIJs2N-pS_nm4ARlVh06yfM3UQ,https://maps.google.com/?cid=4962346836258216085&g_mp=Cidnb29nbGUubWFwcy5wbGFjZXMudjEuUGxhY2VzLlNlYXJjaFRleHQQAhgEIAA
1131,not_an_operator,gate3:vacation_rental_listing,Spacious Family Holiday Home - Available for Ski Season,,Lodging,lodging,OPERATIONAL,,0,true,alpine-ski,ski rental,core,standard,covered_tile,0,operator,,,,,ChIJtX7C3zFwmYARIuLRzaJ49n8,https://maps.google.com/?cid=9220689927720788514&g_mp=Cidnb29nbGUubWFwcy5wbGFjZXMudjEuUGxhY2VzLlNlYXJjaFRleHQQAhgEIAA
1132,not_an_operator,gate3:vacation_rental_listing,"Spacious Tahoe Keys Waterfront Home with 3 Boat Dock, Hot Tub and Amazing View",,Lodging,lodging,OPERATIONAL,,0,true,powerboat,boat rental,core,standard,covered_tile,0,operator,,,,,ChIJfQJkKYOPmYARfOUMGVqi9aY,https://maps.google.com/?cid=12030700487441180028&g_mp=Cidnb29nbGUubWFwcy5wbGFjZXMudjEuUGxhY2VzLlNlYXJjaFRleHQQAhgEIAA
1133,not_an_operator,gate3:vacation_rental_listing,"Spectacular Views, Full Amenities Access, Walk to Rec Center, Sledding out back!",,Lodging,lodging,OPERATIONAL,,0,false,snow-tube,sled rental,experience,standard,covered_tile,0,operator,,,,,ChIJCe0jiungm4ARQM6FtPWMGA8,https://maps.google.com/?cid=1087774296933518912&g_mp=Cidnb29nbGUubWFwcy5wbGFjZXMudjEuUGxhY2VzLlNlYXJjaFRleHQQAhgEIAA
1134,not_an_operator,gate3:vacation_rental_listing,Spend Summer at North Lake Tahoe! Charming and Cozy Cottage with WiFi! Near Ski Resort!,,Lodging,lodging,OPERATIONAL,,0,true,alpine-ski,ski rental,core,standard,covered_tile,0,operator,,,,,ChIJAXQlf4bVm4ARSkEI1r4olAM,https://maps.google.com/?cid=257875878766723402&g_mp=Cidnb29nbGUubWFwcy5wbGFjZXMudjEuUGxhY2VzLlNlYXJjaFRleHQQAhgEIAA
1135,not_an_operator,gate3:vacation_rental_listing,Spend Summer with Us! Accessible Cottage Near Lake and Ski Resort with Two Covered Porches,,Lodging,lodging,OPERATIONAL,,0,true,alpine-ski,ski rental,core,standard,covered_tile,0,operator,,,,,ChIJVVg1eobVm4ARYydU0Q6jQBI,https://maps.google.com/?cid=1315230375229007715&g_mp=Cidnb29nbGUubWFwcy5wbGFjZXMudjEuUGxhY2VzLlNlYXJjaFRleHQQAhgEIAA
1136,not_an_operator,gate3:vacation_rental_listing,Spend Summer with Us! Accessible Cottage Near Lake and Ski Resort with Two Covered Porches,,Lodging,lodging,OPERATIONAL,,0,true,alpine-ski,ski rental,core,standard,covered_tile,0,operator,,,,,ChIJVVg1eobVm4ARssVZkcqiW8U,https://maps.google.com/?cid=14221139239258146226&g_mp=Cidnb29nbGUubWFwcy5wbGFjZXMudjEuUGxhY2VzLlNlYXJjaFRleHQQAhgEIAA
1137,not_an_operator,gate3:vacation_rental_listing,Spire Chalet at Alpine Meadows - 4BR 4.5 BA W/ Hot Tub & Ski Shuttle,,Lodging,lodging,OPERATIONAL,,0,true,alpine-ski,ski rental,core,standard,covered_tile,0,operator,,,,,ChIJC5UEZGPXm4ARlP-YBtYKdbY,https://maps.google.com/?cid=13147426601528000404&g_mp=Cidnb29nbGUubWFwcy5wbGFjZXMudjEuUGxhY2VzLlNlYXJjaFRleHQQAhgEIAA
1138,not_an_operator,gate3:vacation_rental_listing,Spire Chalet at Alpine Meadows - 4BR W Hot Tub and Ski Shuttle,,Lodging,lodging,OPERATIONAL,,0,true,alpine-ski,ski rental,core,standard,covered_tile,0,operator,,,,,ChIJC5UEZGPXm4ARTWiY-vU0QJs,https://maps.google.com/?cid=11186999705464236109&g_mp=Cidnb29nbGUubWFwcy5wbGFjZXMudjEuUGxhY2VzLlNlYXJjaFRleHQQAhgEIAA
1139,not_an_operator,gate3:vacation_rental_listing,Spire Chalet at Alpine Meadows - 4BR W Hot Tub and Ski Shuttle - Four-Bedroom House,,Lodging,lodging,OPERATIONAL,,0,true,alpine-ski,ski rental,core,standard,covered_tile,0,operator,,,,,ChIJC5UEZGPXm4ARUWPtiZqyUWg,https://maps.google.com/?cid=7516985629866812241&g_mp=Cidnb29nbGUubWFwcy5wbGFjZXMudjEuUGxhY2VzLlNlYXJjaFRleHQQAhgEIAA
1140,not_an_operator,gate3:vacation_rental_listing,Spring Skiing at Tahoe!,,Lodging,lodging,OPERATIONAL,,0,true,alpine-ski,ski rental,core,standard,covered_tile,0,operator,,,,,ChIJLaJatjZwmYAROS0HcfE22Zw,https://maps.google.com/?cid=11302125150474284345&g_mp=Cidnb29nbGUubWFwcy5wbGFjZXMudjEuUGxhY2VzLlNlYXJjaFRleHQQAhgEIAA
1141,not_an_operator,gate3:vacation_rental_listing,"Squaw Valley Lodge: Ski-in /Ski-out Studio w / Views, Pool Hot Tubs",,Lodging,lodging,OPERATIONAL,,0,true,alpine-ski,ski rental,core,standard,covered_tile,0,operator,,,,,ChIJ0UFOde3Zm4ARSiJ9GV2t5MQ,https://maps.google.com/?cid=14187655341495099978&g_mp=Cidnb29nbGUubWFwcy5wbGFjZXMudjEuUGxhY2VzLlNlYXJjaFRleHQQAhgEIAA
1142,not_an_operator,gate3:vacation_rental_listing,Squaw Valley Ski - Walk to Lifts,,Lodging,lodging,OPERATIONAL,,0,true,alpine-ski,ski rental; ski shop,core,standard,covered_tile,0,operator,,,,,ChIJpxd6mevZm4ARMluXrQMMxrE,https://maps.google.com/?cid=12809939400038767410&g_mp=Cidnb29nbGUubWFwcy5wbGFjZXMudjEuUGxhY2VzLlNlYXJjaFRleHQQAhgEIAA
1143,not_an_operator,gate3:vacation_rental_listing,"Squaw Valley, Village at Squaw Valley, ski in /out large studio, full kitchen.",,Lodging,lodging,OPERATIONAL,,0,true,alpine-ski,ski rental,core,standard,covered_tile,0,operator,,,,,ChIJ2WFA9OnZm4ARgovojZbHD5A,https://maps.google.com/?cid=10380735115552131970&g_mp=Cidnb29nbGUubWFwcy5wbGFjZXMudjEuUGxhY2VzLlNlYXJjaFRleHQQAhgEIAA
1144,not_an_operator,gate3:vacation_rental_listing,"Squaw Valley, Village at Squaw Valley, ski in/out large studio, full kitchen.",,Lodging,lodging,OPERATIONAL,,0,true,alpine-ski,ski rental,core,standard,covered_tile,0,operator,,,,,ChIJi9RG9OnZm4AReFMfW26zkds,https://maps.google.com/?cid=15821624252485817208&g_mp=Cidnb29nbGUubWFwcy5wbGFjZXMudjEuUGxhY2VzLlNlYXJjaFRleHQQAhgEIAA
1145,not_an_operator,gate3:vacation_rental_listing,Squaw Valley/Palisades Tahoe Condo so close to lifts it is your Base Camp!,,Lodging,lodging,OPERATIONAL,,0,true,alpine-ski,ski rental,core,standard,covered_tile,0,operator,,,,,ChIJI7J5NZPZm4AR7XCTQQaU-A8,https://maps.google.com/?cid=1150832459384058093&g_mp=Cidnb29nbGUubWFwcy5wbGFjZXMudjEuUGxhY2VzLlNlYXJjaFRleHQQAhgEIAA
1146,not_an_operator,gate3:vacation_rental_listing,"Starry Skies on the West Shore, Private Beach, Fireplace, Pet Friendly, Close to Ski Resorts",,Lodging,lodging,OPERATIONAL,,0,true,alpine-ski,ski rental,core,standard,covered_tile,0,operator,,,,,ChIJwSEc65B9mYARf7COYPCN7-o,https://maps.google.com/?cid=16928905587860615295&g_mp=Cidnb29nbGUubWFwcy5wbGFjZXMudjEuUGxhY2VzLlNlYXJjaFRleHQQAhgEIAA
1147,not_an_operator,gate3:vacation_rental_listing,"Starry Skies on the West Shore, Private Beach, Fireplace, Pet Friendly, Close to Ski Resorts - Five-Bedroom House",,Lodging,lodging,OPERATIONAL,,0,true,alpine-ski,ski rental,core,standard,covered_tile,0,operator,,,,,ChIJwSEc65B9mYARLo4YgDTCvzo,https://maps.google.com/?cid=4233315705494736430&g_mp=Cidnb29nbGUubWFwcy5wbGFjZXMudjEuUGxhY2VzLlNlYXJjaFRleHQQAhgEIAA
1148,not_an_operator,gate3:vacation_rental_listing,Stateline NV 4BR Ski Home Near Heavenly with Hot Tub Parking Game Room Sleeps 8,,Lodging,lodging,OPERATIONAL,,0,true,alpine-ski,ski rental,core,standard,covered_tile,0,operator,,,,,ChIJjUTebhaamYAR7bdi7K3jh48,https://maps.google.com/?cid=10342485405414373357&g_mp=Cidnb29nbGUubWFwcy5wbGFjZXMudjEuUGxhY2VzLlNlYXJjaFRleHQQAhgEIAA
1149,not_an_operator,gate3:vacation_rental_listing,Stateline NV 4BR Ski Home Near Heavenly with Hot Tub Parking Game Room Sleeps 8,,Lodging,lodging,OPERATIONAL,,0,true,alpine-ski,ski rental,core,standard,covered_tile,0,operator,,,,,ChIJR6kSTReamYAREZXC6k0NziQ,https://maps.google.com/?cid=2652071858870064401&g_mp=Cidnb29nbGUubWFwcy5wbGFjZXMudjEuUGxhY2VzLlNlYXJjaFRleHQQAhgEIAA
1150,not_an_operator,gate3:vacation_rental_listing,Stateline Ski House Walk to Boulder Lift! - Vacation Home,,Lodging,lodging,OPERATIONAL,,0,true,alpine-ski,ski rental,core,standard,covered_tile,0,operator,,,,,ChIJs69fKqmQmYARfH3wFO42ZM8,https://maps.google.com/?cid=14944129859703569788&g_mp=Cidnb29nbGUubWFwcy5wbGFjZXMudjEuUGxhY2VzLlNlYXJjaFRleHQQAhgEIAA
1151,not_an_operator,gate3:vacation_rental_listing,Stateline Ski House: Walk to Boulder Lift!,,Lodging,lodging,OPERATIONAL,,0,true,alpine-ski,ski rental,core,standard,covered_tile,0,operator,,,,,ChIJs69fKqmQmYARcwSdWeHPKys,https://maps.google.com/?cid=3110808534407513203&g_mp=Cidnb29nbGUubWFwcy5wbGFjZXMudjEuUGxhY2VzLlNlYXJjaFRleHQQAhgEIAA
1152,not_an_operator,gate3:vacation_rental_listing,Stateline Ski House: Walk to Boulder Lift!,,Lodging,lodging,OPERATIONAL,,0,true,alpine-ski,ski rental,core,standard,covered_tile,0,operator,,,,,ChIJs69fKqmQmYARmIkWzYPzpuI,https://maps.google.com/?cid=16332008846112754072&g_mp=Cidnb29nbGUubWFwcy5wbGFjZXMudjEuUGxhY2VzLlNlYXJjaFRleHQQAhgEIAA
1153,not_an_operator,gate3:vacation_rental_listing,"Stellar Ski-in Ski-out Out 2 at Northstar 2 by Tahoe Getaways - Pet-Friendly 3BR Townhome w Loft, Shuttle and HOA! - Three-Bedroom Townhouse",,Lodging,lodging,OPERATIONAL,,0,true,alpine-ski,ski rental; ski shop,core,standard,covered_tile,0,operator,,,,,ChIJlZ95EsDfm4ARTGCTh6YmLEs,https://maps.google.com/?cid=5416746948500873292&g_mp=Cidnb29nbGUubWFwcy5wbGFjZXMudjEuUGxhY2VzLlNlYXJjaFRleHQQAhgEIAA
1154,not_an_operator,gate3:vacation_rental_listing,Stellar Ski-in Ski-out Townhouse 8 - Luxury 3 BR w Private Hot Tub and Gym and Pool Access - Three-Bedroom Townhouse,,Lodging,lodging,OPERATIONAL,,0,true,alpine-ski,ski rental,core,standard,covered_tile,0,operator,,,,,ChIJSSvyFzlimYARouUbTiHnvh8,https://maps.google.com/?cid=2287519790981178786&g_mp=Cidnb29nbGUubWFwcy5wbGFjZXMudjEuUGxhY2VzLlNlYXJjaFRleHQQAhgEIAA
1155,not_an_operator,gate3:vacation_rental_listing,Stone Suite A Aspen Ski Condo in Kirkwood,,Lodging,lodging,OPERATIONAL,,0,true,alpine-ski,ski rental,core,standard,covered_tile,0,operator,,,,,ChIJbdAqhrL2mYAR22Xw8rtMR7w,https://maps.google.com/?cid=13566896772595344859&g_mp=Cidnb29nbGUubWFwcy5wbGFjZXMudjEuUGxhY2VzLlNlYXJjaFRleHQQAhgEIAA
1156,not_an_operator,gate3:vacation_rental_listing,Stone Suite A Aspen Ski Condo in Kirkwood,,Lodging,lodging,OPERATIONAL,,0,true,alpine-ski,ski rental,core,standard,covered_tile,0,operator,,,,,ChIJbdAqhrL2mYARCKxHvuuefyA,https://maps.google.com/?cid=2341765066602818568&g_mp=Cidnb29nbGUubWFwcy5wbGFjZXMudjEuUGxhY2VzLlNlYXJjaFRleHQQAhgEIAA
1157,not_an_operator,gate3:vacation_rental_listing,Stunning 3 BR House I Kayaks I Reno,,Lodging,lodging,OPERATIONAL,,0,true,kayak,kayak rental,core,standard,covered_tile,0,operator,,,,,ChIJmVrUk9tGmYARwlqH0er6fUA,https://maps.google.com/?cid=4647146276960819906&g_mp=Cidnb29nbGUubWFwcy5wbGFjZXMudjEuUGxhY2VzLlNlYXJjaFRleHQQAhgEIAA
1158,not_an_operator,gate3:vacation_rental_listing,Stunning 4 BDR Long Term Rental – Skiing and Golfing Right in the Community,,Lodging,lodging,OPERATIONAL,,0,true,alpine-ski,ski rental,core,standard,covered_tile,0,operator,,,,,ChIJbz7mWivhm4ARZwbL0AEPQ2Y,https://maps.google.com/?cid=7368749915780613735&g_mp=Cidnb29nbGUubWFwcy5wbGFjZXMudjEuUGxhY2VzLlNlYXJjaFRleHQQAhgEIAA
1159,not_an_operator,gate3:vacation_rental_listing,Stunning renovated chalet for monthly summer /ski lease - near Heavenly,,Lodging,lodging,OPERATIONAL,,0,true,alpine-ski,ski rental,core,standard,covered_tile,0,operator,,,,,ChIJGYeeJ2mQmYARMhpLHfhOuD4,https://maps.google.com/?cid=4519449053616609842&g_mp=Cidnb29nbGUubWFwcy5wbGFjZXMudjEuUGxhY2VzLlNlYXJjaFRleHQQAhgEIAA
1160,not_an_operator,gate3:vacation_rental_listing,Stunning Truckee Condo - 5 Mi to Ski Resort! - Apartment,,Lodging,lodging,OPERATIONAL,,0,true,alpine-ski,ski rental,core,standard,covered_tile,0,operator,,,,,ChIJ_9dOgtJhmYARtjTLwKCZLaU,https://maps.google.com/?cid=11902338305918448822&g_mp=Cidnb29nbGUubWFwcy5wbGFjZXMudjEuUGxhY2VzLlNlYXJjaFRleHQQAhgEIAA
1161,not_an_operator,gate3:vacation_rental_listing,"Stylish Cabin in Truckee - Swim, Ski, Hike! - Holiday Home",,Lodging,lodging,OPERATIONAL,,0,true,alpine-ski,ski rental,core,standard,covered_tile,0,operator,,,,,ChIJXR2cUX_nm4ARnPSsekI3-gw,https://maps.google.com/?cid=935120631298323612&g_mp=Cidnb29nbGUubWFwcy5wbGFjZXMudjEuUGxhY2VzLlNlYXJjaFRleHQQAhgEIAA
1162,not_an_operator,gate3:vacation_rental_listing,Summer and ski retreat with amenities! Accepting monthly-only rentals,,Lodging,lodging,OPERATIONAL,,0,true,alpine-ski,ski rental,core,standard,covered_tile,0,operator,,,,,ChIJCU5-F4_gm4ARykBwjzGHLdk,https://maps.google.com/?cid=15649312927111987402&g_mp=Cidnb29nbGUubWFwcy5wbGFjZXMudjEuUGxhY2VzLlNlYXJjaFRleHQQAhgEIAA
1163,not_an_operator,gate3:vacation_rental_listing,Summer is here. Peace and serenity. Or bike and hike. Special 99wknt/129.wkendnt,,Lodging,lodging,OPERATIONAL,,0,true,cycling,bike rental,core,standard,covered_tile,0,operator,,,,,ChIJqUVHOjZimYARDwdR1kHXQ_8,https://maps.google.com/?cid=18393781980879718159&g_mp=Cidnb29nbGUubWFwcy5wbGFjZXMudjEuUGxhY2VzLlNlYXJjaFRleHQQAhgEIAA
1164,not_an_operator,gate3:vacation_rental_listing,Summer Lake / Ski House at Serene Lakes,,Lodging,lodging,OPERATIONAL,,0,true,alpine-ski,ski rental,core,standard,covered_tile,0,operator,,,,,ChIJ874IaDHom4AREdh9eA24-u4,https://maps.google.com/?cid=17220278493200111633&g_mp=Cidnb29nbGUubWFwcy5wbGFjZXMudjEuUGxhY2VzLlNlYXJjaFRleHQQAhgEIAA
1165,not_an_operator,gate3:vacation_rental_listing,Sun Meadows Cozy Kirkwood Ski In out Studio,,Lodging,lodging,OPERATIONAL,,0,true,alpine-ski,ski rental,core,standard,covered_tile,0,operator,,,,,ChIJ2fbflbL2mYARFAsJnvtsRDs,https://maps.google.com/?cid=4270658174598056724&g_mp=Cidnb29nbGUubWFwcy5wbGFjZXMudjEuUGxhY2VzLlNlYXJjaFRleHQQAhgEIAA
1166,not_an_operator,gate3:vacation_rental_listing,Super Cozy Ski Lodge with Year Round Amenities,,Lodging,lodging,OPERATIONAL,,0,true,alpine-ski,ski rental,core,standard,covered_tile,0,operator,,,,,ChIJ_YKXEwPgm4ARvPtzK4slIE4,https://maps.google.com/?cid=5629540813872823228&g_mp=Cidnb29nbGUubWFwcy5wbGFjZXMudjEuUGxhY2VzLlNlYXJjaFRleHQQAhgEIAA
1167,not_an_operator,gate3:vacation_rental_listing,Superb Ski Haus | Near Heavenly & Views | Sleeps 8,,Lodging,lodging,OPERATIONAL,,0,true,alpine-ski,ski rental,core,standard,covered_tile,0,operator,,,,,ChIJ2eUVvAeamYARvKC5PzOJGWc,https://maps.google.com/?cid=7429119913529811132&g_mp=Cidnb29nbGUubWFwcy5wbGFjZXMudjEuUGxhY2VzLlNlYXJjaFRleHQQAhgEIAA
1168,not_an_operator,gate3:vacation_rental_listing,Superb Ski Haus | Near Heavenly & Views | Sleeps 8,,Lodging,lodging,OPERATIONAL,,0,true,alpine-ski,ski rental,core,standard,covered_tile,0,operator,,,,,ChIJ2eUVvAeamYARlFunaTR7mEY,https://maps.google.com/?cid=5086951244156066708&g_mp=Cidnb29nbGUubWFwcy5wbGFjZXMudjEuUGxhY2VzLlNlYXJjaFRleHQQAhgEIAA
1169,not_an_operator,gate3:vacation_rental_listing,"Swiss Chalet-Palisades, 6 BR, Hot Tub, Pets Ok, Ski Shuttle! - Six-Bedroom House",,Lodging,lodging,OPERATIONAL,,0,true,alpine-ski,ski rental,core,standard,covered_tile,0,operator,,,,,ChIJEQUEWUrYm4ARKyul6G7AAVM,https://maps.google.com/?cid=5981273362706803499&g_mp=Cidnb29nbGUubWFwcy5wbGFjZXMudjEuUGxhY2VzLlNlYXJjaFRleHQQAhgEIAA
1170,not_an_operator,gate3:vacation_rental_listing,"Tahoe area Cabin, Pet Friendly, 3 miles to Sugar Bowl, On x-country ski trail",,Lodging,lodging,OPERATIONAL,,0,true,alpine-ski,ski rental,core,standard,covered_tile,0,operator,,,,,ChIJTzHBpMzpm4ARQYtgPyZ4ptE,https://maps.google.com/?cid=15106894105728289601&g_mp=Cidnb29nbGUubWFwcy5wbGFjZXMudjEuUGxhY2VzLlNlYXJjaFRleHQQAhgEIAA
1171,not_an_operator,gate3:vacation_rental_listing,"Tahoe area Cabin, Pet Friendly, 3 miles to Sugar Bowl, On x-country ski trail",,Lodging,lodging,OPERATIONAL,,0,true,alpine-ski,ski rental,core,standard,covered_tile,0,operator,,,,,ChIJRSrEpMzpm4AR1iX1H8Iug8I,https://maps.google.com/?cid=14016097876601808342&g_mp=Cidnb29nbGUubWFwcy5wbGFjZXMudjEuUGxhY2VzLlNlYXJjaFRleHQQAhgEIAA
1172,not_an_operator,gate3:vacation_rental_listing,Tahoe Beach and Ski Club - 1BD Owner Managed Unit - One-Bedroom Apartment,,Lodging,lodging,OPERATIONAL,,0,true,alpine-ski,ski rental,core,standard,covered_tile,0,operator,,,,,ChIJWd7P3w6QmYAR9B1A4YFzK2A,https://maps.google.com/?cid=6929759453306691060&g_mp=Cidnb29nbGUubWFwcy5wbGFjZXMudjEuUGxhY2VzLlNlYXJjaFRleHQQAhgEIAA
1173,not_an_operator,gate3:vacation_rental_listing,Tahoe Beach Club Luxury Ski & Lake Retreat,,Lodging,lodging,OPERATIONAL,,0,true,alpine-ski,ski rental,core,standard,covered_tile,0,operator,,,,,ChIJI_815ZSamYAR_mY_F3Y6BFE,https://maps.google.com/?cid=5837855295849588478&g_mp=Cidnb29nbGUubWFwcy5wbGFjZXMudjEuUGxhY2VzLlNlYXJjaFRleHQQAhgEIAA
1174,not_an_operator,gate3:vacation_rental_listing,"Tahoe Beach Ski Club - Studio, Kitchenette",,Lodging,lodging,OPERATIONAL,,0,true,alpine-ski,ski rental,core,standard,covered_tile,0,operator,,,,,ChIJjZWWHw-QmYARtCagr9RHywY,https://maps.google.com/?cid=489563963304978100&g_mp=Cidnb29nbGUubWFwcy5wbGFjZXMudjEuUGxhY2VzLlNlYXJjaFRleHQQAhgEIAA
1175,not_an_operator,gate3:vacation_rental_listing,Tahoe Beach Ski Club 2 - Apartment with Balcony,,Lodging,lodging,OPERATIONAL,,0,true,alpine-ski,ski rental,core,standard,covered_tile,0,operator,,,,,ChIJmQ_K5Q6QmYARgSN84YMLGyM,https://maps.google.com/?cid=2529628276750295937&g_mp=Cidnb29nbGUubWFwcy5wbGFjZXMudjEuUGxhY2VzLlNlYXJjaFRleHQQAhgEIAA
1176,not_an_operator,gate3:vacation_rental_listing,"Tahoe Bliss: Ski, Hike, & Relax",,Lodging,lodging,OPERATIONAL,,0,true,alpine-ski,ski rental; ski shop,core,standard,covered_tile,0,operator,,,,,ChIJk1WHqRtwmYARpZer5AwJxek,https://maps.google.com/?cid=16844879932229916581&g_mp=Cidnb29nbGUubWFwcy5wbGFjZXMudjEuUGxhY2VzLlNlYXJjaFRleHQQAhgEIAA
1177,not_an_operator,gate3:vacation_rental_listing,Tahoe City Condo - Walk to Beach and 9 Miles to Ski! - Apartment,,Lodging,lodging,OPERATIONAL,,0,true,alpine-ski,ski rental,core,standard,covered_tile,0,operator,,,,,ChIJUVxnXAN9mYARMpU_U_VTZfQ,https://maps.google.com/?cid=17610574231030961458&g_mp=Cidnb29nbGUubWFwcy5wbGFjZXMudjEuUGxhY2VzLlNlYXJjaFRleHQQAhgEIAA
1178,not_an_operator,gate3:vacation_rental_listing,Tahoe Cottage- near river / lake / ski resorts,,Lodging,lodging,OPERATIONAL,,0,true,alpine-ski,ski rental,core,standard,covered_tile,0,operator,,,,,ChIJsWffstXXm4ARIS9Bq6Y-rok,https://maps.google.com/?cid=9920935914702450465&g_mp=Cidnb29nbGUubWFwcy5wbGFjZXMudjEuUGxhY2VzLlNlYXJjaFRleHQQAhgEIAA
1179,not_an_operator,gate3:vacation_rental_listing,"Tahoe Donner Condo, Ski-In Ski-Out, Cozy Mountain Retreat",,Lodging,lodging,OPERATIONAL,,0,true,alpine-ski,ski rental,core,standard,covered_tile,0,operator,,,,,ChIJNdlWXC7nm4ARXf7CdT9dLJ8,https://maps.google.com/?cid=11469644878145846877&g_mp=Cidnb29nbGUubWFwcy5wbGFjZXMudjEuUGxhY2VzLlNlYXJjaFRleHQQAhgEIAA
1180,not_an_operator,gate3:vacation_rental_listing,Tahoe Donner Custom Crafted Log Home Ski in Ski Out!,,Lodging,lodging,OPERATIONAL,,0,true,alpine-ski,ski rental,core,standard,covered_tile,0,operator,,,,,ChIJf_ifcTHnm4ARS9_37Q_kHBc,https://maps.google.com/?cid=1665456719288328011&g_mp=Cidnb29nbGUubWFwcy5wbGFjZXMudjEuUGxhY2VzLlNlYXJjaFRleHQQAhgEIAA
1181,not_an_operator,gate3:vacation_rental_listing,"Tahoe Donner home, walk to golf, swim and ski.",,Lodging,lodging,OPERATIONAL,,0,true,alpine-ski,ski rental,core,standard,covered_tile,0,operator,,,,,ChIJhTS5rMXgm4ARUnQVw5e1cb8,https://maps.google.com/?cid=13795006797030192210&g_mp=Cidnb29nbGUubWFwcy5wbGFjZXMudjEuUGxhY2VzLlNlYXJjaFRleHQQAhgEIAA
1182,not_an_operator,gate3:vacation_rental_listing,"Tahoe Donner home, walk to golf, swim and ski.",,Lodging,lodging,OPERATIONAL,,0,true,alpine-ski,ski rental,core,standard,covered_tile,0,operator,,,,,ChIJhTS5rMXgm4AR9VnRtFKGEUE,https://maps.google.com/?cid=4688676376848456181&g_mp=Cidnb29nbGUubWFwcy5wbGFjZXMudjEuUGxhY2VzLlNlYXJjaFRleHQQAhgEIAA
1183,not_an_operator,gate3:vacation_rental_listing,"Tahoe Donner home, walk to golf, swim and ski.",,Lodging,lodging,OPERATIONAL,,0,true,alpine-ski,ski rental,core,standard,covered_tile,0,operator,,,,,ChIJhTS5rMXgm4ARGufK6BQ-1Uo,https://maps.google.com/?cid=5392284388371916570&g_mp=Cidnb29nbGUubWFwcy5wbGFjZXMudjEuUGxhY2VzLlNlYXJjaFRleHQQAhgEIAA
1184,not_an_operator,gate3:vacation_rental_listing,Tahoe Donner Ski & Beach Retreat - Access to Marina Tennis & Rec Center,,Lodging,lodging,OPERATIONAL,,0,true,alpine-ski,ski rental,core,standard,covered_tile,0,operator,,,,,ChIJKf_DU4ngm4ARaA5ORxLHKX8,https://maps.google.com/?cid=9163073798181621352&g_mp=Cidnb29nbGUubWFwcy5wbGFjZXMudjEuUGxhY2VzLlNlYXJjaFRleHQQAhgEIAA
1185,not_an_operator,gate3:vacation_rental_listing,"Tahoe Donner Ski & Beach Retreat - Access to Marina, Tennis & Rec Center",,Lodging,lodging,OPERATIONAL,,0,true,alpine-ski,ski rental,core,standard,covered_tile,0,operator,,,,,ChIJKf_DU4ngm4ARqZSbF_oF-xI,https://maps.google.com/?cid=1367693483533112489&g_mp=Cidnb29nbGUubWFwcy5wbGFjZXMudjEuUGxhY2VzLlNlYXJjaFRleHQQAhgEIAA
1186,not_an_operator,gate3:vacation_rental_listing,Tahoe Donner Ski Condo,,Lodging,lodging,OPERATIONAL,,0,true,alpine-ski,ski rental,core,standard,covered_tile,0,operator,,,,,ChIJaa1dNDLnm4ARRFrxx91TZ1M,https://maps.google.com/?cid=6009864439756577348&g_mp=Cidnb29nbGUubWFwcy5wbGFjZXMudjEuUGxhY2VzLlNlYXJjaFRleHQQAhgEIAA
1187,not_an_operator,gate3:vacation_rental_listing,Tahoe Donner Ski Lease - Pet Friendly - Sleeps 9,,Lodging,lodging,OPERATIONAL,,0,true,alpine-ski,ski rental,core,standard,covered_tile,0,operator,,,,,ChIJfZoXSMvgm4ARLuZpI3YJQuU,https://maps.google.com/?cid=16519776786153334318&g_mp=Cidnb29nbGUubWFwcy5wbGFjZXMudjEuUGxhY2VzLlNlYXJjaFRleHQQAhgEIAA
1188,not_an_operator,gate3:vacation_rental_listing,"Tahoe Donner-Slp10, backs to XCountry, downhill skiing nearby.",,Lodging,lodging,OPERATIONAL,,0,true,alpine-ski,ski rental,core,standard,covered_tile,0,operator,,,,,ChIJLSfvgSznm4ARum3woqrLpy4,https://maps.google.com/?cid=3361879580593909178&g_mp=Cidnb29nbGUubWFwcy5wbGFjZXMudjEuUGxhY2VzLlNlYXJjaFRleHQQAhgEIAA
1189,not_an_operator,gate3:vacation_rental_listing,"Tahoe Donner-Slp10, backs to XCountry, downhill skiing nearby.",,Lodging,lodging,OPERATIONAL,,0,true,alpine-ski,ski rental,core,standard,covered_tile,0,operator,,,,,ChIJzTjvgSznm4ARKR3xa-gaqUk,https://maps.google.com/?cid=5307803221378538793&g_mp=Cidnb29nbGUubWFwcy5wbGFjZXMudjEuUGxhY2VzLlNlYXJjaFRleHQQAhgEIAA
1190,not_an_operator,gate3:vacation_rental_listing,"Tahoe Donner-Slp10, backs to XCountry, downhill skiing nearby.",,Lodging,lodging,OPERATIONAL,,0,true,alpine-ski,ski rental,core,standard,covered_tile,0,operator,,,,,ChIJzTjvgSznm4ARghrDLP_lsiQ,https://maps.google.com/?cid=2644428815350307458&g_mp=Cidnb29nbGUubWFwcy5wbGFjZXMudjEuUGxhY2VzLlNlYXJjaFRleHQQAhgEIAA
1191,not_an_operator,gate3:vacation_rental_listing,"Tahoe Donner-Slp10, backs to XCountry, downhill skiing nearby.",,Lodging,lodging,OPERATIONAL,,0,true,alpine-ski,ski rental,core,standard,covered_tile,0,operator,,,,,ChIJzTjvgSznm4ARukABGMWrwEM,https://maps.google.com/?cid=4882090859069259962&g_mp=Cidnb29nbGUubWFwcy5wbGFjZXMudjEuUGxhY2VzLlNlYXJjaFRleHQQAhgEIAA
1192,not_an_operator,gate3:vacation_rental_listing,Tahoe Gem Private Beach Access and Heavenly Ski Resort Nearby- KAYAK & SUPS,,Lodging,lodging,OPERATIONAL,,0,true,alpine-ski; kayak,kayak rental; ski rental,core,standard,covered_tile,0,operator,,,,,ChIJbZBLIiGbmYARPW8JofVUZKU,https://maps.google.com/?cid=11917743927874645821&g_mp=Cidnb29nbGUubWFwcy5wbGFjZXMudjEuUGxhY2VzLlNlYXJjaFRleHQQAhgEIAA
1193,not_an_operator,gate3:vacation_rental_listing,Tahoe Gem Private Beach Access and Heavenly Ski Resort Nearby- KAYAK & SUPS,,Lodging,lodging,OPERATIONAL,,0,true,alpine-ski; canoe; kayak,canoe rental; kayak rental; ski rental,core,standard,covered_tile,0,operator,,,,,ChIJbZBLIiGbmYAR9jSfSjp3sPA,https://maps.google.com/?cid=17343493257247536374&g_mp=Cidnb29nbGUubWFwcy5wbGFjZXMudjEuUGxhY2VzLlNlYXJjaFRleHQQAhgEIAA
1194,not_an_operator,gate3:vacation_rental_listing,Tahoe Gem Private Beach Access and Heavenly Ski Resort Nearby- KAYAK SUPS,,Lodging,lodging,OPERATIONAL,,0,true,alpine-ski; canoe; kayak,canoe rental; kayak rental; ski rental,core,standard,covered_tile,0,operator,,,,,ChIJ1QJKIiGbmYARXkReewXMOtM,https://maps.google.com/?cid=15220702214568690782&g_mp=Cidnb29nbGUubWFwcy5wbGFjZXMudjEuUGxhY2VzLlNlYXJjaFRleHQQAhgEIAA
1195,not_an_operator,gate3:vacation_rental_listing,Tahoe Glen by AvantStay | Steps to Lake + Near Cave Rock + Heavenly Ski Resort | Tahoe Rim Trail,,Lodging,lodging,OPERATIONAL,,0,true,alpine-ski,ski rental,core,standard,covered_tile,0,operator,,,,,ChIJ4WdiI5mcmYARWNnPBe11IB0,https://maps.google.com/?cid=2098807087219857752&g_mp=Cidnb29nbGUubWFwcy5wbGFjZXMudjEuUGxhY2VzLlNlYXJjaFRleHQQAhgEIAA
1196,not_an_operator,gate3:vacation_rental_listing,Tahoe Heavenly Valley Ski Condo - New Years week,,Lodging,lodging,OPERATIONAL,,0,true,alpine-ski,ski rental,core,standard,covered_tile,0,operator,,,,,ChIJleI1o7qQmYARrR42nzOB8iw,https://maps.google.com/?cid=3238793140747247277&g_mp=Cidnb29nbGUubWFwcy5wbGFjZXMudjEuUGxhY2VzLlNlYXJjaFRleHQQAhgEIAA
1197,not_an_operator,gate3:vacation_rental_listing,Tahoe Keys Breeze - On Water w Boat Dock Hot Tub,,Lodging,lodging,OPERATIONAL,,0,true,powerboat,boat rental,core,standard,covered_tile,0,operator,,,,,ChIJ4YIt_oOPmYAROXmb0ZjbDqY,https://maps.google.com/?cid=11965742709368125753&g_mp=Cidnb29nbGUubWFwcy5wbGFjZXMudjEuUGxhY2VzLlNlYXJjaFRleHQQAhgEIAA
1198,not_an_operator,gate3:vacation_rental_listing,"Tahoe Keys Breeze - On Water w/ Boat Dock, Hot Tub",,Lodging,lodging,OPERATIONAL,,0,true,powerboat,boat rental,core,standard,covered_tile,0,operator,,,,,ChIJ4YIt_oOPmYARtsFK9TKLgfA,https://maps.google.com/?cid=17330285892078322102&g_mp=Cidnb29nbGUubWFwcy5wbGFjZXMudjEuUGxhY2VzLlNlYXJjaFRleHQQAhgEIAA
1199,not_an_operator,gate3:vacation_rental_listing,Tahoe Keys Dream: Pets BBQ Boat Dock Pools,,Lodging,lodging,OPERATIONAL,,0,true,powerboat,boat rental,core,standard,covered_tile,0,operator,,,,,ChIJb6LwbIGPmYARBr2GFPQYXCM,https://maps.google.com/?cid=2547938925780319494&g_mp=Cidnb29nbGUubWFwcy5wbGFjZXMudjEuUGxhY2VzLlNlYXJjaFRleHQQAhgEIAA
1200,not_an_operator,gate3:vacation_rental_listing,Tahoe Keys Landing: Rooftop Hot Tub Boat Dock,,Lodging,lodging,OPERATIONAL,,0,true,powerboat,boat rental,core,standard,covered_tile,0,operator,,,,,ChIJq_iZVY6PmYARJzgbrchdq4U,https://maps.google.com/?cid=9631895344541022247&g_mp=Cidnb29nbGUubWFwcy5wbGFjZXMudjEuUGxhY2VzLlNlYXJjaFRleHQQAhgEIAA
1201,not_an_operator,gate3:vacation_rental_listing,"Tahoe Keys Landing: Rooftop Hot Tub, Boat Dock",,Lodging,lodging,OPERATIONAL,,0,true,powerboat,boat rental,core,standard,covered_tile,0,operator,,,,,ChIJq_iZVY6PmYARZJjfecaPB4o,https://maps.google.com/?cid=9946076384682023012&g_mp=Cidnb29nbGUubWFwcy5wbGFjZXMudjEuUGxhY2VzLlNlYXJjaFRleHQQAhgEIAA
1202,not_an_operator,gate3:vacation_rental_listing,"Tahoe Keys Landing: Rooftop Hot Tub, Boat Dock",,Lodging,lodging,OPERATIONAL,,0,true,powerboat,boat rental,core,standard,covered_tile,0,operator,,,,,ChIJq_iZVY6PmYARP1xG3PwC8-U,https://maps.google.com/?cid=16569590739076799551&g_mp=Cidnb29nbGUubWFwcy5wbGFjZXMudjEuUGxhY2VzLlNlYXJjaFRleHQQAhgEIAA
1203,not_an_operator,gate3:vacation_rental_listing,Tahoe King Suite | Heavenly Ski | 2 Balconies | 4P,,Lodging,lodging,OPERATIONAL,,0,true,alpine-ski,ski rental,core,standard,covered_tile,0,operator,,,,,ChIJQ_csbbKQmYARBCgRpBgN3hA,https://maps.google.com/?cid=1215423348919576580&g_mp=Cidnb29nbGUubWFwcy5wbGFjZXMudjEuUGxhY2VzLlNlYXJjaFRleHQQAhgEIAA
1204,not_an_operator,gate3:disc_golf_course_no_website,Tahoe Paradise Disc Golf Course,,Athletic Field,athletic_field,OPERATIONAL,4.8,5,true,disc-golf,disc golf rental,core,standard,covered_tile,0,operator,,,,,ChIJfXhRDdiNmYARJYSnSbdVh04,https://maps.google.com/?cid=5658585702517408805&g_mp=Cidnb29nbGUubWFwcy5wbGFjZXMudjEuUGxhY2VzLlNlYXJjaFRleHQQAhgEIAA
1205,not_an_operator,gate3:vacation_rental_listing,"Tahoe Park 4 BR 3 BA, lakeside of highway, hot tub, dog ok, NO SKI LEASE",,Lodging,lodging,OPERATIONAL,,0,true,alpine-ski,ski rental,core,standard,covered_tile,0,operator,,,,,ChIJl1sigfR9mYARco9qGzdWMt0,https://maps.google.com/?cid=15938896825900765042&g_mp=Cidnb29nbGUubWFwcy5wbGFjZXMudjEuUGxhY2VzLlNlYXJjaFRleHQQAhgEIAA
1206,not_an_operator,gate3:vacation_rental_listing,Tahoe Shoreline Retreat - Close to Ski Resorts & HOA Amenities,,Lodging,lodging,OPERATIONAL,,0,true,alpine-ski,ski rental,core,standard,covered_tile,0,operator,,,,,ChIJb0RSj8tkmYAR9rzs97FuNZA,https://maps.google.com/?cid=10391333425875041526&g_mp=Cidnb29nbGUubWFwcy5wbGFjZXMudjEuUGxhY2VzLlNlYXJjaFRleHQQAhgEIAA
1207,not_an_operator,gate3:vacation_rental_listing,Tahoe Shoreline Retreat - Close to Ski Resorts!,,Lodging,lodging,OPERATIONAL,,0,true,alpine-ski,ski rental,core,standard,covered_tile,0,operator,,,,,ChIJ9zHRfstkmYARzHW9__B8zCQ,https://maps.google.com/?cid=2651631655138981324&g_mp=Cidnb29nbGUubWFwcy5wbGFjZXMudjEuUGxhY2VzLlNlYXJjaFRleHQQAhgEIAA
1208,not_an_operator,gate3:vacation_rental_listing,Tahoe Shoreline Retreat - Close to Ski Resorts!,,Lodging,lodging,OPERATIONAL,,0,true,alpine-ski,ski rental,core,standard,covered_tile,0,operator,,,,,ChIJ9zHRfstkmYARGXaaM_vNyx0,https://maps.google.com/?cid=2147036126158419481&g_mp=Cidnb29nbGUubWFwcy5wbGFjZXMudjEuUGxhY2VzLlNlYXJjaFRleHQQAhgEIAA
1209,not_an_operator,gate3:vacation_rental_listing,"Tahoe Ski Lodge WiFi, hot-tub sleeps 12",,Lodging,lodging,OPERATIONAL,,0,true,alpine-ski,ski rental,core,standard,covered_tile,0,operator,,,,,ChIJOSvypZrgm4ARnvE-aluBI-g,https://maps.google.com/?cid=16727355670608671134&g_mp=Cidnb29nbGUubWFwcy5wbGFjZXMudjEuUGxhY2VzLlNlYXJjaFRleHQQAhgEIAA
1210,not_an_operator,gate3:vacation_rental_listing,"Tahoe Slopes / Ski-In/Out, Hot Tub, BBQ & Fire Pit",,Lodging,lodging,OPERATIONAL,,0,true,alpine-ski,ski rental,core,standard,covered_tile,0,operator,,,,,ChIJUQ889ztimYARXW3XVR50Erw,https://maps.google.com/?cid=13552021902349266269&g_mp=Cidnb29nbGUubWFwcy5wbGFjZXMudjEuUGxhY2VzLlNlYXJjaFRleHQQAhgEIAA
1211,not_an_operator,gate3:vacation_rental_listing,Tahoe Truckee Pet Friendly Home - Ski Lease 2025 with Amazing Views,,Lodging,lodging,OPERATIONAL,,0,true,alpine-ski,ski rental,core,standard,covered_tile,0,operator,,,,,ChIJ3WTY9L_fm4ARzUXddLjPqQY,https://maps.google.com/?cid=480143226433258957&g_mp=Cidnb29nbGUubWFwcy5wbGFjZXMudjEuUGxhY2VzLlNlYXJjaFRleHQQAhgEIAA
1212,not_an_operator,gate3:disc_golf_course_no_website,Tahoe Vista Disc Golf Course,,Athletic Field,athletic_field,OPERATIONAL,4.6,35,true,disc-golf,disc golf rental,core,standard,covered_tile,0,operator,,,,,ChIJj4eVaL1kmYARwbaaWrt3uAU,https://maps.google.com/?cid=412211012467078849&g_mp=Cidnb29nbGUubWFwcy5wbGFjZXMudjEuUGxhY2VzLlNlYXJjaFRleHQQAhgEIAA
1213,not_an_operator,gate3:vacation_rental_listing,Tahoe Waterfront Condo with Boat Dock,,Lodging,lodging,OPERATIONAL,,0,true,powerboat,boat rental,core,standard,covered_tile,0,operator,,,,,ChIJ3ZKYGZuPmYARFMV3uXmca_0,https://maps.google.com/?cid=18260861160720418068&g_mp=Cidnb29nbGUubWFwcy5wbGFjZXMudjEuUGxhY2VzLlNlYXJjaFRleHQQAhgEIAA
1214,not_an_operator,gate3:vacation_rental_listing,Tahoe Woods 302 - Prime Location: Ski Shop Dine,,Lodging,lodging,OPERATIONAL,,0,true,alpine-ski,ski rental; ski shop,core,standard,covered_tile,0,operator,,,,,ChIJa4-1T3SQmYARfM5yNUf4Xe4,https://maps.google.com/?cid=17176157538584022652&g_mp=Cidnb29nbGUubWFwcy5wbGFjZXMudjEuUGxhY2VzLlNlYXJjaFRleHQQAhgEIAA
1215,not_an_operator,gate3:vacation_rental_listing,"Tahoe Woods 701 at Stateline - Location, A /C, Walk to Ski, Village, Lake",,Lodging,lodging,OPERATIONAL,,0,true,alpine-ski,ski rental,core,standard,covered_tile,0,operator,,,,,ChIJb8gS_3SQmYARpCribGiRF90,https://maps.google.com/?cid=15931362084535806628&g_mp=Cidnb29nbGUubWFwcy5wbGFjZXMudjEuUGxhY2VzLlNlYXJjaFRleHQQAhgEIAA
1216,not_an_operator,gate3:vacation_rental_listing,Tahoe Woods Heavenly - Walk to beach & Gondola to Heavenly Ski,,Lodging,lodging,OPERATIONAL,,0,true,alpine-ski,ski rental,core,standard,covered_tile,0,operator,,,,,ChIJZYxwq3WQmYARH4-vSF1IwK0,https://maps.google.com/?cid=12520086529578602271&g_mp=Cidnb29nbGUubWFwcy5wbGFjZXMudjEuUGxhY2VzLlNlYXJjaFRleHQQAhgEIAA
1217,not_an_operator,gate3:vacation_rental_listing,Tahoe Woods Heavenly - Walk to Beach & Gondola to Heavenly Ski,,Lodging,lodging,OPERATIONAL,,0,true,alpine-ski,ski rental,core,standard,covered_tile,0,operator,,,,,ChIJr8RvVnSQmYAR_ckn6LegyIg,https://maps.google.com/?cid=9856304496234711549&g_mp=Cidnb29nbGUubWFwcy5wbGFjZXMudjEuUGxhY2VzLlNlYXJjaFRleHQQAhgEIAA
1218,not_an_operator,gate3:vacation_rental_listing,Tahoe Woods Villa - Walk to Beach and Gondola / Heavenly Ski,,Lodging,lodging,OPERATIONAL,,0,true,alpine-ski,ski rental,core,standard,covered_tile,0,operator,,,,,ChIJq4FprHWQmYAR1nN4gfPK4pk,https://maps.google.com/?cid=11088648379737600982&g_mp=Cidnb29nbGUubWFwcy5wbGFjZXMudjEuUGxhY2VzLlNlYXJjaFRleHQQAhgEIAA
1219,not_an_operator,gate3:vacation_rental_listing,Tahoe Woods Villa - Walk to Beach and Gondola/ Heavenly Ski,,Lodging,lodging,OPERATIONAL,,0,true,alpine-ski,ski rental,core,standard,covered_tile,0,operator,,,,,ChIJJ1Z4r3WQmYART0poUF1us-E,https://maps.google.com/?cid=16263464026425018959&g_mp=Cidnb29nbGUubWFwcy5wbGFjZXMudjEuUGxhY2VzLlNlYXJjaFRleHQQAhgEIAA
1220,not_an_operator,gate3:vacation_rental_listing,Tahoe Woods Villa - Walk to Beach and Gondola/ Heavenly Ski,,Lodging,lodging,OPERATIONAL,,0,true,alpine-ski,ski rental,core,standard,covered_tile,0,operator,,,,,ChIJq4FprHWQmYARAdfnXFgJ3t8,https://maps.google.com/?cid=16131341190408165121&g_mp=Cidnb29nbGUubWFwcy5wbGFjZXMudjEuUGxhY2VzLlNlYXJjaFRleHQQAhgEIAA
1221,not_an_operator,gate3:vacation_rental_listing,Tahoe Woods Villa - Walk to Beach and Gondola/ Heavenly Ski,,Lodging,lodging,OPERATIONAL,,0,true,alpine-ski,ski rental,core,standard,covered_tile,0,operator,,,,,ChIJJ1Z4r3WQmYARB7MkQ3TFTV4,https://maps.google.com/?cid=6795304515905303303&g_mp=Cidnb29nbGUubWFwcy5wbGFjZXMudjEuUGxhY2VzLlNlYXJjaFRleHQQAhgEIAA
1222,not_an_operator,gate3:vacation_rental_listing,Tall Pines Ski Shack,,Lodging,lodging,OPERATIONAL,,0,true,alpine-ski,ski rental,core,standard,covered_tile,0,operator,,,,,ChIJjUv6BmebmYARArJQAJ7JdJo,https://maps.google.com/?cid=11129742259586642434&g_mp=Cidnb29nbGUubWFwcy5wbGFjZXMudjEuUGxhY2VzLlNlYXJjaFRleHQQAhgEIAA
1223,not_an_operator,gate3:vacation_rental_listing,"Terrific Mountain Escape W / Wood-Burning Fireplace, Easy Ski Access",,Lodging,lodging,OPERATIONAL,,0,true,alpine-ski,ski rental,core,standard,covered_tile,0,operator,,,,,ChIJTT1cFUvom4ARIFDdSoDBaYg,https://maps.google.com/?cid=9829600418468810784&g_mp=Cidnb29nbGUubWFwcy5wbGFjZXMudjEuUGxhY2VzLlNlYXJjaFRleHQQAhgEIAA
1224,not_an_operator,gate3:vacation_rental_listing,Terrific Mountain Escape with Wood-Burning Fireplace Easy Ski Access,,Lodging,lodging,OPERATIONAL,,0,true,alpine-ski,ski rental; ski shop,core,standard,covered_tile,0,operator,,,,,ChIJpwhcFUvom4ARJdV3SXLQXx8,https://maps.google.com/?cid=2260754727240717605&g_mp=Cidnb29nbGUubWFwcy5wbGFjZXMudjEuUGxhY2VzLlNlYXJjaFRleHQQAhgEIAA
1225,not_an_operator,gate3:vacation_rental_listing,"Terrific Mountain Escape with Wood-Burning Fireplace, Easy Ski Access",,Lodging,lodging,OPERATIONAL,,0,true,alpine-ski,ski rental; ski shop,core,standard,covered_tile,0,operator,,,,,ChIJpwhcFUvom4AR6MlxJ5voU6A,https://maps.google.com/?cid=11552833222214797800&g_mp=Cidnb29nbGUubWFwcy5wbGFjZXMudjEuUGxhY2VzLlNlYXJjaFRleHQQAhgEIAA
1226,not_an_operator,gate3:vacation_rental_listing,The Beach and Ski 1,,Lodging,lodging,OPERATIONAL,,0,true,alpine-ski,ski rental,core,standard,covered_tile,0,operator,,,,,ChIJkXn6Zw6QmYARk6U4wxYcD-g,https://maps.google.com/?cid=16721614825540068755&g_mp=Cidnb29nbGUubWFwcy5wbGFjZXMudjEuUGxhY2VzLlNlYXJjaFRleHQQAhgEIAA
1227,not_an_operator,gate3:vacation_rental_listing,The Beach and Ski 2,,Lodging,lodging,OPERATIONAL,,0,true,alpine-ski,ski rental,core,standard,covered_tile,0,operator,,,,,ChIJC_CsZg-QmYARpzKqcPfm9NU,https://maps.google.com/?cid=15417201374817563303&g_mp=Cidnb29nbGUubWFwcy5wbGFjZXMudjEuUGxhY2VzLlNlYXJjaFRleHQQAhgEIAA
1228,not_an_operator,gate3:vacation_rental_listing,The Beach and Ski 3,,Lodging,lodging,OPERATIONAL,,0,true,alpine-ski,ski rental,core,standard,covered_tile,0,operator,,,,,ChIJg3-9PAaQmYARoScyXMwRF7g,https://maps.google.com/?cid=13265090796860876705&g_mp=Cidnb29nbGUubWFwcy5wbGFjZXMudjEuUGxhY2VzLlNlYXJjaFRleHQQAhgEIAA
1229,not_an_operator,gate3:vacation_rental_listing,The Canoe Cabin,,Lodging,lodging,OPERATIONAL,,0,true,canoe,canoe rental,core,standard,covered_tile,0,operator,,,,,ChIJ_QuWmyNwmYAR1zj9bXwer18,https://maps.google.com/?cid=6894763074297608407&g_mp=Cidnb29nbGUubWFwcy5wbGFjZXMudjEuUGxhY2VzLlNlYXJjaFRleHQQAhgEIAA
1230,not_an_operator,gate3:vacation_rental_listing,The Canoe Cabin,,Lodging,lodging,OPERATIONAL,,0,true,canoe,canoe rental,core,standard,covered_tile,0,operator,,,,,ChIJtcGXmyNwmYARq8NaD6r5W5s,https://maps.google.com/?cid=11194815807556862891&g_mp=Cidnb29nbGUubWFwcy5wbGFjZXMudjEuUGxhY2VzLlNlYXJjaFRleHQQAhgEIAA
1231,not_an_operator,gate3:vacation_rental_listing,"The Cottages - Ski Shuttle, Ski Valet - 2-Bedroom - Two-Bedroom House",,Lodging,lodging,OPERATIONAL,,0,true,alpine-ski,ski rental,core,standard,covered_tile,0,operator,,,,,ChIJj8qTIxFgmYAR_hQwkDGfeLA,https://maps.google.com/?cid=12716088583101879550&g_mp=Cidnb29nbGUubWFwcy5wbGFjZXMudjEuUGxhY2VzLlNlYXJjaFRleHQQAhgEIAA
1232,not_an_operator,gate3:vacation_rental_listing,The Meadows- Charmed Ski & Relax Studio,,Lodging,lodging,OPERATIONAL,,0,true,alpine-ski,ski rental,core,standard,covered_tile,0,operator,,,,,ChIJkYyqva32mYARaFopj_3DOqw,https://maps.google.com/?cid=12410447216968817256&g_mp=Cidnb29nbGUubWFwcy5wbGFjZXMudjEuUGxhY2VzLlNlYXJjaFRleHQQAhgEIAA
1233,not_an_operator,gate3:vacation_rental_listing,The Meadows- Charmed Ski & Relax Studio,,Lodging,lodging,OPERATIONAL,,0,true,alpine-ski,ski rental,core,standard,covered_tile,0,operator,,,,,ChIJ_xurva32mYARm6S8Cr7NfJE,https://maps.google.com/?cid=10483480248719287451&g_mp=Cidnb29nbGUubWFwcy5wbGFjZXMudjEuUGxhY2VzLlNlYXJjaFRleHQQAhgEIAA
1234,not_an_operator,gate3:vacation_rental_listing,The Meadows- Charming 1BD2BA Ski Condo,,Lodging,lodging,OPERATIONAL,,0,true,alpine-ski,ski rental,core,standard,covered_tile,0,operator,,,,,ChIJ_xurva32mYARdCk1V0DBiDs,https://maps.google.com/?cid=4289891127155566964&g_mp=Cidnb29nbGUubWFwcy5wbGFjZXMudjEuUGxhY2VzLlNlYXJjaFRleHQQAhgEIAA
1235,not_an_operator,gate3:vacation_rental_listing,The Perfect Mountain Getaway - With Ski Valet,,Lodging,lodging,OPERATIONAL,,0,true,alpine-ski,ski rental,core,standard,covered_tile,0,operator,,,,,ChIJien0YCVimYARMHlsYtwrui0,https://maps.google.com/?cid=3294994302919014704&g_mp=Cidnb29nbGUubWFwcy5wbGFjZXMudjEuUGxhY2VzLlNlYXJjaFRleHQQAhgEIAA
1236,not_an_operator,gate3:disc_golf_course_no_website,The Pine Nuts Disc Golf Course,,Athletic Field,athletic_field,OPERATIONAL,4.8,13,true,disc-golf,disc golf rental,core,standard,covered_tile,0,operator,,,,,ChIJDYgTz9G5mYARbnlNDuIvi5I,https://maps.google.com/?cid=10559586399249332590&g_mp=Cidnb29nbGUubWFwcy5wbGFjZXMudjEuUGxhY2VzLlNlYXJjaFRleHQQAhgEIAA
1237,not_an_operator,gate3:vacation_rental_listing,The Ski Way - Three Bedroom Apartment,,Lodging,lodging,OPERATIONAL,,0,true,alpine-ski,ski rental,core,standard,covered_tile,0,operator,,,,,ChIJR7OdHUpwmYARsG9NiMKkvcQ,https://maps.google.com/?cid=14176668357449576368&g_mp=Cidnb29nbGUubWFwcy5wbGFjZXMudjEuUGxhY2VzLlNlYXJjaFRleHQQAhgEIAA
1238,not_an_operator,gate3:vacation_rental_listing,The Tahoe Beach Ski Club Owners Association - Studio,,Lodging,lodging,OPERATIONAL,,0,true,alpine-ski,ski rental,core,standard,covered_tile,0,operator,,,,,ChIJjZWWHw-QmYARHWgsk4Fx3KA,https://maps.google.com/?cid=11591264342278694941&g_mp=Cidnb29nbGUubWFwcy5wbGFjZXMudjEuUGxhY2VzLlNlYXJjaFRleHQQAhgEIAA
1239,not_an_operator,gate3:vacation_rental_listing,the ultimate cabin experience for nature-lovers seeking peace and quiet ski ️,,Lodging,lodging,OPERATIONAL,,0,true,alpine-ski,ski rental,core,standard,covered_tile,0,operator,,,,,ChIJXQWZgLCLmYARU7wYnyyo7YE,https://maps.google.com/?cid=9362324109974355027&g_mp=Cidnb29nbGUubWFwcy5wbGFjZXMudjEuUGxhY2VzLlNlYXJjaFRleHQQAhgEIAA
1240,not_an_operator,gate3:vacation_rental_listing,"Tippy Canoe by Tahoe Getaways - 4BR West Shore w Private Hot Tub,, Sauna, EV & Walking Distance to T",,Lodging,lodging,OPERATIONAL,,0,true,canoe,canoe rental,core,standard,covered_tile,0,operator,,,,,ChIJ42NdFvV_mYARvy-40vgy2rg,https://maps.google.com/?cid=13320014892170227647&g_mp=Cidnb29nbGUubWFwcy5wbGFjZXMudjEuUGxhY2VzLlNlYXJjaFRleHQQAhgEIAA
1241,not_an_operator,gate3:vacation_rental_listing,"Tippy Canoe by Tahoe Getaways - 4BR West Shore w Private Hot Tub,, Sauna, EV Walking Distance to Trailhead - Four-Bedroom House",,Lodging,lodging,OPERATIONAL,,0,true,canoe,canoe rental,core,standard,covered_tile,0,operator,,,,,ChIJ42NdFvV_mYARYQgTFdcEPpk,https://maps.google.com/?cid=11042268658177083489&g_mp=Cidnb29nbGUubWFwcy5wbGFjZXMudjEuUGxhY2VzLlNlYXJjaFRleHQQAhgEIAA
1242,not_an_operator,gate3:vacation_rental_listing,Tippy Canoe By Tahoe Getaways - Hot Tub & Sauna + EV Charger,,Lodging,lodging,OPERATIONAL,,0,true,canoe,canoe rental,core,standard,covered_tile,0,operator,,,,,ChIJ42NdFvV_mYARzwZgZPIG9wo,https://maps.google.com/?cid=790107897762678479&g_mp=Cidnb29nbGUubWFwcy5wbGFjZXMudjEuUGxhY2VzLlNlYXJjaFRleHQQAhgEIAA
1243,not_an_operator,gate3:vacation_rental_listing,Tippy Canoe By Tahoe Getaways - W Shore 4 BR w Hot Tub Sauna,,Lodging,lodging,OPERATIONAL,,0,true,canoe,canoe rental,core,standard,covered_tile,0,operator,,,,,ChIJIbpnFvV_mYARBQn8d0Fmx0w,https://maps.google.com/?cid=5532503098619857157&g_mp=Cidnb29nbGUubWFwcy5wbGFjZXMudjEuUGxhY2VzLlNlYXJjaFRleHQQAhgEIAA
1244,not_an_operator,gate3:vacation_rental_listing,Tippy Canoe on the West Shore,,Lodging,lodging,OPERATIONAL,,0,true,canoe,canoe rental,core,standard,covered_tile,0,operator,,,,,ChIJ42NdFvV_mYARB3ryreisz34,https://maps.google.com/?cid=9137712284308765191&g_mp=Cidnb29nbGUubWFwcy5wbGFjZXMudjEuUGxhY2VzLlNlYXJjaFRleHQQAhgEIAA
1245,not_an_operator,gate3:vacation_rental_listing,"Top reviews ski heaven close to Northstar and Squaw, modern, outdoor hot tub.",,Lodging,lodging,OPERATIONAL,,0,true,alpine-ski,ski rental,core,standard,covered_tile,0,operator,,,,,ChIJ19Gv-47fm4ARBLN92-CF4oU,https://maps.google.com/?cid=9647420552582640388&g_mp=Cidnb29nbGUubWFwcy5wbGFjZXMudjEuUGxhY2VzLlNlYXJjaFRleHQQAhgEIAA
1246,not_an_operator,gate3:vacation_rental_listing,"Town Home with Shared Private Beach, Kayak and Paddle Board.",,Lodging,lodging,OPERATIONAL,,0,true,kayak; sup,kayak rental; paddleboard rental,core,standard,covered_tile,0,operator,,,,,ChIJb78MoyGbmYARVS89JmbzgT4,https://maps.google.com/?cid=4504148722400964437&g_mp=Cidnb29nbGUubWFwcy5wbGFjZXMudjEuUGxhY2VzLlNlYXJjaFRleHQQAhgEIAA
1247,not_an_operator,gate3:vacation_rental_listing,Townhome 1Mi to Ski and in Beachfront Community - Holiday Home,,Lodging,lodging,OPERATIONAL,,0,true,alpine-ski,ski rental,core,standard,covered_tile,0,operator,,,,,ChIJIUJlFA-QmYARGQ0MENoxHJk,https://maps.google.com/?cid=11032747999792729369&g_mp=Cidnb29nbGUubWFwcy5wbGFjZXMudjEuUGxhY2VzLlNlYXJjaFRleHQQAhgEIAA
1248,not_an_operator,gate3:vacation_rental_listing,"Townhome with Fireplace, Pool, Sauna, Free Shuttle Pickup-Drop-off to Ski Resort",,Lodging,lodging,OPERATIONAL,,0,true,alpine-ski,ski rental,core,standard,covered_tile,0,operator,,,,,ChIJP_j_70lwmYAR9mFjOVNAezg,https://maps.google.com/?cid=4069917414448652790&g_mp=Cidnb29nbGUubWFwcy5wbGFjZXMudjEuUGxhY2VzLlNlYXJjaFRleHQQAhgEIAA
1249,not_an_operator,gate3:vacation_rental_listing,Trailblazer Chalet at Olympic Valley with Private Hot Tub and Ski Shuttle,,Lodging,lodging,OPERATIONAL,,0,true,alpine-ski,ski rental,core,standard,covered_tile,0,operator,,,,,ChIJk65Rw7_Zm4ARB5uqq8ig2cU,https://maps.google.com/?cid=14256602879152003847&g_mp=Cidnb29nbGUubWFwcy5wbGFjZXMudjEuUGxhY2VzLlNlYXJjaFRleHQQAhgEIAA
1250,not_an_operator,gate3:vacation_rental_listing,Tramway / AC / Kayaks Available / Games / Dogs OK,,Lodging,lodging,OPERATIONAL,,0,true,kayak,kayak rental,core,standard,covered_tile,0,operator,,,,,ChIJs6mmIKqQmYARuh0cijhOjtE,https://maps.google.com/?cid=15100092605362085306&g_mp=Cidnb29nbGUubWFwcy5wbGFjZXMudjEuUGxhY2VzLlNlYXJjaFRleHQQAhgEIAA
1251,not_an_operator,gate3:vacation_rental_listing,Tranquil cabin near ski slopes & trails with wraparound deck & pool table,,Lodging,lodging,OPERATIONAL,,0,true,alpine-ski,ski rental,core,standard,covered_tile,0,operator,,,,,ChIJ-VDRRYvgm4AR-tPxvI7_9sM,https://maps.google.com/?cid=14120754670187172858&g_mp=Cidnb29nbGUubWFwcy5wbGFjZXMudjEuUGxhY2VzLlNlYXJjaFRleHQQAhgEIAA
1252,not_an_operator,gate3:vacation_rental_listing,Tranquil cabin near ski slopes & trails with wraparound deck & pool table,,Lodging,lodging,OPERATIONAL,,0,true,alpine-ski,ski rental,core,standard,covered_tile,0,operator,,,,,ChIJ-VDRRYvgm4ARcLw4vC0H8j0,https://maps.google.com/?cid=4463638073690340464&g_mp=Cidnb29nbGUubWFwcy5wbGFjZXMudjEuUGxhY2VzLlNlYXJjaFRleHQQAhgEIAA
1253,not_an_operator,gate3:vacation_rental_listing,Tranquil cabin near ski slopes & trails with wraparound deck & pool table,,Lodging,lodging,OPERATIONAL,,0,true,alpine-ski,ski rental,core,standard,covered_tile,0,operator,,,,,ChIJIzfRRYvgm4ARrTHtZe_WOYs,https://maps.google.com/?cid=10032285968640061869&g_mp=Cidnb29nbGUubWFwcy5wbGFjZXMudjEuUGxhY2VzLlNlYXJjaFRleHQQAhgEIAA
1254,not_an_operator,gate3:vacation_rental_listing,Tranquil cabin near ski slopes trails with wraparound deck pool table,,Lodging,lodging,OPERATIONAL,,0,true,alpine-ski,ski rental,core,standard,covered_tile,0,operator,,,,,ChIJmfnbRYvgm4ARXjw3AZdMxn0,https://maps.google.com/?cid=9063015511573871710&g_mp=Cidnb29nbGUubWFwcy5wbGFjZXMudjEuUGxhY2VzLlNlYXJjaFRleHQQAhgEIAA
1255,not_an_operator,gate3:vacation_rental_listing,Tranquil Tumbleweed - Close to Skiing & More!,,Lodging,lodging,OPERATIONAL,,0,true,alpine-ski,ski rental,core,standard,covered_tile,0,operator,,,,,ChIJEfeff1BlmYARmLyOTBx0rS4,https://maps.google.com/?cid=3363472161607957656&g_mp=Cidnb29nbGUubWFwcy5wbGFjZXMudjEuUGxhY2VzLlNlYXJjaFRleHQQAhgEIAA
1256,not_an_operator,gate3:vacation_rental_listing,Trout and About | Heaven for Skiing Snowboarding,,Lodging,lodging,OPERATIONAL,,0,true,alpine-ski; snowboard,ski rental; snowboard rental,core,standard,covered_tile,0,operator,,,,,ChIJJUH8ktV6mYARufCogOccQLU,https://maps.google.com/?cid=13060470699996016825&g_mp=Cidnb29nbGUubWFwcy5wbGFjZXMudjEuUGxhY2VzLlNlYXJjaFRleHQQAhgEIAA
1257,not_an_operator,gate3:vacation_rental_listing,"Truckee condo 1 mile from Northstar - ski, snowboard, or hike",,Lodging,lodging,OPERATIONAL,,0,true,snowboard,snowboard rental,core,standard,covered_tile,0,operator,,,,,ChIJGyCHySBimYARNRdFP5XW9cY,https://maps.google.com/?cid=14336600925303805749&g_mp=Cidnb29nbGUubWFwcy5wbGFjZXMudjEuUGxhY2VzLlNlYXJjaFRleHQQAhgEIAA
1258,not_an_operator,gate3:vacation_rental_listing,Truckee Escape w/ Hot Tub Near Ski Resorts,,Lodging,lodging,OPERATIONAL,,0,true,alpine-ski,ski rental,core,standard,covered_tile,0,operator,,,,,ChIJ0cVb237gm4AR00TYwWzlSME,https://maps.google.com/?cid=13927634102914663635&g_mp=Cidnb29nbGUubWFwcy5wbGFjZXMudjEuUGxhY2VzLlNlYXJjaFRleHQQAhgEIAA
1259,not_an_operator,gate3:vacation_rental_listing,Truckee Family & Pet Ski Lease: 3BR/2BA - Your Mountain Memories Await!,,Lodging,lodging,OPERATIONAL,,0,true,alpine-ski,ski rental,core,standard,covered_tile,0,operator,,,,,ChIJ2f_jNbvgm4AR_uDO7zwh-4U,https://maps.google.com/?cid=9654346771803857150&g_mp=Cidnb29nbGUubWFwcy5wbGFjZXMudjEuUGxhY2VzLlNlYXJjaFRleHQQAhgEIAA
1260,not_an_operator,gate3:vacation_rental_listing,"Truckee Retreat Close to Town, Trails, Slopes - Ski, hike, bike!",,Lodging,lodging,OPERATIONAL,,0,true,alpine-ski,ski rental,core,standard,covered_tile,0,operator,,,,,ChIJ7XtsJYXfm4ARSgpsQlnCtIk,https://maps.google.com/?cid=9922769567626299978&g_mp=Cidnb29nbGUubWFwcy5wbGFjZXMudjEuUGxhY2VzLlNlYXJjaFRleHQQAhgEIAA
1261,not_an_operator,gate3:disc_golf_course_no_website,Truckee River Disc Golf Course,,Athletic Field,athletic_field,OPERATIONAL,3.6,5,true,disc-golf,disc golf rental,core,standard,covered_tile,0,operator,,,,,ChIJc-YxtBrfm4ARWkD1ASvr75s,https://maps.google.com/?cid=11236458165261647962&g_mp=Cidnb29nbGUubWFwcy5wbGFjZXMudjEuUGxhY2VzLlNlYXJjaFRleHQQAhgEIAA
1262,not_an_operator,gate3:vacation_rental_listing,"Truckee River House - Beautiful Views, Riverfront Retreat, Flyfishing, Skiing",,Lodging,lodging,OPERATIONAL,,0,true,alpine-ski,ski rental,core,standard,covered_tile,0,operator,,,,,ChIJm7k1GbBgmYARFMoecNW9JBw,https://maps.google.com/?cid=2027954456630315540&g_mp=Cidnb29nbGUubWFwcy5wbGFjZXMudjEuUGxhY2VzLlNlYXJjaFRleHQQAhgEIAA
1263,not_an_operator,gate3:vacation_rental_listing,Truckee Ski Lease/Long Term-New Remodel Hot tub Pet friendly,,Lodging,lodging,OPERATIONAL,,0,true,alpine-ski,ski rental; ski shop,core,standard,covered_tile,0,operator,,,,,ChIJze3aZxjem4ARfvSidpUa-NY,https://maps.google.com/?cid=15490160147583661182&g_mp=Cidnb29nbGUubWFwcy5wbGFjZXMudjEuUGxhY2VzLlNlYXJjaFRleHQQAhgEIAA
1264,not_an_operator,gate3:vacation_rental_listing,Truckee Studio with Community Amenities - Near Ski! - Apartment,,Lodging,lodging,OPERATIONAL,,0,true,alpine-ski,ski rental,core,standard,covered_tile,0,operator,,,,,ChIJz6kFXS7nm4ARaZbnoB-s1rs,https://maps.google.com/?cid=13535194981952099945&g_mp=Cidnb29nbGUubWFwcy5wbGFjZXMudjEuUGxhY2VzLlNlYXJjaFRleHQQAhgEIAA
1265,not_an_operator,gate3:vacation_rental_listing,Truckee Winter Escape 6 Mi to Ski Slopes!,,Lodging,lodging,OPERATIONAL,,0,true,alpine-ski,ski rental,core,standard,covered_tile,0,operator,,,,,ChIJw6rmHRzem4ARZVWbycTwTrE,https://maps.google.com/?cid=12776413920883332453&g_mp=Cidnb29nbGUubWFwcy5wbGFjZXMudjEuUGxhY2VzLlNlYXJjaFRleHQQAhgEIAA
1266,not_an_operator,gate3:vacation_rental_listing,True Ski in out Large 2 bdrm Mtn Views 4 beds,,Lodging,lodging,OPERATIONAL,,0,true,alpine-ski,ski rental,core,standard,covered_tile,0,operator,,,,,ChIJlw0d2UzxmYARn_5fRYSSSjY,https://maps.google.com/?cid=3912100323121954463&g_mp=Cidnb29nbGUubWFwcy5wbGFjZXMudjEuUGxhY2VzLlNlYXJjaFRleHQQAhgEIAA
1267,not_an_operator,gate3:vacation_rental_listing,Two Adjacent Luxury Townhomes | Walk to Northstar Village & Ski Lifts,,Lodging,lodging,OPERATIONAL,,0,true,alpine-ski,ski rental,core,standard,covered_tile,0,operator,,,,,ChIJvSmaKi5imYARcx3hwYbl1M8,https://maps.google.com/?cid=14975847027854876019&g_mp=Cidnb29nbGUubWFwcy5wbGFjZXMudjEuUGxhY2VzLlNlYXJjaFRleHQQAhgEIAA
1268,not_an_operator,gate3:vacation_rental_listing,"Two units at the Everline Resort & Spa - Ski-in-ski-out, fireplace, pools, & gym",,Lodging,lodging,OPERATIONAL,,0,true,alpine-ski,ski rental,core,standard,covered_tile,0,operator,,,,,ChIJB_-_wcXZm4AR8b8nNhXN5DY,https://maps.google.com/?cid=3955511863724720113&g_mp=Cidnb29nbGUubWFwcy5wbGFjZXMudjEuUGxhY2VzLlNlYXJjaFRleHQQAhgEIAA
1269,not_an_operator,gate3:vacation_rental_listing,Unforgettable! 3 BR Ritz Carlton Tahoe: Ski In Ski Out,,Lodging,lodging,OPERATIONAL,,0,true,alpine-ski,ski rental,core,standard,covered_tile,0,operator,,,,,ChIJW25UikBimYARLfX2QPgxhtE,https://maps.google.com/?cid=15097809743117743405&g_mp=Cidnb29nbGUubWFwcy5wbGFjZXMudjEuUGxhY2VzLlNlYXJjaFRleHQQAhgEIAA
1270,not_an_operator,gate3:vacation_rental_listing,Unique modern Studio with Old Tahoe Charm is ready for Ski Season!,,Lodging,lodging,OPERATIONAL,,0,true,alpine-ski,ski rental,core,standard,covered_tile,0,operator,,,,,ChIJK5hobpScmYARo_4zYTW--eI,https://maps.google.com/?cid=16355312658246008483&g_mp=Cidnb29nbGUubWFwcy5wbGFjZXMudjEuUGxhY2VzLlNlYXJjaFRleHQQAhgEIAA
1271,not_an_operator,gate3:vacation_rental_listing,UNIT 8 · 08: Cute Studio Bike to Beach,,Lodging,lodging,OPERATIONAL,,0,true,cycling,bike rental,core,standard,covered_tile,0,operator,,,,,ChIJUVksbqKPmYARzqTgwyS_jJQ,https://maps.google.com/?cid=10704140578978833614&g_mp=Cidnb29nbGUubWFwcy5wbGFjZXMudjEuUGxhY2VzLlNlYXJjaFRleHQQAhgEIAA
1272,not_an_operator,gate3:vacation_rental_listing,Updated 3BR/2BA Ski & Hiking townhome near Heavenly!,,Lodging,lodging,OPERATIONAL,,0,true,alpine-ski,ski rental,core,standard,covered_tile,0,operator,,,,,ChIJtWivCAiamYARawpHNsebGic,https://maps.google.com/?cid=2817735796785089131&g_mp=Cidnb29nbGUubWFwcy5wbGFjZXMudjEuUGxhY2VzLlNlYXJjaFRleHQQAhgEIAA
1273,not_an_operator,gate3:vacation_rental_listing,Upscale Newly Renovated Bavarian-Inspired Ski Home,,Lodging,lodging,OPERATIONAL,,0,true,alpine-ski,ski rental; ski shop,core,standard,covered_tile,0,operator,,,,,ChIJzV_HMdNxmYARXaFyhG3Nmh8,https://maps.google.com/?cid=2277358431846441309&g_mp=Cidnb29nbGUubWFwcy5wbGFjZXMudjEuUGxhY2VzLlNlYXJjaFRleHQQAhgEIAA
1274,not_an_operator,gate3:vacation_rental_listing,Valley View Bliss - Nearby Bike Trails & Beach,,Lodging,lodging,OPERATIONAL,,0,true,cycling,bike rental,core,standard,covered_tile,0,operator,,,,,ChIJjY4-p-rZm4AR22kZ8otu1xY,https://maps.google.com/?cid=1645905736168466907&g_mp=Cidnb29nbGUubWFwcy5wbGFjZXMudjEuUGxhY2VzLlNlYXJjaFRleHQQAhgEIAA
1275,not_an_operator,gate3:vacation_rental_listing,Valley View Bliss - Nearby Bike Trails & Beach,,Lodging,lodging,OPERATIONAL,,0,true,cycling,bike rental,core,standard,covered_tile,0,operator,,,,,ChIJSQxEp-rZm4ARVn1CPoHYAYg,https://maps.google.com/?cid=9800352313741835606&g_mp=Cidnb29nbGUubWFwcy5wbGFjZXMudjEuUGxhY2VzLlNlYXJjaFRleHQQAhgEIAA
1276,not_an_operator,gate3:vacation_rental_listing,Viewpoint at Tahoe Donner by Tahoe Getaways - Pet-Friendly 3BR Ski Lease,,Lodging,lodging,OPERATIONAL,,0,true,alpine-ski,ski rental,core,standard,covered_tile,0,operator,,,,,ChIJrSUU4yrhm4ARz39aaACjb0c,https://maps.google.com/?cid=5147512121253855183&g_mp=Cidnb29nbGUubWFwcy5wbGFjZXMudjEuUGxhY2VzLlNlYXJjaFRleHQQAhgEIAA
1277,not_an_operator,gate3:vacation_rental_listing,Village 1BR Ski-In/Out Palisades Condo 2 Beds,,Lodging,lodging,OPERATIONAL,,0,true,alpine-ski,ski rental,core,standard,covered_tile,0,operator,,,,,ChIJn0WQfezZm4ARd8djbAxHhvA,https://maps.google.com/?cid=17331618334665590647&g_mp=Cidnb29nbGUubWFwcy5wbGFjZXMudjEuUGxhY2VzLlNlYXJjaFRleHQQAhgEIAA
1278,not_an_operator,gate3:vacation_rental_listing,"Village 2-412: 2br/1ba Penthouse. Fantastic views! Ski-in/out, Hot Tubs & more.",,Lodging,lodging,OPERATIONAL,,0,true,alpine-ski,ski rental,core,standard,covered_tile,0,operator,,,,,ChIJnU7_jOzZm4ARlT-7YdyAK_g,https://maps.google.com/?cid=17882528429425508245&g_mp=Cidnb29nbGUubWFwcy5wbGFjZXMudjEuUGxhY2VzLlNlYXJjaFRleHQQAhgEIAA
1279,not_an_operator,gate3:vacation_rental_listing,Village at Palisades Ski-in Ski-Out One Bedroom Condo Mt. View Unit -2nd Floor,,Lodging,lodging,OPERATIONAL,,0,true,alpine-ski,ski rental,core,standard,covered_tile,0,operator,,,,,ChIJf5qLfezZm4ARMxXJiU12vBo,https://maps.google.com/?cid=1926544816003945779&g_mp=Cidnb29nbGUubWFwcy5wbGFjZXMudjEuUGxhY2VzLlNlYXJjaFRleHQQAhgEIAA
1280,not_an_operator,gate3:vacation_rental_listing,"Village at Palisades Tahoe - 1BR/Sleeps 4, Ski-in/Ski-out, Top Floor, Mtn Views",,Lodging,lodging,OPERATIONAL,,0,true,alpine-ski,ski rental,core,standard,covered_tile,0,operator,,,,,ChIJF9FqfuvZm4ARfziC57P_pq0,https://maps.google.com/?cid=12512969762843801727&g_mp=Cidnb29nbGUubWFwcy5wbGFjZXMudjEuUGxhY2VzLlNlYXJjaFRleHQQAhgEIAA
1281,not_an_operator,gate3:vacation_rental_listing,Village at Palisades Tahoe - Ski-in Ski-out 2 bedroom/2bath - prime location,,Lodging,lodging,OPERATIONAL,,0,true,alpine-ski,ski rental,core,standard,covered_tile,0,operator,,,,,ChIJx5OefezZm4ARoCwpt9arBkw,https://maps.google.com/?cid=5478254935427067040&g_mp=Cidnb29nbGUubWFwcy5wbGFjZXMudjEuUGxhY2VzLlNlYXJjaFRleHQQAhgEIAA
1282,not_an_operator,gate3:vacation_rental_listing,VIP Palisades Ski In Out Condo 4 Feet of Fresh Snow and More Coming,,Lodging,lodging,OPERATIONAL,,0,true,alpine-ski,ski rental; ski shop,core,standard,covered_tile,0,operator,,,,,ChIJxdkZAO3Zm4ARBO0lLRlLemU,https://maps.google.com/?cid=7312239516493147396&g_mp=Cidnb29nbGUubWFwcy5wbGFjZXMudjEuUGxhY2VzLlNlYXJjaFRleHQQAhgEIAA
1283,not_an_operator,gate3:vacation_rental_listing,VIP Ski-In/Ski-Out Condo in the Northstar Resort (ride to gondola in seconds),,Lodging,lodging,OPERATIONAL,,0,true,alpine-ski,ski rental,core,standard,covered_tile,0,operator,,,,,ChIJBYehkjZimYARKorHBXlKpjo,https://maps.google.com/?cid=4226147183982250538&g_mp=Cidnb29nbGUubWFwcy5wbGFjZXMudjEuUGxhY2VzLlNlYXJjaFRleHQQAhgEIAA
1284,not_an_operator,gate3:vacation_rental_listing,Walk Donner Lake | HotTub|4 Kings| Trails | Sleds,,Lodging,lodging,OPERATIONAL,,0,false,snow-tube,sled rental,experience,standard,covered_tile,0,operator,,,,,ChIJHQicHXrnm4ARJttdkWuQmy4,https://maps.google.com/?cid=3358436738809584422&g_mp=Cidnb29nbGUubWFwcy5wbGFjZXMudjEuUGxhY2VzLlNlYXJjaFRleHQQAhgEIAA
1285,not_an_operator,gate3:vacation_rental_listing,Walk on Water | Classic Tahoe Keys Retreat W/ Boat Dock |TKC0697,,Lodging,lodging,OPERATIONAL,,0,true,powerboat,boat rental,core,standard,covered_tile,0,operator,,,,,ChIJ4U4Fjo6PmYAROeVBWh1nSY4,https://maps.google.com/?cid=10252839402451625273&g_mp=Cidnb29nbGUubWFwcy5wbGFjZXMudjEuUGxhY2VzLlNlYXJjaFRleHQQAhgEIAA
1286,not_an_operator,gate3:vacation_rental_listing,"Walk to Beach & Ski, 4BR Custom Tahoe Home",,Lodging,lodging,OPERATIONAL,,0,true,alpine-ski,ski rental,core,standard,covered_tile,0,operator,,,,,ChIJ69CtkOR8mYAR0jESpGmZBwQ,https://maps.google.com/?cid=290369379991957970&g_mp=Cidnb29nbGUubWFwcy5wbGFjZXMudjEuUGxhY2VzLlNlYXJjaFRleHQQAhgEIAA
1287,not_an_operator,gate3:vacation_rental_listing,Walk to Beach! Kayaks! Pets OK! Camp STAR-Lite!,,Lodging,lodging,OPERATIONAL,,0,true,kayak,kayak rental,core,standard,covered_tile,0,operator,,,,,ChIJqc8xgNZ6mYARJzl9x6F7Vi4,https://maps.google.com/?cid=3338992108508625191&g_mp=Cidnb29nbGUubWFwcy5wbGFjZXMudjEuUGxhY2VzLlNlYXJjaFRleHQQAhgEIAA
1288,not_an_operator,gate3:vacation_rental_listing,"Walk to Beach! Lakeview Cabin • Ski, Bike & Golf Nearby",,Lodging,lodging,OPERATIONAL,,0,true,alpine-ski,ski rental,core,standard,covered_tile,0,operator,,,,,ChIJWTIw2bZkmYARSJopP1WGSxo,https://maps.google.com/?cid=1894755768929458760&g_mp=Cidnb29nbGUubWFwcy5wbGFjZXMudjEuUGxhY2VzLlNlYXJjaFRleHQQAhgEIAA
1289,not_an_operator,gate3:vacation_rental_listing,"Walk to Heavenly Ski Resort, Steps from Lifts! - 6SC~",,Lodging,lodging,OPERATIONAL,,0,true,alpine-ski,ski rental,core,standard,covered_tile,0,operator,,,,,ChIJ_QSLJEGQmYAReeSH4H2iN7Q,https://maps.google.com/?cid=12986026712067728505&g_mp=Cidnb29nbGUubWFwcy5wbGFjZXMudjEuUGxhY2VzLlNlYXJjaFRleHQQAhgEIAA
1290,not_an_operator,gate3:vacation_rental_listing,Walk to Lake DiningShops 5mins to Ski Resort Incline Paradise by AvantStay - Four-Bedroom House,,Lodging,lodging,OPERATIONAL,,0,true,alpine-ski,ski rental,core,standard,covered_tile,0,operator,,,,,ChIJCc20bj5wmYAR5VlK1zYxmaw,https://maps.google.com/?cid=12437025957570304485&g_mp=Cidnb29nbGUubWFwcy5wbGFjZXMudjEuUGxhY2VzLlNlYXJjaFRleHQQAhgEIAA
1291,not_an_operator,gate3:vacation_rental_listing,"Walk to Lake, Dining+Shops | 5mins to Ski Resort | Incline Paradise by AvantStay",,Lodging,lodging,OPERATIONAL,,0,true,alpine-ski,ski rental; ski shop,core,standard,covered_tile,0,operator,,,,,ChIJCc20bj5wmYARowmG0w0bvI4,https://maps.google.com/?cid=10285125395204671907&g_mp=Cidnb29nbGUubWFwcy5wbGFjZXMudjEuUGxhY2VzLlNlYXJjaFRleHQQAhgEIAA
1292,not_an_operator,gate3:vacation_rental_listing,"Walk to Lake, Dining+shops 5mins to Ski Resort Incline Paradise by Avantstay",,Lodging,lodging,OPERATIONAL,,0,true,alpine-ski,ski rental,core,standard,covered_tile,0,operator,,,,,ChIJCc20bj5wmYARD0FIX6EtBRA,https://maps.google.com/?cid=1154379050601955599&g_mp=Cidnb29nbGUubWFwcy5wbGFjZXMudjEuUGxhY2VzLlNlYXJjaFRleHQQAhgEIAA
1293,not_an_operator,gate3:vacation_rental_listing,"Walk to Lake, Dining+Shops 5Mins to Ski Resort Incline Paradise by Avantstay",,Lodging,lodging,OPERATIONAL,,0,true,alpine-ski,ski rental; ski shop,core,standard,covered_tile,0,operator,,,,,ChIJCc20bj5wmYARNA_kdrnKsig,https://maps.google.com/?cid=2932629205284032308&g_mp=Cidnb29nbGUubWFwcy5wbGFjZXMudjEuUGxhY2VzLlNlYXJjaFRleHQQAhgEIAA
1294,not_an_operator,gate3:vacation_rental_listing,"Walk to Lake, Dining+shops 5mins to Ski Resort Incline Paradise by Avantstay - House (4 Bedrooms)",,Lodging,lodging,OPERATIONAL,,0,true,alpine-ski,ski rental,core,standard,covered_tile,0,operator,,,,,ChIJCc20bj5wmYARhhzvIIbD1M4,https://maps.google.com/?cid=14903752047721389190&g_mp=Cidnb29nbGUubWFwcy5wbGFjZXMudjEuUGxhY2VzLlNlYXJjaFRleHQQAhgEIAA
1295,not_an_operator,gate3:vacation_rental_listing,Walk to lake!! or short drive to Ski Resorts!,,Lodging,lodging,OPERATIONAL,,0,true,alpine-ski,ski rental,core,standard,covered_tile,0,operator,,,,,ChIJGeXE4ul6mYARZDQXWnUyKHI,https://maps.google.com/?cid=8225880198996243556&g_mp=Cidnb29nbGUubWFwcy5wbGFjZXMudjEuUGxhY2VzLlNlYXJjaFRleHQQAhgEIAA
1296,not_an_operator,gate3:vacation_rental_listing,Walk to Northstar Village NPOA RecCenter SKI HIKE,,Lodging,lodging,OPERATIONAL,,0,true,alpine-ski,ski rental,core,standard,covered_tile,0,operator,,,,,ChIJWyZcCDJimYARAqXE_a9S3eo,https://maps.google.com/?cid=16923773890558469378&g_mp=Cidnb29nbGUubWFwcy5wbGFjZXMudjEuUGxhY2VzLlNlYXJjaFRleHQQAhgEIAA
1297,not_an_operator,gate3:vacation_rental_listing,Walk to Northstar Village NPOA RecCenter SKI HIKE,,Lodging,lodging,OPERATIONAL,,0,true,alpine-ski,ski rental,core,standard,covered_tile,0,operator,,,,,ChIJWyZcCDJimYAR7LBnBeRhniQ,https://maps.google.com/?cid=2638654063656808684&g_mp=Cidnb29nbGUubWFwcy5wbGFjZXMudjEuUGxhY2VzLlNlYXJjaFRleHQQAhgEIAA
1298,not_an_operator,gate3:vacation_rental_listing,Walk to Northstar Village NPOA RecCenter SKI HIKE,,Lodging,lodging,OPERATIONAL,,0,true,alpine-ski,ski rental,core,standard,covered_tile,0,operator,,,,,ChIJWyZcCDJimYARJvqIXl4XAgs,https://maps.google.com/?cid=793222178451028518&g_mp=Cidnb29nbGUubWFwcy5wbGFjZXMudjEuUGxhY2VzLlNlYXJjaFRleHQQAhgEIAA
1299,not_an_operator,gate3:vacation_rental_listing,Walk to Palisades Village + Ski Lifts 5BR w/ Mtn Views Mt. Jola by Avantstay,,Lodging,lodging,OPERATIONAL,,0,true,alpine-ski,ski rental,core,standard,covered_tile,0,operator,,,,,ChIJbU-mcO3Zm4ARN_WF_Ik10VA,https://maps.google.com/?cid=5823494659930191159&g_mp=Cidnb29nbGUubWFwcy5wbGFjZXMudjEuUGxhY2VzLlNlYXJjaFRleHQQAhgEIAA
1300,not_an_operator,gate3:vacation_rental_listing,Walk to Ski Lift & Village: Lovely Kirkwood Condo!,,Lodging,lodging,OPERATIONAL,,0,true,alpine-ski,ski rental,core,standard,covered_tile,0,operator,,,,,ChIJu51msrL2mYARUDYMFlbkrFE,https://maps.google.com/?cid=5885329871454615120&g_mp=Cidnb29nbGUubWFwcy5wbGFjZXMudjEuUGxhY2VzLlNlYXJjaFRleHQQAhgEIAA
1301,not_an_operator,gate3:vacation_rental_listing,Walk to Ski Lift | Modern Top-Floor Mountain-View Getaway Near Scenic Trails,,Lodging,lodging,OPERATIONAL,,0,true,alpine-ski,ski rental; ski shop,core,standard,covered_tile,0,operator,,,,,ChIJl2DJSkPXm4ARPuaMIEX6Nx0,https://maps.google.com/?cid=2105426525624788542&g_mp=Cidnb29nbGUubWFwcy5wbGFjZXMudjEuUGxhY2VzLlNlYXJjaFRleHQQAhgEIAA
1302,not_an_operator,gate3:vacation_rental_listing,Walk to Ski Lift and Village Lovely Kirkwood Condo! - Apartment,,Lodging,lodging,OPERATIONAL,,0,true,alpine-ski,ski rental,core,standard,covered_tile,0,operator,,,,,ChIJ73FmsrL2mYAR2SGn4j8cFEM,https://maps.google.com/?cid=4833519360786506201&g_mp=Cidnb29nbGUubWFwcy5wbGFjZXMudjEuUGxhY2VzLlNlYXJjaFRleHQQAhgEIAA
1303,not_an_operator,gate3:vacation_rental_listing,Walk to Ski Lift and Village Lovely Kirkwood Condo! - Apartment,,Lodging,lodging,OPERATIONAL,,0,true,alpine-ski,ski rental,core,standard,covered_tile,0,operator,,,,,ChIJ73FmsrL2mYARR7dZg8IDaq4,https://maps.google.com/?cid=12567861844093024071&g_mp=Cidnb29nbGUubWFwcy5wbGFjZXMudjEuUGxhY2VzLlNlYXJjaFRleHQQAhgEIAA
1304,not_an_operator,gate3:vacation_rental_listing,Walk to Ski Lift Village: Lovely Kirkwood Condo! - Apartment (1 Bedroom),,Lodging,lodging,OPERATIONAL,,0,true,alpine-ski,ski rental,core,standard,covered_tile,0,operator,,,,,ChIJ1TJhsrL2mYARRBRFMUJnD8M,https://maps.google.com/?cid=14055566496038720580&g_mp=Cidnb29nbGUubWFwcy5wbGFjZXMudjEuUGxhY2VzLlNlYXJjaFRleHQQAhgEIAA
1305,not_an_operator,gate3:vacation_rental_listing,Walk to Ski Lift West Shore Cabin Hot Tub Dog OK,,Lodging,lodging,OPERATIONAL,,0,true,alpine-ski,ski rental,core,standard,covered_tile,0,operator,,,,,ChIJ27fNpIHVm4ARsSIkYpbFbec,https://maps.google.com/?cid=16676202244905116337&g_mp=Cidnb29nbGUubWFwcy5wbGFjZXMudjEuUGxhY2VzLlNlYXJjaFRleHQQAhgEIAA
1306,not_an_operator,gate3:vacation_rental_listing,Walk to Ski Resort Tahoe Donner Studio with Balcony - Apartment,,Lodging,lodging,OPERATIONAL,,0,true,alpine-ski,ski rental,core,standard,covered_tile,0,operator,,,,,ChIJf00pXy7nm4ARAo1b3UObZYI,https://maps.google.com/?cid=9396086913357286658&g_mp=Cidnb29nbGUubWFwcy5wbGFjZXMudjEuUGxhY2VzLlNlYXJjaFRleHQQAhgEIAA
1307,not_an_operator,gate3:vacation_rental_listing,Walk to Ski Resort: Tahoe Donner Studio w/ Balcony,,Lodging,lodging,OPERATIONAL,,0,true,alpine-ski,ski rental,core,standard,covered_tile,0,operator,,,,,ChIJf00pXy7nm4ARo1-Q9PBjUlk,https://maps.google.com/?cid=6436316704012263331&g_mp=Cidnb29nbGUubWFwcy5wbGFjZXMudjEuUGxhY2VzLlNlYXJjaFRleHQQAhgEIAA
1308,not_an_operator,gate3:vacation_rental_listing,Walk to Ski Resort: Tahoe Donner Studio w/ Balcony,,Lodging,lodging,OPERATIONAL,,0,true,alpine-ski,ski rental,core,standard,covered_tile,0,operator,,,,,ChIJf00pXy7nm4ARNI6K3SIVN1E,https://maps.google.com/?cid=5852169480281165364&g_mp=Cidnb29nbGUubWFwcy5wbGFjZXMudjEuUGxhY2VzLlNlYXJjaFRleHQQAhgEIAA
1309,not_an_operator,gate3:vacation_rental_listing,Walk to Ski Resort: Tahoe Donner Studio w/ Balcony,,Lodging,lodging,OPERATIONAL,,0,true,alpine-ski,ski rental,core,standard,covered_tile,0,operator,,,,,ChIJf00pXy7nm4ARvcFD5OB8djk,https://maps.google.com/?cid=4140634212757914045&g_mp=Cidnb29nbGUubWFwcy5wbGFjZXMudjEuUGxhY2VzLlNlYXJjaFRleHQQAhgEIAA
1310,not_an_operator,gate3:vacation_rental_listing,Walk to ski runs - condo with loft & access to Tahoe Donner 5-star amenities,,Lodging,lodging,OPERATIONAL,,0,true,alpine-ski,ski rental,core,standard,covered_tile,0,operator,,,,,ChIJ1e7pCC7nm4ARxiSdmLWOMCo,https://maps.google.com/?cid=3040086659075744966&g_mp=Cidnb29nbGUubWFwcy5wbGFjZXMudjEuUGxhY2VzLlNlYXJjaFRleHQQAhgEIAA
1311,not_an_operator,gate3:vacation_rental_listing,Walk to ski runs - condo with loft & access to Tahoe Donner 5-star amenities,,Lodging,lodging,OPERATIONAL,,0,true,alpine-ski,ski rental,core,standard,covered_tile,0,operator,,,,,ChIJs_CDCC7nm4ARteQF4mzIqhg,https://maps.google.com/?cid=1777453372925142197&g_mp=Cidnb29nbGUubWFwcy5wbGFjZXMudjEuUGxhY2VzLlNlYXJjaFRleHQQAhgEIAA
1312,not_an_operator,gate3:vacation_rental_listing,Walk to ski runs - condo with loft & access to Tahoe Donner 5-star amenities,,Lodging,lodging,OPERATIONAL,,0,true,alpine-ski,ski rental,core,standard,covered_tile,0,operator,,,,,ChIJs_CDCC7nm4ARK7Xq70akcyw,https://maps.google.com/?cid=3203084384570357035&g_mp=Cidnb29nbGUubWFwcy5wbGFjZXMudjEuUGxhY2VzLlNlYXJjaFRleHQQAhgEIAA
1313,not_an_operator,gate3:vacation_rental_listing,Walk to Ski Shuttle Incline Village Condo - Apartment,,Lodging,lodging,OPERATIONAL,,0,true,alpine-ski,ski rental,core,standard,covered_tile,0,operator,,,,,ChIJr_597zVwmYARPBIZG1qa4vQ,https://maps.google.com/?cid=17645836001783386684&g_mp=Cidnb29nbGUubWFwcy5wbGFjZXMudjEuUGxhY2VzLlNlYXJjaFRleHQQAhgEIAA
1314,not_an_operator,gate3:vacation_rental_listing,Walk to Ski Shuttle: Incline Village Condo,,Lodging,lodging,OPERATIONAL,,0,true,alpine-ski,ski rental,core,standard,covered_tile,0,operator,,,,,ChIJuc997zVwmYARMxZlVW1Xu7Q,https://maps.google.com/?cid=13023098874567661107&g_mp=Cidnb29nbGUubWFwcy5wbGFjZXMudjEuUGxhY2VzLlNlYXJjaFRleHQQAhgEIAA
1315,not_an_operator,gate3:vacation_rental_listing,Walk to Stagecoach Lift - 5BR Luxury Ski Cabin - Private Hot Tub - 3 Fireplaces,,Lodging,lodging,OPERATIONAL,,0,true,alpine-ski,ski rental,core,standard,covered_tile,0,operator,,,,,ChIJ77h4j62QmYAR26_RCWTIjyU,https://maps.google.com/?cid=2706602233059979227&g_mp=Cidnb29nbGUubWFwcy5wbGFjZXMudjEuUGxhY2VzLlNlYXJjaFRleHQQAhgEIAA
1316,not_an_operator,gate3:vacation_rental_listing,Walking Distance to TD Ski Hill,,Lodging,lodging,OPERATIONAL,,0,true,alpine-ski,ski rental,core,standard,covered_tile,0,operator,,,,,ChIJbf83fy3nm4ARD_xE3cQ4zXs,https://maps.google.com/?cid=8920848855067851791&g_mp=Cidnb29nbGUubWFwcy5wbGFjZXMudjEuUGxhY2VzLlNlYXJjaFRleHQQAhgEIAA
1317,not_an_operator,gate3:vacation_rental_listing,Waterfront Lake Tahoe Retreat with Private Boat Dock - Holiday Home,,Lodging,lodging,OPERATIONAL,,0,true,powerboat,boat rental,core,standard,covered_tile,0,operator,,,,,ChIJ0dyGpoSPmYARcMeeVEIZN6I,https://maps.google.com/?cid=11688839130541639536&g_mp=Cidnb29nbGUubWFwcy5wbGFjZXMudjEuUGxhY2VzLlNlYXJjaFRleHQQAhgEIAA
1318,not_an_operator,gate3:vacation_rental_listing,"Waterfront Oasis w/ Kayaks, Fire Pit & Game Room",,Lodging,lodging,OPERATIONAL,,0,true,kayak,kayak rental,core,standard,covered_tile,0,operator,,,,,ChIJQ0znzMM-mYAR7AEk7O5nvDs,https://maps.google.com/?cid=4304429619721011692&g_mp=Cidnb29nbGUubWFwcy5wbGFjZXMudjEuUGxhY2VzLlNlYXJjaFRleHQQAhgEIAA
1319,not_an_operator,gate3:vacation_rental_listing,"Waterfront Retreat - Keys, Dog Friendly, Hot Tub, Boat Dock",,Lodging,lodging,OPERATIONAL,,0,true,powerboat,boat rental,core,standard,covered_tile,0,operator,,,,,ChIJx7LPsr2PmYARFAwPKrcDLjo,https://maps.google.com/?cid=4192292388348038164&g_mp=Cidnb29nbGUubWFwcy5wbGFjZXMudjEuUGxhY2VzLlNlYXJjaFRleHQQAhgEIAA
1320,not_an_operator,gate3:vacation_rental_listing,West Shore Lake House by AvantStay Ski Cabin w Backyard Sledding Hill - Four-Bedroom House,,Lodging,lodging,OPERATIONAL,,0,true,alpine-ski; snow-tube,ski rental; sled rental,core; experience,standard,covered_tile,0,operator,,,,,ChIJ1c0tUf7Vm4ARYa4V0RxY67k,https://maps.google.com/?cid=13396898397333859937&g_mp=Cidnb29nbGUubWFwcy5wbGFjZXMudjEuUGxhY2VzLlNlYXJjaFRleHQQAhgEIAA
1321,not_an_operator,gate3:vacation_rental_listing,West Shore Lake House by Avantstay Ski Cabin w/ Backyard Sledding Hill!,,Lodging,lodging,OPERATIONAL,,0,true,alpine-ski; snow-tube,ski rental; sled rental,core; experience,standard,covered_tile,0,operator,,,,,ChIJH7ItUf7Vm4ARRg26OfDovWg,https://maps.google.com/?cid=7547444669001108806&g_mp=Cidnb29nbGUubWFwcy5wbGFjZXMudjEuUGxhY2VzLlNlYXJjaFRleHQQAhgEIAA
1322,not_an_operator,gate3:vacation_rental_listing,West Shore Lake House by Avantstay Ski Cabin w/ Backyard Sledding Hill!,,Lodging,lodging,OPERATIONAL,,0,true,alpine-ski; snow-tube,ski rental; sled rental,core; experience,standard,covered_tile,0,operator,,,,,ChIJH7ItUf7Vm4ARy14DuFASMc4,https://maps.google.com/?cid=14857676783565889227&g_mp=Cidnb29nbGUubWFwcy5wbGFjZXMudjEuUGxhY2VzLlNlYXJjaFRleHQQAhgEIAA
1323,not_an_operator,gate3:disc_golf_course_no_website,Zephyr Cove Disc Golf Course,,Athletic Field,athletic_field,OPERATIONAL,4.9,83,true,disc-golf,disc golf rental,core,standard,covered_tile,0,operator,,,,,ChIJRcB8axGbmYARSmrRpDWNess,https://maps.google.com/?cid=14662186798396041802&g_mp=Cidnb29nbGUubWFwcy5wbGFjZXMudjEuUGxhY2VzLlNlYXJjaFRleHQQAhgEIAA
1324,not_an_operator,gate3:vacation_rental_listing,"Zephyr Cove first level 1 Bed: close to everything bike, ski, swim! - Deluxe King Studio",,Lodging,lodging,OPERATIONAL,,0,true,cycling,bike rental,core,standard,covered_tile,0,operator,,,,,ChIJ0aj1vyObmYARW8B3fil143A,https://maps.google.com/?cid=8134474173037133915&g_mp=Cidnb29nbGUubWFwcy5wbGFjZXMudjEuUGxhY2VzLlNlYXJjaFRleHQQAhgEIAA
1325,out_of_scope,gate1:strong_blocklist,"360 Entertainment Services Photo Booth Rentals Reno, Nevada",,Services,service,OPERATIONAL,4.8,18,true,camping,tent rental,core,service-area,service_area_unknown_location,,operator,,,,,ChIJBVry7qk3mYARhoLTUz5d3Ko,https://maps.google.com/?cid=12311818003599819398&g_mp=Cidnb29nbGUubWFwcy5wbGFjZXMudjEuUGxhY2VzLlNlYXJjaFRleHQQAhgEIAA
1326,out_of_scope,gate1:party_event_rental,A&A Event Rentals,https://www.aaevent-rentals.com/homepage,Services,service,OPERATIONAL,5,33,true,camping,tent rental,core,service-area,service_area_unknown_location,,operator,,,,,ChIJyfRTIq1Y4UERUPq6TCYbdm8,https://maps.google.com/?cid=8031636836771887696&g_mp=Cidnb29nbGUubWFwcy5wbGFjZXMudjEuUGxhY2VzLlNlYXJjaFRleHQQAhgEIAA
1327,out_of_scope,gate3:no_website_retail_noise,Art Of Gelato,,Ice Cream Shop,ice_cream_shop,OPERATIONAL,4.4,206,true,alpine-ski,ski shop,core,standard,covered_tile,0,operator,,,,,ChIJCcWhKwmQmYARh-UI_9eI3Qs,https://maps.google.com/?cid=854989965548381575&g_mp=Cidnb29nbGUubWFwcy5wbGFjZXMudjEuUGxhY2VzLlNlYXJjaFRleHQQAhgEIAA
1328,out_of_scope,gate1:strong_blocklist,Avis Car Rental,https://www.avis.com/en/locations/nam/us/nv/reno/rno?utm_source=google&utm_medium=gbp&utm_campaign=avis_gbp,Car Rental Agency,car_rental,OPERATIONAL,4.1,1922,true,offroad-4x4,4x4 rental,core,standard,covered_tile,0,operator,,,,,ChIJVVVVVSU-mYARubJ_sUgxWsA,https://maps.google.com/?cid=13860444991471465145&g_mp=Cidnb29nbGUubWFwcy5wbGFjZXMudjEuUGxhY2VzLlNlYXJjaFRleHQQAhgEIAA
1329,out_of_scope,gate1:strong_blocklist,Bash and Bounce-Reno/Tahoe Modern Bounce Houses,http://bashandbounce.com/,Services,service,OPERATIONAL,4.9,42,true,camping,tent rental,core,service-area,service_area_unknown_location,,operator,,,,,ChIJq7hWJ1P4wy8RHFfAyQsOfBw,https://maps.google.com/?cid=2052530973966358300&g_mp=Cidnb29nbGUubWFwcy5wbGFjZXMudjEuUGxhY2VzLlNlYXJjaFRleHQQAhgEIAA
1330,out_of_scope,gate3:no_website_retail_noise,Battleborn Surplus,,Clothing Store,clothing_store,OPERATIONAL,4.6,78,true,gear-shop,sporting goods store,core,standard,covered_tile,0,operator,,,,,ChIJh6DJolc5mYARsqodC8kpJps,https://maps.google.com/?cid=11179669068445493938&g_mp=Cidnb29nbGUubWFwcy5wbGFjZXMudjEuUGxhY2VzLlNlYXJjaFRleHQQAhgEIAA
1331,out_of_scope,gate1:strong_blocklist,Bouncing Around,http://bouncehousereno.com/,Services,service,OPERATIONAL,5,97,true,camping,tent rental,core,standard,covered_tile,0,operator,,,,,ChIJ4SI45Rk3mYARrUTt_tbOm9w,https://maps.google.com/?cid=15896526732529583277&g_mp=Cidnb29nbGUubWFwcy5wbGFjZXMudjEuUGxhY2VzLlNlYXJjaFRleHQQAhgEIAA
1332,out_of_scope,gate3:no_website_retail_noise,Brat’s Bargain Brags,,Thrift Store,thrift_store,OPERATIONAL,5,1,true,gear-shop,sporting goods store,core,standard,covered_tile,0,operator,,,,,ChIJwd7sUkMLmYARtbxf3448sa0,https://maps.google.com/?cid=12515851423769935029&g_mp=Cidnb29nbGUubWFwcy5wbGFjZXMudjEuUGxhY2VzLlNlYXJjaFRleHQQAhgEIAA
1333,out_of_scope,gate1:strong_blocklist,Budget car rental,https://www.budget.com/en/locations/us/nv/stateline/l1t?utm_source=google&utm_medium=gbp&utm_campaign=budget_gbp,Car Rental Agency,car_rental,OPERATIONAL,2.9,37,true,offroad-4x4,4x4 rental,core,standard,covered_tile,0,operator,,,,ChIJGdMkj3A_mYARRfV7GFK36mQ,ChIJLZ_n5pyamYARNc28zFd5tGU,https://maps.google.com/?cid=7328615911642680629&g_mp=Cidnb29nbGUubWFwcy5wbGFjZXMudjEuUGxhY2VzLlNlYXJjaFRleHQQAhgEIAA
1334,out_of_scope,gate1:strong_blocklist,Budget Car Rental,https://www.budget.com/en/locations/us/nv/reno/rno?utm_source=google&utm_medium=gbp&utm_campaign=budget_gbp,Car Rental Agency,car_rental,OPERATIONAL,2.8,1081,true,offroad-4x4,4x4 rental,core,standard,covered_tile,0,operator,,,,,ChIJGdMkj3A_mYARRfV7GFK36mQ,https://maps.google.com/?cid=7271826111569065285&g_mp=Cidnb29nbGUubWFwcy5wbGFjZXMudjEuUGxhY2VzLlNlYXJjaFRleHQQAhgEIAA
1335,out_of_scope,gate1:party_event_rental,Camelot Party Rentals,http://www.camelotpartyrentals.com/,Services,service,OPERATIONAL,4.5,53,true,camping; gear-shop,outdoor equipment rental; tent rental,core,standard,covered_tile,0,operator,,,,,ChIJCR2Tax0_mYARFTQneIZ1XiE,https://maps.google.com/?cid=2404488471464326165&g_mp=Cidnb29nbGUubWFwcy5wbGFjZXMudjEuUGxhY2VzLlNlYXJjaFRleHQQAhgEIAA
1336,out_of_scope,gate1:strong_blocklist,Carson City Porta Potty Rentals,,Services,service,OPERATIONAL,,0,true,camping,tent rental,core,standard,covered_tile,0,operator,,,,,ChIJg675FukLmYARZSakkWujxZo,https://maps.google.com/?cid=11152499734653183589&g_mp=Cidnb29nbGUubWFwcy5wbGFjZXMudjEuUGxhY2VzLlNlYXJjaFRleHQQAhgEIAA
1337,out_of_scope,gate1:strong_blocklist,Carson City Porta Potty Rentals - Portable Toilets,,Services,service,OPERATIONAL,,0,true,camping,tent rental,core,standard,covered_tile,0,operator,,,,,ChIJV78MBbgLmYARPZEAstXgX6Q,https://maps.google.com/?cid=11844432753426731325&g_mp=Cidnb29nbGUubWFwcy5wbGFjZXMudjEuUGxhY2VzLlNlYXJjaFRleHQQAhgEIAA
1338,out_of_scope,gate1:strong_blocklist,Carson City Portables - Porta Potty Rentals,,Services,service,OPERATIONAL,5,1,true,camping,tent rental,core,standard,covered_tile,0,operator,,,,,ChIJIwOlT3oLmYAREcvyembEmy0,https://maps.google.com/?cid=3286436297525349137&g_mp=Cidnb29nbGUubWFwcy5wbGFjZXMudjEuUGxhY2VzLlNlYXJjaFRleHQQAhgEIAA
1339,out_of_scope,gate1:party_event_rental,Carson Valley Event Rentals,http://www.carsonvalleyeventrentals.com/,Services,service,OPERATIONAL,4.2,9,true,camping,tent rental,core,service-area,service_area_unknown_location,,operator,,,,,ChIJy8NTwde_mYARTyT6ZaOhJug,https://maps.google.com/?cid=16728235589076919375&g_mp=Cidnb29nbGUubWFwcy5wbGFjZXMudjEuUGxhY2VzLlNlYXJjaFRleHQQAhgEIAA
1340,out_of_scope,gate1:party_event_rental,Celebrations Event Rentals,http://www.celebrationspartyrentals.com/,Services,service,OPERATIONAL,4.7,15,true,camping,tent rental,core,standard,covered_tile,0,operator,,,,,ChIJ0QGtlag_mYARyoq16DanUaY,https://maps.google.com/?cid=11984543937683884746&g_mp=Cidnb29nbGUubWFwcy5wbGFjZXMudjEuUGxhY2VzLlNlYXJjaFRleHQQAhgEIAA
1341,out_of_scope,gate1:party_event_rental,Chulas Party Rentals LLC,https://www.chulaspartyrentals.com/,Services,service,OPERATIONAL,5,2,true,camping,tent rental,core,standard,covered_tile,0,operator,,,,,ChIJfSy64A43mYAREWSv7u3MJ98,https://maps.google.com/?cid=16080046316833432593&g_mp=Cidnb29nbGUubWFwcy5wbGFjZXMudjEuUGxhY2VzLlNlYXJjaFRleHQQAhgEIAA
1342,out_of_scope,gate1:party_event_rental,D&R Event Rentals LLC,http://www.dreventrentals.com/,Services,service,OPERATIONAL,5,30,true,camping,tent rental,core,service-area,service_area_unknown_location,,operator,,,,,ChIJJez0XB9HmYAR_EXAqHzvYb8,https://maps.google.com/?cid=13790566852671325692&g_mp=Cidnb29nbGUubWFwcy5wbGFjZXMudjEuUGxhY2VzLlNlYXJjaFRleHQQAhgEIAA
1343,out_of_scope,gate1:party_event_rental,D2 Party Rentals LLC,https://www.d2partyrentals.com/,Services,service,OPERATIONAL,5,74,true,camping,tent rental,core,service-area,service_area_unknown_location,,operator,,,,,ChIJtV2R-gxJmYARcHq0UwoWOgg,https://maps.google.com/?cid=592810534562462320&g_mp=Cidnb29nbGUubWFwcy5wbGFjZXMudjEuUGxhY2VzLlNlYXJjaFRleHQQAhgEIAA
1344,out_of_scope,gate1:party_event_rental,Dannys Party Rental LLC,https://dannyspartyrental.com/,Services,service,OPERATIONAL,5,12,true,camping,tent rental,core,standard,covered_tile,0,operator,,,,,ChIJFSc40LNHmYAR14L8LUqZynw,https://maps.google.com/?cid=8992168149876769495&g_mp=Cidnb29nbGUubWFwcy5wbGFjZXMudjEuUGxhY2VzLlNlYXJjaFRleHQQAhgEIAA
1345,out_of_scope,gate1:party_event_rental,Desert Southwest Event Rentals of Lake Tahoe,https://desertsouthwesteventrentals.com/,Services,service,OPERATIONAL,5,8,true,camping,tent rental,core,standard,covered_tile,0,operator,,,,,ChIJ-czLcgB7mYARDMTVL1KyqCQ,https://maps.google.com/?cid=2641557247512396812&g_mp=Cidnb29nbGUubWFwcy5wbGFjZXMudjEuUGxhY2VzLlNlYXJjaFRleHQQAhgEIAA
1346,out_of_scope,gate3:no_website_retail_noise,Donner Lake Gift Shop,,Gift Shop,gift_shop,OPERATIONAL,4.4,17,true,fishing-gear,fishing bait and tackle shop,gap,standard,covered_tile,0,operator,,,,,ChIJT-EusXrnm4ARCgLLirRCLxE,https://maps.google.com/?cid=1238281765740282378&g_mp=Cidnb29nbGUubWFwcy5wbGFjZXMudjEuUGxhY2VzLlNlYXJjaFRleHQQAhgEIAA
1347,out_of_scope,gate1:strong_blocklist,Enterprise Rent-A-Car,https://www.enterprise.com/en/car-rental-locations/us/nv/reno-tahoe-international-airport-54e2.html?mcid=yext:245709,Car Rental Agency,car_rental,OPERATIONAL,4.2,1415,true,offroad-4x4,4x4 rental,core,standard,covered_tile,0,operator,,,,,ChIJqfzLx3A_mYARQSrlvQ1UiWI,https://maps.google.com/?cid=7100298705523518017&g_mp=Cidnb29nbGUubWFwcy5wbGFjZXMudjEuUGxhY2VzLlNlYXJjaFRleHQQAhgEIAA
1348,out_of_scope,gate1:strong_blocklist,Enterprise Rent-A-Car,https://www.enterprise.com/en/car-rental-locations/us/ca/south-lake-tahoe-546b.html?mcid=yext:245709,Car Rental Agency,car_rental,OPERATIONAL,4.3,254,true,offroad-4x4,4x4 rental,core,standard,covered_tile,0,operator,,,,ChIJqfzLx3A_mYARQSrlvQ1UiWI,ChIJw-nBPMePmYARVjuouyYWluc,https://maps.google.com/?cid=16687549824880884566&g_mp=Cidnb29nbGUubWFwcy5wbGFjZXMudjEuUGxhY2VzLlNlYXJjaFRleHQQAhgEIAA
1349,out_of_scope,gate1:strong_blocklist,Enterprise Rent-A-Car,https://www.enterprise.com/en/car-rental-locations/us/ca/truckee-3059.html?mcid=yext:245709,Car Rental Agency,car_rental,OPERATIONAL,3.9,94,true,offroad-4x4,4x4 rental,core,standard,covered_tile,0,operator,,,,ChIJqfzLx3A_mYARQSrlvQ1UiWI,ChIJw6CRhjXem4ARnUwmORNjzC8,https://maps.google.com/?cid=3444236749245926557&g_mp=Cidnb29nbGUubWFwcy5wbGFjZXMudjEuUGxhY2VzLlNlYXJjaFRleHQQAhgEIAA
1350,out_of_scope,gate1:strong_blocklist,Enterprise Rent-A-Car,https://www.enterprise.com/en/car-rental-locations/us/nv/caesars-republic-hotel-546h.html?mcid=yext:245709,Car Rental Agency,car_rental,OPERATIONAL,3.9,49,true,offroad-4x4,4x4 rental,core,standard,covered_tile,0,operator,,,,ChIJqfzLx3A_mYARQSrlvQ1UiWI,ChIJh9KoYGmbmYARGpvXaVOtq6I,https://maps.google.com/?cid=11721653028931476250&g_mp=Cidnb29nbGUubWFwcy5wbGFjZXMudjEuUGxhY2VzLlNlYXJjaFRleHQQAhgEIAA
1351,out_of_scope,gate1:strong_blocklist,Exposure Photo Booths,https://www.exposure-photobooths.com/photo-booth-rental-reno/,Services,service,OPERATIONAL,5,11,true,camping,tent rental,core,standard,covered_tile,0,operator,,,,,ChIJ--mKYFwVmYARgBqJWOJo4L0,https://maps.google.com/?cid=13682050989308844672&g_mp=Cidnb29nbGUubWFwcy5wbGFjZXMudjEuUGxhY2VzLlNlYXJjaFRleHQQAhgEIAA
1352,out_of_scope,gate1:party_event_rental,Faith & Co. Event Rentals,,Services,service,OPERATIONAL,,0,true,camping,tent rental,core,service-area,service_area_unknown_location,,operator,,,,,ChIJSeJXkmNMbGMRUxxgXTwYJcM,https://maps.google.com/?cid=14061672059077925971&g_mp=Cidnb29nbGUubWFwcy5wbGFjZXMudjEuUGxhY2VzLlNlYXJjaFRleHQQAhgEIAA
1353,out_of_scope,gate1:party_event_rental,Faith & Co. Event Rentals,,Services,service,OPERATIONAL,,0,true,camping,tent rental,core,service-area,service_area_unknown_location,,operator,,,,,ChIJW0CmJnY4_4YRaaPolVMJQ_U,https://maps.google.com/?cid=17672979617333945193&g_mp=Cidnb29nbGUubWFwcy5wbGFjZXMudjEuUGxhY2VzLlNlYXJjaFRleHQQAhgEIAA
1354,out_of_scope,gate1:party_event_rental,"Fun Events NV, One Stop Shop For All Events, Party Rentals & Entertainment Reno Nevada",http://www.funeventsnv.com/,Services,service,OPERATIONAL,3.8,17,true,camping; climbing,climbing gear rental; tent rental,core,standard,covered_tile,0,operator,,,,,ChIJpyw94lM_mYAR1vBTjcuyw98,https://maps.google.com/?cid=16123927678235701462&g_mp=Cidnb29nbGUubWFwcy5wbGFjZXMudjEuUGxhY2VzLlNlYXJjaFRleHQQAhgEIAA
1355,out_of_scope,gate3:no_website_retail_noise,Global Goods Shop,,Shoe Store,shoe_store,OPERATIONAL,4.3,57,true,gear-shop,sporting goods store,core,standard,covered_tile,0,operator,,,,,ChIJLRkzByxHmYARCrzPpyVrwPg,https://maps.google.com/?cid=17924444326407945226&g_mp=Cidnb29nbGUubWFwcy5wbGFjZXMudjEuUGxhY2VzLlNlYXJjaFRleHQQAhgEIAA
1356,out_of_scope,gate1:party_event_rental,Grand Event Rental Reno-Tahoe,https://www.grandeventrental.com/,Services,service,OPERATIONAL,4.7,6,true,camping,tent rental,core,standard,covered_tile,0,operator,,,,,ChIJCX5BwLw_mYARxWPBHNVkz28,https://maps.google.com/?cid=8056769124862354373&g_mp=Cidnb29nbGUubWFwcy5wbGFjZXMudjEuUGxhY2VzLlNlYXJjaFRleHQQAhgEIAA
1357,out_of_scope,gate1:party_event_rental,Gzm Party Rentals Reno,http://gzmpartyrentals.com/,Services,service,OPERATIONAL,4.9,10,true,camping,tent rental,core,service-area,service_area_unknown_location,,operator,,,,,ChIJJW55yF2jX4ERvzcyVVnCWhI,https://maps.google.com/?cid=1322583129523894207&g_mp=Cidnb29nbGUubWFwcy5wbGFjZXMudjEuUGxhY2VzLlNlYXJjaFRleHQQAhgEIAA
1358,out_of_scope,gate1:strong_blocklist,Herc Rentals,https://www.hercrentals.com/locations/nevada/reno/reno-he.html?utm_source=GMB&utm_medium=organic&utm_campaign=H-and-E-Reno-NV-958A-USA,Services,service,OPERATIONAL,5,13,true,gear-shop,outdoor equipment rental,core,standard,covered_tile,0,operator,,,,,ChIJZX543IdImYARa1KaVSIFuqo,https://maps.google.com/?cid=12302150977139135083&g_mp=Cidnb29nbGUubWFwcy5wbGFjZXMudjEuUGxhY2VzLlNlYXJjaFRleHQQAhgEIAA
1359,out_of_scope,gate1:strong_blocklist,Hertz Car Rental - Reno - Reno-tahoe International Airport (RNO),https://www.hertz.com/us/en/location/unitedstates/nevada/reno/rnot11?utm_campaign=gmb-Hertz-Car-Rental---Reno---Reno-tahoe-International-Airport--RNO-&utm_medium=gmb-websitelink&utm_source=Google,Car Rental Agency,car_rental,OPERATIONAL,3.2,691,true,offroad-4x4,4x4 rental,core,standard,covered_tile,0,operator,,,,,ChIJM8iGv2Y_mYARCxSHEBDhIao,https://maps.google.com/?cid=12259327119792215051&g_mp=Cidnb29nbGUubWFwcy5wbGFjZXMudjEuUGxhY2VzLlNlYXJjaFRleHQQAhgEIAA
1360,out_of_scope,gate1:party_event_rental,JNS party rentals,,Services,service,OPERATIONAL,5,7,true,camping,tent rental,core,service-area,service_area_unknown_location,,operator,,,,,ChIJ6Wq3kUs_mYARd6fokHUazI4,https://maps.google.com/?cid=10289628340879402871&g_mp=Cidnb29nbGUubWFwcy5wbGFjZXMudjEuUGxhY2VzLlNlYXJjaFRleHQQAhgEIAA
1361,out_of_scope,gate1:party_event_rental,Juanitos Party Rental,,Services,service,OPERATIONAL,5,1,true,camping,tent rental,core,standard,covered_tile,0,operator,,,,,ChIJcTJ2LO9JmYARd9xANmNUUZI,https://maps.google.com/?cid=10543300987739757687&g_mp=Cidnb29nbGUubWFwcy5wbGFjZXMudjEuUGxhY2VzLlNlYXJjaFRleHQQAhgEIAA
1362,out_of_scope,gate1:party_event_rental,L&N Party Rentals,,Banquet hall,banquet_hall,OPERATIONAL,5,9,true,camping,tent rental,core,standard,covered_tile,0,operator,,,,,ChIJEXU9NRkLmYAR3wxdjo3xn0E,https://maps.google.com/?cid=4728763724043455711&g_mp=Cidnb29nbGUubWFwcy5wbGFjZXMudjEuUGxhY2VzLlNlYXJjaFRleHQQAhgEIAA
1363,out_of_scope,gate3:no_website_retail_noise,Lakeview Thrift Store,,Thrift Store,thrift_store,OPERATIONAL,2.8,73,true,alpine-ski; cycling; gear-shop,bike shop; ski shop; sporting goods store,core,standard,covered_tile,0,operator,,,,,ChIJ9Va5sQOQmYARXg_PtKgUJDc,https://maps.google.com/?cid=3973323486068150110&g_mp=Cidnb29nbGUubWFwcy5wbGFjZXMudjEuUGxhY2VzLlNlYXJjaFRleHQQAhgEIAA
1364,out_of_scope,gate1:strong_blocklist,Nelle Porta Potty Rentals,,Services,service,OPERATIONAL,5,1,true,gear-shop,outdoor equipment rental,core,standard,covered_tile,0,operator,,,,,ChIJ9bZn8VI_mYARLJNT0MDJO5c,https://maps.google.com/?cid=10897525553319088940&g_mp=Cidnb29nbGUubWFwcy5wbGFjZXMudjEuUGxhY2VzLlNlYXJjaFRleHQQAhgEIAA
1365,out_of_scope,gate1:strong_blocklist,Orbital Pictures Photo Booth Rentals,https://orbitalpictures.net/,Services,service,OPERATIONAL,5,5,true,camping,tent rental,core,standard,covered_tile,0,operator,,,,,ChIJg1duEl45mYAR1SkYfzwW0bI,https://maps.google.com/?cid=12885104457969838549&g_mp=Cidnb29nbGUubWFwcy5wbGFjZXMudjEuUGxhY2VzLlNlYXJjaFRleHQQAhgEIAA
1366,out_of_scope,gate1:strong_blocklist,Photo Booth Rental Reno - Sparks | Fotobox 360 Studio,http://fotobox360studio.com/,Services,service,OPERATIONAL,5,59,true,camping,tent rental,core,standard,covered_tile,0,operator,,,,,ChIJJSlKRdg5mYARURnkUp6_xOc,https://maps.google.com/?cid=16700684004913060177&g_mp=Cidnb29nbGUubWFwcy5wbGFjZXMudjEuUGxhY2VzLlNlYXJjaFRleHQQAhgEIAA
1367,out_of_scope,gate1:strong_blocklist,Porta Potty Rentals Reno City NV,http://affordableportabletoilet.com/,Services,service,OPERATIONAL,,0,true,camping,tent rental,core,standard,covered_tile,0,operator,,,,,ChIJxS_OUC5HmYARge6NRNy-_oQ,https://maps.google.com/?cid=9583306910343229057&g_mp=Cidnb29nbGUubWFwcy5wbGFjZXMudjEuUGxhY2VzLlNlYXJjaFRleHQQAhgEIAA
1368,out_of_scope,gate3:no_website_retail_noise,Presbyterian Womens Thrift Shp,,Thrift Store,thrift_store,OPERATIONAL,4.3,16,true,gear-shop,sporting goods store,core,standard,covered_tile,0,operator,,,,,ChIJsUbbEhBwmYARaLq8s6d072E,https://maps.google.com/?cid=7056987404736707176&g_mp=Cidnb29nbGUubWFwcy5wbGFjZXMudjEuUGxhY2VzLlNlYXJjaFRleHQQAhgEIAA
1369,out_of_scope,gate1:strong_blocklist,Reno City Onsite Portables - Porta Potty Rentals,,Services,service,OPERATIONAL,,0,true,camping,tent rental,core,standard,covered_tile,0,operator,,,,,ChIJh4FQeZ9JmYAR3XHUN1Fpu3o,https://maps.google.com/?cid=8843778090822037981&g_mp=Cidnb29nbGUubWFwcy5wbGFjZXMudjEuUGxhY2VzLlNlYXJjaFRleHQQAhgEIAA
1370,out_of_scope,gate1:strong_blocklist,Reno City Portables - Porta Potty Rentals,,Services,service,OPERATIONAL,5,1,true,camping,tent rental,core,standard,covered_tile,0,operator,,,,,ChIJC032vhNHmYARLYiOBRJZYU0,https://maps.google.com/?cid=5575835747598895149&g_mp=Cidnb29nbGUubWFwcy5wbGFjZXMudjEuUGxhY2VzLlNlYXJjaFRleHQQAhgEIAA
1371,out_of_scope,gate3:no_website_retail_noise,Reno Sparks Asian Market,,Asian Grocery Store,asian_grocery_store,OPERATIONAL,4.4,12,true,gear-shop,sporting goods store,core,standard,covered_tile,0,operator,,,,,ChIJMVsYHAA_mYARtgG8R5GfFtQ,https://maps.google.com/?cid=15282577831850934710&g_mp=Cidnb29nbGUubWFwcy5wbGFjZXMudjEuUGxhY2VzLlNlYXJjaFRleHQQAhgEIAA
1372,out_of_scope,gate1:passenger_car_rental,Reno Tahoe Rental Car,http://www.renotahoerentalcar.com/,Car Rental Agency,car_rental,OPERATIONAL,5,916,true,offroad-4x4,4x4 rental; off road jeep rental,core,standard,covered_tile,0,operator,,,,,ChIJ5YUpwno_mYARfkLbBWaU2-w,https://maps.google.com/?cid=17067398378756457086&g_mp=Cidnb29nbGUubWFwcy5wbGFjZXMudjEuUGxhY2VzLlNlYXJjaFRleHQQAhgEIAA
1373,out_of_scope,gate1:party_event_rental,Reno-Tahoe Party Rentals,https://renotahoepartyrentals.com/,Services,service,OPERATIONAL,5,24,true,camping,tent rental,core,standard,covered_tile,0,operator,,,,,ChIJ6aQor253uo8RDEohBxTKGO0,https://maps.google.com/?cid=17084627373797755404&g_mp=Cidnb29nbGUubWFwcy5wbGFjZXMudjEuUGxhY2VzLlNlYXJjaFRleHQQAhgEIAA
1374,out_of_scope,gate1:passenger_car_rental,Rent-A-Wreck,http://www.rentawreck.com/cheap-car-rental-reno-NV.html,Car Rental Agency,car_rental,OPERATIONAL,4.4,345,true,offroad-4x4,4x4 rental,core,standard,covered_tile,0,operator,,,,,ChIJta3ByIBAmYARMwqbNFMU2e4,https://maps.google.com/?cid=17210809798570478131&g_mp=Cidnb29nbGUubWFwcy5wbGFjZXMudjEuUGxhY2VzLlNlYXJjaFRleHQQAhgEIAA
1375,out_of_scope,gate1:strong_blocklist,Rental Center at The Home Depot,https://www.homedepot.com/l/Spanish-Springs/NV/Sparks/89436/3313/rentals?emt=RCGoogleMaps,Services,service,OPERATIONAL,3.9,9,true,gear-shop,outdoor equipment rental,core,standard,covered_tile,0,operator,,,,,ChIJ5-rxdgI5mYARxyyQRkgGrz0,https://maps.google.com/?cid=4444778264729234631&g_mp=Cidnb29nbGUubWFwcy5wbGFjZXMudjEuUGxhY2VzLlNlYXJjaFRleHQQAhgEIAA
1376,out_of_scope,gate1:soft_blocklist,Roundabout Catering & Party Rentals,http://roundaboutcatering.com/,Food,food,OPERATIONAL,4.3,102,true,camping,tent rental,core,standard,covered_tile,0,operator,,,,,ChIJKaXcJ-Y_mYARGWjckC10tx0,https://maps.google.com/?cid=2141307886890674201&g_mp=Cidnb29nbGUubWFwcy5wbGFjZXMudjEuUGxhY2VzLlNlYXJjaFRleHQQAhgEIAA
1377,out_of_scope,gate1:strong_blocklist,"Shoot Your Shot360 LLC Photo Booth Rentals Reno, Nevada",http://shootyourshot360.us/,Services,service,OPERATIONAL,5,6,true,camping,tent rental,core,standard,covered_tile,0,operator,,,,,ChIJdWg3iPU5mYARPg-voPlKpYo,https://maps.google.com/?cid=9990473784394452798&g_mp=Cidnb29nbGUubWFwcy5wbGFjZXMudjEuUGxhY2VzLlNlYXJjaFRleHQQAhgEIAA
1378,out_of_scope,gate3:no_website_retail_noise,Sierra Shirts & Shades,,Clothing Store,clothing_store,OPERATIONAL,4.1,71,true,gear-shop,sporting goods store,core,standard,covered_tile,0,operator,,,,,ChIJFZZqJNZ6mYARCwL2MR8SdGY,https://maps.google.com/?cid=7382545614358577675&g_mp=Cidnb29nbGUubWFwcy5wbGFjZXMudjEuUGxhY2VzLlNlYXJjaFRleHQQAhgEIAA
1379,out_of_scope,gate1:party_event_rental,Special Event Party Rentals,https://specialeventnv.com/,Services,service,OPERATIONAL,5,11,true,camping,tent rental,core,standard,covered_tile,0,operator,,,,,ChIJdbUphSJBmYARxt5rt9PTo8M,https://maps.google.com/?cid=14097344164868644550&g_mp=Cidnb29nbGUubWFwcy5wbGFjZXMudjEuUGxhY2VzLlNlYXJjaFRleHQQAhgEIAA
1380,out_of_scope,gate1:strong_blocklist,Sunbelt Rentals,https://www.sunbeltrentals.com/location/nv/reno/equipment-tool-rentals/768/?utm_source=gmb&utm_medium=organic&utm_campaign=pc768&y_source=1_MTc2MDYyNjAtNzE1LWxvY2F0aW9uLndlYnNpdGU%3D,Services,service,OPERATIONAL,3.5,40,true,gear-shop,outdoor equipment rental,core,standard,covered_tile,0,operator,,,,,ChIJH3N6t5hHmYARQS0VFKaENvY,https://maps.google.com/?cid=17741513630909017409&g_mp=Cidnb29nbGUubWFwcy5wbGFjZXMudjEuUGxhY2VzLlNlYXJjaFRleHQQAhgEIAA
1381,out_of_scope,gate1:strong_blocklist,Sunbelt Rentals,,Services,service,OPERATIONAL,,0,true,gear-shop,outdoor equipment rental,core,standard,covered_tile,0,operator,,,,,ChIJP8WzIwCjmYARXXCYtYdXsP8,https://maps.google.com/?cid=18424322315951566941&g_mp=Cidnb29nbGUubWFwcy5wbGFjZXMudjEuUGxhY2VzLlNlYXJjaFRleHQQAhgEIAA
1382,out_of_scope,gate1:party_event_rental,Tahoe Event Rentals,https://tahoeeventrental.com/?utm_source=local&utm_medium=organic&utm_campaign=gmb,Services,service,OPERATIONAL,5,68,true,alpine-ski; camping; gear-shop,outdoor equipment rental; ski rental; tent rental,core,standard,covered_tile,0,operator,,,,,ChIJBbLkaLqbmYARbFRTUkYG8oI,https://maps.google.com/?cid=9435611068393280620&g_mp=Cidnb29nbGUubWFwcy5wbGFjZXMudjEuUGxhY2VzLlNlYXJjaFRleHQQAhgEIAA
1383,out_of_scope,gate3:no_website_retail_noise,Tahoe Merchant Thrift,,Thrift Store,thrift_store,OPERATIONAL,4.1,54,true,cycling,bike shop,core,standard,covered_tile,0,operator,,,,,ChIJ3cW_CKOPmYARU-J7LxoYX78,https://maps.google.com/?cid=13789767084776612435&g_mp=Cidnb29nbGUubWFwcy5wbGFjZXMudjEuUGxhY2VzLlNlYXJjaFRleHQQAhgEIAA
1384,out_of_scope,gate1:strong_blocklist,TapSnap Photo Booth's Reno-Tahoe,https://www.tapsnap.net/ms/tapsnap-1156-photo-booth-rentals?utm_source=google&utm_medium=local&utm_campaign=1156&utm_content=primary,Services,service,OPERATIONAL,5,49,true,camping,tent rental,core,service-area,service_area_unknown_location,,operator,,,,,ChIJ2yA4ce1ImYARtodTJSBRGiE,https://maps.google.com/?cid=2385308151153133494&g_mp=Cidnb29nbGUubWFwcy5wbGFjZXMudjEuUGxhY2VzLlNlYXJjaFRleHQQAhgEIAA
1385,out_of_scope,gate1:party_event_rental,The AIM Collection Event Rentals,https://www.theaimcollection.com/,Services,service,OPERATIONAL,5,6,true,camping,tent rental,core,service-area,service_area_unknown_location,,operator,,,,,ChIJs1Lcg6Z_w0IRIjZ8jXNMGus,https://maps.google.com/?cid=16940937007486219810&g_mp=Cidnb29nbGUubWFwcy5wbGFjZXMudjEuUGxhY2VzLlNlYXJjaFRleHQQAhgEIAA
1386,out_of_scope,gate1:strong_blocklist,The Bounce house Guy,http://bouncehouseguy.net/,Services,service,OPERATIONAL,4.6,21,true,camping,tent rental,core,standard,covered_tile,0,operator,,,,,ChIJw4IO6vA_mYARJeIG0ONTalw,https://maps.google.com/?cid=6659227236933493285&g_mp=Cidnb29nbGUubWFwcy5wbGFjZXMudjEuUGxhY2VzLlNlYXJjaFRleHQQAhgEIAA
1387,out_of_scope,gate1:soft_blocklist,Time 2 Function Party Rentals,https://www.time2functionpartyrentals.com/,Caterer,catering_service,OPERATIONAL,5,4,true,camping,tent rental,core,service-area,service_area_unknown_location,,operator,,,,,ChIJ97FzWZtVfCkRIq7Ss-wv9G8,https://maps.google.com/?cid=8067125526203117090&g_mp=Cidnb29nbGUubWFwcy5wbGFjZXMudjEuUGxhY2VzLlNlYXJjaFRleHQQAhgEIAA
1388,out_of_scope,gate3:no_website_retail_noise,Unique Boutique-Viviane's Vintage & Vogue,,Thrift Store,thrift_store,OPERATIONAL,4.8,55,true,gear-shop,sporting goods store,core,standard,covered_tile,0,operator,,,,,ChIJhd-GMLffm4AR0oD6swap668,https://maps.google.com/?cid=12676411422418829522&g_mp=Cidnb29nbGUubWFwcy5wbGFjZXMudjEuUGxhY2VzLlNlYXJjaFRleHQQAhgEIAA
1389,out_of_scope,gate1:strong_blocklist,United Rentals,https://www.unitedrentals.com/locations/nv/sparks/equipment-tool-rentals/528?utm_source=google&utm_medium=distrib&utm_campaign=yext,Services,service,OPERATIONAL,4.2,40,true,gear-shop,outdoor equipment rental,core,standard,covered_tile,0,operator,,,,,ChIJJUe0GCM_mYARrWg2J82g8ec,https://maps.google.com/?cid=16713316495135238317&g_mp=Cidnb29nbGUubWFwcy5wbGFjZXMudjEuUGxhY2VzLlNlYXJjaFRleHQQAhgEIAA
1390,out_of_scope,gate1:strong_blocklist,United Rentals,https://www.unitedrentals.com/locations/nv/carson-city/equipment-tool-rentals/552?utm_source=google&utm_medium=distrib&utm_campaign=yext,Services,service,OPERATIONAL,4.2,37,true,gear-shop,outdoor equipment rental,core,standard,covered_tile,0,operator,,,,ChIJJUe0GCM_mYARrWg2J82g8ec,ChIJvQljRxsKmYAR8E-wFKkJ6zw,https://maps.google.com/?cid=4389612883603902448&g_mp=Cidnb29nbGUubWFwcy5wbGFjZXMudjEuUGxhY2VzLlNlYXJjaFRleHQQAhgEIAA
1391,out_of_scope,gate1:strong_blocklist,United Rentals,https://www.unitedrentals.com/locations/nv/reno/equipment-tool-rentals/dl8?utm_source=google&utm_medium=distrib&utm_campaign=yext,Services,service,OPERATIONAL,3.9,16,true,gear-shop,outdoor equipment rental,core,standard,covered_tile,0,operator,,,,ChIJJUe0GCM_mYARrWg2J82g8ec,ChIJ6cmYBsxHmYARXIdxQ1MJbPI,https://maps.google.com/?cid=17468347307881760604&g_mp=Cidnb29nbGUubWFwcy5wbGFjZXMudjEuUGxhY2VzLlNlYXJjaFRleHQQAhgEIAA
1392,out_of_scope,gate3:no_website_retail_noise,Village Christian Thrift Shop,,Discount Store,discount_store,OPERATIONAL,4.2,25,true,snowboard,snowboard shop,core,standard,covered_tile,0,operator,,,,,ChIJuRP5DxBwmYARH0WvcMcU-Zs,https://maps.google.com/?cid=11239037191901365535&g_mp=Cidnb29nbGUubWFwcy5wbGFjZXMudjEuUGxhY2VzLlNlYXJjaFRleHQQAhgEIAA
