rank,status,reason,name,website,primary_type,primary_type_raw,business_status,rating,user_rating_count,rental_signal,matched_activities,matched_terms,matched_tiers,matched_modes,geo_zone,aoi_distance_m,review_lane,dedup_note,site_note,possible_duplicate_of,place_id,source_url
1,survivor,cleared_gates_0-4,Cabela's,https://stores.cabelas.com/us/nv/verdi/8650-boomtown-garson-road.html?y_source=1_Mzk4NjcyNS03MTUtbG9jYXRpb24ud2Vic2l0ZQ%3D%3D,Sporting Goods Store,sporting_goods_store,OPERATIONAL,4.5,4043,true,alpine-ski; archery; camping; fishing-gear; fly-fishing; gear-shop; snowboard,archery pro shop; camping gear rental; fishing bait and tackle shop; fly fishing outfitter; outdoor gear rental; ski shop; snowboard shop; sporting goods store,core; gap,standard,covered_tile,0,operator,,,,ChIJlyhS79BEmYAR44sq2i4iXD4,https://maps.google.com/?cid=4493504112832973795&g_mp=Cidnb29nbGUubWFwcy5wbGFjZXMudjEuUGxhY2VzLlNlYXJjaFRleHQQAhgEIAA
2,survivor,cleared_gates_0-4,Worldwide Cyclery,https://www.worldwidecyclery.com/,Bicycle Shop,bicycle_store,OPERATIONAL,4.9,1738,true,cycling; gear-shop; mtb,bike rental; bike shop; mountain bike rental; sporting goods store,core,standard,covered_tile,0,operator,,,,ChIJwSwnjo03mYARYgUbPLXhQS0,https://maps.google.com/?cid=3261135773706683746&g_mp=Cidnb29nbGUubWFwcy5wbGFjZXMudjEuUGxhY2VzLlNlYXJjaFRleHQQAhgEIAA
3,survivor,cleared_gates_0-4,Tahoe Sport Fishing,http://tahoesportfishing.com/,Fishing Charter,fishing_charter,OPERATIONAL,4.9,1584,true,fishing-charter; powerboat,boat charter; fishing charter,core; gap,standard,covered_tile,0,operator,,,,ChIJ97RGLQmQmYARjIJ3oik8M94,https://maps.google.com/?cid=16011207249749312140&g_mp=Cidnb29nbGUubWFwcy5wbGFjZXMudjEuUGxhY2VzLlNlYXJjaFRleHQQAhgEIAA
4,survivor,cleared_gates_0-4,Sportsman's Warehouse,https://stores.sportsmans.com/sportsmans-warehouse/us/nv/reno/3306-kietzke-lane?utm_source=google&utm_medium=organic&utm_campaign=GMB&y_source=1_OTg4MDE4NS03MTUtbG9jYXRpb24ud2Vic2l0ZQ%3D%3D,Sporting Goods Store,sporting_goods_store,OPERATIONAL,4.4,1517,true,alpine-ski; archery; fishing-gear; gear-shop; snowboard,archery pro shop; fishing bait and tackle shop; outdoor gear rental; ski shop; snowboard shop; sporting goods store,core; gap,standard,covered_tile,0,operator,,,,ChIJswimCXhAmYARbcHxHEi_zZc,https://maps.google.com/?cid=10938609386396959085&g_mp=Cidnb29nbGUubWFwcy5wbGFjZXMudjEuUGxhY2VzLlNlYXJjaFRleHQQAhgEIAA
5,survivor,cleared_gates_0-4,Tahoe Bliss Boat Charters,https://tahoeblissboatcharters.com/,Tour Agency,tour_agency,OPERATIONAL,5,141,true,canoe; pontoon; powerboat,boat rental; canoe rental; pontoon rental,core,service-area,service_area_unknown_location,,operator,,,,ChIJAUbDPrZ9mYARboTc4ZxoE8o,https://maps.google.com/?cid=14561097043232457838&g_mp=Cidnb29nbGUubWFwcy5wbGFjZXMudjEuUGxhY2VzLlNlYXJjaFRleHQQAhgEIAA
6,survivor,cleared_gates_0-4,Junkee Clothing Exchange & Antique Store,http://www.junkeeclothingexchange.com/,Clothing Store,clothing_store,OPERATIONAL,4.6,1334,true,gear-shop,sporting goods store,core,standard,covered_tile,0,operator,,,,ChIJYUVMarlAmYARb0lDS3pQVdQ,https://maps.google.com/?cid=15300223795240061295&g_mp=Cidnb29nbGUubWFwcy5wbGFjZXMudjEuUGxhY2VzLlNlYXJjaFRleHQQAhgEIAA
7,survivor,cleared_gates_0-4,Roller Kingdom,https://www.rollerkingdom.org/,Sports Complex,sports_complex,OPERATIONAL,4.3,1259,true,ice-skate,ice skate rental,core,standard,covered_tile,0,operator,,,,ChIJCcts2khHmYARV1RFZyD6QGY,https://maps.google.com/?cid=7368164007456625751&g_mp=Cidnb29nbGUubWFwcy5wbGFjZXMudjEuUGxhY2VzLlNlYXJjaFRleHQQAhgEIAA
8,survivor,cleared_gates_0-4,Donner Ski Ranch,http://www.donnerskiranch.com/,Ski Resort,ski_resort,OPERATIONAL,4.4,1047,true,alpine-ski; snow-tube,ski rental; ski shop; snow tube rental,core; experience,standard,covered_tile,0,operator,,,,ChIJm8gDU2jom4AReI3ERfRBTQ8,https://maps.google.com/?cid=1102610001173974392&g_mp=Cidnb29nbGUubWFwcy5wbGFjZXMudjEuUGxhY2VzLlNlYXJjaFRleHQQAhgEIAA
9,survivor,cleared_gates_0-4,Homewood Mountain Resort,http://www.skihomewood.com/,Ski Resort,ski_resort,OPERATIONAL,4.4,1042,true,alpine-ski; snowboard,ski shop; snowboard rental,core,standard,covered_tile,0,operator,,,,ChIJXwBiR9p_mYARjQbBoGrEsHM,https://maps.google.com/?cid=8336378872505370253&g_mp=Cidnb29nbGUubWFwcy5wbGFjZXMudjEuUGxhY2VzLlNlYXJjaFRleHQQAhgEIAA
10,survivor,cleared_gates_0-4,The Tahoe Experience,http://thetahoeexperience.com/,Tour Agency,tour_agency,OPERATIONAL,5,100,true,powerboat,boat rental,core,service-area,service_area_unknown_location,,operator,,,,ChIJG1pSOoE7WaIR4hsZXbN-jQY,https://maps.google.com/?cid=472172844769942498&g_mp=Cidnb29nbGUubWFwcy5wbGFjZXMudjEuUGxhY2VzLlNlYXJjaFRleHQQAhgEIAA
11,survivor,cleared_gates_0-4,Cycle Gear,https://www.cyclegear.com/stores/cycle-gear-reno-nv-store-155,Store,store,OPERATIONAL,4.8,988,true,alpine-ski; cycling; gear-shop,bike shop; ski shop; sporting goods store,core,standard,covered_tile,0,operator,,,,ChIJQ_8LcXs_mYARY8aeIKZPAuY,https://maps.google.com/?cid=16573897153607288419&g_mp=Cidnb29nbGUubWFwcy5wbGFjZXMudjEuUGxhY2VzLlNlYXJjaFRleHQQAhgEIAA
12,survivor,cleared_gates_0-4,"All Around Tahoe - Paddleboards, Kayaks, Bikes rental & more!",http://allaroundtahoe.com/,Services,service,OPERATIONAL,5,93,true,canoe; cycling; kayak; mtb; sup; watersports,bike rental; canoe rental; kayak rental; mountain bike rental; paddleboard rental; watersports rental,core,service-area,service_area_unknown_location,,operator,,,,ChIJvdVfnIBxmYARVBhRpbkSIXU,https://maps.google.com/?cid=8440047765220825172&g_mp=Cidnb29nbGUubWFwcy5wbGFjZXMudjEuUGxhY2VzLlNlYXJjaFRleHQQAhgEIAA
13,survivor,cleared_gates_0-4,C-A-L Ranch Stores,https://www.calranch.com/about/store-locations/carson-city,Food Store,food_store,OPERATIONAL,4.4,936,true,fishing-gear; gear-shop,fishing bait and tackle shop; sporting goods store,core; gap,standard,covered_tile,0,operator,,,,ChIJTzn0DcAKmYARxoee15mGbs0,https://maps.google.com/?cid=14802917020519008198&g_mp=Cidnb29nbGUubWFwcy5wbGFjZXMudjEuUGxhY2VzLlNlYXJjaFRleHQQAhgEIAA
14,survivor,cleared_gates_0-4,Round Hill Pines Beach Resort,http://roundhillpinesresort.com/,Marina,marina,OPERATIONAL,4.6,899,true,pwc,jet ski rental,core,standard,covered_tile,0,operator,,,,ChIJFXdv_-CamYARFr_F-9yo_ZY,https://maps.google.com/?cid=10880037941867298582&g_mp=Cidnb29nbGUubWFwcy5wbGFjZXMudjEuUGxhY2VzLlNlYXJjaFRleHQQAhgEIAA
15,survivor,cleared_gates_0-4,Lake Tahoe Bleu Wave,http://www.tahoebleuwave.com/,Tour Agency,tour_agency,OPERATIONAL,4.8,837,true,powerboat; sailing,boat charter; sailboat rental,core,standard,covered_tile,0,operator,,,,ChIJzyEEtN-amYARRRhbkQCJ28k,https://maps.google.com/?cid=14545370057054820421&g_mp=Cidnb29nbGUubWFwcy5wbGFjZXMudjEuUGxhY2VzLlNlYXJjaFRleHQQAhgEIAA
16,survivor,cleared_gates_0-4,Michael's Reno Powersports,https://www.michaelsreno.com/?utm_source=google&utm_medium=organic&utm_campaign=GMB-service,Sporting Goods Store,sporting_goods_store,OPERATIONAL,4.2,788,true,alpine-ski; cycling; gear-shop,bike shop; ski shop; sporting goods store,core,standard,covered_tile,0,operator,,,,ChIJQ9CNBxgVmYARWYRFC6jt0AI,https://maps.google.com/?cid=202923289231066201&g_mp=Cidnb29nbGUubWFwcy5wbGFjZXMudjEuUGxhY2VzLlNlYXJjaFRleHQQAhgEIAA
17,survivor,cleared_gates_0-4,Red Hawk Golf and Resort,http://www.redhawkgolfandresort.com/,Golf Course,golf_course,OPERATIONAL,4.4,771,true,gear-shop,sporting goods store,core,standard,covered_tile,0,operator,,,,ChIJeSCA0iI6mYARdGkgQxgKutM,https://maps.google.com/?cid=15256517786992666996&g_mp=Cidnb29nbGUubWFwcy5wbGFjZXMudjEuUGxhY2VzLlNlYXJjaFRleHQQAhgEIAA
18,survivor,cleared_gates_0-4,Yim's Market,http://www.yimsmarket.com/,Asian Grocery Store,asian_grocery_store,OPERATIONAL,4.5,770,true,gear-shop,sporting goods store,core,standard,covered_tile,0,operator,,,,ChIJD3avUso4mYAR2QXhujRxf6E,https://maps.google.com/?cid=11637144433436198361&g_mp=Cidnb29nbGUubWFwcy5wbGFjZXMudjEuUGxhY2VzLlNlYXJjaFRleHQQAhgEIAA
19,survivor,cleared_gates_0-4,"Reverie Picnics, Events and Rentals",http://www.reveriepicnics.com/,Services,service,OPERATIONAL,4.9,75,true,camping,tent rental,core,service-area,service_area_unknown_location,,operator,,,,ChIJG2VG0agVmYAR-I4vqV1Yk84,https://maps.google.com/?cid=14885338352683290360&g_mp=Cidnb29nbGUubWFwcy5wbGFjZXMudjEuUGxhY2VzLlNlYXJjaFRleHQQAhgEIAA
20,survivor,cleared_gates_0-4,Nike Factory Store - Reno,https://www.nike.com/retail/s/nike-factory-store-reno?cp=84620811901_seo_%3Fcp%3D84620811901_seo_&y_source=1_NTQzNzQ1NS03MTUtbG9jYXRpb24ud2Vic2l0ZQ%3D%3D,Sportswear Store,sportswear_store,OPERATIONAL,4.3,749,true,gear-shop,sporting goods store,core,standard,covered_tile,0,operator,,,,ChIJIxqpMOs-mYARPlB7h4RIGrY,https://maps.google.com/?cid=13121880198343249982&g_mp=Cidnb29nbGUubWFwcy5wbGFjZXMudjEuUGxhY2VzLlNlYXJjaFRleHQQAhgEIAA
21,survivor,cleared_gates_0-4,Big 5 Sporting Goods,http://www.big5sportinggoods.com/,Sporting Goods Store,sporting_goods_store,OPERATIONAL,4.1,705,true,alpine-ski; cycling; fishing-gear; gear-shop; snowboard,bike shop; fishing bait and tackle shop; ski shop; snowboard shop; sporting goods store,core; gap,standard,covered_tile,0,operator,,,,ChIJVQaY73VAmYARn0kEp4dptlI,https://maps.google.com/?cid=5960067188215007647&g_mp=Cidnb29nbGUubWFwcy5wbGFjZXMudjEuUGxhY2VzLlNlYXJjaFRleHQQAhgEIAA
22,survivor,cleared_gates_0-4,Rent A Boat Lake Tahoe,https://www.rentaboattahoe.com/,Services,service,OPERATIONAL,4.5,66,true,canoe; kayak; pontoon; powerboat; pwc; watersports,boat rental; canoe rental; jet ski rental; kayak rental; motorboat rental; personal watercraft rental; pontoon rental; watersports rental; waverunner rental,core,service-area,service_area_unknown_location,,operator,,,,ChIJ_-5TXat6mYARCYfaxvb_aVg,https://maps.google.com/?cid=6370904583255525129&g_mp=Cidnb29nbGUubWFwcy5wbGFjZXMudjEuUGxhY2VzLlNlYXJjaFRleHQQAhgEIAA
23,survivor,cleared_gates_0-4,Savers,https://stores.savers.com/nv/reno/savers-thrift-store-1122.html,Thrift Store,thrift_store,OPERATIONAL,3.8,662,true,cycling,bike shop,core,standard,covered_tile,0,operator,,,,ChIJsRuSdXhAmYARo6QPPBITgzo,https://maps.google.com/?cid=4216234645186913443&g_mp=Cidnb29nbGUubWFwcy5wbGFjZXMudjEuUGxhY2VzLlNlYXJjaFRleHQQAhgEIAA
24,survivor,cleared_gates_0-4,North Tahoe Wakesurf and Charter,http://wakesurfnorthtahoe.com/,Services,service,OPERATIONAL,5,64,true,canoe; pontoon; powerboat; watersports,boat rental; canoe rental; pontoon rental; watersports rental,core,service-area,service_area_unknown_location,,operator,,,,ChIJ49lVJYGecw0RKKXgkSl03yI,https://maps.google.com/?cid=2512854838985925928&g_mp=Cidnb29nbGUubWFwcy5wbGFjZXMudjEuUGxhY2VzLlNlYXJjaFRleHQQAhgEIAA
25,survivor,cleared_gates_0-4,168 Asian Market,http://168asianmarketreno.com/,Asian Grocery Store,asian_grocery_store,OPERATIONAL,4.3,622,true,gear-shop,sporting goods store,core,standard,covered_tile,0,operator,,,,ChIJS8TtqYdAmYARD5obmP5i4Eg,https://maps.google.com/?cid=5251306011127159311&g_mp=Cidnb29nbGUubWFwcy5wbGFjZXMudjEuUGxhY2VzLlNlYXJjaFRleHQQAhgEIAA
26,survivor,cleared_gates_0-4,The Spa and Sauna Co. - S Reno,https://spaandsauna.com/locations-south-virginia-st-reno/?utm_source=organic&utm_medium=GMB&utm_campaign=GMB%20Spa%20and%20Billiard&utm_content=GMB%20Virginia%20St,Store,store,OPERATIONAL,4.8,589,true,gear-shop,sporting goods store,core,standard,covered_tile,0,operator,,,,ChIJB5oFDj8VmYAR9PxnV3JuLiI,https://maps.google.com/?cid=2463027483589999860&g_mp=Cidnb29nbGUubWFwcy5wbGFjZXMudjEuUGxhY2VzLlNlYXJjaFRleHQQAhgEIAA
27,survivor,cleared_gates_0-4,Tahoe Keys Marina,https://tahoekeysmarina.com/,Marina,marina,OPERATIONAL,4.3,588,true,canoe; pontoon; powerboat; pwc; sailing; wakeboard,boat charter; boat rental; canoe rental; jet ski rental; pontoon rental; sailboat rental; ski boat rental,core,standard,covered_tile,0,operator,,,,ChIJ0_Pg0Y2PmYARH5uyZfJE8Bo,https://maps.google.com/?cid=1941127247275662111&g_mp=Cidnb29nbGUubWFwcy5wbGFjZXMudjEuUGxhY2VzLlNlYXJjaFRleHQQAhgEIAA
28,survivor,cleared_gates_0-4,Lake Tahoe Casino Party,http://www.laketahoecasinoparty.com/,Services,service,OPERATIONAL,4.8,52,true,camping,tent rental,core,service-area,service_area_unknown_location,,operator,,,,ChIJeUDaKo0VmYARYOXHK-9TNj4,https://maps.google.com/?cid=4482862765790717280&g_mp=Cidnb29nbGUubWFwcy5wbGFjZXMudjEuUGxhY2VzLlNlYXJjaFRleHQQAhgEIAA
29,survivor,cleared_gates_0-4,Big R Sparks,https://www.bigrwest.com/,Hardware Store,hardware_store,OPERATIONAL,4.5,520,true,gear-shop,sporting goods store,core,standard,covered_tile,0,operator,,,,ChIJ58U5ky45mYARhpveVjdZzrQ,https://maps.google.com/?cid=13028448866244926342&g_mp=Cidnb29nbGUubWFwcy5wbGFjZXMudjEuUGxhY2VzLlNlYXJjaFRleHQQAhgEIAA
30,survivor,cleared_gates_0-4,Tahoe Cruises /Spirit of Tahoe / Safari Rose,http://www.tahoecruises.com/,Tour Agency,tour_agency,OPERATIONAL,4.8,498,true,powerboat,boat charter,core,standard,covered_tile,0,operator,,,,ChIJwdKiDN6amYARmHcUTF73q5k,https://maps.google.com/?cid=11073216093195892632&g_mp=Cidnb29nbGUubWFwcy5wbGFjZXMudjEuUGxhY2VzLlNlYXJjaFRleHQQAhgEIAA
31,survivor,cleared_gates_0-4,Goodwill Industries Sacramento Valley & Northern Nevada,https://www.goodwillsacto.org/,Store,store,OPERATIONAL,3.6,498,true,cycling,bike shop,core,standard,covered_tile,0,operator,,,,ChIJYSNv7aU4mYARz2iT6DLWU6U,https://maps.google.com/?cid=11913100953463777487&g_mp=Cidnb29nbGUubWFwcy5wbGFjZXMudjEuUGxhY2VzLlNlYXJjaFRleHQQAhgEIAA
32,survivor,cleared_gates_0-4,Carson Jewelry & Loan,http://www.battleborngems.com/,Services,service,OPERATIONAL,5,487,true,cycling; gear-shop,bike shop; sporting goods store,core,standard,covered_tile,0,operator,,,,ChIJt6Q_H6IKmYAR0mL8DUOh7aY,https://maps.google.com/?cid=12028447489145987794&g_mp=Cidnb29nbGUubWFwcy5wbGFjZXMudjEuUGxhY2VzLlNlYXJjaFRleHQQAhgEIAA
33,survivor,cleared_gates_0-4,Burlington,https://www.burlington.com/stores/nv/reno/314?utm_source=google&utm_medium=organic&utm_campaign=maps,Clothing Store,clothing_store,OPERATIONAL,3.5,482,true,gear-shop,sporting goods store,core,standard,covered_tile,0,operator,,,,ChIJl1VVVSU-mYARJj-DrzWoUQQ,https://maps.google.com/?cid=311214797796622118&g_mp=Cidnb29nbGUubWFwcy5wbGFjZXMudjEuUGxhY2VzLlNlYXJjaFRleHQQAhgEIAA
34,survivor,cleared_gates_0-4,Palace Jewelry & Loan Company Inc,http://www.pjlreno.com/,Services,service,OPERATIONAL,4.8,477,true,cycling,bike shop,core,standard,covered_tile,0,operator,,,,ChIJ37JzoTVHmYAR6R3WuiaDH1U,https://maps.google.com/?cid=6133765419868495337&g_mp=Cidnb29nbGUubWFwcy5wbGFjZXMudjEuUGxhY2VzLlNlYXJjaFRleHQQAhgEIAA
35,survivor,cleared_gates_0-4,Super Simple Photography,https://www.supersimpleco.com/,Services,service,OPERATIONAL,5,46,true,camping,tent rental,core,service-area,service_area_unknown_location,,operator,,,,ChIJmUKkOV2FfoIRnXIQCTxI5RU,https://maps.google.com/?cid=1577746667150537373&g_mp=Cidnb29nbGUubWFwcy5wbGFjZXMudjEuUGxhY2VzLlNlYXJjaFRleHQQAhgEIAA
36,survivor,cleared_gates_0-4,Sail Tahoe Blue | Sailing Cruises,http://www.sailtahoeblue.com/,Services,service,OPERATIONAL,5,462,true,alpine-ski; canoe; pontoon; powerboat; pwc; sailing; wakeboard,boat charter; boat rental; canoe rental; jet ski rental; motorboat rental; pontoon rental; sailboat rental; ski boat rental; ski rental,core,standard,covered_tile,0,operator,,,,ChIJs20KKZiRmYARH90vw83AWkU,https://maps.google.com/?cid=4997518726496509215&g_mp=Cidnb29nbGUubWFwcy5wbGFjZXMudjEuUGxhY2VzLlNlYXJjaFRleHQQAhgEIAA
37,survivor,cleared_gates_0-4,Greenhouse Garden Center and Gift Shop,http://www.greenhousegardencenter.com/,Garden Center,garden_center,OPERATIONAL,4.6,450,true,gear-shop,sporting goods store,core,standard,covered_tile,0,operator,,,,ChIJ4xKSCRSgmYAR2-u3F9IfKCM,https://maps.google.com/?cid=2533309777597426651&g_mp=Cidnb29nbGUubWFwcy5wbGFjZXMudjEuUGxhY2VzLlNlYXJjaFRleHQQAhgEIAA
38,survivor,cleared_gates_0-4,Tahoe Surf Company,http://www.tahoesurfcompany.com/,Services,service,OPERATIONAL,5,44,true,watersports,watersports rental,core,service-area,service_area_unknown_location,,operator,,,,ChIJVVJQEh9gmYARhP2i4lexGrY,https://maps.google.com/?cid=13121995455319965060&g_mp=Cidnb29nbGUubWFwcy5wbGFjZXMudjEuUGxhY2VzLlNlYXJjaFRleHQQAhgEIAA
39,survivor,cleared_gates_0-4,PlumpJack Inn,https://www.plumpjackinn.com/?utm_medium=organic&utm_source=google&utm_campaign=business-listing,Resort hotel,resort_hotel,OPERATIONAL,4.3,422,true,alpine-ski,ski rental,core,standard,covered_tile,0,operator,,,,ChIJZ5DAu_TXJIgR7irwk2GeSMo,https://maps.google.com/?cid=14576074335915617006&g_mp=Cidnb29nbGUubWFwcy5wbGFjZXMudjEuUGxhY2VzLlNlYXJjaFRleHQQAhgEIAA
40,survivor,cleared_gates_0-4,DICK'S Sporting Goods,https://stores.dickssportinggoods.com/nv/reno/1215/?seo=localpack,Sporting Goods Store,sporting_goods_store,OPERATIONAL,3.9,415,true,cycling; gear-shop; snowboard,bike shop; snowboard shop; sporting goods store,core,standard,covered_tile,0,operator,,,,ChIJ9RqU0PY_mYARX46rK6djod4,https://maps.google.com/?cid=16042212917313769055&g_mp=Cidnb29nbGUubWFwcy5wbGFjZXMudjEuUGxhY2VzLlNlYXJjaFRleHQQAhgEIAA
41,survivor,cleared_gates_0-4,Truckee Watersports,https://www.truckeewatersports.com/,Services,service,OPERATIONAL,5,38,true,canoe; kayak; pontoon; powerboat; pwc; sup; watersports,boat rental; canoe rental; jet ski rental; kayak rental; motorboat rental; paddleboard rental; personal watercraft rental; pontoon rental; watersports rental; waverunner rental,core,service-area,service_area_unknown_location,,operator,,,,ChIJ67e0W4xhmYAR7ek85J3KG0c,https://maps.google.com/?cid=5123911780551944685&g_mp=Cidnb29nbGUubWFwcy5wbGFjZXMudjEuUGxhY2VzLlNlYXJjaFRleHQQAhgEIAA
42,survivor,cleared_gates_0-4,Classy Seconds Thrift Shop,https://www.facebook.com/classy.seconds,Thrift Store,thrift_store,OPERATIONAL,4,381,true,cycling,bike shop,core,standard,covered_tile,0,operator,,,,ChIJvxpWPuoKmYAR1zvHnsC7c2I,https://maps.google.com/?cid=7094220274010635223&g_mp=Cidnb29nbGUubWFwcy5wbGFjZXMudjEuUGxhY2VzLlNlYXJjaFRleHQQAhgEIAA
43,survivor,cleared_gates_0-4,SPCA of Northern Nevada Thrift Store,https://spcanevada.org/spca-thrift-store/,Thrift Store,thrift_store,OPERATIONAL,4.2,368,true,cycling; gear-shop,bike shop; sporting goods store,core,standard,covered_tile,0,operator,,,,ChIJU6LE3i1HmYARG9mTGs97rkc,https://maps.google.com/?cid=5165201952074881307&g_mp=Cidnb29nbGUubWFwcy5wbGFjZXMudjEuUGxhY2VzLlNlYXJjaFRleHQQAhgEIAA
44,survivor,cleared_gates_0-4,Tahoe Wakebusters,http://www.tahoewakebusters.com/,Services,service,OPERATIONAL,4.9,35,true,canoe; pontoon; powerboat,boat rental; canoe rental; pontoon rental,core,service-area,service_area_unknown_location,,operator,,,,ChIJC-M6c2mDmYARooZiRflQOuc,https://maps.google.com/?cid=16661718802951734946&g_mp=Cidnb29nbGUubWFwcy5wbGFjZXMudjEuUGxhY2VzLlNlYXJjaFRleHQQAhgEIAA
45,survivor,cleared_gates_0-4,Janie Miller Events,http://www.janiemillerevents.com/,Services,service,OPERATIONAL,4.9,35,true,camping,tent rental,core,service-area,service_area_unknown_location,,operator,,,,ChIJ2VIUhUsjkSURmXmxNTg5nlE,https://maps.google.com/?cid=5881201076974221721&g_mp=Cidnb29nbGUubWFwcy5wbGFjZXMudjEuUGxhY2VzLlNlYXJjaFRleHQQAhgEIAA
46,survivor,cleared_gates_0-4,Starbucks Coffee Company,https://www.starbucks.com/store-locator/store/1020531,Coffee Shop,coffee_shop,OPERATIONAL,3.8,357,true,cycling,bike shop,core,standard,covered_tile,0,operator,,,,ChIJh3Vq9Erem4ARp7DlEopmp64,https://maps.google.com/?cid=12585140426918703271&g_mp=Cidnb29nbGUubWFwcy5wbGFjZXMudjEuUGxhY2VzLlNlYXJjaFRleHQQAhgEIAA
47,survivor,cleared_gates_0-4,adidas OUTLET STORE,https://go.adidas.com/ihha/11c0ab86,Sportswear Store,sportswear_store,OPERATIONAL,4.4,347,true,gear-shop,sporting goods store,core,standard,covered_tile,0,operator,,,,ChIJIxqpMOs-mYARI02wa7Xy1fE,https://maps.google.com/?cid=17426101194189720867&g_mp=Cidnb29nbGUubWFwcy5wbGFjZXMudjEuUGxhY2VzLlNlYXJjaFRleHQQAhgEIAA
48,survivor,cleared_gates_0-4,MetroPawn,https://ezpawn.com/stores/nv/sparks/255-e-glendale-ave,Services,service,OPERATIONAL,4.8,341,true,cycling; gear-shop,bike shop; sporting goods store,core,standard,covered_tile,0,operator,,,,ChIJmf-M8-A-mYARc6_PtX-mJWY,https://maps.google.com/?cid=7360472233448288115&g_mp=Cidnb29nbGUubWFwcy5wbGFjZXMudjEuUGxhY2VzLlNlYXJjaFRleHQQAhgEIAA
49,survivor,cleared_gates_0-4,EuroCycle Reno,https://rideeurocycle.com/,Store,store,OPERATIONAL,4.4,337,true,cycling,bike shop,core,standard,covered_tile,0,operator,,,,ChIJt_DfxUAVmYAR4rshiiKBf5k,https://maps.google.com/?cid=11060701195191565282&g_mp=Cidnb29nbGUubWFwcy5wbGFjZXMudjEuUGxhY2VzLlNlYXJjaFRleHQQAhgEIAA
50,survivor,cleared_gates_0-4,Tahoe Paradise Park,http://www.tahoeparadisepark.com/,Park,park,OPERATIONAL,4.8,336,true,disc-golf,disc golf rental,core,standard,covered_tile,0,operator,,,,ChIJcaR1JCqMmYARM3vcgiLxcpM,https://maps.google.com/?cid=10624819601447090995&g_mp=Cidnb29nbGUubWFwcy5wbGFjZXMudjEuUGxhY2VzLlNlYXJjaFRleHQQAhgEIAA
51,survivor,cleared_gates_0-4,Manila Hong Kong Store & Kitchen,https://www.manilahkstore.com/,Asian Grocery Store,asian_grocery_store,OPERATIONAL,4.1,334,true,gear-shop,sporting goods store,core,standard,covered_tile,0,operator,,,,ChIJqyMGGrA4mYARwyzGSvxyrPM,https://maps.google.com/?cid=17558535475122547907&g_mp=Cidnb29nbGUubWFwcy5wbGFjZXMudjEuUGxhY2VzLlNlYXJjaFRleHQQAhgEIAA
52,survivor,cleared_gates_0-4,Drink Coffee Do Stuff,https://drinkcoffeedostuff.com/,Coffee Shop,coffee_shop,OPERATIONAL,4.3,333,true,alpine-ski,ski shop,core,standard,covered_tile,0,operator,,,,ChIJR0FCx26RmYARC1DXrYKAuMU,https://maps.google.com/?cid=14247278719937237003&g_mp=Cidnb29nbGUubWFwcy5wbGFjZXMudjEuUGxhY2VzLlNlYXJjaFRleHQQAhgEIAA
53,survivor,cleared_gates_0-4,Coffeebar,https://www.coffeebar.com/,Coffee Shop,coffee_shop,OPERATIONAL,4.2,332,true,alpine-ski,ski shop,core,standard,covered_tile,0,operator,,,,ChIJGdQ_nOvZm4ARCVcV08a8cic,https://maps.google.com/?cid=2842541876955141897&g_mp=Cidnb29nbGUubWFwcy5wbGFjZXMudjEuUGxhY2VzLlNlYXJjaFRleHQQAhgEIAA
54,survivor,cleared_gates_0-4,The Water Traveler,https://www.thewatertraveler.com/,Tour Agency,tour_agency,OPERATIONAL,5,32,true,powerboat,boat rental,core,service-area,service_area_unknown_location,,operator,,,,ChIJuwLh4faLfgURUsImlalbIaw,https://maps.google.com/?cid=12403295632665002578&g_mp=Cidnb29nbGUubWFwcy5wbGFjZXMudjEuUGxhY2VzLlNlYXJjaFRleHQQAhgEIAA
55,survivor,cleared_gates_0-4,Float Reno,http://www.floatreno.com/,,,OPERATIONAL,4.9,32,true,river-tube,river float rental; river tubing rental,core,service-area,service_area_unknown_location,,operator,,,,ChIJ4XP3hnRmFUQRwCjwaFfHQaY,https://maps.google.com/?cid=11980075662018881728&g_mp=Cidnb29nbGUubWFwcy5wbGFjZXMudjEuUGxhY2VzLlNlYXJjaFRleHQQAhgEIAA
56,survivor,cleared_gates_0-4,Tahoe Lake Tours,https://tahoeboattours.com/,Tour Agency,tour_agency,OPERATIONAL,4.7,328,true,canoe; kayak; pontoon; powerboat; sailing,boat charter; boat rental; canoe rental; catamaran rental; kayak rental; kayak tours; motorboat rental; pontoon rental,core,standard,covered_tile,0,operator,,,,ChIJT720oDKPmYARl61Bj0YsY04,https://maps.google.com/?cid=5648407039215512983&g_mp=Cidnb29nbGUubWFwcy5wbGFjZXMudjEuUGxhY2VzLlNlYXJjaFRleHQQAhgEIAA
57,survivor,cleared_gates_0-4,Tahoe City Marina,https://tahoecitymarina.com/,Marina,marina,OPERATIONAL,4.7,325,true,canoe; pontoon; powerboat; pwc; sailing; wakeboard,boat charter; boat rental; canoe rental; jet ski rental; pontoon rental; sailboat rental; ski boat rental,core,standard,covered_tile,0,operator,,,,ChIJH4LWWHR9mYARypcqpL18ETo,https://maps.google.com/?cid=4184262682748819402&g_mp=Cidnb29nbGUubWFwcy5wbGFjZXMudjEuUGxhY2VzLlNlYXJjaFRleHQQAhgEIAA
58,survivor,cleared_gates_0-4,Reno Running Company,http://www.renorunningcompany.com/?utm_source=GBP&utm_medium=organic&utm_campaign=office,Sporting Goods Store,sporting_goods_store,OPERATIONAL,4.8,324,true,gear-shop,sporting goods store,core,standard,covered_tile,0,operator,,,,ChIJe7KVfY4UmYAR3qXoQM1Ay4Y,https://maps.google.com/?cid=9712928271656068574&g_mp=Cidnb29nbGUubWFwcy5wbGFjZXMudjEuUGxhY2VzLlNlYXJjaFRleHQQAhgEIAA
59,survivor,cleared_gates_0-4,Tahoe Paddleboard,http://tahoepaddleboards.com/,Services,service,OPERATIONAL,5,31,true,sup; watersports,paddleboard rental; watersports rental,core,service-area,service_area_unknown_location,,operator,,,,ChIJ61OIM8JdvisRals0bp9N-Kw,https://maps.google.com/?cid=12463797315891911530&g_mp=Cidnb29nbGUubWFwcy5wbGFjZXMudjEuUGxhY2VzLlNlYXJjaFRleHQQAhgEIAA
60,survivor,cleared_gates_0-4,Wildcreek Golf Course,http://wildcreekgolf.org/,Golf Course,golf_course,OPERATIONAL,4.1,315,true,disc-golf,disc golf rental,core,standard,covered_tile,0,operator,,,,ChIJ4S8bg5Q4mYARXFLK0q7-JzY,https://maps.google.com/?cid=3902367628954063452&g_mp=Cidnb29nbGUubWFwcy5wbGFjZXMudjEuUGxhY2VzLlNlYXJjaFRleHQQAhgEIAA
61,survivor,cleared_gates_0-4,Ridezilla Carson City,https://www.ridezillacarsoncity.com/?utm_source=GBP&utm_medium=organic&utm_campaign=Google+Business+Profile,Store,store,OPERATIONAL,4.3,308,true,alpine-ski; cycling; gear-shop,bike shop; ski shop; sporting goods store,core,standard,covered_tile,0,operator,,,,ChIJKxjishWgmYARWBVz_LczFyE,https://maps.google.com/?cid=2384431393023399256&g_mp=Cidnb29nbGUubWFwcy5wbGFjZXMudjEuUGxhY2VzLlNlYXJjaFRleHQQAhgEIAA
62,survivor,cleared_gates_0-4,Custom Truck Accessories,http://www.customtruckaccessories.com/,Auto Parts Store,auto_parts_store,OPERATIONAL,4.6,304,true,cycling,bike shop,core,standard,covered_tile,0,operator,,,,ChIJ68T-F6hAmYAREF_0sCPEfNg,https://maps.google.com/?cid=15599558866876260112&g_mp=Cidnb29nbGUubWFwcy5wbGFjZXMudjEuUGxhY2VzLlNlYXJjaFRleHQQAhgEIAA
63,survivor,cleared_gates_0-4,St Vincent's Thrift Store,https://ccsnn.org/pages/st-vincents-thrift-shop,Thrift Store,thrift_store,OPERATIONAL,4.2,301,true,cycling,bike shop,core,standard,covered_tile,0,operator,,,,ChIJVVVVVSU-mYARjosZjhZhwqY,https://maps.google.com/?cid=12016273505279118222&g_mp=Cidnb29nbGUubWFwcy5wbGFjZXMudjEuUGxhY2VzLlNlYXJjaFRleHQQAhgEIAA
64,survivor,cleared_gates_0-4,D Bar M Western Store,http://www.dbarm.com/,Clothing Store,clothing_store,OPERATIONAL,4.8,298,true,gear-shop,sporting goods store,core,standard,covered_tile,0,operator,,,,ChIJOUiVhlJHmYARM_Bf0AcXNyw,https://maps.google.com/?cid=3186040583716073523&g_mp=Cidnb29nbGUubWFwcy5wbGFjZXMudjEuUGxhY2VzLlNlYXJjaFRleHQQAhgEIAA
65,survivor,cleared_gates_0-4,Big Valley Honda,https://www.bigvalleyhonda.com/,Store,store,OPERATIONAL,4.1,293,true,cycling,bike shop,core,standard,covered_tile,0,operator,,,,ChIJV-HhD14_mYAR-b3DwgBOgkM,https://maps.google.com/?cid=4864536312688131577&g_mp=Cidnb29nbGUubWFwcy5wbGFjZXMudjEuUGxhY2VzLlNlYXJjaFRleHQQAhgEIAA
66,survivor,cleared_gates_0-4,395 Motorsports,https://395motorsports.com/,Store,store,OPERATIONAL,4.7,281,true,cycling; gear-shop,bike shop; sporting goods store,core,standard,covered_tile,0,operator,,,,ChIJVQxMsMKhmYAR_PyQ-fh0wow,https://maps.google.com/?cid=10142797923479518460&g_mp=Cidnb29nbGUubWFwcy5wbGFjZXMudjEuUGxhY2VzLlNlYXJjaFRleHQQAhgEIAA
67,survivor,cleared_gates_0-4,Boat Tahoe,http://www.boat-tahoe.com/,Tour Agency,tour_agency,OPERATIONAL,5,280,true,canoe; kayak; powerboat; pwc; sailing; wakeboard; watersports,boat charter; boat rental; canoe rental; jet ski rental; kayak rental; kayak tours; motorboat rental; personal watercraft rental; sailboat rental; ski boat rental; watersports rental,core,standard,covered_tile,0,operator,,,,ChIJEdu51jmPmYARTJ23sNf4XRo,https://maps.google.com/?cid=1899948223086697804&g_mp=Cidnb29nbGUubWFwcy5wbGFjZXMudjEuUGxhY2VzLlNlYXJjaFRleHQQAhgEIAA
68,survivor,cleared_gates_0-4,Soaring Ranch,https://www.soaringranch.com/,Business Center,business_center,OPERATIONAL,4.6,271,true,gear-shop,sporting goods store,core,standard,covered_tile,0,operator,,,,ChIJZUB46UNhmYARbSvWYOfMMQA,https://maps.google.com/?cid=14017567992982381&g_mp=Cidnb29nbGUubWFwcy5wbGFjZXMudjEuUGxhY2VzLlNlYXJjaFRleHQQAhgEIAA
69,survivor,cleared_gates_0-4,North Tahoe Cruises - Tahoe Gal,http://www.tahoegal.com/,Tour Agency,tour_agency,OPERATIONAL,4.4,265,true,powerboat,boat charter; boat rental,core,standard,covered_tile,0,operator,,,,ChIJc6q_mnR9mYARpe52BYgwqMY,https://maps.google.com/?cid=14314744776362487461&g_mp=Cidnb29nbGUubWFwcy5wbGFjZXMudjEuUGxhY2VzLlNlYXJjaFRleHQQAhgEIAA
70,survivor,cleared_gates_0-4,Sky Tavern Ski Area,http://www.skytavern.com/,Ski Resort,ski_resort,OPERATIONAL,4.7,260,true,alpine-ski; snow-tube; snowboard,ski rental; snow tube rental; snowboard rental,core; experience,standard,covered_tile,0,operator,,,,ChIJFZVNNyJsmYARqosfF4RISB4,https://maps.google.com/?cid=2182073751621831594&g_mp=Cidnb29nbGUubWFwcy5wbGFjZXMudjEuUGxhY2VzLlNlYXJjaFRleHQQAhgEIAA
71,survivor,cleared_gates_0-4,Reno Ice - The Jennifer M. O'Neal Community Ice Arena,http://renoice.com/,Ice Skating Rink,ice_skating_rink,OPERATIONAL,4.7,253,true,ice-skate,ice skate rental,core,standard,covered_tile,0,operator,,,,ChIJb4kBX-c_mYARuEEVusInJmM,https://maps.google.com/?cid=7144441576168964536&g_mp=Cidnb29nbGUubWFwcy5wbGFjZXMudjEuUGxhY2VzLlNlYXJjaFRleHQQAhgEIAA
72,survivor,cleared_gates_0-4,Flip's Boats,http://flipsboats.com/,Services,service,OPERATIONAL,5,24,true,canoe; pontoon; powerboat; pwc,boat rental; canoe rental; personal watercraft rental; pontoon rental,core,service-area,service_area_unknown_location,,operator,,,,ChIJsx-cX9vjmiERQCS6KfXmm5k,https://maps.google.com/?cid=11068694449834566720&g_mp=Cidnb29nbGUubWFwcy5wbGFjZXMudjEuUGxhY2VzLlNlYXJjaFRleHQQAhgEIAA
73,survivor,cleared_gates_0-4,Asia Market,http://www.insta.com/,Asian Grocery Store,asian_grocery_store,OPERATIONAL,4.3,248,true,gear-shop,sporting goods store,core,standard,covered_tile,0,operator,,,,ChIJXa-Jk0w_mYARENcAHg6TRPA,https://maps.google.com/?cid=17313124556361226000&g_mp=Cidnb29nbGUubWFwcy5wbGFjZXMudjEuUGxhY2VzLlNlYXJjaFRleHQQAhgEIAA
74,survivor,cleared_gates_0-4,Sierra Motorcycle Supply,http://www.shopbetamotorcycle.com/,Store,store,OPERATIONAL,3.8,244,true,cycling,bike shop,core,standard,covered_tile,0,operator,,,,ChIJE4diopI-mYARakKyMkQMXxk,https://maps.google.com/?cid=1828193460783563370&g_mp=Cidnb29nbGUubWFwcy5wbGFjZXMudjEuUGxhY2VzLlNlYXJjaFRleHQQAhgEIAA
75,survivor,cleared_gates_0-4,Famous Footwear,https://www.famousfootwear.com/stores/nv/carson-city/89705/carson-valley-plaza-02332?PartnerID=organic_search_google_storelisting&utm_medium=organic&utm_source=search&utm_campaign=google&utm_content=storelisting,Shoe Store,shoe_store,OPERATIONAL,3.8,234,true,gear-shop,sporting goods store,core,standard,covered_tile,0,operator,,,,ChIJxXW9W8-hmYARdqbQg-0ja_8,https://maps.google.com/?cid=18404843805205374582&g_mp=Cidnb29nbGUubWFwcy5wbGFjZXMudjEuUGxhY2VzLlNlYXJjaFRleHQQAhgEIAA
76,survivor,cleared_gates_0-4,Caples Lake Resort,http://www.capleslakeresort.com/,Resort hotel,resort_hotel,OPERATIONAL,4.7,231,true,powerboat; wakeboard,boat rental; ski boat rental,core,standard,covered_tile,0,operator,,,,ChIJH-UJeuTzmYARQDbWPlfSFvE,https://maps.google.com/?cid=17372303884786480704&g_mp=Cidnb29nbGUubWFwcy5wbGFjZXMudjEuUGxhY2VzLlNlYXJjaFRleHQQAhgEIAA
77,survivor,cleared_gates_0-4,5.11,https://www.511tactical.com/?utm_source=googlelocal&utm_medium=search&utm_campaign=list,Clothing Store,clothing_store,OPERATIONAL,4.6,230,true,gear-shop,sporting goods store,core,standard,covered_tile,0,operator,,,,ChIJV9AR3_4_mYARkO9aLg7uJmI,https://maps.google.com/?cid=7072602009506606992&g_mp=Cidnb29nbGUubWFwcy5wbGFjZXMudjEuUGxhY2VzLlNlYXJjaFRleHQQAhgEIAA
78,survivor,cleared_gates_0-4,"Lake Tahoe Computers, LLC",http://www.laketahoecomputers.net/,Services,service,OPERATIONAL,4.8,220,true,alpine-ski,ski shop,core,standard,covered_tile,0,operator,,,,ChIJwVL3cRKQmYARlOGsH6VXGAs,https://maps.google.com/?cid=799485300570907028&g_mp=Cidnb29nbGUubWFwcy5wbGFjZXMudjEuUGxhY2VzLlNlYXJjaFRleHQQAhgEIAA
79,survivor,cleared_gates_0-4,Kj's Watersports Lake Tahoe,http://www.kjswatersports.com/,School,school,OPERATIONAL,5,21,true,powerboat; watersports,boat rental; watersports rental,core,service-area,service_area_unknown_location,,operator,,,,ChIJN5Y-66KPmYARbTv4tFWci-o,https://maps.google.com/?cid=16900773918560238445&g_mp=Cidnb29nbGUubWFwcy5wbGFjZXMudjEuUGxhY2VzLlNlYXJjaFRleHQQAhgEIAA
80,survivor,cleared_gates_0-4,FishAndSave,http://www.fishandsave.com/,Store,store,OPERATIONAL,4.8,216,true,fishing-gear; fly-fishing; gear-shop,fishing bait and tackle shop; fly fishing outfitter; sporting goods store,core; gap,standard,covered_tile,0,operator,,,,ChIJr6aBxJ4_mYARktvKixiXrNU,https://maps.google.com/?cid=15396847357753219986&g_mp=Cidnb29nbGUubWFwcy5wbGFjZXMudjEuUGxhY2VzLlNlYXJjaFRleHQQAhgEIAA
81,survivor,cleared_gates_0-4,FISH Thrift Store - Carson City,http://nvfish.com/,Thrift Store,thrift_store,OPERATIONAL,4.1,215,true,cycling,bike shop,core,standard,covered_tile,0,operator,,,,ChIJD9EK9L0KmYARXzLg_JvXuwk,https://maps.google.com/?cid=701391231948698207&g_mp=Cidnb29nbGUubWFwcy5wbGFjZXMudjEuUGxhY2VzLlNlYXJjaFRleHQQAhgEIAA
82,survivor,cleared_gates_0-4,South Lake Tahoe Ice Arena,https://tahoeicearena.com/,Ice Skating Rink,ice_skating_rink,OPERATIONAL,4.5,214,true,ice-skate,ice skate rental,core,standard,covered_tile,0,operator,,,,ChIJE68KpgKQmYARnZ7aMZUmW88,https://maps.google.com/?cid=14941578610960146077&g_mp=Cidnb29nbGUubWFwcy5wbGFjZXMudjEuUGxhY2VzLlNlYXJjaFRleHQQAhgEIAA
83,survivor,cleared_gates_0-4,Tennis Nation Racquet Sports,https://www.tennisnation.com/reno-tennis-center/,Sports Club,sports_club,OPERATIONAL,5,211,true,gear-shop,sporting goods store,core,standard,covered_tile,0,operator,,,,ChIJgfqFQ-1AmYARdxg_shZp8lY,https://maps.google.com/?cid=6265185577826457719&g_mp=Cidnb29nbGUubWFwcy5wbGFjZXMudjEuUGxhY2VzLlNlYXJjaFRleHQQAhgEIAA
84,survivor,cleared_gates_0-4,Branded Screen Printing & Embroidery,https://www.brandedscreenprinting.com/,Clothing Store,clothing_store,OPERATIONAL,4.7,211,true,alpine-ski,ski shop,core,standard,covered_tile,0,operator,,,,ChIJ9zGF80tBmYARG7VY0fWoSs0,https://maps.google.com/?cid=14792821699784520987&g_mp=Cidnb29nbGUubWFwcy5wbGFjZXMudjEuUGxhY2VzLlNlYXJjaFRleHQQAhgEIAA
85,survivor,cleared_gates_0-4,Beck's Shoes,https://www.beckshoes.com/,Shoe Store,shoe_store,OPERATIONAL,4.7,198,true,gear-shop,sporting goods store,core,standard,covered_tile,0,operator,,,,ChIJ5R9vP_Y_mYARBEjhA80OjxU,https://maps.google.com/?cid=1553476670162290692&g_mp=Cidnb29nbGUubWFwcy5wbGFjZXMudjEuUGxhY2VzLlNlYXJjaFRleHQQAhgEIAA
86,survivor,cleared_gates_0-4,PINK,https://stores.victoriassecret.com/us/nv/reno/lingerie-1631.html,Clothing Store,clothing_store,OPERATIONAL,4.4,194,true,gear-shop,sporting goods store,core,standard,covered_tile,0,operator,,,,ChIJ7VZB-_M_mYARzxu4TOQ1hPY,https://maps.google.com/?cid=17763382084912028623&g_mp=Cidnb29nbGUubWFwcy5wbGFjZXMudjEuUGxhY2VzLlNlYXJjaFRleHQQAhgEIAA
87,survivor,cleared_gates_0-4,Foot Locker,https://stores.footlocker.com/nv/reno/5120-meadowood-mall-7437.html,Shoe Store,shoe_store,OPERATIONAL,4.2,192,true,gear-shop,sporting goods store,core,standard,covered_tile,0,operator,,,,ChIJTwiH0fU_mYARTN8u5jjQuhE,https://maps.google.com/?cid=1277562387111534412&g_mp=Cidnb29nbGUubWFwcy5wbGFjZXMudjEuUGxhY2VzLlNlYXJjaFRleHQQAhgEIAA
88,survivor,cleared_gates_0-4,Dirty Wheel Tahoe,https://www.dirtywheeltahoe.com/,Services,service,OPERATIONAL,5,18,true,cycling; dirtbike; mtb,bike rental; dirt bike rental; mountain bike rental,core,service-area,service_area_unknown_location,,operator,,,,ChIJXcDVAiuAfIkR3b282FAnaj0,https://maps.google.com/?cid=4425392812032048605&g_mp=Cidnb29nbGUubWFwcy5wbGFjZXMudjEuUGxhY2VzLlNlYXJjaFRleHQQAhgEIAA
89,survivor,cleared_gates_0-4,Jet Ski Rental Lake Tahoe,https://www.jetskirentallaketahoe.com/,Services,service,OPERATIONAL,5,17,true,alpine-ski; canoe; pontoon; powerboat; pwc; watersports,canoe rental; jet ski rental; motorboat rental; personal watercraft rental; pontoon rental; ski rental; watersports rental; waverunner rental,core,service-area,service_area_unknown_location,,operator,,,,ChIJw_C0jV9K3ioRUXC7gO5M2a8,https://maps.google.com/?cid=12671243613829296209&g_mp=Cidnb29nbGUubWFwcy5wbGFjZXMudjEuUGxhY2VzLlNlYXJjaFRleHQQAhgEIAA
90,survivor,cleared_gates_0-4,Bio Bio Expeditions Worldwide,https://bbxrafting.com/,Tour Agency,tour_agency,OPERATIONAL,5,174,true,kayak; rafting,kayak tours; whitewater rafting,core; experience,standard,covered_tile,0,operator,,,,ChIJm9fPXcLfm4ARuHHBmQ3lAd4,https://maps.google.com/?cid=15997319197973639608&g_mp=Cidnb29nbGUubWFwcy5wbGFjZXMudjEuUGxhY2VzLlNlYXJjaFRleHQQAhgEIAA
91,survivor,cleared_gates_0-4,Blue Granite Climbing Gym,http://bluegraniteclimbing.com/,Sports Activity Location,sports_activity_location,OPERATIONAL,4.9,173,true,climbing,climbing gear rental,core,standard,covered_tile,0,operator,,,,ChIJy44L9ZOPmYARNWA0jJ9Jadc,https://maps.google.com/?cid=15522018540309995573&g_mp=Cidnb29nbGUubWFwcy5wbGFjZXMudjEuUGxhY2VzLlNlYXJjaFRleHQQAhgEIAA
92,survivor,cleared_gates_0-4,Discover Tahoe Chartered Cruises,https://discovertahoecruises.com/,Tour Agency,tour_agency,OPERATIONAL,4.9,171,true,canoe; pontoon; powerboat,boat charter; boat rental; canoe rental; motorboat rental; pontoon rental,core,standard,covered_tile,0,operator,,,,ChIJiyTp4yC_mYARByWcGt0Oz1s,https://maps.google.com/?cid=6615522720427549959&g_mp=Cidnb29nbGUubWFwcy5wbGFjZXMudjEuUGxhY2VzLlNlYXJjaFRleHQQAhgEIAA
93,survivor,cleared_gates_0-4,TurnKey Vacation Rentals - North Tahoe,https://www.turnkeyvr.com/north-lake-tahoe-california,Travel Agency,travel_agency,OPERATIONAL,4.6,171,true,kayak,kayak rental,core,standard,covered_tile,0,operator,,,,ChIJ4bKEV8Dfm4ARCXr4XJYI-kk,https://maps.google.com/?cid=5330582550844307977&g_mp=Cidnb29nbGUubWFwcy5wbGFjZXMudjEuUGxhY2VzLlNlYXJjaFRleHQQAhgEIAA
94,survivor,cleared_gates_0-4,Tahoe Fly Fishing Outfitters,http://www.tahoeflyfishing.com/,Store,store,OPERATIONAL,4.9,169,true,fishing-gear; fly-fishing; outfitter,fishing bait and tackle shop; fly fishing outfitter; guide service outfitter,core; gap,standard,covered_tile,0,operator,,,,ChIJR4kbYuePmYARjPe9igJbTiM,https://maps.google.com/?cid=2544070905986676620&g_mp=Cidnb29nbGUubWFwcy5wbGFjZXMudjEuUGxhY2VzLlNlYXJjaFRleHQQAhgEIAA
95,survivor,cleared_gates_0-4,Captain Jack's Tahoe,http://www.captainjackstahoe.com/,School,school,OPERATIONAL,5,16,true,pontoon; watersports,pontoon rental; watersports rental,core,service-area,service_area_unknown_location,,operator,,,,ChIJ15wO24rfm4ARg1gatAOrBV8,https://maps.google.com/?cid=6847066840881584259&g_mp=Cidnb29nbGUubWFwcy5wbGFjZXMudjEuUGxhY2VzLlNlYXJjaFRleHQQAhgEIAA
96,survivor,cleared_gates_0-4,Moto Source,http://www.moto-source.com/,Auto Parts Store,auto_parts_store,OPERATIONAL,4.8,168,true,cycling,bike shop,core,standard,covered_tile,0,operator,,,,ChIJfWSXXwU_mYARbi4dhesjCa4,https://maps.google.com/?cid=12540594131847425646&g_mp=Cidnb29nbGUubWFwcy5wbGFjZXMudjEuUGxhY2VzLlNlYXJjaFRleHQQAhgEIAA
97,survivor,cleared_gates_0-4,Road Rider of Reno Ltd,http://www.roadriderofreno.com/,Store,store,OPERATIONAL,4.7,168,true,cycling; gear-shop,bike shop; sporting goods store,core,standard,covered_tile,0,operator,,,,ChIJCR1fZF4_mYARLDJkpqw45Rs,https://maps.google.com/?cid=2010075122867909164&g_mp=Cidnb29nbGUubWFwcy5wbGFjZXMudjEuUGxhY2VzLlNlYXJjaFRleHQQAhgEIAA
98,survivor,cleared_gates_0-4,Riverview Sports Park,http://www.tdrpd.org/riverview-sports-park,Park,park,OPERATIONAL,4.7,166,true,mtb,downhill bike park rental; mountain bike rental,core,standard,covered_tile,0,operator,,,,ChIJn9PrISdgmYARWfGaRaZBLE0,https://maps.google.com/?cid=5560891822283878745&g_mp=Cidnb29nbGUubWFwcy5wbGFjZXMudjEuUGxhY2VzLlNlYXJjaFRleHQQAhgEIAA
99,survivor,cleared_gates_0-4,Uniforms 2 You - Reno,https://uniforms2you.com/,Clothing Store,clothing_store,OPERATIONAL,4.5,162,true,gear-shop,sporting goods store,core,standard,covered_tile,0,operator,,,,ChIJ88koT7hAmYARIc_o1nUkTN8,https://maps.google.com/?cid=16090275657223294753&g_mp=Cidnb29nbGUubWFwcy5wbGFjZXMudjEuUGxhY2VzLlNlYXJjaFRleHQQAhgEIAA
100,survivor,cleared_gates_0-4,Mountain Hardware and Sports Incline,http://www.acehardware.com/store-details/18283?utm_source=google&utm_medium=local&utm_campaign=localmaps&utm_content=18283,Hardware Store,hardware_store,OPERATIONAL,4.6,160,true,cycling; gear-shop,bike shop; sporting goods store,core,standard,covered_tile,0,operator,,,,ChIJ6-009xdwmYARDWXIb985UoI,https://maps.google.com/?cid=9390631804836799757&g_mp=Cidnb29nbGUubWFwcy5wbGFjZXMudjEuUGxhY2VzLlNlYXJjaFRleHQQAhgEIAA
101,survivor,cleared_gates_0-4,Battle Born Bouncers Nevada LLC,https://www.bbbnv.com/,Services,service,OPERATIONAL,5,15,true,camping,tent rental,core,service-area,service_area_unknown_location,,operator,,,,ChIJWUMQ4Te5G2wRwZWD1zkhze8,https://maps.google.com/?cid=17279503877603038657&g_mp=Cidnb29nbGUubWFwcy5wbGFjZXMudjEuUGxhY2VzLlNlYXJjaFRleHQQAhgEIAA
102,survivor,cleared_gates_0-4,Club Champion,https://clubchampion.com/locations/reno?utm_source=gbp&utm_medium=local&utm_campaign=gbp&utm_term=gbp_Reno,Sporting Goods Store,sporting_goods_store,OPERATIONAL,4.9,157,true,gear-shop,sporting goods store,core,standard,covered_tile,0,operator,,,,ChIJZcLw1uYVmYAR1eVzoOZwDs0,https://maps.google.com/?cid=14775871563285915093&g_mp=Cidnb29nbGUubWFwcy5wbGFjZXMudjEuUGxhY2VzLlNlYXJjaFRleHQQAhgEIAA
103,survivor,cleared_gates_0-4,Northstar Village Ice Skating Rink,http://m.northstarcalifornia.com/things-to-do.html?page=viewall,Ice Skating Rink,ice_skating_rink,OPERATIONAL,4.3,156,true,ice-skate,ice skate rental,core,standard,covered_tile,0,operator,,,,ChIJZwsxJDFimYAR8mINJEAbvv4,https://maps.google.com/?cid=18356139093505434354&g_mp=Cidnb29nbGUubWFwcy5wbGFjZXMudjEuUGxhY2VzLlNlYXJjaFRleHQQAhgEIAA
104,survivor,cleared_gates_0-4,Cruz Entertainment,https://cruzentnv.com/,,,OPERATIONAL,5,154,true,camping,tent rental,core,standard,covered_tile,0,operator,,,,ChIJ-78KP60wmYARA0J4mS2n0u4,https://maps.google.com/?cid=17209000940426248707&g_mp=Cidnb29nbGUubWFwcy5wbGFjZXMudjEuUGxhY2VzLlNlYXJjaFRleHQQAhgEIAA
105,survivor,cleared_gates_0-4,Classic Skate Shop,https://www.youtube.com/@classicskateshopreno,Sporting Goods Store,sporting_goods_store,OPERATIONAL,4.7,153,true,gear-shop,sporting goods store,core,standard,covered_tile,0,operator,,,,ChIJ9WHEhrdAmYARjmH30nNtNeA,https://maps.google.com/?cid=16155939582489616782&g_mp=Cidnb29nbGUubWFwcy5wbGFjZXMudjEuUGxhY2VzLlNlYXJjaFRleHQQAhgEIAA
106,survivor,cleared_gates_0-4,Tahoe Swell Seekers,https://www.tahoeswellseekers.com/,Services,service,OPERATIONAL,5,14,true,canoe; pontoon; powerboat; watersports,boat rental; canoe rental; pontoon rental; watersports rental,core,service-area,service_area_unknown_location,,operator,,,,ChIJ3TnKH9ajV2gRZyxjDGMuk50,https://maps.google.com/?cid=11354470088475618407&g_mp=Cidnb29nbGUubWFwcy5wbGFjZXMudjEuUGxhY2VzLlNlYXJjaFRleHQQAhgEIAA
107,survivor,cleared_gates_0-4,Reno Fly Shop,http://renoflyshop.com/,Store,store,OPERATIONAL,4.6,147,true,fishing-gear; fly-fishing; gear-shop,fishing bait and tackle shop; fly fishing outfitter; sporting goods store,core; gap,standard,covered_tile,0,operator,,,,ChIJN23nv8tAmYARvgNORU9WE2Y,https://maps.google.com/?cid=7355317514891297726&g_mp=Cidnb29nbGUubWFwcy5wbGFjZXMudjEuUGxhY2VzLlNlYXJjaFRleHQQAhgEIAA
108,survivor,cleared_gates_0-4,Olympic Bootworks,http://olympicbootworks.com/,Sporting Goods Store,sporting_goods_store,OPERATIONAL,4.9,144,true,alpine-ski; backcountry-ski; cycling; gear-shop; snowboard,backcountry ski rental; bike shop; ski rental; ski shop; snowboard rental; snowboard shop; sporting goods store,core,standard,covered_tile,0,operator,,,,ChIJm5ZXkerZm4ARnAq7qThpZok,https://maps.google.com/?cid=9900716522907306652&g_mp=Cidnb29nbGUubWFwcy5wbGFjZXMudjEuUGxhY2VzLlNlYXJjaFRleHQQAhgEIAA
109,survivor,cleared_gates_0-4,The Salvation Army Family Store & Donation Center,https://reno.salvationarmy.org/reno/,Thrift Store,thrift_store,OPERATIONAL,4.2,143,true,cycling,bike shop,core,standard,covered_tile,0,operator,,,,ChIJHXsYzWtHmYARvB8imZGkceU,https://maps.google.com/?cid=16533176652300165052&g_mp=Cidnb29nbGUubWFwcy5wbGFjZXMudjEuUGxhY2VzLlNlYXJjaFRleHQQAhgEIAA
110,survivor,cleared_gates_0-4,Eastern Sierra Feed,http://www.easternsierrafeed.com/,Store,store,OPERATIONAL,4.7,139,true,gear-shop,sporting goods store,core,standard,covered_tile,0,operator,,,,ChIJ06O-A3y-mYARAPpXEQC8kUY,https://maps.google.com/?cid=5085052162755000832&g_mp=Cidnb29nbGUubWFwcy5wbGFjZXMudjEuUGxhY2VzLlNlYXJjaFRleHQQAhgEIAA
111,survivor,cleared_gates_0-4,Off Road Tahoe Tours,http://www.offroadtahoe.com/,,,OPERATIONAL,4.8,13,true,atv; offroad-4x4; utv,atv rental; off road jeep rental; utv rental,core,service-area,service_area_unknown_location,,operator,,,,ChIJOeyRBRvgm4ARNbELv-Coabk,https://maps.google.com/?cid=13360395452802642229&g_mp=Cidnb29nbGUubWFwcy5wbGFjZXMudjEuUGxhY2VzLlNlYXJjaFRleHQQAhgEIAA
112,survivor,cleared_gates_0-4,TheTahoeVapory,http://www.thetahoevapory.com/,Store,store,OPERATIONAL,4.8,138,true,alpine-ski,ski shop,core,standard,covered_tile,0,operator,,,,ChIJNZPS_Q6QmYARBPfAmxo8EXg,https://maps.google.com/?cid=8651762444135364356&g_mp=Cidnb29nbGUubWFwcy5wbGFjZXMudjEuUGxhY2VzLlNlYXJjaFRleHQQAhgEIAA
113,survivor,cleared_gates_0-4,Action Water Sports of Incline Village,https://www.awsincline.com/,Services,service,OPERATIONAL,4.4,137,true,alpine-ski; canoe; kayak; pontoon; powerboat; pwc; sailing; sup; wakeboard; watersports,boat charter; boat rental; canoe rental; catamaran rental; jet ski rental; kayak rental; kayak tours; motorboat rental; paddleboard rental; personal watercraft rental; pontoon rental; sailboat rental; ski boat rental; ski rental; wakeboard boat rental; watersports rental; waverunner rental,core,standard,covered_tile,0,operator,,,,ChIJoUWvFkFwmYARbrdYlmZOTEY,https://maps.google.com/?cid=5065509883400992622&g_mp=Cidnb29nbGUubWFwcy5wbGFjZXMudjEuUGxhY2VzLlNlYXJjaFRleHQQAhgEIAA
114,survivor,cleared_gates_0-4,The WheelHouse,http://www.wheelhousecc.com/,Sporting Goods Store,sporting_goods_store,OPERATIONAL,4.8,134,true,alpine-ski; cycling; gear-shop,bike shop; ski shop; sporting goods store,core,standard,covered_tile,0,operator,,,,ChIJPbiUCRSgmYARvIz9v6Kkf8g,https://maps.google.com/?cid=14447447148540562620&g_mp=Cidnb29nbGUubWFwcy5wbGFjZXMudjEuUGxhY2VzLlNlYXJjaFRleHQQAhgEIAA
115,survivor,cleared_gates_0-4,Zumiez,https://www.zumiez.com/stores/us222?utm_source=google+my+business&utm_medium=organic&utm_campaign=store+locations,Clothing Store,clothing_store,OPERATIONAL,4.2,133,true,gear-shop; snowboard,snowboard shop; sporting goods store,core,standard,covered_tile,0,operator,,,,ChIJTb3VLfI_mYARC8xCjsfWDzE,https://maps.google.com/?cid=3535280385082706955&g_mp=Cidnb29nbGUubWFwcy5wbGFjZXMudjEuUGxhY2VzLlNlYXJjaFRleHQQAhgEIAA
116,survivor,cleared_gates_0-4,Tahoe Forest Hospice Gift & Thrift,http://www.tfhd.com/hospice-thrift-stores,Thrift Store,thrift_store,OPERATIONAL,3.9,132,true,alpine-ski; cycling,bike shop; ski shop,core,standard,covered_tile,0,operator,,,,ChIJXR7C1DPem4AR7cE519Weul4,https://maps.google.com/?cid=6825942826509517293&g_mp=Cidnb29nbGUubWFwcy5wbGFjZXMudjEuUGxhY2VzLlNlYXJjaFRleHQQAhgEIAA
117,survivor,cleared_gates_0-4,Mile High Fishing Charters,http://www.fishtahoe.com/,Fishing Charter,fishing_charter,OPERATIONAL,4.9,131,true,fishing-charter; powerboat,boat charter; fishing charter,core; gap,standard,covered_tile,0,operator,,,,ChIJI6gkh42PmYARD1_fHU6UOSg,https://maps.google.com/?cid=2898510898419162895&g_mp=Cidnb29nbGUubWFwcy5wbGFjZXMudjEuUGxhY2VzLlNlYXJjaFRleHQQAhgEIAA
118,survivor,cleared_gates_0-4,Gilligans Guide Service,http://www.gilligansguideservice.com/,Fishing Charter,fishing_charter,OPERATIONAL,4.9,120,true,fishing-charter; fly-fishing; outfitter,fishing charter; fly fishing outfitter; guide service outfitter,core; gap,standard,covered_tile,0,operator,,,,ChIJZwdxF7BgmYARjbKNFXlQJdc,https://maps.google.com/?cid=15502885773275673229&g_mp=Cidnb29nbGUubWFwcy5wbGFjZXMudjEuUGxhY2VzLlNlYXJjaFRleHQQAhgEIAA
119,survivor,cleared_gates_0-4,"BabyQuip, Baby Gear Rentals, Juliana Elia, Serving Lake Tahoe",https://www.babyquip.com/juliana765,Child Care Agency,child_care_agency,OPERATIONAL,5,11,true,camping,tent rental,core,service-area,service_area_unknown_location,,operator,,,,ChIJz9LoO3Yjm4ARzVOHCjitZ3A,https://maps.google.com/?cid=8099632911055541197&g_mp=Cidnb29nbGUubWFwcy5wbGFjZXMudjEuUGxhY2VzLlNlYXJjaFRleHQQAhgEIAA
120,survivor,cleared_gates_0-4,Hoop Northern Nevada,https://www.hoopnorthernnevada.com/,Services,service,OPERATIONAL,5,11,true,camping,tent rental,core,service-area,service_area_unknown_location,,operator,,,,ChIJfQ2xKDjZbmsRP7dHMFOo8Po,https://maps.google.com/?cid=18082137579138299711&g_mp=Cidnb29nbGUubWFwcy5wbGFjZXMudjEuUGxhY2VzLlNlYXJjaFRleHQQAhgEIAA
121,survivor,cleared_gates_0-4,All American Jewelry and Loan,http://allamericanjewelryloan.com/pawn/,Services,service,OPERATIONAL,4.4,118,true,cycling,bike shop,core,standard,covered_tile,0,operator,,,,ChIJywLR0bY4mYARjb9IMLxgX-k,https://maps.google.com/?cid=16816265895004913549&g_mp=Cidnb29nbGUubWFwcy5wbGFjZXMudjEuUGxhY2VzLlNlYXJjaFRleHQQAhgEIAA
122,survivor,cleared_gates_0-4,Trek Bicycle Reno,https://www.trekbikes.com/us/en_US/retail/reno/?y_source=1_MTAzMjk3NDY1MC03MTUtbG9jYXRpb24ud2Vic2l0ZQ%3D%3D,Bicycle Shop,bicycle_store,OPERATIONAL,5,115,true,cycling; ebike; gear-shop; mtb,bike rental; bike shop; ebike rental; mountain bike rental; sporting goods store,core,standard,covered_tile,0,operator,,,,ChIJ6VGItV8_mYAR_2RlEpHcutA,https://maps.google.com/?cid=15040576421194196223&g_mp=Cidnb29nbGUubWFwcy5wbGFjZXMudjEuUGxhY2VzLlNlYXJjaFRleHQQAhgEIAA
123,survivor,cleared_gates_0-4,The Bike Smith,https://www.facebook.com/thebikesmithcc/,Bicycle Shop,bicycle_store,OPERATIONAL,4.7,114,true,cycling; ebike; gear-shop; mtb,bike rental; bike shop; ebike rental; mountain bike rental; sporting goods store,core,standard,covered_tile,0,operator,,,,ChIJgdUHyKIKmYARaBDugkoQAKg,https://maps.google.com/?cid=12105693710582157416&g_mp=Cidnb29nbGUubWFwcy5wbGFjZXMudjEuUGxhY2VzLlNlYXJjaFRleHQQAhgEIAA
124,survivor,cleared_gates_0-4,Camp Richardson Beachside Inn,https://www.camprichardson.com/beachside-inn/,Resort hotel,resort_hotel,OPERATIONAL,4.5,113,true,powerboat,boat rental,core,standard,covered_tile,0,operator,,,,ChIJb6h9TYyFmYARfxDquuV848I,https://maps.google.com/?cid=14043205389196595327&g_mp=Cidnb29nbGUubWFwcy5wbGFjZXMudjEuUGxhY2VzLlNlYXJjaFRleHQQAhgEIAA
125,survivor,cleared_gates_0-4,Testa Motorsports,https://testamotorsports.com/,Store,store,OPERATIONAL,4.7,109,true,cycling,bike shop,core,standard,covered_tile,0,operator,,,,ChIJp-VGuMC9mYARy9bsu8VKvsc,https://maps.google.com/?cid=14393023672244557515&g_mp=Cidnb29nbGUubWFwcy5wbGFjZXMudjEuUGxhY2VzLlNlYXJjaFRleHQQAhgEIAA
126,survivor,cleared_gates_0-4,A Proper Fit Footwear,https://aproperfit.net/,Shoe Store,shoe_store,OPERATIONAL,4.2,109,true,gear-shop,sporting goods store,core,standard,covered_tile,0,operator,,,,ChIJhzIwLHpAmYARdDofgddYT1A,https://maps.google.com/?cid=5786941728801897076&g_mp=Cidnb29nbGUubWFwcy5wbGFjZXMudjEuUGxhY2VzLlNlYXJjaFRleHQQAhgEIAA
127,survivor,cleared_gates_0-4,La Magie Party,https://lamagieparty.godaddysites.com/,Services,service,OPERATIONAL,5,10,true,camping,tent rental,core,service-area,service_area_unknown_location,,operator,,,,ChIJhxVohCeCIo0R_2rmHoLtP5k,https://maps.google.com/?cid=11042805954455694079&g_mp=Cidnb29nbGUubWFwcy5wbGFjZXMudjEuUGxhY2VzLlNlYXJjaFRleHQQAhgEIAA
128,survivor,cleared_gates_0-4,Heavenly Village Ice Rink,https://theshopsatheavenly.com/ice-rink/,Ice Skating Rink,ice_skating_rink,OPERATIONAL,4,106,true,ice-skate,ice skate rental,core,standard,covered_tile,0,operator,,,,ChIJRyf15HaQmYARyGmCpy5p1Vk,https://maps.google.com/?cid=6473195688514709960&g_mp=Cidnb29nbGUubWFwcy5wbGFjZXMudjEuUGxhY2VzLlNlYXJjaFRleHQQAhgEIAA
129,survivor,cleared_gates_0-4,The North Face,https://www.thenorthface.com/,Sportswear Store,sportswear_store,OPERATIONAL,3.9,106,true,alpine-ski; backpacking; camping; gear-shop,backpacking gear rental; camping gear rental; outdoor gear rental; ski shop; sporting goods store,core,standard,covered_tile,0,operator,,,,ChIJPRErSHaQmYAR-3WJQn9Xt6k,https://maps.google.com/?cid=12229339517236639227&g_mp=Cidnb29nbGUubWFwcy5wbGFjZXMudjEuUGxhY2VzLlNlYXJjaFRleHQQAhgEIAA
130,survivor,cleared_gates_0-4,Birkholm's Water Ski Wakeboard School in Lake Tahoe,https://birkholmswatersports.com/,School,school,OPERATIONAL,5,104,true,pwc; wakeboard; watersports,jet ski rental; wakeboard boat rental; watersports rental,core,standard,covered_tile,0,operator,,,,ChIJl3QypgyOmYAR73tph_OvNyg,https://maps.google.com/?cid=2897978345719954415&g_mp=Cidnb29nbGUubWFwcy5wbGFjZXMudjEuUGxhY2VzLlNlYXJjaFRleHQQAhgEIAA
131,survivor,cleared_gates_0-4,Double Down Guide Service,http://doubledowntahoe.com/,Fishing Charter,fishing_charter,OPERATIONAL,4.8,104,true,fishing-charter; outfitter; powerboat,boat charter; fishing charter; guide service outfitter,core; gap,standard,covered_tile,0,operator,,,,ChIJUfEcgi6PmYARLAfWEqrTzvU,https://maps.google.com/?cid=17712327111908656940&g_mp=Cidnb29nbGUubWFwcy5wbGFjZXMudjEuUGxhY2VzLlNlYXJjaFRleHQQAhgEIAA
132,survivor,cleared_gates_0-4,Wingfield Ace Hardware,http://www.acehardware.com/store-details/18349?utm_source=google&utm_medium=local&utm_campaign=localmaps&utm_content=18349,Hardware Store,hardware_store,OPERATIONAL,4.5,103,true,gear-shop,sporting goods store,core,standard,covered_tile,0,operator,,,,ChIJl8WM-uE7mYARud8__I7uYnw,https://maps.google.com/?cid=8962988506305519545&g_mp=Cidnb29nbGUubWFwcy5wbGFjZXMudjEuUGxhY2VzLlNlYXJjaFRleHQQAhgEIAA
133,survivor,cleared_gates_0-4,Matt Heron Fly Fishing,http://mattheronflyfishing.com/,Fishing Charter,fishing_charter,OPERATIONAL,5,100,true,fishing-charter; fly-fishing; outfitter,fishing charter; fly fishing outfitter; guide service outfitter,core; gap,standard,covered_tile,0,operator,,,,ChIJf_jpwMXZm4ARr6Nv9K2fSw8,https://maps.google.com/?cid=1102150103301333935&g_mp=Cidnb29nbGUubWFwcy5wbGFjZXMudjEuUGxhY2VzLlNlYXJjaFRleHQQAhgEIAA
134,survivor,cleared_gates_0-4,Carson City Bike Shop Concept E-Bikes,https://carsoncitybikeshop.com/,Bicycle Shop,bicycle_store,OPERATIONAL,3.5,99,true,cycling; ebike; gear-shop; mtb,bike rental; bike shop; ebike rental; mountain bike rental; sporting goods store,core,standard,covered_tile,0,operator,,,,ChIJO3GWY9-hmYAR6reGUxom-7k,https://maps.google.com/?cid=13401347010683385834&g_mp=Cidnb29nbGUubWFwcy5wbGFjZXMudjEuUGxhY2VzLlNlYXJjaFRleHQQAhgEIAA
135,survivor,cleared_gates_0-4,Tahoe Boat co,https://tahoeboatco.com/,Services,service,OPERATIONAL,5,9,true,canoe; pontoon; powerboat,boat rental; canoe rental; pontoon rental,core,service-area,service_area_unknown_location,,operator,,,,ChIJJ3ab3DcqFUERO5RPuK1cVVk,https://maps.google.com/?cid=6437153143587312699&g_mp=Cidnb29nbGUubWFwcy5wbGFjZXMudjEuUGxhY2VzLlNlYXJjaFRleHQQAhgEIAA
136,survivor,cleared_gates_0-4,"Tahoe Jeep Rentals, Inc",http://www.tahoejeeprental.com/,Car Rental Agency,car_rental,OPERATIONAL,4.6,9,true,atv; offroad-4x4,4x4 rental; atv rental; off road jeep rental,core,service-area,service_area_unknown_location,,operator,,,,ChIJh_0E4E99mYAR0zBdX3N682c,https://maps.google.com/?cid=7490465241187037395&g_mp=Cidnb29nbGUubWFwcy5wbGFjZXMudjEuUGxhY2VzLlNlYXJjaFRleHQQAhgEIAA
137,survivor,cleared_gates_0-4,Outdoor Power,http://www.opreno.com/,Store,store,OPERATIONAL,4.3,94,true,gear-shop,outdoor equipment rental,core,standard,covered_tile,0,operator,,,,ChIJ9U9G4Ok_mYARdr67s7o-XJg,https://maps.google.com/?cid=10978718963222691446&g_mp=Cidnb29nbGUubWFwcy5wbGFjZXMudjEuUGxhY2VzLlNlYXJjaFRleHQQAhgEIAA
138,survivor,cleared_gates_0-4,Bijou Municipal Golf Course,https://cityofslt.us/267/Golf-Course,Golf Course,golf_course,OPERATIONAL,4.2,92,true,disc-golf,disc golf rental,core,standard,covered_tile,0,operator,,,,ChIJ_5V_Qx2QmYARrhM3tg-HJxs,https://maps.google.com/?cid=1956681064667091886&g_mp=Cidnb29nbGUubWFwcy5wbGFjZXMudjEuUGxhY2VzLlNlYXJjaFRleHQQAhgEIAA
139,survivor,cleared_gates_0-4,Tahoe Sailing Charters,http://www.tahoesail.com/,Tour Agency,tour_agency,OPERATIONAL,4.8,91,true,pontoon; powerboat; sailing,boat charter; boat rental; catamaran rental; pontoon rental; sailboat rental,core,standard,covered_tile,0,operator,,,,ChIJH4LWWHR9mYARcsCkDbE8oUA,https://maps.google.com/?cid=4657070220813582450&g_mp=Cidnb29nbGUubWFwcy5wbGFjZXMudjEuUGxhY2VzLlNlYXJjaFRleHQQAhgEIAA
140,survivor,cleared_gates_0-4,Surefoot,https://www.surefoot.com/locations/palisades-tahoe,Sporting Goods Store,sporting_goods_store,OPERATIONAL,4.7,91,true,alpine-ski; backcountry-ski; gear-shop; nordic-ski; snowboard; snowshoe,backcountry ski rental; cross country ski rental; outdoor gear rental; ski rental; ski shop; snowboard rental; snowboard shop; snowshoe rental; sporting goods store,core,standard,covered_tile,0,operator,,,,ChIJ-Xt0guvZm4ARovxMnGTSl5I,https://maps.google.com/?cid=10563142780581641378&g_mp=Cidnb29nbGUubWFwcy5wbGFjZXMudjEuUGxhY2VzLlNlYXJjaFRleHQQAhgEIAA
141,survivor,cleared_gates_0-4,Lids,https://www.lids.com/store/lids-legends-at-sparks-marina/sd-39591224+z-859893-3342426993?_s=bm-LIDS-RETAIL-GMB,Clothing Store,clothing_store,OPERATIONAL,3.8,91,true,gear-shop,sporting goods store,core,standard,covered_tile,0,operator,,,,ChIJw8CAI-s-mYAR6H8Y6mZk23w,https://maps.google.com/?cid=8996895073779613672&g_mp=Cidnb29nbGUubWFwcy5wbGFjZXMudjEuUGxhY2VzLlNlYXJjaFRleHQQAhgEIAA
142,survivor,cleared_gates_0-4,lululemon,https://shop.lululemon.com/stores/us/reno/summit-sierra?utm_source=organic&utm_medium=local_listings&utm_campaign=GBP,Sportswear Store,sportswear_store,OPERATIONAL,3.6,89,true,gear-shop,sporting goods store,core,standard,covered_tile,0,operator,,,,ChIJj78cC81AmYARXrge9vHyxRo,https://maps.google.com/?cid=1929215136428374110&g_mp=Cidnb29nbGUubWFwcy5wbGFjZXMudjEuUGxhY2VzLlNlYXJjaFRleHQQAhgEIAA
143,survivor,cleared_gates_0-4,Let’s Bounce Tahoe,https://letsbouncetahoe.com/,Services,service,OPERATIONAL,5,8,true,camping,tent rental,core,service-area,service_area_unknown_location,,operator,,,,ChIJgzX-hWAHBykRK5PyawtJSQQ,https://maps.google.com/?cid=308858362856117035&g_mp=Cidnb29nbGUubWFwcy5wbGFjZXMudjEuUGxhY2VzLlNlYXJjaFRleHQQAhgEIAA
144,survivor,cleared_gates_0-4,Trout Creek Outfitters,https://troutcreekoutfitters.com/,Store,store,OPERATIONAL,4.9,88,true,fishing-charter; fishing-gear; fly-fishing; gear-shop; hunting; outfitter,fishing bait and tackle shop; fishing charter; fly fishing outfitter; guide service outfitter; hunting guide outfitter; sporting goods store,core; gap,standard,covered_tile,0,operator,,,,ChIJDSEciMvfm4ARrtIEaXBeUV4,https://maps.google.com/?cid=6796317149570060974&g_mp=Cidnb29nbGUubWFwcy5wbGFjZXMudjEuUGxhY2VzLlNlYXJjaFRleHQQAhgEIAA
145,survivor,cleared_gates_0-4,Reel-Lentless Fishing Charters,http://reellentless.com/,Fishing Charter,fishing_charter,OPERATIONAL,5,87,true,fishing-charter; powerboat,boat charter; fishing charter,core; gap,standard,covered_tile,0,operator,,,,ChIJqXdfB01jmYARp9BUB8pw0H0,https://maps.google.com/?cid=9065870062905512103&g_mp=Cidnb29nbGUubWFwcy5wbGFjZXMudjEuUGxhY2VzLlNlYXJjaFRleHQQAhgEIAA
146,survivor,cleared_gates_0-4,Rack 2 Roam,https://www.rack2roam.com/,Store,store,OPERATIONAL,4.8,87,true,alpine-ski; cycling,bike shop; ski shop,core,standard,covered_tile,0,operator,,,,ChIJtc1b56MVmYARnnQ_PQXZJG4,https://maps.google.com/?cid=7936707059859289246&g_mp=Cidnb29nbGUubWFwcy5wbGFjZXMudjEuUGxhY2VzLlNlYXJjaFRleHQQAhgEIAA
147,survivor,cleared_gates_0-4,The Spa and Sauna Co. - Carson City,https://spaandsauna.com/locations-s-carson-st-carson-city/,Store,store,OPERATIONAL,4.8,86,true,gear-shop,sporting goods store,core,standard,covered_tile,0,operator,,,,ChIJaWIl1NihmYARHdUPD0i6Qh4,https://maps.google.com/?cid=2180509988253848861&g_mp=Cidnb29nbGUubWFwcy5wbGFjZXMudjEuUGxhY2VzLlNlYXJjaFRleHQQAhgEIAA
148,survivor,cleared_gates_0-4,The Ice Rink at Grand Sierra Resort,https://www.grandsierraresort.com/activities/the-ice-rink/,Ice Skating Rink,ice_skating_rink,OPERATIONAL,2.7,84,true,ice-skate,ice skate rental,core,standard,covered_tile,0,operator,,,,ChIJbSnEiuQ_mYARc73G5CC_bHk,https://maps.google.com/?cid=8749578324072119667&g_mp=Cidnb29nbGUubWFwcy5wbGFjZXMudjEuUGxhY2VzLlNlYXJjaFRleHQQAhgEIAA
149,survivor,cleared_gates_0-4,Marine Specialties Boat Sales and Service,http://www.marine-specialties.com/,Suppliers,supplier,OPERATIONAL,4.9,83,true,alpine-ski; pontoon; powerboat; pwc; wakeboard; watersports,boat rental; jet ski rental; pontoon rental; ski boat rental; ski rental; ski shop; wakeboard boat rental; watersports rental; waverunner rental,core,standard,covered_tile,0,operator,,,,ChIJv41asuE-mYAR6TD34kRwZkU,https://maps.google.com/?cid=5000807877409452265&g_mp=Cidnb29nbGUubWFwcy5wbGFjZXMudjEuUGxhY2VzLlNlYXJjaFRleHQQAhgEIAA
150,survivor,cleared_gates_0-4,High Sierra Power Sports,https://highsierrapowersports.com/,Store,store,OPERATIONAL,4.9,82,true,cycling,bike shop,core,standard,covered_tile,0,operator,,,,ChIJOVc3YABHmYAREI58Kk_-iqE,https://maps.google.com/?cid=11640395802861145616&g_mp=Cidnb29nbGUubWFwcy5wbGFjZXMudjEuUGxhY2VzLlNlYXJjaFRleHQQAhgEIAA
151,survivor,cleared_gates_0-4,Truckee Rents,http://www.truckeerents.com/,Services,service,OPERATIONAL,4.4,80,true,gear-shop,outdoor equipment rental,core,standard,covered_tile,0,operator,,,,ChIJVdd41bnfm4ARPek0pGcBuHw,https://maps.google.com/?cid=8986934601066015037&g_mp=Cidnb29nbGUubWFwcy5wbGFjZXMudjEuUGxhY2VzLlNlYXJjaFRleHQQAhgEIAA
152,survivor,cleared_gates_0-4,On Tahoe Time,http://ontahoetime.com/,Gift Shop,gift_shop,OPERATIONAL,4.6,79,true,alpine-ski,ski shop,core,standard,covered_tile,0,operator,,,,ChIJWRQo6XaQmYARVvIfFDUp3LY,https://maps.google.com/?cid=13176451917726872150&g_mp=Cidnb29nbGUubWFwcy5wbGFjZXMudjEuUGxhY2VzLlNlYXJjaFRleHQQAhgEIAA
153,survivor,cleared_gates_0-4,Boat Rental Lake Tahoe,https://www.boatrentallaketahoe.com/,Services,service,OPERATIONAL,5,7,true,canoe; pontoon; powerboat; pwc,boat rental; canoe rental; jet ski rental; motorboat rental; personal watercraft rental; pontoon rental,core,service-area,service_area_unknown_location,,operator,,,,ChIJCVzk_MkUPgMRT8xv4Emnt1Y,https://maps.google.com/?cid=6248646943739726927&g_mp=Cidnb29nbGUubWFwcy5wbGFjZXMudjEuUGxhY2VzLlNlYXJjaFRleHQQAhgEIAA
154,survivor,cleared_gates_0-4,Sierra Wake Surf,http://sierrawakesurf.com/,Services,service,OPERATIONAL,5,7,true,canoe; pontoon; powerboat,boat rental; canoe rental; pontoon rental,core,service-area,service_area_unknown_location,,operator,,,,ChIJGYSqOG6_ra4RftVNJXeN1tg,https://maps.google.com/?cid=15624831500074997118&g_mp=Cidnb29nbGUubWFwcy5wbGFjZXMudjEuUGxhY2VzLlNlYXJjaFRleHQQAhgEIAA
155,survivor,cleared_gates_0-4,Golf NV,http://www.golfnvreno.com/?y_source=1_NjQyMTg0MzEtNzE1LWxvY2F0aW9uLndlYnNpdGU%3D,Sporting Goods Store,sporting_goods_store,OPERATIONAL,4.9,78,true,gear-shop,sporting goods store,core,standard,covered_tile,0,operator,,,,ChIJM-sCatkVmYARt85WX0sffoQ,https://maps.google.com/?cid=9547102668654562999&g_mp=Cidnb29nbGUubWFwcy5wbGFjZXMudjEuUGxhY2VzLlNlYXJjaFRleHQQAhgEIAA
156,survivor,cleared_gates_0-4,Sun Valley Regional Park,https://www.washoecounty.gov/parks/parks/park_directory_pages/north_region/sun_valley_regional_park.php,Park,park,OPERATIONAL,4.6,78,true,mtb,downhill bike park rental,core,standard,covered_tile,0,operator,,,,ChIJG3AoBAE4mYAR80aPNjK7UUM,https://maps.google.com/?cid=4850864097992853235&g_mp=Cidnb29nbGUubWFwcy5wbGFjZXMudjEuUGxhY2VzLlNlYXJjaFRleHQQAhgEIAA
157,survivor,cleared_gates_0-4,Pass It On Thrift,https://m.facebook.com/passitonthrift/,Thrift Store,thrift_store,OPERATIONAL,4.6,76,true,cycling,bike shop,core,standard,covered_tile,0,operator,,,,ChIJJ76TR3Z9mYARaOK4wl139gg,https://maps.google.com/?cid=645834841156805224&g_mp=Cidnb29nbGUubWFwcy5wbGFjZXMudjEuUGxhY2VzLlNlYXJjaFRleHQQAhgEIAA
158,survivor,cleared_gates_0-4,California 89,http://www.california89.com/,Clothing Store,clothing_store,OPERATIONAL,4.3,75,true,gear-shop,sporting goods store,core,standard,covered_tile,0,operator,,,,ChIJA06Ht8Dfm4ARNuJydH_UhEI,https://maps.google.com/?cid=4793189547308671542&g_mp=Cidnb29nbGUubWFwcy5wbGFjZXMudjEuUGxhY2VzLlNlYXJjaFRleHQQAhgEIAA
159,survivor,cleared_gates_0-4,Legacy Sports International,https://www.legacysports.com/,Sporting Goods Store,sporting_goods_store,OPERATIONAL,3,75,true,gear-shop,sporting goods store,core,standard,covered_tile,0,operator,,,,ChIJj-ULs7g_mYARcO8ZS2EJWq4,https://maps.google.com/?cid=12563364423979888496&g_mp=Cidnb29nbGUubWFwcy5wbGFjZXMudjEuUGxhY2VzLlNlYXJjaFRleHQQAhgEIAA
160,survivor,cleared_gates_0-4,Soccer City,https://soccercityteam.com/,Sporting Goods Store,sporting_goods_store,OPERATIONAL,3.2,74,true,gear-shop,sporting goods store,core,standard,covered_tile,0,operator,,,,ChIJK4xcp5BAmYAREBaU9zUWJZs,https://maps.google.com/?cid=11179366071059879440&g_mp=Cidnb29nbGUubWFwcy5wbGFjZXMudjEuUGxhY2VzLlNlYXJjaFRleHQQAhgEIAA
161,survivor,cleared_gates_0-4,Lake Forest Boat Ramp,http://www.tcpud.org/boatramp,,,OPERATIONAL,4.3,73,true,canoe; pontoon; powerboat,boat rental; canoe rental; pontoon rental,core,standard,covered_tile,0,operator,,,,ChIJ45jPawR9mYARVSFNLBdAFbE,https://maps.google.com/?cid=12760175587495846229&g_mp=Cidnb29nbGUubWFwcy5wbGFjZXMudjEuUGxhY2VzLlNlYXJjaFRleHQQAhgEIAA
162,survivor,cleared_gates_0-4,The Ranch Disc Golf Course at Rancho San Rafael,http://www.dgcoursereview.com/course.php?id=3258,Athletic Field,athletic_field,OPERATIONAL,4.3,72,true,disc-golf,disc golf rental,core,standard,covered_tile,0,operator,,,,ChIJr_vLWwFHmYARZfCAoV4VfdI,https://maps.google.com/?cid=15167302616234389605&g_mp=Cidnb29nbGUubWFwcy5wbGFjZXMudjEuUGxhY2VzLlNlYXJjaFRleHQQAhgEIAA
163,survivor,cleared_gates_0-4,Satori Dancewear,http://www.satoridancewear.com/,Sporting Goods Store,sporting_goods_store,OPERATIONAL,4.8,71,true,gear-shop,sporting goods store,core,standard,covered_tile,0,operator,,,,ChIJI1BVgLdAmYARw_8Ybrs2rqw,https://maps.google.com/?cid=12442942999105175491&g_mp=Cidnb29nbGUubWFwcy5wbGFjZXMudjEuUGxhY2VzLlNlYXJjaFRleHQQAhgEIAA
164,survivor,cleared_gates_0-4,Bike Habitat,http://bikehabitat.com/,Bicycle Shop,bicycle_store,OPERATIONAL,4.5,69,true,cycling; ebike; gear-shop; mtb,bike rental; bike shop; ebike rental; mountain bike rental; sporting goods store,core,standard,covered_tile,0,operator,,,,ChIJieyd0sShmYARg1nVtxz28_c,https://maps.google.com/?cid=17866894749912619395&g_mp=Cidnb29nbGUubWFwcy5wbGFjZXMudjEuUGxhY2VzLlNlYXJjaFRleHQQAhgEIAA
165,survivor,cleared_gates_0-4,Alpenthrow,http://alpenthrow.com/,Services,service,OPERATIONAL,5,6,true,camping,tent rental,core,service-area,service_area_unknown_location,,operator,,,,ChIJj_bJFLEYzQ4RibgHgB0sDms,https://maps.google.com/?cid=7714151716945901705&g_mp=Cidnb29nbGUubWFwcy5wbGFjZXMudjEuUGxhY2VzLlNlYXJjaFRleHQQAhgEIAA
166,survivor,cleared_gates_0-4,SuperPawn,https://www.firstcash.com/,Services,service,OPERATIONAL,3,66,true,cycling,bike shop,core,standard,covered_tile,0,operator,,,,ChIJuQx3sGNHmYARHGu8qqYIWEA,https://maps.google.com/?cid=4636465328299993884&g_mp=Cidnb29nbGUubWFwcy5wbGFjZXMudjEuUGxhY2VzLlNlYXJjaFRleHQQAhgEIAA
167,survivor,cleared_gates_0-4,Tahoe Gear Exchange,http://tahoegearexchange.com/?utm_source=google&utm_medium=wix_google_business_profile&utm_campaign=10809489412462484824,Sporting Goods Store,sporting_goods_store,OPERATIONAL,4.8,61,true,alpine-ski; backpacking; camping; climbing; cycling; gear-shop; snowboard,backpacking gear rental; bike shop; camping gear rental; climbing gear rental; ski shop; snowboard shop; sporting goods store,core,standard,covered_tile,0,operator,,,,ChIJ50KOrF-PmYARNY2CwzLFuOU,https://maps.google.com/?cid=16553197252219407669&g_mp=Cidnb29nbGUubWFwcy5wbGFjZXMudjEuUGxhY2VzLlNlYXJjaFRleHQQAhgEIAA
168,survivor,cleared_gates_0-4,Early 90's Coffee,https://early90scoffee.com/,Dog Cafe,dog_cafe,OPERATIONAL,4.6,61,true,alpine-ski,ski shop,core,standard,covered_tile,0,operator,,,,ChIJgfZGl0mRmYARkjSFLyB9uqo,https://maps.google.com/?cid=12302282909305615506&g_mp=Cidnb29nbGUubWFwcy5wbGFjZXMudjEuUGxhY2VzLlNlYXJjaFRleHQQAhgEIAA
169,survivor,cleared_gates_0-4,Lady Luck Skate and Smoke Shop,http://facebook.com/ladyluckglass1,Store,store,OPERATIONAL,4.8,60,true,gear-shop,sporting goods store,core,standard,covered_tile,0,operator,,,,ChIJczI7McV9mYARz31hv3h7u3Q,https://maps.google.com/?cid=8411452487581662671&g_mp=Cidnb29nbGUubWFwcy5wbGFjZXMudjEuUGxhY2VzLlNlYXJjaFRleHQQAhgEIAA
170,survivor,cleared_gates_0-4,Shirt Off My Back,http://shirtoffmyback.com/,Clothing Store,clothing_store,OPERATIONAL,4.4,60,true,alpine-ski,ski shop,core,standard,covered_tile,0,operator,,,,ChIJw3Ij6XaQmYARGv97ABLy2wY,https://maps.google.com/?cid=494254743258660634&g_mp=Cidnb29nbGUubWFwcy5wbGFjZXMudjEuUGxhY2VzLlNlYXJjaFRleHQQAhgEIAA
171,survivor,cleared_gates_0-4,Carson Armory,https://www.carson-armory.com/,Sporting Goods Store,sporting_goods_store,OPERATIONAL,4.3,60,true,gear-shop,sporting goods store,core,standard,covered_tile,0,operator,,,,ChIJt_WCdbAJmYARz4cLmIhcl7k,https://maps.google.com/?cid=13373259360236177359&g_mp=Cidnb29nbGUubWFwcy5wbGFjZXMudjEuUGxhY2VzLlNlYXJjaFRleHQQAhgEIAA
172,survivor,cleared_gates_0-4,High Desert Camping Co,http://www.highdesertcampingco.com/,Suppliers,supplier,OPERATIONAL,5,5,true,camping,tent rental,core,service-area,service_area_unknown_location,,operator,,,,ChIJ1dbOXoPtIwkREbHp3ePV79I,https://maps.google.com/?cid=15199602442056085777&g_mp=Cidnb29nbGUubWFwcy5wbGFjZXMudjEuUGxhY2VzLlNlYXJjaFRleHQQAhgEIAA
173,survivor,cleared_gates_0-4,"Tahoe Powersports, Inc.",http://www.tahoepowersports.com/,Services,service,OPERATIONAL,4.2,5,true,canoe; pontoon; powerboat; pwc,boat rental; canoe rental; jet ski rental; pontoon rental; waverunner rental,core,service-area,service_area_unknown_location,,operator,,,,ChIJo2vZT3R5mYARR7Z5_Zdcwms,https://maps.google.com/?cid=7764870515402585671&g_mp=Cidnb29nbGUubWFwcy5wbGFjZXMudjEuUGxhY2VzLlNlYXJjaFRleHQQAhgEIAA
174,survivor,cleared_gates_0-4,Alpine Event Services,http://www.alpineeventservices.com/,Suppliers,supplier,OPERATIONAL,4.2,5,true,camping,tent rental,core,service-area,service_area_unknown_location,,operator,,,,ChIJwwCPp1s_mYARTYCBk9c1iq8,https://maps.google.com/?cid=12648981703432437837&g_mp=Cidnb29nbGUubWFwcy5wbGFjZXMudjEuUGxhY2VzLlNlYXJjaFRleHQQAhgEIAA
175,survivor,cleared_gates_0-4,The Wedge at South Valleys Disc Golf Course,https://udisc.com/courses/the-wedge-80bC,Athletic Field,athletic_field,OPERATIONAL,4.4,58,true,disc-golf,disc golf rental,core,standard,covered_tile,0,operator,,,,ChIJoYYfU5cUmYAR2OrJNgktkYo,https://maps.google.com/?cid=9984811366454258392&g_mp=Cidnb29nbGUubWFwcy5wbGFjZXMudjEuUGxhY2VzLlNlYXJjaFRleHQQAhgEIAA
176,survivor,cleared_gates_0-4,Custom Boat & Marine,http://www.customboat.com/,Suppliers,supplier,OPERATIONAL,4.5,57,true,pontoon; powerboat,boat rental; pontoon rental,core,standard,covered_tile,0,operator,,,,ChIJtSJwIEcVmYAR0Ai9tyOvjuk,https://maps.google.com/?cid=16829581425471457488&g_mp=Cidnb29nbGUubWFwcy5wbGFjZXMudjEuUGxhY2VzLlNlYXJjaFRleHQQAhgEIAA
177,survivor,cleared_gates_0-4,sierra nevada sports collectibles,https://www.sierranvsportscollectibles.com/,Store,store,OPERATIONAL,4.6,56,true,gear-shop,sporting goods store,core,standard,covered_tile,0,operator,,,,ChIJZQCC5b8KmYARNusj23xm9GQ,https://maps.google.com/?cid=7274551984548735798&g_mp=Cidnb29nbGUubWFwcy5wbGFjZXMudjEuUGxhY2VzLlNlYXJjaFRleHQQAhgEIAA
178,survivor,cleared_gates_0-4,Super Sport Motors LLC,http://ssmotorsnv.com/,Car Dealer,car_dealer,OPERATIONAL,4.2,56,true,gear-shop,sporting goods store,core,standard,covered_tile,0,operator,,,,ChIJ4VlaHh0KmYARw4o5IhkXiGA,https://maps.google.com/?cid=6955835021189548739&g_mp=Cidnb29nbGUubWFwcy5wbGFjZXMudjEuUGxhY2VzLlNlYXJjaFRleHQQAhgEIAA
179,survivor,cleared_gates_0-4,Cedar Crest Cottages,http://www.cedarcrestcottages.com/,Travel Agency,travel_agency,OPERATIONAL,4.6,55,true,kayak,kayak rental,core,standard,covered_tile,0,operator,,,,ChIJOU6AfIbVm4ARAr-8-2eYj_8,https://maps.google.com/?cid=18415104973713751810&g_mp=Cidnb29nbGUubWFwcy5wbGFjZXMudjEuUGxhY2VzLlNlYXJjaFRleHQQAhgEIAA
180,survivor,cleared_gates_0-4,Sierra Boat Company,https://sierraboat.com/,Marina,marina,OPERATIONAL,4.7,54,true,canoe; pontoon; powerboat; sailing,boat charter; boat rental; canoe rental; pontoon rental; sailboat rental,core,standard,covered_tile,0,operator,,,,ChIJK6qqqk1jmYARl6SlxzB9nSM,https://maps.google.com/?cid=2566345011132474519&g_mp=Cidnb29nbGUubWFwcy5wbGFjZXMudjEuUGxhY2VzLlNlYXJjaFRleHQQAhgEIAA
181,survivor,cleared_gates_0-4,Black Tie Ski & Bike Rental Delivery of South Tahoe,https://www.blacktiebikes.com/south-tahoe/?utm_source=google&utm_medium=organic&utm_campaign=gmb&utm_term=black-tie-ski-rental-south-tahoe&utm_content=south-tahoe,Services,service,OPERATIONAL,4.9,53,true,alpine-ski; backcountry-ski; canoe; cycling; gear-shop; kayak; snowboard,backcountry ski rental; bike rental; bike shop; canoe rental; kayak rental; outdoor equipment rental; outdoor gear rental; ski rental; ski shop; snowboard rental; snowboard shop; sporting goods store,core,standard,covered_tile,0,operator,,,,ChIJv5Tn-32amYARy09fERwNttU,https://maps.google.com/?cid=15399510390041694155&g_mp=Cidnb29nbGUubWFwcy5wbGFjZXMudjEuUGxhY2VzLlNlYXJjaFRleHQQAhgEIAA
182,survivor,cleared_gates_0-4,"Lost Art Graphics - Embroidery, Screen Printing, Team Wear, Print, Copy & Design",http://lostartgraphicsnv.com/,Manufacturer,manufacturer,OPERATIONAL,4.9,53,true,gear-shop,sporting goods store,core,standard,covered_tile,0,operator,,,,ChIJk6BUqq8HmYARnMejwU4XLbQ,https://maps.google.com/?cid=12983058927802632092&g_mp=Cidnb29nbGUubWFwcy5wbGFjZXMudjEuUGxhY2VzLlNlYXJjaFRleHQQAhgEIAA
183,survivor,cleared_gates_0-4,Nor-Cal Charters,http://www.fishingintahoe.com/,Fishing Charter,fishing_charter,OPERATIONAL,5,52,true,fishing-charter; powerboat,boat charter; fishing charter,core; gap,standard,covered_tile,0,operator,,,,ChIJg2OclY2PmYAR5NI116CXf8k,https://maps.google.com/?cid=14519490440726958820&g_mp=Cidnb29nbGUubWFwcy5wbGFjZXMudjEuUGxhY2VzLlNlYXJjaFRleHQQAhgEIAA
184,survivor,cleared_gates_0-4,Tahoe Emerald Bliss Boat Tour,http://tahoeboattour.com/,Tour Agency,tour_agency,OPERATIONAL,4.8,52,true,powerboat,boat charter; boat rental,core,standard,covered_tile,0,operator,,,,ChIJq0RntF6PmYARjW0JBP6obyQ,https://maps.google.com/?cid=2625502916723174797&g_mp=Cidnb29nbGUubWFwcy5wbGFjZXMudjEuUGxhY2VzLlNlYXJjaFRleHQQAhgEIAA
185,survivor,cleared_gates_0-4,Victory Bowling Services LLC,https://victorybowlingservices.com/,Sporting Goods Store,sporting_goods_store,OPERATIONAL,5,50,true,gear-shop,sporting goods store,core,standard,covered_tile,0,operator,,,,ChIJoSCfNYk_mYARf9Q6PFUHmVM,https://maps.google.com/?cid=6023854039248852095&g_mp=Cidnb29nbGUubWFwcy5wbGFjZXMudjEuUGxhY2VzLlNlYXJjaFRleHQQAhgEIAA
186,survivor,cleared_gates_0-4,Huntnhouse Archery Center,http://www.huntnhouse.com/,Sports Activity Location,sports_activity_location,OPERATIONAL,4.9,50,true,archery; gear-shop,archery pro shop; archery range; sporting goods store,core; gap,standard,covered_tile,0,operator,,,,ChIJ7afDCtE_mYARa43wgDEc1EA,https://maps.google.com/?cid=4671389712432270699&g_mp=Cidnb29nbGUubWFwcy5wbGFjZXMudjEuUGxhY2VzLlNlYXJjaFRleHQQAhgEIAA
187,survivor,cleared_gates_0-4,Talents Athletic Center,http://talentsathleticcenter.com/,Sports Complex,sports_complex,OPERATIONAL,4.2,49,true,gear-shop,sporting goods store,core,standard,covered_tile,0,operator,,,,ChIJk1C7K8IKmYAR8LizZU5aSmE,https://maps.google.com/?cid=7010515062715824368&g_mp=Cidnb29nbGUubWFwcy5wbGFjZXMudjEuUGxhY2VzLlNlYXJjaFRleHQQAhgEIAA
188,survivor,cleared_gates_0-4,Shade Shifters,http://theshadeshifters.com/,Services,service,OPERATIONAL,5,4,true,camping,tent rental,core,service-area,service_area_unknown_location,,operator,,,,ChIJ--_x6_eRmYARuqjmhGwCQp0,https://maps.google.com/?cid=11331622277527021754&g_mp=Cidnb29nbGUubWFwcy5wbGFjZXMudjEuUGxhY2VzLlNlYXJjaFRleHQQAhgEIAA
189,survivor,cleared_gates_0-4,Tahoe Pontoon Charters,http://tahoepontooncharters.com/,Tour Agency,tour_agency,OPERATIONAL,5,4,true,pontoon; powerboat,boat rental; pontoon rental,core,service-area,service_area_unknown_location,,operator,,,,ChIJ786_B8l3tIkRHNv3pBik6y4,https://maps.google.com/?cid=3380976371025566492&g_mp=Cidnb29nbGUubWFwcy5wbGFjZXMudjEuUGxhY2VzLlNlYXJjaFRleHQQAhgEIAA
190,survivor,cleared_gates_0-4,Primetime Fishing and Charters,https://primetimelaketahoe.com/,Services,service,OPERATIONAL,5,4,true,canoe; pontoon; powerboat,boat rental; canoe rental; pontoon rental,core,service-area,service_area_unknown_location,,operator,,,,ChIJa3VCc7MaGQ4R4PhgbpKIDOI,https://maps.google.com/?cid=16288544114790693088&g_mp=Cidnb29nbGUubWFwcy5wbGFjZXMudjEuUGxhY2VzLlNlYXJjaFRleHQQAhgEIAA
191,survivor,cleared_gates_0-4,Biggest Little Bouncers,https://www.biggestlittlebouncers.online/,Services,service,OPERATIONAL,5,4,true,camping,tent rental,core,service-area,service_area_unknown_location,,operator,,,,ChIJiSVjS5RoeSURx8Ir0aDNkEY,https://maps.google.com/?cid=5084790069889057479&g_mp=Cidnb29nbGUubWFwcy5wbGFjZXMudjEuUGxhY2VzLlNlYXJjaFRleHQQAhgEIAA
192,survivor,cleared_gates_0-4,Cabona's,http://www.cabonas.com/,Clothing Store,clothing_store,OPERATIONAL,3.3,48,true,gear-shop,sporting goods store,core,standard,covered_tile,0,operator,,,,ChIJO5ZJ7MDfm4AR2tMJvfGbHIY,https://maps.google.com/?cid=9663770362991203290&g_mp=Cidnb29nbGUubWFwcy5wbGFjZXMudjEuUGxhY2VzLlNlYXJjaFRleHQQAhgEIAA
193,survivor,cleared_gates_0-4,"11 Eleven Tactical USA, LLC",https://shop.11eleventacticalusa.com/,Sporting Goods Store,sporting_goods_store,OPERATIONAL,4.8,47,true,gear-shop,sporting goods store,core,standard,covered_tile,0,operator,,,,ChIJoT09E7Q5mYARlJTJcnE5-DY,https://maps.google.com/?cid=3960979031692252308&g_mp=Cidnb29nbGUubWFwcy5wbGFjZXMudjEuUGxhY2VzLlNlYXJjaFRleHQQAhgEIAA
194,survivor,cleared_gates_0-4,Homewood High & Dry Marina,https://www.homewoodmarina.net/,Marina,marina,OPERATIONAL,4.7,47,true,alpine-ski; canoe; pontoon; powerboat; pwc; wakeboard,boat rental; canoe rental; jet ski rental; personal watercraft rental; pontoon rental; ski boat rental; ski rental; ski shop,core,standard,covered_tile,0,operator,,,,ChIJHVBEJX7Vm4ARgxnBF0Loy9I,https://maps.google.com/?cid=15189489538801146243&g_mp=Cidnb29nbGUubWFwcy5wbGFjZXMudjEuUGxhY2VzLlNlYXJjaFRleHQQAhgEIAA
195,survivor,cleared_gates_0-4,Dragon Spring,http://www.dragonspringreno.com/,Sporting Goods Store,sporting_goods_store,OPERATIONAL,4.9,46,true,gear-shop,sporting goods store,core,standard,covered_tile,0,operator,,,,ChIJ9Z_krJdAmYARAiI7L6yFAf0,https://maps.google.com/?cid=18230999741145752066&g_mp=Cidnb29nbGUubWFwcy5wbGFjZXMudjEuUGxhY2VzLlNlYXJjaFRleHQQAhgEIAA
196,survivor,cleared_gates_0-4,Kabayan Asian Multi Mart,https://www.kabayanasianmultimart.com/,Asian Grocery Store,asian_grocery_store,OPERATIONAL,4.6,46,true,gear-shop,sporting goods store,core,standard,covered_tile,0,operator,,,,ChIJmx2pNG2gmYARrmVHQTMvuNo,https://maps.google.com/?cid=15760398793168086446&g_mp=Cidnb29nbGUubWFwcy5wbGFjZXMudjEuUGxhY2VzLlNlYXJjaFRleHQQAhgEIAA
197,survivor,cleared_gates_0-4,L.A.G. Tactical Inc,http://www.lagtactical.com/,Sporting Goods Store,sporting_goods_store,OPERATIONAL,4.5,46,true,gear-shop,sporting goods store,core,standard,covered_tile,0,operator,,,,ChIJpyMc-NRGmYARcJjhQAJrL-I,https://maps.google.com/?cid=16298363233899747440&g_mp=Cidnb29nbGUubWFwcy5wbGFjZXMudjEuUGxhY2VzLlNlYXJjaFRleHQQAhgEIAA
198,survivor,cleared_gates_0-4,North Tahoe Marina,http://www.northtahoemarina.com/,Marina,marina,OPERATIONAL,4.6,45,true,pontoon; powerboat; sailing,boat charter; boat rental; pontoon rental; sailboat rental,core,standard,covered_tile,0,operator,,,,ChIJC4WqdspkmYARjmkilsXLjts,https://maps.google.com/?cid=15820806590486964622&g_mp=Cidnb29nbGUubWFwcy5wbGFjZXMudjEuUGxhY2VzLlNlYXJjaFRleHQQAhgEIAA
199,survivor,cleared_gates_0-4,Carson Ridge Disc Golf Park & Interpretive Trails,https://www.facebook.com/CCPRDept,Athletic Field,athletic_field,OPERATIONAL,4.9,44,true,disc-golf,disc golf rental,core,standard,covered_tile,0,operator,,,,ChIJ5xUS1MgJmYAR2mg-JQXeYgo,https://maps.google.com/?cid=748404601777973466&g_mp=Cidnb29nbGUubWFwcy5wbGFjZXMudjEuUGxhY2VzLlNlYXJjaFRleHQQAhgEIAA
200,survivor,cleared_gates_0-4,Current Fly Fishing,https://www.currentflyfishing.com/,Fishing Charter,fishing_charter,OPERATIONAL,4.9,44,true,fishing-charter; fly-fishing; outfitter,fishing charter; fly fishing outfitter; guide service outfitter,core; gap,standard,covered_tile,0,operator,,,,ChIJIQPZm4ZHmYAR1cpCgw_mjW0,https://maps.google.com/?cid=7894218676151438037&g_mp=Cidnb29nbGUubWFwcy5wbGFjZXMudjEuUGxhY2VzLlNlYXJjaFRleHQQAhgEIAA
201,survivor,cleared_gates_0-4,Nevada Spas & Billiards,https://nvspas.com/?utm_source=google&utm_medium=organic&utm_campaign=gbp,Store,store,OPERATIONAL,4.6,44,true,gear-shop,sporting goods store,core,standard,covered_tile,0,operator,,,,ChIJzQaIBT8VmYARN38F8ZrErmA,https://maps.google.com/?cid=6966721843336412983&g_mp=Cidnb29nbGUubWFwcy5wbGFjZXMudjEuUGxhY2VzLlNlYXJjaFRleHQQAhgEIAA
202,survivor,cleared_gates_0-4,Tahoe Hemp Co,http://www.tahoehemp.com/,Clothing Store,clothing_store,OPERATIONAL,4.7,41,true,gear-shop,sporting goods store,core,standard,covered_tile,0,operator,,,,ChIJRwgfDQ-QmYARJY-eSWao8iM,https://maps.google.com/?cid=2590317892966715173&g_mp=Cidnb29nbGUubWFwcy5wbGFjZXMudjEuUGxhY2VzLlNlYXJjaFRleHQQAhgEIAA
203,survivor,cleared_gates_0-4,Kirkwood General Store,https://www.kirkwood.com/explore-the-resort/during-your-stay/general-store.aspx,General Store,general_store,OPERATIONAL,4.2,41,true,alpine-ski,ski shop,core,standard,covered_tile,0,operator,,,,ChIJmc7yP03xmYARjfw0zAijR7g,https://maps.google.com/?cid=13278761284506287245&g_mp=Cidnb29nbGUubWFwcy5wbGFjZXMudjEuUGxhY2VzLlNlYXJjaFRleHQQAhgEIAA
204,survivor,cleared_gates_0-4,GBrakes,http://www.gbrakes.com/,Auto Parts Store,auto_parts_store,OPERATIONAL,4.1,41,true,cycling,bike shop,core,standard,covered_tile,0,operator,,,,ChIJ5-ebE6ZO6IARlahxThFkjrA,https://maps.google.com/?cid=12722216022861523093&g_mp=Cidnb29nbGUubWFwcy5wbGFjZXMudjEuUGxhY2VzLlNlYXJjaFRleHQQAhgEIAA
205,survivor,cleared_gates_0-4,Kirkwood Ski Summer Resort,https://www.kirkwood.com/,Resort hotel,resort_hotel,OPERATIONAL,4.7,39,true,alpine-ski,ski rental,core,standard,covered_tile,0,operator,,,,ChIJ3cwzCAb0mYARwLrhHkeigtQ,https://maps.google.com/?cid=15312980109357595328&g_mp=Cidnb29nbGUubWFwcy5wbGFjZXMudjEuUGxhY2VzLlNlYXJjaFRleHQQAhgEIAA
206,survivor,cleared_gates_0-4,Silver and Blue Outfitters,http://www.silverandblueoutfitters.com/,Clothing Store,clothing_store,OPERATIONAL,4.2,39,true,gear-shop,sporting goods store,core,standard,covered_tile,0,operator,,,,ChIJp8qpqvY_mYARR05jFE_BOGY,https://maps.google.com/?cid=7365849735953075783&g_mp=Cidnb29nbGUubWFwcy5wbGFjZXMudjEuUGxhY2VzLlNlYXJjaFRleHQQAhgEIAA
207,survivor,cleared_gates_0-4,Snap Set Studios,https://www.snapsetstudios.com/,Services,service,OPERATIONAL,5,3,true,camping,tent rental,core,service-area,service_area_unknown_location,,operator,,,,ChIJz3HajlqvCkQRjX-Qwm_52Ao,https://maps.google.com/?cid=781648793749716877&g_mp=Cidnb29nbGUubWFwcy5wbGFjZXMudjEuUGxhY2VzLlNlYXJjaFRleHQQAhgEIAA
208,survivor,cleared_gates_0-4,Helly Hansen,https://www.skiheavenly.com/explore-the-resort/experience-heavenly/shopping.aspx,Sportswear Store,sportswear_store,OPERATIONAL,4.8,38,true,alpine-ski; gear-shop,ski shop; sporting goods store,core,standard,covered_tile,0,operator,,,,ChIJ1YG3NXaQmYARh1HPVAwE_5w,https://maps.google.com/?cid=11312765239986966919&g_mp=Cidnb29nbGUubWFwcy5wbGFjZXMudjEuUGxhY2VzLlNlYXJjaFRleHQQAhgEIAA
209,survivor,cleared_gates_0-4,4 Ever Sports,https://www.simon.com/mall/meadowood-mall/stores/4-ever-sports,Sporting Goods Store,sporting_goods_store,OPERATIONAL,4.8,38,true,gear-shop,sporting goods store,core,standard,covered_tile,0,operator,,,,ChIJpVyybrw_mYARqy0ZcVhj8Fk,https://maps.google.com/?cid=6480789095291891115&g_mp=Cidnb29nbGUubWFwcy5wbGFjZXMudjEuUGxhY2VzLlNlYXJjaFRleHQQAhgEIAA
210,survivor,cleared_gates_0-4,Hope Valley Sno-Park,https://ohv.parks.ca.gov/?page_id=23053,Parking Lot,parking_lot,OPERATIONAL,4.9,37,true,snowmobile,snowmobile rental,core,standard,covered_tile,0,operator,,,,ChIJMUL3Lg7tmYARJzN9pwJCink,https://maps.google.com/?cid=8757885004542718759&g_mp=Cidnb29nbGUubWFwcy5wbGFjZXMudjEuUGxhY2VzLlNlYXJjaFRleHQQAhgEIAA
211,survivor,cleared_gates_0-4,Lee Joseph Inc. Swim Pool & Spa Supply,http://www.leejosephpools.com/,Sporting Goods Store,sporting_goods_store,OPERATIONAL,4.5,37,true,gear-shop,sporting goods store,core,standard,covered_tile,0,operator,,,,ChIJ3b0hArtAmYAROuFhYcUjIJg,https://maps.google.com/?cid=10961800823669121338&g_mp=Cidnb29nbGUubWFwcy5wbGFjZXMudjEuUGxhY2VzLlNlYXJjaFRleHQQAhgEIAA
212,survivor,cleared_gates_0-4,Heavenly Ski And Ride School,https://www.skiheavenly.com/plan-your-trip/ski-and-ride-lessons/what-to-know.aspx,,,OPERATIONAL,3.6,37,true,alpine-ski; snowboard,ski rental; snowboard rental,core,standard,covered_tile,0,operator,,,,ChIJXUJD9HaQmYARD6ipyZKodhc,https://maps.google.com/?cid=1690724058526230543&g_mp=Cidnb29nbGUubWFwcy5wbGFjZXMudjEuUGxhY2VzLlNlYXJjaFRleHQQAhgEIAA
213,survivor,cleared_gates_0-4,JD Sports,https://www.jdsports.com/?utm_source=googlemybusiness&utm_medium=organic,Shoe Store,shoe_store,OPERATIONAL,3.4,36,true,gear-shop,sporting goods store,core,standard,covered_tile,0,operator,,,,ChIJGZdOriY_mYAR0oBBbGMuJoc,https://maps.google.com/?cid=9738522248788148434&g_mp=Cidnb29nbGUubWFwcy5wbGFjZXMudjEuUGxhY2VzLlNlYXJjaFRleHQQAhgEIAA
214,survivor,cleared_gates_0-4,Scotty's Sportfishing,https://scottyssportfishingllc.com/,Fishing Charter,fishing_charter,OPERATIONAL,5,35,true,fishing-charter; powerboat,boat charter; fishing charter,core; gap,standard,covered_tile,0,operator,,,,ChIJ2bzs4B9LymoR99arC6jqe2s,https://maps.google.com/?cid=7745041991664916215&g_mp=Cidnb29nbGUubWFwcy5wbGFjZXMudjEuUGxhY2VzLlNlYXJjaFRleHQQAhgEIAA
215,survivor,cleared_gates_0-4,Lake Tahoe Fishing Trips and Pyramid Lake Fishing Trips,https://www.laketahoefishingtrips.com/,Fishing Charter,fishing_charter,OPERATIONAL,5,34,true,fishing-charter; powerboat,boat charter; fishing charter,core; gap,standard,covered_tile,0,operator,,,,ChIJD0ev0i9lmYARGPj28bfNzw8,https://maps.google.com/?cid=1139355420670228504&g_mp=Cidnb29nbGUubWFwcy5wbGFjZXMudjEuUGxhY2VzLlNlYXJjaFRleHQQAhgEIAA
216,survivor,cleared_gates_0-4,Brockway Springs Rentals,https://brockwayspringsrentals.com/,Travel Agency,travel_agency,OPERATIONAL,4.4,34,true,alpine-ski,ski rental,core,standard,covered_tile,0,operator,,,,ChIJh8E1mcJ7mYAR6reKkCHBjKY,https://maps.google.com/?cid=12001179456938620906&g_mp=Cidnb29nbGUubWFwcy5wbGFjZXMudjEuUGxhY2VzLlNlYXJjaFRleHQQAhgEIAA
217,survivor,cleared_gates_0-4,Mountain Kids Consignment,https://mountainkidstruckee.com/,Store,store,OPERATIONAL,4.2,33,true,alpine-ski,ski shop,core,standard,covered_tile,0,operator,,,,ChIJ3-eUguXfm4AR4e9K0PioJZE,https://maps.google.com/?cid=10458951496237772769&g_mp=Cidnb29nbGUubWFwcy5wbGFjZXMudjEuUGxhY2VzLlNlYXJjaFRleHQQAhgEIAA
218,survivor,cleared_gates_0-4,Long Ride Shields,https://longrideshields.com/,Auto Parts Store,auto_parts_store,OPERATIONAL,3.8,32,true,cycling,bike shop,core,standard,covered_tile,0,operator,,,,ChIJ2TBGYxY_mYARcF9WLyI9jhQ,https://maps.google.com/?cid=1481188544483843952&g_mp=Cidnb29nbGUubWFwcy5wbGFjZXMudjEuUGxhY2VzLlNlYXJjaFRleHQQAhgEIAA
219,survivor,cleared_gates_0-4,Alpine Power Equipment,https://alpinepowerequip.com/,Services,service,OPERATIONAL,4.6,31,true,gear-shop,outdoor equipment rental,core,standard,covered_tile,0,operator,,,,ChIJTVSD7gJ9mYARDENg9bm9QZ0,https://maps.google.com/?cid=11331546743824204556&g_mp=Cidnb29nbGUubWFwcy5wbGFjZXMudjEuUGxhY2VzLlNlYXJjaFRleHQQAhgEIAA
220,survivor,cleared_gates_0-4,Reno Embroidery Company,http://www.renoembroiderycompany.com/,Services,service,OPERATIONAL,4.6,31,true,gear-shop,sporting goods store,core,standard,covered_tile,0,operator,,,,ChIJl0TlebtAmYARbM6MlQqNAXA,https://maps.google.com/?cid=8070887083822861932&g_mp=Cidnb29nbGUubWFwcy5wbGFjZXMudjEuUGxhY2VzLlNlYXJjaFRleHQQAhgEIAA
221,survivor,cleared_gates_0-4,Captain Chris' Fishing Charters,http://www.tahoefishingcharters.com/,Fishing Charter,fishing_charter,OPERATIONAL,4.9,30,true,fishing-charter; powerboat,boat charter; fishing charter,core; gap,standard,covered_tile,0,operator,,,,ChIJg0OaHHV9mYARB86oFpI-82Y,https://maps.google.com/?cid=7418341808375647751&g_mp=Cidnb29nbGUubWFwcy5wbGFjZXMudjEuUGxhY2VzLlNlYXJjaFRleHQQAhgEIAA
222,survivor,cleared_gates_0-4,Nevada Home Fitness,http://nevadahomefitness.com/,Sporting Goods Store,sporting_goods_store,OPERATIONAL,4.7,30,true,cycling; gear-shop,bike shop; sporting goods store,core,standard,covered_tile,0,operator,,,,ChIJa0YAwPk_mYARqgM5APMeVvo,https://maps.google.com/?cid=18038639386508723114&g_mp=Cidnb29nbGUubWFwcy5wbGFjZXMudjEuUGxhY2VzLlNlYXJjaFRleHQQAhgEIAA
223,survivor,cleared_gates_0-4,Bikes Etc,http://misfitsports.com/,Bicycle Shop,bicycle_store,OPERATIONAL,4.8,29,true,cycling,bike shop,core,standard,covered_tile,0,operator,,,,ChIJJarksiY_mYARCe1jFh-igpU,https://maps.google.com/?cid=10773351513026981129&g_mp=Cidnb29nbGUubWFwcy5wbGFjZXMudjEuUGxhY2VzLlNlYXJjaFRleHQQAhgEIAA
224,survivor,cleared_gates_0-4,Ridgeline Park,https://www.yourtahoeplace.com/parks-recreation/outdoor-recreation/parks-fields,Park,park,OPERATIONAL,4.2,29,true,disc-golf,disc golf rental,core,standard,covered_tile,0,operator,,,,ChIJy_vGuj5wmYAREIrw_EyQqEw,https://maps.google.com/?cid=5523823603305450000&g_mp=Cidnb29nbGUubWFwcy5wbGFjZXMudjEuUGxhY2VzLlNlYXJjaFRleHQQAhgEIAA
225,survivor,cleared_gates_0-4,ODM Defense,http://www.odmdefense.com/,Sporting Goods Store,sporting_goods_store,OPERATIONAL,5,28,true,gear-shop,sporting goods store,core,standard,covered_tile,0,operator,,,,ChIJa3e6BNiimYARtDa_YjDTw84,https://maps.google.com/?cid=14898984197040322228&g_mp=Cidnb29nbGUubWFwcy5wbGFjZXMudjEuUGxhY2VzLlNlYXJjaFRleHQQAhgEIAA
226,survivor,cleared_gates_0-4,Cabin Fever,https://tahoe.com/south-lake-tahoe/cabin-fever,Store,store,OPERATIONAL,4.2,28,true,alpine-ski,ski shop,core,standard,covered_tile,0,operator,,,,ChIJ97RGLQmQmYARsf9k5-VcRds,https://maps.google.com/?cid=15800137010198675377&g_mp=Cidnb29nbGUubWFwcy5wbGFjZXMudjEuUGxhY2VzLlNlYXJjaFRleHQQAhgEIAA
227,survivor,cleared_gates_0-4,Tahoe Yacht Club,http://www.tahoeyc.com/,Marina,marina,OPERATIONAL,4.3,27,true,pontoon; powerboat; sailing,boat charter; boat rental; pontoon rental; sailboat rental,core,standard,covered_tile,0,operator,,,,ChIJH4LWWHR9mYAR8-gd1xMqkHs,https://maps.google.com/?cid=8903662728013277427&g_mp=Cidnb29nbGUubWFwcy5wbGFjZXMudjEuUGxhY2VzLlNlYXJjaFRleHQQAhgEIAA
228,survivor,cleared_gates_0-4,Incline Bike Park,http://www.yourtahoeplace.com/parks-recreation/outdoor-recreation/community-bike-park,Park,park,OPERATIONAL,4.9,26,true,mtb,downhill bike park rental; mountain bike rental,core,standard,covered_tile,0,operator,,,,ChIJDY3LujhwmYARB3QpchaRpYo,https://maps.google.com/?cid=9990550873981940743&g_mp=Cidnb29nbGUubWFwcy5wbGFjZXMudjEuUGxhY2VzLlNlYXJjaFRleHQQAhgEIAA
229,survivor,cleared_gates_0-4,Blue Warrior Cruises Lake Tahoe,https://laketahoe.cruises/,Tour Agency,tour_agency,OPERATIONAL,4.7,26,true,powerboat; sailing,boat charter; boat rental; sailboat rental,core,standard,covered_tile,0,operator,,,,ChIJu5iA_mKPmYAR1kyrpj_9aSU,https://maps.google.com/?cid=2695964301778963670&g_mp=Cidnb29nbGUubWFwcy5wbGFjZXMudjEuUGxhY2VzLlNlYXJjaFRleHQQAhgEIAA
230,survivor,cleared_gates_0-4,Natural Retreats - Lake Tahoe,https://www.naturalretreats.com/lake-tahoe-vacation-rentals,Travel Agency,travel_agency,OPERATIONAL,4.6,26,true,cycling,bike rental,core,standard,covered_tile,0,operator,,,,ChIJjc8RwrVkmYARLt8eXO4qLhc,https://maps.google.com/?cid=1670319715037142830&g_mp=Cidnb29nbGUubWFwcy5wbGFjZXMudjEuUGxhY2VzLlNlYXJjaFRleHQQAhgEIAA
231,survivor,cleared_gates_0-4,Truckee Ice Rink,https://www.tdrpd.org/rink,Ice Skating Rink,ice_skating_rink,OPERATIONAL,4.2,26,true,ice-skate,ice skate rental,core,standard,covered_tile,0,operator,,,,ChIJW8FpkpTfm4ARUoLiK3L3pa8,https://maps.google.com/?cid=12656794397529244242&g_mp=Cidnb29nbGUubWFwcy5wbGFjZXMudjEuUGxhY2VzLlNlYXJjaFRleHQQAhgEIAA
232,survivor,cleared_gates_0-4,North Tahoe Lions Club Disc Golf Course,https://www.yourtahoeplace.com/parks-recreation/outdoor-recreation/disc-golf-course,Athletic Field,athletic_field,OPERATIONAL,4.1,26,true,disc-golf,disc golf rental,core,standard,covered_tile,0,operator,,,,ChIJBxY2qUdwmYARsWk3B5VqXTI,https://maps.google.com/?cid=3629174063034231217&g_mp=Cidnb29nbGUubWFwcy5wbGFjZXMudjEuUGxhY2VzLlNlYXJjaFRleHQQAhgEIAA
233,survivor,cleared_gates_0-4,"Win's Wheels, Inc.",https://winswheels.com/,Services,service,OPERATIONAL,5,23,true,cycling,bike shop,core,standard,covered_tile,0,operator,,,,ChIJ3wYiRlOhmYAR6gsldj8em18,https://maps.google.com/?cid=6889133312907217898&g_mp=Cidnb29nbGUubWFwcy5wbGFjZXMudjEuUGxhY2VzLlNlYXJjaFRleHQQAhgEIAA
234,survivor,cleared_gates_0-4,Disc Giant,https://discgiant.com/,Store,store,OPERATIONAL,5,23,true,disc-golf; gear-shop,disc golf rental; sporting goods store,core,standard,covered_tile,0,operator,,,,ChIJa8tIsCc_mYAR34cz1JmSao8,https://maps.google.com/?cid=10334233484342822879&g_mp=Cidnb29nbGUubWFwcy5wbGFjZXMudjEuUGxhY2VzLlNlYXJjaFRleHQQAhgEIAA
235,survivor,cleared_gates_0-4,Denver’s Choppers,https://denverschoppers.com/,Store,store,OPERATIONAL,4.9,23,true,cycling,bike shop,core,standard,covered_tile,0,operator,,,,ChIJx68svkAVmYARK85DK2S18jA,https://maps.google.com/?cid=3527080900011740715&g_mp=Cidnb29nbGUubWFwcy5wbGFjZXMudjEuUGxhY2VzLlNlYXJjaFRleHQQAhgEIAA
236,survivor,cleared_gates_0-4,Cross Country Center,https://www.kirkwood.com/explore-the-resort/activities-and-events/cross-country.aspx,Ski Resort,ski_resort,OPERATIONAL,4.4,23,true,alpine-ski; nordic-ski; snowboard; snowshoe,cross country ski rental; nordic ski center; ski rental; ski shop; snowboard rental; snowboard shop; snowshoe rental,core,standard,covered_tile,0,operator,,,,ChIJQSqWAgb0mYARj5rac5qWfRY,https://maps.google.com/?cid=1620617031036082831&g_mp=Cidnb29nbGUubWFwcy5wbGFjZXMudjEuUGxhY2VzLlNlYXJjaFRleHQQAhgEIAA
237,survivor,cleared_gates_0-4,Tillys,https://www.tillys.com/store/?StoreID=0065&utm_source=Google&utm_medium=Local_Directory,Clothing Store,clothing_store,OPERATIONAL,3.2,22,true,gear-shop,sporting goods store,core,standard,covered_tile,0,operator,,,,ChIJTb3VLfI_mYARvjX3Oc0PeVE,https://maps.google.com/?cid=5870740963369366974&g_mp=Cidnb29nbGUubWFwcy5wbGFjZXMudjEuUGxhY2VzLlNlYXJjaFRleHQQAhgEIAA
238,survivor,cleared_gates_0-4,Free Lap Collective,https://freelap.cc/,Bicycle Shop,bicycle_store,OPERATIONAL,5,21,true,cycling; ebike; gear-shop; mtb,bike rental; bike shop; ebike rental; mountain bike rental; sporting goods store,core,standard,covered_tile,0,operator,,,,ChIJyVdCASNbmYARRh59jM_gZAA,https://maps.google.com/?cid=28394679690927686&g_mp=Cidnb29nbGUubWFwcy5wbGFjZXMudjEuUGxhY2VzLlNlYXJjaFRleHQQAhgEIAA
239,survivor,cleared_gates_0-4,Buzzard Creek,http://buzzardcreekvc.com/,Store,store,OPERATIONAL,4.6,21,true,gear-shop,sporting goods store,core,standard,covered_tile,0,operator,,,,ChIJc5BUK1UOmYARfxaHFH3Jw-A,https://maps.google.com/?cid=16196010224006927999&g_mp=Cidnb29nbGUubWFwcy5wbGFjZXMudjEuUGxhY2VzLlNlYXJjaFRleHQQAhgEIAA
240,survivor,cleared_gates_0-4,Alpenglow Boat Co.,http://www.alpenglowboat.com/,,,OPERATIONAL,5,20,true,canoe; powerboat; sailing,boat charter; boat rental; canoe rental; sailboat rental,core,standard,covered_tile,0,operator,,,,ChIJnZwMRViPmYAR81YU5xC_3wI,https://maps.google.com/?cid=207094187199583987&g_mp=Cidnb29nbGUubWFwcy5wbGFjZXMudjEuUGxhY2VzLlNlYXJjaFRleHQQAhgEIAA
241,survivor,cleared_gates_0-4,Biggest Little Booth,https://biggestlittlebooth.com/,Services,service,OPERATIONAL,5,20,true,camping,tent rental,core,standard,covered_tile,0,operator,,,,ChIJZV6NRQAVmYARwRilGYrPDgU,https://maps.google.com/?cid=364456811906275521&g_mp=Cidnb29nbGUubWFwcy5wbGFjZXMudjEuUGxhY2VzLlNlYXJjaFRleHQQAhgEIAA
242,survivor,cleared_gates_0-4,Northstar Ski-In/Ski-Out Vacation Rental,http://epicvacationstays.com/,Travel Agency,travel_agency,OPERATIONAL,4.3,20,true,alpine-ski,ski rental,core,standard,covered_tile,0,operator,,,,ChIJY1ZkJDdimYARcO61nq-AAdA,https://maps.google.com/?cid=14988402526636076656&g_mp=Cidnb29nbGUubWFwcy5wbGFjZXMudjEuUGxhY2VzLlNlYXJjaFRleHQQAhgEIAA
243,survivor,cleared_gates_0-4,Walker Marine Inc,http://walkermarinetahoe.com/,Services,service,OPERATIONAL,4.9,19,true,powerboat,boat rental,core,standard,covered_tile,0,operator,,,,ChIJBfSNl42PmYAROOFC1bLjLTg,https://maps.google.com/?cid=4048141997297557816&g_mp=Cidnb29nbGUubWFwcy5wbGFjZXMudjEuUGxhY2VzLlNlYXJjaFRleHQQAhgEIAA
244,survivor,cleared_gates_0-4,Blissed Out Skate Shop,https://blissed-out-skate-shop.myshopify.com/,Sporting Goods Store,sporting_goods_store,OPERATIONAL,4.7,19,true,gear-shop,sporting goods store,core,standard,covered_tile,0,operator,,,,ChIJsapa4IShmYARLM_eFb0_jdg,https://maps.google.com/?cid=15604198365256929068&g_mp=Cidnb29nbGUubWFwcy5wbGFjZXMudjEuUGxhY2VzLlNlYXJjaFRleHQQAhgEIAA
245,survivor,cleared_gates_0-4,Auto Bike Sales,http://www.autobikesales.com/,Store,store,OPERATIONAL,3.7,19,true,cycling,bike shop,core,standard,covered_tile,0,operator,,,,ChIJIYz5124_mYARRchEA8-Ha4c,https://maps.google.com/?cid=9758042340811130949&g_mp=Cidnb29nbGUubWFwcy5wbGFjZXMudjEuUGxhY2VzLlNlYXJjaFRleHQQAhgEIAA
246,survivor,cleared_gates_0-4,South Shore Boats & Powersports,http://www.sshoreboats.com/,Services,service,OPERATIONAL,4.2,18,true,canoe; gear-shop; powerboat; pwc; watersports,boat charter; boat rental; canoe rental; personal watercraft rental; sporting goods store; watersports rental; waverunner rental,core,standard,covered_tile,0,operator,,,,ChIJ6RoWGbmPmYARkCigY0BBPlQ,https://maps.google.com/?cid=6070361092547160208&g_mp=Cidnb29nbGUubWFwcy5wbGFjZXMudjEuUGxhY2VzLlNlYXJjaFRleHQQAhgEIAA
247,survivor,cleared_gates_0-4,Inclusive Excursions,https://www.inclusiveexcursions.com/contact,Travel Agency,travel_agency,OPERATIONAL,5,17,true,canoe; kayak; sup; watersports,canoe rental; kayak rental; kayak tours; paddleboard rental; watersports rental,core,standard,covered_tile,0,operator,,,,ChIJW-ltlyGbmYARiz-gTw6o1hE,https://maps.google.com/?cid=1285399523079765899&g_mp=Cidnb29nbGUubWFwcy5wbGFjZXMudjEuUGxhY2VzLlNlYXJjaFRleHQQAhgEIAA
248,survivor,cleared_gates_0-4,Cruise Tahoe,https://www.cruisetahoe.com/,Tour Agency,tour_agency,OPERATIONAL,4.9,17,true,powerboat,boat charter; boat rental,core,standard,covered_tile,0,operator,,,,ChIJqQ_uWj6PmYARwRNk218KGRI,https://maps.google.com/?cid=1304084973919409089&g_mp=Cidnb29nbGUubWFwcy5wbGFjZXMudjEuUGxhY2VzLlNlYXJjaFRleHQQAhgEIAA
249,survivor,cleared_gates_0-4,Bearry Sweet,https://bearrysweet.com/,Dessert Shop,dessert_shop,OPERATIONAL,4.8,17,true,alpine-ski,ski shop,core,standard,covered_tile,0,operator,,,,ChIJT3AtiYuRmYAR7mv9uZ9N700,https://maps.google.com/?cid=5615792608769829870&g_mp=Cidnb29nbGUubWFwcy5wbGFjZXMudjEuUGxhY2VzLlNlYXJjaFRleHQQAhgEIAA
250,survivor,cleared_gates_0-4,Truckee River Bike trail,https://biketahoe.org/bike-trails/historic-truckee-river-bike-path/,Hiking Area,hiking_area,OPERATIONAL,4.7,17,true,cycling; mtb,bike rental; downhill bike park rental; mountain bike rental,core,standard,covered_tile,0,operator,,,,ChIJd_neN5HXm4ARGFrU46r4VLo,https://maps.google.com/?cid=13426629801948764696&g_mp=Cidnb29nbGUubWFwcy5wbGFjZXMudjEuUGxhY2VzLlNlYXJjaFRleHQQAhgEIAA
251,survivor,cleared_gates_0-4,Concept Electric Bikes,https://conceptebikes.com/,Bicycle Shop,bicycle_store,OPERATIONAL,4.4,17,true,cycling; ebike; mtb,bike rental; bike shop; ebike rental; mountain bike rental,core,standard,covered_tile,0,operator,,,,ChIJcRjOh3oLmYAR1m744YPDVGI,https://maps.google.com/?cid=7085503084959919830&g_mp=Cidnb29nbGUubWFwcy5wbGFjZXMudjEuUGxhY2VzLlNlYXJjaFRleHQQAhgEIAA
252,survivor,cleared_gates_0-4,Mountain Cat,http://www.mountaincatshop.com/,Sporting Goods Store,sporting_goods_store,OPERATIONAL,5,16,true,alpine-ski; backcountry-ski; gear-shop; nordic-ski; snowboard; snowshoe,backcountry ski rental; cross country ski rental; ski rental; ski shop; snowboard rental; snowboard shop; snowshoe rental; splitboard rental; sporting goods store,core,standard,covered_tile,0,operator,,,,ChIJbcjDZ4wLmYAR2mVre3nV9CU,https://maps.google.com/?cid=2735045591459128794&g_mp=Cidnb29nbGUubWFwcy5wbGFjZXMudjEuUGxhY2VzLlNlYXJjaFRleHQQAhgEIAA
253,survivor,cleared_gates_0-4,Orucase,http://www.orucase.com/,Services,service,OPERATIONAL,5,16,true,cycling; gear-shop,bike shop; sporting goods store,core,standard,covered_tile,0,operator,,,,ChIJfbqzSWQB3IARKnzOXWEAbY4,https://maps.google.com/?cid=10262859544032869418&g_mp=Cidnb29nbGUubWFwcy5wbGFjZXMudjEuUGxhY2VzLlNlYXJjaFRleHQQAhgEIAA
254,survivor,cleared_gates_0-4,Tahoe Luxury Charters,http://tahoeluxurycharters.com/,Services,service,OPERATIONAL,4.4,16,true,canoe; pontoon; powerboat; pwc; wakeboard,boat charter; boat rental; canoe rental; jet ski rental; motorboat rental; pontoon rental; ski boat rental,core,standard,covered_tile,0,operator,,,,ChIJL83lmDWPmYARMYI1LGrsaJg,https://maps.google.com/?cid=10982287632095347249&g_mp=Cidnb29nbGUubWFwcy5wbGFjZXMudjEuUGxhY2VzLlNlYXJjaFRleHQQAhgEIAA
255,survivor,cleared_gates_0-4,Sweatsedo,http://www.sweatsedo.com/,Clothing Store,clothing_store,OPERATIONAL,5,15,true,gear-shop,sporting goods store,core,standard,covered_tile,0,operator,,,,ChIJa9GSkfMKmYARqZGsBmvllNg,https://maps.google.com/?cid=15606350856581845417&g_mp=Cidnb29nbGUubWFwcy5wbGFjZXMudjEuUGxhY2VzLlNlYXJjaFRleHQQAhgEIAA
256,survivor,cleared_gates_0-4,Electronic Shooters Protection (ESP),https://www.espamerica.com/,Manufacturer,manufacturer,OPERATIONAL,5,15,true,gear-shop,sporting goods store,core,standard,covered_tile,0,operator,,,,ChIJ3QrEBjigKQ4RM2Iv18oYRiw,https://maps.google.com/?cid=3190264645511242291&g_mp=Cidnb29nbGUubWFwcy5wbGFjZXMudjEuUGxhY2VzLlNlYXJjaFRleHQQAhgEIAA
257,survivor,cleared_gates_0-4,Spearhead Tactical,https://spearheadtactical.us/,Sporting Goods Store,sporting_goods_store,OPERATIONAL,5,15,true,gear-shop,sporting goods store,core,standard,covered_tile,0,operator,,,,ChIJcR0S28ZHmYARZh-UJ4_MEpw,https://maps.google.com/?cid=11246276134713958246&g_mp=Cidnb29nbGUubWFwcy5wbGFjZXMudjEuUGxhY2VzLlNlYXJjaFRleHQQAhgEIAA
258,survivor,cleared_gates_0-4,Leatt USA,http://www.us.leatt.com/,Suppliers,supplier,OPERATIONAL,4.1,14,true,cycling,bike shop,core,standard,covered_tile,0,operator,,,,ChIJIXaPqFCHwoART-UxC5Iq0Ag,https://maps.google.com/?cid=635054354200651087&g_mp=Cidnb29nbGUubWFwcy5wbGFjZXMudjEuUGxhY2VzLlNlYXJjaFRleHQQAhgEIAA
259,survivor,cleared_gates_0-4,Tahoe Star Charters,http://tahoestar.com/,Tour Agency,tour_agency,OPERATIONAL,5,13,true,powerboat,boat charter; boat rental,core,standard,covered_tile,0,operator,,,,ChIJATguosatFikRDeuaSAe-XfU,https://maps.google.com/?cid=17680496650618596109&g_mp=Cidnb29nbGUubWFwcy5wbGFjZXMudjEuUGxhY2VzLlNlYXJjaFRleHQQAhgEIAA
260,survivor,cleared_gates_0-4,Tahoe Boat Tours,http://www.tahoelaketours.com/,Tour Agency,tour_agency,OPERATIONAL,4.8,13,true,powerboat,boat charter; boat rental,core,standard,covered_tile,0,operator,,,,ChIJr-7qm6mPmYARmJYhaIYHFa4,https://maps.google.com/?cid=12543940610964428440&g_mp=Cidnb29nbGUubWFwcy5wbGFjZXMudjEuUGxhY2VzLlNlYXJjaFRleHQQAhgEIAA
261,survivor,cleared_gates_0-4,Pony Express Disc Golf Trail,https://www.facebook.com/groups/825020027941346,Athletic Field,athletic_field,OPERATIONAL,4.7,13,true,disc-golf,disc golf rental,core,standard,covered_tile,0,operator,,,,ChIJN8tf2vwJmYARmoi1an3P_G0,https://maps.google.com/?cid=7925437581833373850&g_mp=Cidnb29nbGUubWFwcy5wbGFjZXMudjEuUGxhY2VzLlNlYXJjaFRleHQQAhgEIAA
262,survivor,cleared_gates_0-4,Home Means Nevada Co.,https://homemeansnevada.com/,Clothing Store,clothing_store,OPERATIONAL,4.5,13,true,gear-shop,sporting goods store,core,standard,covered_tile,0,operator,,,,ChIJw3MOz9wVmYARAEFgfTnECA0,https://maps.google.com/?cid=939216273502388480&g_mp=Cidnb29nbGUubWFwcy5wbGFjZXMudjEuUGxhY2VzLlNlYXJjaFRleHQQAhgEIAA
263,survivor,cleared_gates_0-4,Athleta,https://athleta.gap.com/stores/nv/reno/athleta-7305.html,Clothing Store,clothing_store,OPERATIONAL,4.1,13,true,gear-shop,sporting goods store,core,standard,covered_tile,0,operator,,,,ChIJyXzw2lwVmYARdxP1vdq8bFs,https://maps.google.com/?cid=6587848002612040567&g_mp=Cidnb29nbGUubWFwcy5wbGFjZXMudjEuUGxhY2VzLlNlYXJjaFRleHQQAhgEIAA
264,survivor,cleared_gates_0-4,Sunstate Equipment,https://www.sunstateequip.com/locations/NV/Reno/RNO?utm_source=local&utm_medium=organic&utm_campaign=gmb&utm_content=Reno&utm_term=RNO,Services,service,OPERATIONAL,4.8,12,true,gear-shop,outdoor equipment rental,core,standard,covered_tile,0,operator,,,,ChIJmdK4WBY_mYARgLyU-DYuncQ,https://maps.google.com/?cid=14167530816411057280&g_mp=Cidnb29nbGUubWFwcy5wbGFjZXMudjEuUGxhY2VzLlNlYXJjaFRleHQQAhgEIAA
265,survivor,cleared_gates_0-4,Heavenly Ski & Snowboard Foundation,https://www.skiheavenly.com/,Non-Profit Organization,non_profit_organization,OPERATIONAL,4.5,12,true,alpine-ski; snowboard,ski rental; ski shop; snowboard rental; snowboard shop,core,standard,covered_tile,0,operator,,,,ChIJx83JvkSQmYARUR15qJdOarY,https://maps.google.com/?cid=13144404875707751761&g_mp=Cidnb29nbGUubWFwcy5wbGFjZXMudjEuUGxhY2VzLlNlYXJjaFRleHQQAhgEIAA
266,survivor,cleared_gates_0-4,MX Trophies,https://mx-trophies.com/,Store,store,OPERATIONAL,4,12,true,cycling,bike shop,core,standard,covered_tile,0,operator,,,,ChIJ0a_a06oPmYARQJw30EcMg_8,https://maps.google.com/?cid=18411573204196236352&g_mp=Cidnb29nbGUubWFwcy5wbGFjZXMudjEuUGxhY2VzLlNlYXJjaFRleHQQAhgEIAA
267,survivor,cleared_gates_0-4,Mountain Uniforms,http://mountainuniforms.com/,Clothing Store,clothing_store,OPERATIONAL,3.3,12,true,alpine-ski; gear-shop,ski shop; sporting goods store,core,standard,covered_tile,0,operator,,,,ChIJT7htblBlmYARTQqbT8qDVvE,https://maps.google.com/?cid=17390231916079942221&g_mp=Cidnb29nbGUubWFwcy5wbGFjZXMudjEuUGxhY2VzLlNlYXJjaFRleHQQAhgEIAA
268,survivor,cleared_gates_0-4,Shaun's Guide Service Donner lake,http://shaunsguideservice.net/,Fishing Charter,fishing_charter,OPERATIONAL,4.8,11,true,fishing-charter; powerboat,boat charter; fishing charter,core; gap,standard,covered_tile,0,operator,,,,ChIJE6syEhp3m4ARUMhGPMndkhc,https://maps.google.com/?cid=1698663865841535056&g_mp=Cidnb29nbGUubWFwcy5wbGFjZXMudjEuUGxhY2VzLlNlYXJjaFRleHQQAhgEIAA
269,survivor,cleared_gates_0-4,Lake Tahoe Boat Company,http://laketahoeboatco.com/,Suppliers,supplier,OPERATIONAL,5,10,true,powerboat,boat rental,core,standard,covered_tile,0,operator,,,,ChIJZ7lyYOePmYARxMLs_LA_idk,https://maps.google.com/?cid=15675130007429890756&g_mp=Cidnb29nbGUubWFwcy5wbGFjZXMudjEuUGxhY2VzLlNlYXJjaFRleHQQAhgEIAA
270,survivor,cleared_gates_0-4,Imaginecharterstahoe,https://imaginecharterstahoe.com/,Tour Agency,tour_agency,OPERATIONAL,5,10,true,powerboat,boat charter,core,standard,covered_tile,0,operator,,,,ChIJ1ZaQUzKPmYAR57-3OAiU3i4,https://maps.google.com/?cid=3377299533606666215&g_mp=Cidnb29nbGUubWFwcy5wbGFjZXMudjEuUGxhY2VzLlNlYXJjaFRleHQQAhgEIAA
271,survivor,cleared_gates_0-4,Tahoe Yacht Cruises,http://www.tahoeyachtcruises.com/,Services,service,OPERATIONAL,4.9,10,true,canoe; powerboat; sailing,boat charter; boat rental; canoe rental; sailboat rental,core,standard,covered_tile,0,operator,,,,ChIJBVFIjxCPmYARx7hTuDwYGzM,https://maps.google.com/?cid=3682563769375111367&g_mp=Cidnb29nbGUubWFwcy5wbGFjZXMudjEuUGxhY2VzLlNlYXJjaFRleHQQAhgEIAA
272,survivor,cleared_gates_0-4,Tahoe Tessie Trading Post,https://tahoetessietrading.com/,Store,store,OPERATIONAL,5,9,true,gear-shop,outdoor gear rental,core,standard,covered_tile,0,operator,,,,ChIJffjgxCuPmYARu_8tdozjXHE,https://maps.google.com/?cid=8168654016560889787&g_mp=Cidnb29nbGUubWFwcy5wbGFjZXMudjEuUGxhY2VzLlNlYXJjaFRleHQQAhgEIAA
273,survivor,cleared_gates_0-4,DDC Racing (Delaney Drive Components),http://www.ddcracing.net/,Auto Parts Store,auto_parts_store,OPERATIONAL,5,9,true,cycling,bike shop,core,standard,covered_tile,0,operator,,,,ChIJcYv34f2imYARTFNk7shoRdw,https://maps.google.com/?cid=15872207673939481420&g_mp=Cidnb29nbGUubWFwcy5wbGFjZXMudjEuUGxhY2VzLlNlYXJjaFRleHQQAhgEIAA
274,survivor,cleared_gates_0-4,"Sports Attack, LLC",http://sportsattack.com/,Manufacturer,manufacturer,OPERATIONAL,4.6,9,true,gear-shop,sporting goods store,core,standard,covered_tile,0,operator,,,,ChIJAQAAAFBamYARDU3sBOHlO4M,https://maps.google.com/?cid=9456404597207485709&g_mp=Cidnb29nbGUubWFwcy5wbGFjZXMudjEuUGxhY2VzLlNlYXJjaFRleHQQAhgEIAA
275,survivor,cleared_gates_0-4,THE NORTH FACE at PALISADES TAHOE,https://thenorthface.com/en-us/stores/ca/olympic-valley/tnfap-1880vsrs32,Clothing Store,clothing_store,OPERATIONAL,3.7,9,true,alpine-ski; gear-shop; snowboard,ski shop; snowboard shop; sporting goods store,core,standard,covered_tile,0,operator,,,,ChIJc7BEfezZm4AR0MDluFCGDAw,https://maps.google.com/?cid=868216509433233616&g_mp=Cidnb29nbGUubWFwcy5wbGFjZXMudjEuUGxhY2VzLlNlYXJjaFRleHQQAhgEIAA
276,survivor,cleared_gates_0-4,Dynareno Motorcycles,http://dynarenomotorcycles.com/,Store,store,OPERATIONAL,3.7,9,true,cycling,bike shop,core,standard,covered_tile,0,operator,,,,ChIJheKSfkxHmYARUyoYKNs2qK4,https://maps.google.com/?cid=12585369473585261139&g_mp=Cidnb29nbGUubWFwcy5wbGFjZXMudjEuUGxhY2VzLlNlYXJjaFRleHQQAhgEIAA
277,survivor,cleared_gates_0-4,Alpine Gathering Co.,https://www.alpinegatheringco.com/,Services,service,OPERATIONAL,,0,true,camping,tent rental,core,service-area,service_area_unknown_location,,operator,,,,ChIJz14CvMzuBwQRWYE4-hbzw-k,https://maps.google.com/?cid=16844574311308624217&g_mp=Cidnb29nbGUubWFwcy5wbGFjZXMudjEuUGxhY2VzLlNlYXJjaFRleHQQAhgEIAA
278,survivor,cleared_gates_0-4,Rubicon Surf Company,https://www.rubiconsurfcompany.com/,Services,service,OPERATIONAL,,0,true,canoe; pontoon; powerboat,boat rental; canoe rental; pontoon rental,core,service-area,service_area_unknown_location,,operator,,,,ChIJL_C-oIQn9kwRP5wJRQQWLek,https://maps.google.com/?cid=16802109992383126591&g_mp=Cidnb29nbGUubWFwcy5wbGFjZXMudjEuUGxhY2VzLlNlYXJjaFRleHQQAhgEIAA
279,survivor,cleared_gates_0-4,Rent a Boat,https://jblwatersports.com/,Services,service,OPERATIONAL,,0,true,canoe; pontoon; powerboat,boat rental; canoe rental; pontoon rental,core,service-area,service_area_unknown_location,,operator,,,,ChIJ3ztTfQMIhW8RRWhLPCnGmB0,https://maps.google.com/?cid=2132672303967463493&g_mp=Cidnb29nbGUubWFwcy5wbGFjZXMudjEuUGxhY2VzLlNlYXJjaFRleHQQAhgEIAA
280,survivor,cleared_gates_0-4,BOATS ON TAHOE,http://www.boatsontahoe.com/,Services,service,OPERATIONAL,,0,true,pontoon; powerboat,boat rental; pontoon rental,core,service-area,service_area_unknown_location,,operator,,,,ChIJfVKq_BBlmYARKqM1VWRX0RU,https://maps.google.com/?cid=1572133833366938410&g_mp=Cidnb29nbGUubWFwcy5wbGFjZXMudjEuUGxhY2VzLlNlYXJjaFRleHQQAhgEIAA
281,survivor,cleared_gates_0-4,Midtown Carriage Society,https://midtowncarriagesociety.com/,Services,service,OPERATIONAL,,0,true,cycling,bike rental,core,service-area,service_area_unknown_location,,operator,,,,ChIJzTN-Hi91zScRtaC4eW2gyEs,https://maps.google.com/?cid=5460790940240748725&g_mp=Cidnb29nbGUubWFwcy5wbGFjZXMudjEuUGxhY2VzLlNlYXJjaFRleHQQAhgEIAA
282,survivor,cleared_gates_0-4,Sparks Snowmobile Rental,https://sparkssnowmobilerental.com/,Services,service,OPERATIONAL,,0,true,snowmobile,snowmobile rental,core,service-area,service_area_unknown_location,,operator,,,,ChIJpU2WxDGobg4RIBq7eF_mONA,https://maps.google.com/?cid=15003995456306616864&g_mp=Cidnb29nbGUubWFwcy5wbGFjZXMudjEuUGxhY2VzLlNlYXJjaFRleHQQAhgEIAA
283,survivor,cleared_gates_0-4,TahoeTrophyTrout,http://tahoetrophytrout.com/,Tour Agency,tour_agency,OPERATIONAL,5,8,true,powerboat,boat charter,core,standard,covered_tile,0,operator,,,,ChIJ41zCOjuPmYARpdNalS_jld8,https://maps.google.com/?cid=16111033035496543141&g_mp=Cidnb29nbGUubWFwcy5wbGFjZXMudjEuUGxhY2VzLlNlYXJjaFRleHQQAhgEIAA
284,survivor,cleared_gates_0-4,Lake Tahoe Sailing,https://www.laketahoesail.com/,Sports School,sports_school,OPERATIONAL,5,7,true,pontoon; powerboat; sailing,boat charter; boat rental; pontoon rental; sailboat rental,core,standard,covered_tile,0,operator,,,,ChIJZdaw6wl9mYARfdsKpDupMtI,https://maps.google.com/?cid=15146354570420738941&g_mp=Cidnb29nbGUubWFwcy5wbGFjZXMudjEuUGxhY2VzLlNlYXJjaFRleHQQAhgEIAA
285,survivor,cleared_gates_0-4,Lake Tahoe Motorcycle,https://laketahoemotorcycle.com/,Store,store,OPERATIONAL,4.4,7,true,cycling,bike shop,core,standard,covered_tile,0,operator,,,,ChIJPaASz4ePmYARTV345IBCFXk,https://maps.google.com/?cid=8724952974464933197&g_mp=Cidnb29nbGUubWFwcy5wbGFjZXMudjEuUGxhY2VzLlNlYXJjaFRleHQQAhgEIAA
286,survivor,cleared_gates_0-4,WillScot,https://www.willscot.com/locations/details/reno-nv-modular?utm_source=google&utm_medium=organic&utm_campaign=gbp-listing,Storage,storage,OPERATIONAL,4.4,7,true,camping,tent rental,core,standard,covered_tile,0,operator,,,,ChIJwdx57kE9mYARwGWlbPy6uvQ,https://maps.google.com/?cid=17634612884239902144&g_mp=Cidnb29nbGUubWFwcy5wbGFjZXMudjEuUGxhY2VzLlNlYXJjaFRleHQQAhgEIAA
287,survivor,cleared_gates_0-4,Prinoth LLC,https://www.prinoth-snowgroomers.com/en-us,Store,store,OPERATIONAL,4.3,7,true,alpine-ski,ski shop,core,standard,covered_tile,0,operator,,,,ChIJWZ_9qaw4mYARXW6zI6flqI4,https://maps.google.com/?cid=10279718655494418013&g_mp=Cidnb29nbGUubWFwcy5wbGFjZXMudjEuUGxhY2VzLlNlYXJjaFRleHQQAhgEIAA
288,survivor,cleared_gates_0-4,Oakley,http://www.oakley.com/,Sportswear Store,sportswear_store,OPERATIONAL,3.9,7,true,alpine-ski; gear-shop; snowboard,ski shop; snowboard shop; sporting goods store,core,standard,covered_tile,0,operator,,,,ChIJK5Q_ITFimYAReguvjAbFR4k,https://maps.google.com/?cid=9892091738463341434&g_mp=Cidnb29nbGUubWFwcy5wbGFjZXMudjEuUGxhY2VzLlNlYXJjaFRleHQQAhgEIAA
289,survivor,cleared_gates_0-4,Silver State Bounce LLC,https://www.silverstatebounce.com/,Services,service,OPERATIONAL,5,6,true,camping,tent rental,core,standard,covered_tile,0,operator,,,,ChIJR0KXpF2hmYAR0cqHyu5p4Sw,https://maps.google.com/?cid=3233982481749756625&g_mp=Cidnb29nbGUubWFwcy5wbGFjZXMudjEuUGxhY2VzLlNlYXJjaFRleHQQAhgEIAA
290,survivor,cleared_gates_0-4,Slant Skis,http://www.slantskis.com/,Manufacturer,manufacturer,OPERATIONAL,5,6,true,alpine-ski; snowboard,ski shop; snowboard shop,core,standard,covered_tile,0,operator,,,,ChIJvTXOCrjXm4ARCjpfzIBOhIQ,https://maps.google.com/?cid=9548843425023867402&g_mp=Cidnb29nbGUubWFwcy5wbGFjZXMudjEuUGxhY2VzLlNlYXJjaFRleHQQAhgEIAA
291,survivor,cleared_gates_0-4,Boca Motorsports,https://bocamotorsports.com/,Store,store,OPERATIONAL,5,6,true,cycling,bike shop,core,standard,covered_tile,0,operator,,,,ChIJwz6I0D8_mYARZ1-BD7rmItI,https://maps.google.com/?cid=15141918583971471207&g_mp=Cidnb29nbGUubWFwcy5wbGFjZXMudjEuUGxhY2VzLlNlYXJjaFRleHQQAhgEIAA
292,survivor,cleared_gates_0-4,Bar Down Hockey Shop NV,https://bardownhockeyshop.square.site/,Sporting Goods Store,sporting_goods_store,OPERATIONAL,4.3,6,true,gear-shop,sporting goods store,core,standard,covered_tile,0,operator,,,,ChIJayhFRykVmYARUOf8v6UMRqw,https://maps.google.com/?cid=12413623328923510608&g_mp=Cidnb29nbGUubWFwcy5wbGFjZXMudjEuUGxhY2VzLlNlYXJjaFRleHQQAhgEIAA
293,survivor,cleared_gates_0-4,Crux Events,http://cruxevents.com/,Services,service,OPERATIONAL,4.3,6,true,camping,tent rental,core,standard,covered_tile,0,operator,,,,ChIJ0Q-yb7ffm4ARF2CWo3kx36U,https://maps.google.com/?cid=11952326334569930775&g_mp=Cidnb29nbGUubWFwcy5wbGFjZXMudjEuUGxhY2VzLlNlYXJjaFRleHQQAhgEIAA
294,survivor,cleared_gates_0-4,Donut Shoppe,https://donutshoppeculture.com/,Sporting Goods Store,sporting_goods_store,OPERATIONAL,4.2,6,true,alpine-ski; gear-shop; snowboard,ski shop; snowboard shop; sporting goods store,core,standard,covered_tile,0,operator,,,,ChIJq9YL7OLfm4ARatMOunSqVuw,https://maps.google.com/?cid=17029986459262571370&g_mp=Cidnb29nbGUubWFwcy5wbGFjZXMudjEuUGxhY2VzLlNlYXJjaFRleHQQAhgEIAA
295,survivor,cleared_gates_0-4,Crystal Bay Marine,http://www.crystalbaymarine.net/,Suppliers,supplier,OPERATIONAL,3.7,6,true,pontoon,pontoon rental,core,standard,covered_tile,0,operator,,,,ChIJUQBkplFumYARkzb4mqPpFfo,https://maps.google.com/?cid=18020566372881806995&g_mp=Cidnb29nbGUubWFwcy5wbGFjZXMudjEuUGxhY2VzLlNlYXJjaFRleHQQAhgEIAA
296,survivor,cleared_gates_0-4,PGA TOUR,https://www.pgatour.com/,Sporting Goods Store,sporting_goods_store,OPERATIONAL,3.3,6,true,gear-shop,sporting goods store,core,standard,covered_tile,0,operator,,,,ChIJF0m8rXA_mYARfWDBXUgXhH4,https://maps.google.com/?cid=9116437145282764925&g_mp=Cidnb29nbGUubWFwcy5wbGFjZXMudjEuUGxhY2VzLlNlYXJjaFRleHQQAhgEIAA
297,survivor,cleared_gates_0-4,tahoetopliners sportfishing,http://tahoetopliners.com/,Fishing Charter,fishing_charter,OPERATIONAL,5,5,true,fishing-charter; powerboat,boat charter; fishing charter,core; gap,standard,covered_tile,0,operator,,,,ChIJc0n7n9qPmYARvXTD6OXbT8c,https://maps.google.com/?cid=14361939517206918333&g_mp=Cidnb29nbGUubWFwcy5wbGFjZXMudjEuUGxhY2VzLlNlYXJjaFRleHQQAhgEIAA
298,survivor,cleared_gates_0-4,LifeCycle,https://www.lifecycle-nv.com/contact/,Gym,gym,OPERATIONAL,5,5,true,cycling,bike shop,core,standard,covered_tile,0,operator,,,,ChIJVVVFRuoKmYARAGw72JoLHuk,https://maps.google.com/?cid=16797876419819170816&g_mp=Cidnb29nbGUubWFwcy5wbGFjZXMudjEuUGxhY2VzLlNlYXJjaFRleHQQAhgEIAA
299,survivor,cleared_gates_0-4,ahhNatural - The Most Trusted Natural Hot Tub Chemical Alternative,http://www.ahhnatural.com/,Store,store,OPERATIONAL,5,5,true,gear-shop,sporting goods store,core,standard,covered_tile,0,operator,,,,ChIJNRIvOxHgm4ARz9WoxrO4mHU,https://maps.google.com/?cid=8473725781169198543&g_mp=Cidnb29nbGUubWFwcy5wbGFjZXMudjEuUGxhY2VzLlNlYXJjaFRleHQQAhgEIAA
300,survivor,cleared_gates_0-4,J. Switzer & Co. LTD,https://jswitzerfirearms.com/,Sporting Goods Store,sporting_goods_store,OPERATIONAL,5,5,true,gear-shop,sporting goods store,core,standard,covered_tile,0,operator,,,,ChIJr0X6r8teCGQRMrFtgMnCg8A,https://maps.google.com/?cid=13872145447930147122&g_mp=Cidnb29nbGUubWFwcy5wbGFjZXMudjEuUGxhY2VzLlNlYXJjaFRleHQQAhgEIAA
301,survivor,cleared_gates_0-4,Donner Summit Rentals,http://www.donnersummitrentals.com/,Travel Agency,travel_agency,OPERATIONAL,4.8,5,true,alpine-ski,ski rental,core,standard,covered_tile,0,operator,,,,ChIJy1YKLu_nm4ARlxeebeSAsuQ,https://maps.google.com/?cid=16479375705082042263&g_mp=Cidnb29nbGUubWFwcy5wbGFjZXMudjEuUGxhY2VzLlNlYXJjaFRleHQQAhgEIAA
302,survivor,cleared_gates_0-4,Bijou Bike Park,https://tamba.org/projects/bijou-bike-park/,Park,park,OPERATIONAL,4.6,5,true,mtb,downhill bike park rental; mountain bike rental,core,standard,covered_tile,0,operator,,,,ChIJvd6wZwCRmYARCxZeVJnQF7w,https://maps.google.com/?cid=13553530960558822923&g_mp=Cidnb29nbGUubWFwcy5wbGFjZXMudjEuUGxhY2VzLlNlYXJjaFRleHQQAhgEIAA
303,survivor,cleared_gates_0-4,Kirkwood Village Plaza,https://www.kirkwood.com/explore-the-resort/during-your-stay/kirkwood-mountain-sports/kms-village-plaza.aspx,Plaza,plaza,OPERATIONAL,5,4,true,alpine-ski; snowboard,ski shop; snowboard shop,core,standard,covered_tile,0,operator,,,,ChIJnQ-d1bL2mYARv-3g_OnQr3Q,https://maps.google.com/?cid=8408168732712562111&g_mp=Cidnb29nbGUubWFwcy5wbGFjZXMudjEuUGxhY2VzLlNlYXJjaFRleHQQAhgEIAA
304,survivor,cleared_gates_0-4,Premium Disc Golf,http://www.premiumdiscgolf.com/,Sporting Goods Store,sporting_goods_store,OPERATIONAL,5,4,true,disc-golf,disc golf rental,core,standard,covered_tile,0,operator,,,,ChIJpYAADx2PmYARSjlq1BZt3Is,https://maps.google.com/?cid=10078050010968766794&g_mp=Cidnb29nbGUubWFwcy5wbGFjZXMudjEuUGxhY2VzLlNlYXJjaFRleHQQAhgEIAA
305,survivor,cleared_gates_0-4,2a Transfers & Accessories,https://2atransfers.com/,Sporting Goods Store,sporting_goods_store,OPERATIONAL,5,4,true,gear-shop,sporting goods store,core,standard,covered_tile,0,operator,,,,ChIJ26XeW6a5mYAR6xtFOZGCTWU,https://maps.google.com/?cid=7299634131280141291&g_mp=Cidnb29nbGUubWFwcy5wbGFjZXMudjEuUGxhY2VzLlNlYXJjaFRleHQQAhgEIAA
306,survivor,cleared_gates_0-4,PRE LOVED CHILDREN'S CLOTHING AND MORE,http://www.prelovedchildrensclothingandmore.com/,Thrift Store,thrift_store,OPERATIONAL,5,4,true,gear-shop,sporting goods store,core,standard,covered_tile,0,operator,,,,ChIJz_h0C-MLmYARmKj_50rocjY,https://maps.google.com/?cid=3923453633810639000&g_mp=Cidnb29nbGUubWFwcy5wbGFjZXMudjEuUGxhY2VzLlNlYXJjaFRleHQQAhgEIAA
307,survivor,cleared_gates_0-4,Tahoe LED Dance Floors,https://tahoeleddancefloors.com/,Services,service,OPERATIONAL,5,4,true,camping,tent rental,core,standard,covered_tile,0,operator,,,,ChIJNdEeoIrfm4ARYNp6lc4W8O8,https://maps.google.com/?cid=17289344046002264672&g_mp=Cidnb29nbGUubWFwcy5wbGFjZXMudjEuUGxhY2VzLlNlYXJjaFRleHQQAhgEIAA
308,survivor,cleared_gates_0-4,CHAOS Deals & Steals,https://chaosreno.com/,Store,store,OPERATIONAL,4.8,4,true,gear-shop,sporting goods store,core,standard,covered_tile,0,operator,,,,ChIJA408gn1BmYARR_aQDoBiMsg,https://maps.google.com/?cid=14425700858560837191&g_mp=Cidnb29nbGUubWFwcy5wbGFjZXMudjEuUGxhY2VzLlNlYXJjaFRleHQQAhgEIAA
309,survivor,cleared_gates_0-4,Expedition Kirkwood,https://www.kirkwood.com/plan-your-trip/ski-and-ride-lessons/category/expedition-kirkwood.aspx,,,OPERATIONAL,4,4,true,alpine-ski; backcountry-ski; snowboard,backcountry ski rental; ski rental; snowboard rental,core,standard,covered_tile,0,operator,,,,ChIJ3fIU9533mYAR2djzZKZq6j8,https://maps.google.com/?cid=4605610831830571225&g_mp=Cidnb29nbGUubWFwcy5wbGFjZXMudjEuUGxhY2VzLlNlYXJjaFRleHQQAhgEIAA
310,survivor,cleared_gates_0-4,Mountain Area Rentals,https://mountainarearentals.com/,Services,service,OPERATIONAL,5,3,true,camping; gear-shop,outdoor equipment rental; tent rental,core,standard,covered_tile,0,operator,,,,ChIJW6kImnuXmYARUnNyzKWfEGU,https://maps.google.com/?cid=7282496131906564946&g_mp=Cidnb29nbGUubWFwcy5wbGFjZXMudjEuUGxhY2VzLlNlYXJjaFRleHQQAhgEIAA
311,survivor,cleared_gates_0-4,Wanna Ride Tahoe Trail Shuttle Service,http://www.wannaridetahoe.com/,Transportation Service,transportation_service,OPERATIONAL,5,3,true,cycling; mtb,bike rental; mountain bike rental,core,standard,covered_tile,0,operator,,,,ChIJv5Tn-32amYARYlwbLEgICZE,https://maps.google.com/?cid=10450893516360604770&g_mp=Cidnb29nbGUubWFwcy5wbGFjZXMudjEuUGxhY2VzLlNlYXJjaFRleHQQAhgEIAA
312,survivor,cleared_gates_0-4,Paradise Pro Shop at Coconut Bowl,https://wildisland.com/paradise-pro-shop/,Sporting Goods Store,sporting_goods_store,OPERATIONAL,5,3,true,gear-shop,sporting goods store,core,standard,covered_tile,0,operator,,,,ChIJo8K10CE_mYAR7zQq2n41Fq4,https://maps.google.com/?cid=12544272631029445871&g_mp=Cidnb29nbGUubWFwcy5wbGFjZXMudjEuUGxhY2VzLlNlYXJjaFRleHQQAhgEIAA
313,survivor,cleared_gates_0-4,Everline Sports,https://www.hyatt.com/en-US/hotel/california/everline-resort-and-spa/rnodh,Services,service,OPERATIONAL,4.7,3,true,alpine-ski; backcountry-ski; nordic-ski; snowboard,cross country ski rental; ski rental; ski shop; snowboard rental; snowboard shop; splitboard rental,core,standard,covered_tile,0,operator,,,,ChIJi48B4MXZm4ARGixpfWViKDs,https://maps.google.com/?cid=4262765235341437978&g_mp=Cidnb29nbGUubWFwcy5wbGFjZXMudjEuUGxhY2VzLlNlYXJjaFRleHQQAhgEIAA
314,survivor,cleared_gates_0-4,"Dirt Tricks, Inc.",http://www.dirttricks.com/,Manufacturer,manufacturer,OPERATIONAL,3.7,3,true,cycling,bike shop,core,standard,covered_tile,0,operator,,,,ChIJJ630DtqimYARtvvAVzRrRgA,https://maps.google.com/?cid=19821120924482486&g_mp=Cidnb29nbGUubWFwcy5wbGFjZXMudjEuUGxhY2VzLlNlYXJjaFRleHQQAhgEIAA
315,survivor,cleared_gates_0-4,Sports Legends and More,https://www.sportslegendsandmore.com/,Store,store,OPERATIONAL,3.3,3,true,gear-shop,sporting goods store,core,standard,covered_tile,0,operator,,,,ChIJz2PMEB4_mYAR9DYVfYneOVM,https://maps.google.com/?cid=5997069060910954228&g_mp=Cidnb29nbGUubWFwcy5wbGFjZXMudjEuUGxhY2VzLlNlYXJjaFRleHQQAhgEIAA
316,survivor,cleared_gates_0-4,Tahoe jet ski,http://mrlasvegas.com/,Sporting Goods Store,sporting_goods_store,OPERATIONAL,2.3,3,true,alpine-ski; gear-shop; pwc,jet ski rental; ski rental; ski shop; sporting goods store; waverunner rental,core,standard,covered_tile,0,operator,,,,ChIJuT98TACRmYAR9XSGLcKVoNM,https://maps.google.com/?cid=15249352999496479989&g_mp=Cidnb29nbGUubWFwcy5wbGFjZXMudjEuUGxhY2VzLlNlYXJjaFRleHQQAhgEIAA
317,survivor,cleared_gates_0-4,Pirate Lake Tahoe,http://piratelaketahoe.com/,Services,service,OPERATIONAL,5,2,true,canoe; powerboat; sailing,boat charter; boat rental; canoe rental; sailboat rental,core,standard,covered_tile,0,operator,,,,ChIJrcGsyxaPmYARpMYAd8EzCLE,https://maps.google.com/?cid=12756502850545174180&g_mp=Cidnb29nbGUubWFwcy5wbGFjZXMudjEuUGxhY2VzLlNlYXJjaFRleHQQAhgEIAA
318,survivor,cleared_gates_0-4,Boat Rental,https://www.tahoedkboats.com/,Services,service,OPERATIONAL,5,2,true,canoe; pontoon; powerboat,boat rental; canoe rental; pontoon rental,core,standard,covered_tile,0,operator,,,,ChIJUXRv_b2PmYARhMFCa2UdWX4,https://maps.google.com/?cid=9104340443134607748&g_mp=Cidnb29nbGUubWFwcy5wbGFjZXMudjEuUGxhY2VzLlNlYXJjaFRleHQQAhgEIAA
319,survivor,cleared_gates_0-4,Ski Lease Tahoe,http://skileasetahoe.com/,Tourist Attraction,tourist_attraction,OPERATIONAL,5,2,true,alpine-ski; backcountry-ski; snowboard,backcountry ski rental; ski rental; snowboard rental,core,standard,covered_tile,0,operator,,,,ChIJU8gfxXyRmYAR6Z3qA4LsQE8,https://maps.google.com/?cid=5710824370661400041&g_mp=Cidnb29nbGUubWFwcy5wbGFjZXMudjEuUGxhY2VzLlNlYXJjaFRleHQQAhgEIAA
320,survivor,cleared_gates_0-4,Tahoe Vista Sports,https://www.tahoevistasports.com/,Suppliers,supplier,OPERATIONAL,5,2,true,pontoon; powerboat,boat rental; pontoon rental,core,standard,covered_tile,0,operator,,,,ChIJc26yN8pkmYAR7vaH0jeNpww,https://maps.google.com/?cid=911852720460658414&g_mp=Cidnb29nbGUubWFwcy5wbGFjZXMudjEuUGxhY2VzLlNlYXJjaFRleHQQAhgEIAA
321,survivor,cleared_gates_0-4,Tahoe Boat Repair and Storage LLC,https://www.tahoeboatstorage.com/,Suppliers,supplier,OPERATIONAL,5,2,true,pontoon,pontoon rental,core,standard,covered_tile,0,operator,,,,ChIJbZ72iO8FgoIRnCxKMk2pcC0,https://maps.google.com/?cid=3274303078119648412&g_mp=Cidnb29nbGUubWFwcy5wbGFjZXMudjEuUGxhY2VzLlNlYXJjaFRleHQQAhgEIAA
322,survivor,cleared_gates_0-4,Peninsula Ski Club,http://www.peninsulaskiclub.org/aboutus.html,Sporting Goods Store,sporting_goods_store,OPERATIONAL,5,2,true,alpine-ski; gear-shop; nordic-ski; snowboard,cross country ski rental; ski shop; snowboard shop; sporting goods store,core,standard,covered_tile,0,operator,,,,ChIJPaKvNe_nm4ARq7rgsr-wfas,https://maps.google.com/?cid=12357227289960823467&g_mp=Cidnb29nbGUubWFwcy5wbGFjZXMudjEuUGxhY2VzLlNlYXJjaFRleHQQAhgEIAA
323,survivor,cleared_gates_0-4,Viking Ski Club,https://sfvikingskiclub.org/,Camping cabin,camping_cabin,OPERATIONAL,5,2,true,alpine-ski,ski shop,core,standard,covered_tile,0,operator,,,,ChIJpwVmHu_nm4ARKAzWNISxA9M,https://maps.google.com/?cid=15205191948313168936&g_mp=Cidnb29nbGUubWFwcy5wbGFjZXMudjEuUGxhY2VzLlNlYXJjaFRleHQQAhgEIAA
324,survivor,cleared_gates_0-4,Fish Tight Lines Guide Service,https://fishtightlines.com/,Fishing Charter,fishing_charter,OPERATIONAL,5,2,true,fishing-charter; fly-fishing; outfitter; powerboat,boat charter; fishing charter; fly fishing outfitter; guide service outfitter,core; gap,standard,covered_tile,0,operator,,,,ChIJlwcU9KVfmYARN1PXTMZYTvA,https://maps.google.com/?cid=17315875226002084663&g_mp=Cidnb29nbGUubWFwcy5wbGFjZXMudjEuUGxhY2VzLlNlYXJjaFRleHQQAhgEIAA
325,survivor,cleared_gates_0-4,Celadon Events,http://www.celadonevents.net/,Services,service,OPERATIONAL,5,2,true,camping,tent rental,core,standard,covered_tile,0,operator,,,,ChIJPUvX1Oc_mYARbJl1Bi1xDLg,https://maps.google.com/?cid=13262099440895105388&g_mp=Cidnb29nbGUubWFwcy5wbGFjZXMudjEuUGxhY2VzLlNlYXJjaFRleHQQAhgEIAA
326,survivor,cleared_gates_0-4,Molten USA,http://www.moltenusa.com/,Sporting Goods Store,sporting_goods_store,OPERATIONAL,5,2,true,gear-shop,sporting goods store,core,standard,covered_tile,0,operator,,,,ChIJRyJ1NgsVmYARCpL3Xe7faWA,https://maps.google.com/?cid=6947330115067417098&g_mp=Cidnb29nbGUubWFwcy5wbGFjZXMudjEuUGxhY2VzLlNlYXJjaFRleHQQAhgEIAA
327,survivor,cleared_gates_0-4,Sunglass Outfitters By Sunglass Hut,https://stores.sunglasshut.com/us/nv/verdi/8650-boomtown-garson-rd?cid=YEXT_C167&y_source=1_OTgxMDkwMS03MTUtbG9jYXRpb24ud2Vic2l0ZQ%3D%3D,Store,store,OPERATIONAL,5,2,true,gear-shop,sporting goods store,core,standard,covered_tile,0,operator,,,,ChIJcSIMKNJEmYAReCnaLfX2QUI,https://maps.google.com/?cid=4774368612886129016&g_mp=Cidnb29nbGUubWFwcy5wbGFjZXMudjEuUGxhY2VzLlNlYXJjaFRleHQQAhgEIAA
328,survivor,cleared_gates_0-4,Trek Inc,http://www.trekdirect.com/,Manufacturer,manufacturer,OPERATIONAL,5,2,true,cycling,bike shop,core,standard,covered_tile,0,operator,,,,ChIJ53fok_s-mYARl0cdLu5sn_4,https://maps.google.com/?cid=18347503177162377111&g_mp=Cidnb29nbGUubWFwcy5wbGFjZXMudjEuUGxhY2VzLlNlYXJjaFRleHQQAhgEIAA
329,survivor,cleared_gates_0-4,Captain's Corner Tahoe,https://www.captainscornertahoe.com/,Store,store,OPERATIONAL,4.5,2,true,fishing-gear; powerboat,boat charter; boat rental; fishing bait and tackle shop,core; gap,standard,covered_tile,0,operator,,,,ChIJLVqWILuPmYARLPiziJK_fgQ,https://maps.google.com/?cid=323906859296880684&g_mp=Cidnb29nbGUubWFwcy5wbGFjZXMudjEuUGxhY2VzLlNlYXJjaFRleHQQAhgEIAA
330,survivor,cleared_gates_0-4,Aćcent,https://www.grandsierraresort.com/shopping,Clothing Store,clothing_store,OPERATIONAL,4.5,2,true,alpine-ski; backpacking; camping; climbing; gear-shop; snowboard,backpacking gear rental; camping gear rental; climbing gear rental; outdoor equipment rental; outdoor gear rental; ski rental; ski shop; snowboard rental; snowboard shop; sporting goods store,core,standard,covered_tile,0,operator,,,,ChIJFRR99YI_mYARQBdoI5lSUjs,https://maps.google.com/?cid=4274569814005520192&g_mp=Cidnb29nbGUubWFwcy5wbGFjZXMudjEuUGxhY2VzLlNlYXJjaFRleHQQAhgEIAA
331,survivor,cleared_gates_0-4,UCS Spirit,http://www.ucsspirit.com/,Sporting Goods Store,sporting_goods_store,OPERATIONAL,4,2,true,gear-shop,sporting goods store,core,standard,covered_tile,0,operator,,,,ChIJ4ZGlj2agmYAR8tYKb76FZYw,https://maps.google.com/?cid=10116639190910949106&g_mp=Cidnb29nbGUubWFwcy5wbGFjZXMudjEuUGxhY2VzLlNlYXJjaFRleHQQAhgEIAA
332,survivor,cleared_gates_0-4,Bike & Ski E.R.,http://www.bikeandskier.com/,Services,service,OPERATIONAL,4,2,true,alpine-ski; cycling,bike shop; ski shop,core,standard,covered_tile,0,operator,,,,ChIJCwgV2yznm4ARE8cvyYNmN8Y,https://maps.google.com/?cid=14282997459430917907&g_mp=Cidnb29nbGUubWFwcy5wbGFjZXMudjEuUGxhY2VzLlNlYXJjaFRleHQQAhgEIAA
333,survivor,cleared_gates_0-4,Nevada Guide Service,https://nevadaguideservice.com/,,,OPERATIONAL,3,2,true,hunting; outfitter,guide service outfitter; hunting guide outfitter,core; gap,standard,covered_tile,0,operator,,,,ChIJX_hnacwTmYARecgqeyq38UE,https://maps.google.com/?cid=4751780474935494777&g_mp=Cidnb29nbGUubWFwcy5wbGFjZXMudjEuUGxhY2VzLlNlYXJjaFRleHQQAhgEIAA
334,survivor,cleared_gates_0-4,Surf n' Foil Tahoe,https://www.surfnfoiltahoe.com/,,,OPERATIONAL,5,27,true,foil-surf,foil board rental,gap,service-area,service_area_unknown_location,,operator,,,,ChIJIS8f4SJAwGQRY_STjnFxYgY,https://maps.google.com/?cid=460054844482516067&g_mp=Cidnb29nbGUubWFwcy5wbGFjZXMudjEuUGxhY2VzLlNlYXJjaFRleHQQAhgEIAA
335,survivor,cleared_gates_0-4,Babes on a Boat: Tahoe Bachelorette Experience,https://babesonaboat.com/,Services,service,OPERATIONAL,5,1,true,canoe; powerboat,boat charter; boat rental; canoe rental,core,standard,covered_tile,0,operator,,,,ChIJdQRWLpCPmYARi2pd5ssRbAI,https://maps.google.com/?cid=174534053001521803&g_mp=Cidnb29nbGUubWFwcy5wbGFjZXMudjEuUGxhY2VzLlNlYXJjaFRleHQQAhgEIAA
336,survivor,cleared_gates_0-4,Tahoe Gal Tickets,https://tahoegal.com/schedule-rates/,Corporate Office,corporate_office,OPERATIONAL,5,1,true,powerboat,boat charter,core,standard,covered_tile,0,operator,,,,ChIJTwDwRXN9mYAR8ISj4ey8Yws,https://maps.google.com/?cid=820707282695455984&g_mp=Cidnb29nbGUubWFwcy5wbGFjZXMudjEuUGxhY2VzLlNlYXJjaFRleHQQAhgEIAA
337,survivor,cleared_gates_0-4,eBike Tahoe,https://ebiketahoe.com/,Services,service,OPERATIONAL,5,1,true,cycling; ebike,bike rental; bike shop; ebike rental,core,standard,covered_tile,0,operator,,,,ChIJ_2OXu-h9mYARdnrks1KAA6c,https://maps.google.com/?cid=12034603721957866102&g_mp=Cidnb29nbGUubWFwcy5wbGFjZXMudjEuUGxhY2VzLlNlYXJjaFRleHQQAhgEIAA
338,survivor,cleared_gates_0-4,Wild About Discs,https://www.wildaboutdiscs.com/,Sporting Goods Store,sporting_goods_store,OPERATIONAL,5,1,true,disc-golf; gear-shop,disc golf rental; sporting goods store,core,standard,covered_tile,0,operator,,,,ChIJl1Nj3KQLmYAREDt3t0KGanI,https://maps.google.com/?cid=8244549688959122192&g_mp=Cidnb29nbGUubWFwcy5wbGFjZXMudjEuUGxhY2VzLlNlYXJjaFRleHQQAhgEIAA
339,survivor,cleared_gates_0-4,Triple Cue Billiards | Pool Table Services & Repairs,http://www.triplecuebilliards.com/,Sporting Goods Store,sporting_goods_store,OPERATIONAL,5,1,true,gear-shop,sporting goods store,core,standard,covered_tile,0,operator,,,,ChIJw_Tjd8Lfm4ARRSBYTM-AadM,https://maps.google.com/?cid=15233848842384842821&g_mp=Cidnb29nbGUubWFwcy5wbGFjZXMudjEuUGxhY2VzLlNlYXJjaFRleHQQAhgEIAA
340,survivor,cleared_gates_0-4,Yardsale & Co.,https://loveyardsale.co/,Thrift Store,thrift_store,OPERATIONAL,5,1,true,gear-shop,sporting goods store,core,standard,covered_tile,0,operator,,,,ChIJaUPBIdPfm4AR68m0B8utOvM,https://maps.google.com/?cid=17526511987384961515&g_mp=Cidnb29nbGUubWFwcy5wbGFjZXMudjEuUGxhY2VzLlNlYXJjaFRleHQQAhgEIAA
341,survivor,cleared_gates_0-4,Brown Chicken Log Works,http://brownchicken.com/,Manufacturer,manufacturer,OPERATIONAL,5,1,true,gear-shop,sporting goods store,core,standard,covered_tile,0,operator,,,,ChIJ18S2xD3gm4AR51gEoNrMs8Q,https://maps.google.com/?cid=14173897691624659175&g_mp=Cidnb29nbGUubWFwcy5wbGFjZXMudjEuUGxhY2VzLlNlYXJjaFRleHQQAhgEIAA
342,survivor,cleared_gates_0-4,Legendary Bowling Services,https://legendarybowling.com/,Sporting Goods Store,sporting_goods_store,OPERATIONAL,5,1,true,gear-shop,sporting goods store,core,standard,covered_tile,0,operator,,,,ChIJH6yP8PVHmYARVHTJTm11xnM,https://maps.google.com/?cid=8342484472084132948&g_mp=Cidnb29nbGUubWFwcy5wbGFjZXMudjEuUGxhY2VzLlNlYXJjaFRleHQQAhgEIAA
343,survivor,cleared_gates_0-4,Golf Lessons in Reno,http://www.golflessonsreno.org/,Sports School,sports_school,OPERATIONAL,5,1,true,gear-shop,sporting goods store,core,standard,covered_tile,0,operator,,,,ChIJ6QMF9AZBmYARE4uk6Y42qjg,https://maps.google.com/?cid=4083135999597906707&g_mp=Cidnb29nbGUubWFwcy5wbGFjZXMudjEuUGxhY2VzLlNlYXJjaFRleHQQAhgEIAA
344,survivor,cleared_gates_0-4,Giraffe Inc,http://www.giraffeinc.com/,Services,service,OPERATIONAL,5,1,true,camping,tent rental,core,standard,covered_tile,0,operator,,,,ChIJp2AAvRM_mYAR9tEkDpcdxlI,https://maps.google.com/?cid=5964487291113361910&g_mp=Cidnb29nbGUubWFwcy5wbGFjZXMudjEuUGxhY2VzLlNlYXJjaFRleHQQAhgEIAA
345,survivor,cleared_gates_0-4,Three R's Ranch,http://www.threersranch.com/,Ranch,ranch,OPERATIONAL,5,1,true,gear-shop,sporting goods store,core,standard,covered_tile,0,operator,,,,ChIJnc1n4aFNmYARh8706QcuRRY,https://maps.google.com/?cid=1604739453752233607&g_mp=Cidnb29nbGUubWFwcy5wbGFjZXMudjEuUGxhY2VzLlNlYXJjaFRleHQQAhgEIAA
346,survivor,cleared_gates_0-4,Truckee Mountain Vacation,http://www.tmvr.com/,Travel Agency,travel_agency,OPERATIONAL,5,1,true,alpine-ski,ski rental,core,standard,covered_tile,0,operator,,,,ChIJeV5k8sDgm4ARz3YsILeBn8U,https://maps.google.com/?cid=14240243170287580879&g_mp=Cidnb29nbGUubWFwcy5wbGFjZXMudjEuUGxhY2VzLlNlYXJjaFRleHQQAhgEIAA
347,survivor,cleared_gates_0-4,Donner Ski Ranch Lift #1,https://www.donnerskiranch.com/,Ski Resort,ski_resort,OPERATIONAL,4,1,true,alpine-ski,ski shop,core,standard,covered_tile,0,operator,,,,ChIJEfgCWFjnm4ARjTG54UF-8FA,https://maps.google.com/?cid=5832300338869776781&g_mp=Cidnb29nbGUubWFwcy5wbGFjZXMudjEuUGxhY2VzLlNlYXJjaFRleHQQAhgEIAA
348,survivor,cleared_gates_0-4,take aim targets,https://takeaimtargets.com/,Sporting Goods Store,sporting_goods_store,OPERATIONAL,2,1,true,gear-shop,sporting goods store,core,standard,covered_tile,0,operator,,,,ChIJpRrUHRY_mYARaqbt06BNxJ8,https://maps.google.com/?cid=11512411900611503722&g_mp=Cidnb29nbGUubWFwcy5wbGFjZXMudjEuUGxhY2VzLlNlYXJjaFRleHQQAhgEIAA
349,survivor,cleared_gates_0-4,Tahoe Yacht Charters,https://www.tahoeyachtcharters.com/,Tour Agency,tour_agency,OPERATIONAL,1,1,true,powerboat; sailing,boat charter; sailboat rental,core,standard,covered_tile,0,operator,,,,ChIJJ0YDNgBxmYARvZIvIzMKrRw,https://maps.google.com/?cid=2066319018782855869&g_mp=Cidnb29nbGUubWFwcy5wbGFjZXMudjEuUGxhY2VzLlNlYXJjaFRleHQQAhgEIAA
350,survivor,cleared_gates_0-4,Sierra Mountain Sports,https://sierraattahoe.com/sierra-mountain-sports/,Store,store,OPERATIONAL,,0,true,gear-shop,sporting goods store,core,standard,covered_tile,0,operator,,,,ChIJ534AdwCLmYAR-D0xyc4Ujvg,https://maps.google.com/?cid=17910275646470307320&g_mp=Cidnb29nbGUubWFwcy5wbGFjZXMudjEuUGxhY2VzLlNlYXJjaFRleHQQAhgEIAA
351,survivor,cleared_gates_0-4,Boatsetter - Tahoe Keys Marina,http://www.boatsetter.com/,Services,service,OPERATIONAL,,0,true,canoe; powerboat,boat rental; canoe rental,core,standard,covered_tile,0,operator,,,,ChIJcyXI39CPmYARWZtJ-BWL6FI,https://maps.google.com/?cid=5974177832183110489&g_mp=Cidnb29nbGUubWFwcy5wbGFjZXMudjEuUGxhY2VzLlNlYXJjaFRleHQQAhgEIAA
352,survivor,cleared_gates_0-4,"Stateline Shack ""The Shack""",https://theshack.pro/,Store,store,OPERATIONAL,,0,true,sup,paddleboard rental,core,standard,covered_tile,0,operator,,,,ChIJDZAoWzObmYARkCVmslf1eEM,https://maps.google.com/?cid=4861905554750449040&g_mp=Cidnb29nbGUubWFwcy5wbGFjZXMudjEuUGxhY2VzLlNlYXJjaFRleHQQAhgEIAA
353,survivor,cleared_gates_0-4,Ski Rental Systems,http://skirentalsystems.com/,Services,service,OPERATIONAL,,0,true,alpine-ski; backcountry-ski,ski rental; ski shop; splitboard rental,core,standard,covered_tile,0,operator,,,,ChIJpS60CuyBt4cRnRfPy5-HW78,https://maps.google.com/?cid=13788763804513802141&g_mp=Cidnb29nbGUubWFwcy5wbGFjZXMudjEuUGxhY2VzLlNlYXJjaFRleHQQAhgEIAA
354,survivor,cleared_gates_0-4,Haus Quiver South Lake Tahoe,http://hausquiver.com/,Services,service,OPERATIONAL,,0,true,alpine-ski; snowboard,ski rental; ski shop; snowboard rental; snowboard shop,core,standard,covered_tile,0,operator,,,,ChIJ-4ZDrbSRmYARyrqUYX9pWPc,https://maps.google.com/?cid=17823111521137638090&g_mp=Cidnb29nbGUubWFwcy5wbGFjZXMudjEuUGxhY2VzLlNlYXJjaFRleHQQAhgEIAA
355,survivor,cleared_gates_0-4,Ice Rink @ Edgewood,https://edgewoodtahoe.com/resort-activities/edgewood-on-ice/,Sports Complex,sports_complex,OPERATIONAL,,0,true,ice-skate,ice skate rental,core,standard,covered_tile,0,operator,,,,ChIJAQAQJ5iamYARA_M_iHBhegg,https://maps.google.com/?cid=610907835412247299&g_mp=Cidnb29nbGUubWFwcy5wbGFjZXMudjEuUGxhY2VzLlNlYXJjaFRleHQQAhgEIAA
356,survivor,cleared_gates_0-4,The boat,https://wwww.boatreuntl.com/,Services,service,OPERATIONAL,,0,true,canoe; pontoon; powerboat,boat rental; canoe rental; pontoon rental,core,standard,covered_tile,0,operator,,,,ChIJx3A6Gjh9mYARcesckIY6EMk,https://maps.google.com/?cid=14488144350868728689&g_mp=Cidnb29nbGUubWFwcy5wbGFjZXMudjEuUGxhY2VzLlNlYXJjaFRleHQQAhgEIAA
357,survivor,cleared_gates_0-4,Tahoe Surf Boat,https://www.tahoesurfboat.com/,Services,service,OPERATIONAL,,0,true,canoe; kayak; pontoon; powerboat,boat rental; canoe rental; kayak rental; pontoon rental,core,standard,covered_tile,0,operator,,,,ChIJh3I2gyN9mYARmUWUbzCeYOM,https://maps.google.com/?cid=16384269375241471385&g_mp=Cidnb29nbGUubWFwcy5wbGFjZXMudjEuUGxhY2VzLlNlYXJjaFRleHQQAhgEIAA
358,survivor,cleared_gates_0-4,JBL WATERSPORTS,https://jblwatersports.com/,Services,service,OPERATIONAL,,0,true,alpine-ski; canoe; pontoon; powerboat; wakeboard; watersports,boat rental; canoe rental; pontoon rental; ski rental; wakeboard boat rental; watersports rental,core,standard,covered_tile,0,operator,,,,ChIJE4N00Md9mYAROuhns7O5F4g,https://maps.google.com/?cid=9806510895082760250&g_mp=Cidnb29nbGUubWFwcy5wbGFjZXMudjEuUGxhY2VzLlNlYXJjaFRleHQQAhgEIAA
359,survivor,cleared_gates_0-4,Precision Approach,https://precisionapproachsports.com/,Sporting Goods Store,sporting_goods_store,OPERATIONAL,,0,true,alpine-ski; gear-shop; snowboard,ski shop; snowboard shop; sporting goods store,core,standard,covered_tile,0,operator,,,,ChIJI5NJtGNxmYARonqzQWaQwl0,https://maps.google.com/?cid=6756121159872510626&g_mp=Cidnb29nbGUubWFwcy5wbGFjZXMudjEuUGxhY2VzLlNlYXJjaFRleHQQAhgEIAA
360,survivor,cleared_gates_0-4,CHECKtheFeed Snowboarding,https://shop.checkthefeed.com/,Sporting Goods Store,sporting_goods_store,OPERATIONAL,,0,true,alpine-ski; gear-shop; snowboard,ski shop; snowboard shop; sporting goods store,core,standard,covered_tile,0,operator,,,,ChIJUS64gHtxmYARSVIRt9r3FN0,https://maps.google.com/?cid=15930630300662583881&g_mp=Cidnb29nbGUubWFwcy5wbGFjZXMudjEuUGxhY2VzLlNlYXJjaFRleHQQAhgEIAA
361,survivor,cleared_gates_0-4,Babes On A Boat,http://babesonaboat.com/,Tour Agency,tour_agency,OPERATIONAL,,0,true,pontoon; powerboat,boat charter; boat rental; pontoon rental,core,standard,covered_tile,0,operator,,,,ChIJf2xo-w9wmYARo43ikkBuNK0,https://maps.google.com/?cid=12480721690971770275&g_mp=Cidnb29nbGUubWFwcy5wbGFjZXMudjEuUGxhY2VzLlNlYXJjaFRleHQQAhgEIAA
362,survivor,cleared_gates_0-4,Reno-Tahoe Restroom Trailers,https://www.renotahoerestroomtrailers.com/,Services,service,OPERATIONAL,,0,true,camping,tent rental,core,standard,covered_tile,0,operator,,,,ChIJkyLgdRHGEWQRmNUpfpeRbnw,https://maps.google.com/?cid=8966263987983996312&g_mp=Cidnb29nbGUubWFwcy5wbGFjZXMudjEuUGxhY2VzLlNlYXJjaFRleHQQAhgEIAA
363,survivor,cleared_gates_0-4,Donner Ski Ranch Magic Carpet,https://www.donnerskiranch.com/skischool,Ski Resort,ski_resort,OPERATIONAL,,0,true,snowboard,snowboard rental,core,standard,covered_tile,0,operator,,,,ChIJnRLZM5Pnm4ARUTuNyimoq8o,https://maps.google.com/?cid=14603951114124344145&g_mp=Cidnb29nbGUubWFwcy5wbGFjZXMudjEuUGxhY2VzLlNlYXJjaFRleHQQAhgEIAA
364,survivor,cleared_gates_0-4,stoke the goat,http://www.stokethegoat.com/,Store,store,OPERATIONAL,,0,true,gear-shop,sporting goods store,core,standard,covered_tile,0,operator,,,,ChIJ-5tMxWXnm4AR720yeV88Ors,https://maps.google.com/?cid=13491162014494649839&g_mp=Cidnb29nbGUubWFwcy5wbGFjZXMudjEuUGxhY2VzLlNlYXJjaFRleHQQAhgEIAA
365,survivor,cleared_gates_0-4,no,https://www.2minus1.shop/?utm_source=google&utm_medium=wix_google_business_profile&utm_campaign=14371453408082140483,Sporting Goods Store,sporting_goods_store,OPERATIONAL,,0,true,gear-shop; snowboard,snowboard shop; sporting goods store,core,standard,covered_tile,0,operator,,,,ChIJsXW_-erfm4ARpA3QmEjdsS0,https://maps.google.com/?cid=3292656106455698852&g_mp=Cidnb29nbGUubWFwcy5wbGFjZXMudjEuUGxhY2VzLlNlYXJjaFRleHQQAhgEIAA
366,survivor,cleared_gates_0-4,Linchpin Bikes,http://linchpinbikes.com/,Bicycle Shop,bicycle_store,OPERATIONAL,,0,true,cycling; gear-shop,bike shop; sporting goods store,core,standard,covered_tile,0,operator,,,,ChIJlzE1GbDfm4AR0jeeZvmDNNg,https://maps.google.com/?cid=15579222118173128658&g_mp=Cidnb29nbGUubWFwcy5wbGFjZXMudjEuUGxhY2VzLlNlYXJjaFRleHQQAhgEIAA
367,survivor,cleared_gates_0-4,Blue Action Sports,http://blueactionsports.com/,Sporting Goods Store,sporting_goods_store,OPERATIONAL,,0,true,gear-shop,sporting goods store,core,standard,covered_tile,0,operator,,,,ChIJZ6o4QotgmYAR5e2NvXtLGdI,https://maps.google.com/?cid=15139214617215888869&g_mp=Cidnb29nbGUubWFwcy5wbGFjZXMudjEuUGxhY2VzLlNlYXJjaFRleHQQAhgEIAA
368,survivor,cleared_gates_0-4,DYNACCESS LTD,https://dynaccessltd.com/,Sporting Goods Store,sporting_goods_store,OPERATIONAL,,0,true,alpine-ski; gear-shop,ski shop; sporting goods store,core,standard,covered_tile,0,operator,,,,ChIJO2g7IT8VmYARCoQApdMCR3k,https://maps.google.com/?cid=8738956709965366282&g_mp=Cidnb29nbGUubWFwcy5wbGFjZXMudjEuUGxhY2VzLlNlYXJjaFRleHQQAhgEIAA
369,survivor,cleared_gates_0-4,3D Bike Fit,http://www.3dbikefit.com/,Bicycle Shop,bicycle_store,OPERATIONAL,,0,true,cycling,bike shop,core,standard,covered_tile,0,operator,,,,ChIJLQT53VUVmYARH7gses0_CnY,https://maps.google.com/?cid=8505680997993199647&g_mp=Cidnb29nbGUubWFwcy5wbGFjZXMudjEuUGxhY2VzLlNlYXJjaFRleHQQAhgEIAA
370,survivor,cleared_gates_0-4,Blush Camper Co.,https://www.blushcamperco.com/,Services,service,OPERATIONAL,,0,true,camping,tent rental,core,standard,covered_tile,0,operator,,,,ChIJPcKqORUVmYAR38UJytj34jQ,https://maps.google.com/?cid=3810880745183495647&g_mp=Cidnb29nbGUubWFwcy5wbGFjZXMudjEuUGxhY2VzLlNlYXJjaFRleHQQAhgEIAA
371,survivor,cleared_gates_0-4,Outdoor Cover Warehouse,https://www.outdoorcoverwarehouse.com/Reno-Nevada-01?utm_source=google&utm_medium=gmb&utm_campaign=Reno-Nevada-01,Sporting Goods Store,sporting_goods_store,OPERATIONAL,,0,true,gear-shop,sporting goods store,core,standard,covered_tile,0,operator,,,,ChIJydURVyVBmYARUqN5xRdZCoM,https://maps.google.com/?cid=9442457527367869266&g_mp=Cidnb29nbGUubWFwcy5wbGFjZXMudjEuUGxhY2VzLlNlYXJjaFRleHQQAhgEIAA
372,survivor,cleared_gates_0-4,Elvy Suspension,http://www.elvysuspension.com/,Services,service,OPERATIONAL,,0,true,cycling,bike shop,core,standard,covered_tile,0,operator,,,,ChIJ911bY-JBmYARexTcJ01KWQc,https://maps.google.com/?cid=529536126434415739&g_mp=Cidnb29nbGUubWFwcy5wbGFjZXMudjEuUGxhY2VzLlNlYXJjaFRleHQQAhgEIAA
373,survivor,cleared_gates_0-4,Drift Adventures,https://www.drift-adventures.com/,Tour Agency,tour_agency,OPERATIONAL,,0,true,fly-fishing; outfitter,adventure outfitter; fly fishing outfitter,core; gap,standard,covered_tile,0,operator,,,,ChIJ22Ir-vc_mYARtB_ASEF6qao,https://maps.google.com/?cid=12297494678323863476&g_mp=Cidnb29nbGUubWFwcy5wbGFjZXMudjEuUGxhY2VzLlNlYXJjaFRleHQQAhgEIAA
374,survivor,cleared_gates_0-4,Champions,https://www.discoverchampions.com/our-locations/reno/nv/001390,Shoe Store,shoe_store,OPERATIONAL,,0,true,gear-shop,sporting goods store,core,standard,covered_tile,0,operator,,,,ChIJ55Yeh9lHmYARW5McxWPZ3f0,https://maps.google.com/?cid=18293016283980796763&g_mp=Cidnb29nbGUubWFwcy5wbGFjZXMudjEuUGxhY2VzLlNlYXJjaFRleHQQAhgEIAA
375,survivor,cleared_gates_0-4,High Desert Archery Reno,http://www.highdesertarcherynv.com/,Sports Activity Location,sports_activity_location,OPERATIONAL,4.5,48,true,archery,archery pro shop; archery range,gap,standard,covered_tile,0,operator,,,,ChIJn4NRm2c_mYARA1hSIv9WIfo,https://maps.google.com/?cid=18023782837505906691&g_mp=Cidnb29nbGUubWFwcy5wbGFjZXMudjEuUGxhY2VzLlNlYXJjaFRleHQQAhgEIAA
376,survivor,cleared_gates_0-4,Carson City Centennial Park Archery Range,http://www.clearcreekbowmen.com/,Sports Activity Location,sports_activity_location,OPERATIONAL,4.8,13,true,archery,archery pro shop; archery range,gap,standard,covered_tile,0,operator,,,,ChIJYxHckB8KmYARtyYl0qc4ZRU,https://maps.google.com/?cid=1541700740880606903&g_mp=Cidnb29nbGUubWFwcy5wbGFjZXMudjEuUGxhY2VzLlNlYXJjaFRleHQQAhgEIAA
377,survivor,cleared_gates_0-4,Hunter's Bigger Fish,http://huntersbiggerfish.com/,Fishing Charter,fishing_charter,OPERATIONAL,4.6,9,true,fishing-charter; fly-fishing,fishing charter; fly fishing outfitter,gap,standard,covered_tile,0,operator,,,,ChIJCcDsdZjfm4AR9IZtywC9KAw,https://maps.google.com/?cid=876157938634163956&g_mp=Cidnb29nbGUubWFwcy5wbGFjZXMudjEuUGxhY2VzLlNlYXJjaFRleHQQAhgEIAA
378,survivor,cleared_gates_0-4,Sawmill Lake Private Water Fly Fishing,http://www.tahoeflyfishing.com/,Fishing Charter,fishing_charter,OPERATIONAL,4.2,9,true,fishing-charter; fly-fishing,fishing charter; fly fishing outfitter,gap,standard,covered_tile,0,operator,,,,ChIJ342p8srfm4ARij5KU6LiwFE,https://maps.google.com/?cid=5890957499410562698&g_mp=Cidnb29nbGUubWFwcy5wbGFjZXMudjEuUGxhY2VzLlNlYXJjaFRleHQQAhgEIAA
379,survivor,cleared_gates_0-4,Maher's Guide Service,http://www.mahersguideservice.com/,Fishing Charter,fishing_charter,OPERATIONAL,5,3,true,fishing-charter,fishing charter,gap,standard,covered_tile,0,operator,,,,ChIJodtW1-5gmYARPEmSufGP0l0,https://maps.google.com/?cid=6760624258999798076&g_mp=Cidnb29nbGUubWFwcy5wbGFjZXMudjEuUGxhY2VzLlNlYXJjaFRleHQQAhgEIAA
380,survivor,cleared_gates_0-4,Tahoe Marine Mart,http://tahoemarinemart.com/,Store,store,OPERATIONAL,5,2,true,fishing-gear,fishing bait and tackle shop,gap,standard,covered_tile,0,operator,,,,ChIJcxlFXeePmYARjD7EUP01zlg,https://maps.google.com/?cid=6399111482638089868&g_mp=Cidnb29nbGUubWFwcy5wbGFjZXMudjEuUGxhY2VzLlNlYXJjaFRleHQQAhgEIAA
381,survivor,cleared_gates_0-4,Jansen Inshore Tackle Inc,http://www.fishandsave.com/,Store,store,OPERATIONAL,3,2,true,fishing-gear; fly-fishing,fishing bait and tackle shop; fly fishing outfitter,gap,standard,covered_tile,0,operator,,,,ChIJR-E1TqIKmYARpC1kqChygQk,https://maps.google.com/?cid=684954137286421924&g_mp=Cidnb29nbGUubWFwcy5wbGFjZXMudjEuUGxhY2VzLlNlYXJjaFRleHQQAhgEIAA
382,survivor,cleared_gates_0-4,Kane Klassics Rod Co,http://kaneklassics.com/,Store,store,OPERATIONAL,5,1,true,fishing-gear; fly-fishing,fishing bait and tackle shop; fly fishing outfitter,gap,standard,covered_tile,0,operator,,,,ChIJm4AUfVVJmYARN34Z7MjwpNk,https://maps.google.com/?cid=15682924548156128823&g_mp=Cidnb29nbGUubWFwcy5wbGFjZXMudjEuUGxhY2VzLlNlYXJjaFRleHQQAhgEIAA
383,survivor,cleared_gates_0-4,Five Dot Ranch Fly Fishing,http://fivedotflyfishing.com/?page_id=246,Fishing Charter,fishing_charter,OPERATIONAL,,0,true,fishing-charter; fly-fishing,fishing charter; fly fishing outfitter,gap,standard,covered_tile,0,operator,,,,ChIJlyLTgC1BmYARQR1IEeAMWTA,https://maps.google.com/?cid=3483829943249935681&g_mp=Cidnb29nbGUubWFwcy5wbGFjZXMudjEuUGxhY2VzLlNlYXJjaFRleHQQAhgEIAA
384,survivor,cleared_gates_0-4,Ground Zero Outfitters,http://groundzeroutfitters.com/,Sports Club,sports_club,OPERATIONAL,,0,true,hunting,hunting guide outfitter,gap,standard,covered_tile,0,operator,,,,ChIJTWUmTNM2mYARJIFpETB64s4,https://maps.google.com/?cid=14907612063418908964&g_mp=Cidnb29nbGUubWFwcy5wbGFjZXMudjEuUGxhY2VzLlNlYXJjaFRleHQQAhgEIAA
385,survivor,cleared_gates_0-4,Donner Summit SNO-Park,http://ohv.parks.ca.gov/?page_id=23055,Park,park,OPERATIONAL,4.5,1006,false,snow-tube,snow tube rental,experience,standard,covered_tile,0,operator,,,,ChIJCbjInirmm4AR4qHf5fDwlgY,https://maps.google.com/?cid=474831728173621730&g_mp=Cidnb29nbGUubWFwcy5wbGFjZXMudjEuUGxhY2VzLlNlYXJjaFRleHQQAhgEIAA
386,survivor,cleared_gates_0-4,Kahle Park,https://communityservices.douglascountynv.gov/cms/one.aspx?portalid=12493164&pageid=12634748,Park,park,OPERATIONAL,4.7,340,false,snow-tube,snow tube rental,experience,standard,covered_tile,0,operator,,,,ChIJJ-L6EYaamYAR1sa8Jhwp7BI,https://maps.google.com/?cid=1363509988072146646&g_mp=Cidnb29nbGUubWFwcy5wbGFjZXMudjEuUGxhY2VzLlNlYXJjaFRleHQQAhgEIAA
387,survivor,cleared_gates_0-4,Woodward Tahoe,http://www.woodwardtahoe.com/,Skatepark,skateboard_park,OPERATIONAL,4.5,199,false,snow-tube,snow tube rental,experience,standard,covered_tile,0,operator,,,,ChIJEzt8Qofom4ARyIQcftdni-o,https://maps.google.com/?cid=16900716201869345992&g_mp=Cidnb29nbGUubWFwcy5wbGFjZXMudjEuUGxhY2VzLlNlYXJjaFRleHQQAhgEIAA
388,survivor,cleared_gates_0-4,Blackwood Canyon SNO-PARK,http://ohv.parks.ca.gov/?page_id=23061,Park,park,OPERATIONAL,4.6,187,false,snow-tube,sled rental; snow tube rental,experience,standard,covered_tile,0,operator,,,,ChIJOUn9gx1-mYAR98WK7QvzBOY,https://maps.google.com/?cid=16574639761185752567&g_mp=Cidnb29nbGUubWFwcy5wbGFjZXMudjEuUGxhY2VzLlNlYXJjaFRleHQQAhgEIAA
389,survivor,cleared_gates_0-4,Spooner Summit Snow Play Area,http://www.sierrasnowplay.com/tahoe/spooner_summit.html,Ski Resort,ski_resort,OPERATIONAL,4.6,142,false,snow-tube,snow tube rental,experience,standard,covered_tile,0,operator,,,,ChIJ2y-JMEOdmYARsCLeHjWgEVY,https://maps.google.com/?cid=6201914311877468848&g_mp=Cidnb29nbGUubWFwcy5wbGFjZXMudjEuUGxhY2VzLlNlYXJjaFRleHQQAhgEIAA
390,survivor,cleared_gates_0-4,Echo Summit Tahoe Rim Trail,https://tahoerimtrail.org/,Hiking Area,hiking_area,OPERATIONAL,4.3,51,false,snow-tube,snow tube rental,experience,standard,covered_tile,0,operator,,,,ChIJbx9PJfeMmYARHfwYOXbGQ14,https://maps.google.com/?cid=6792490874071219229&g_mp=Cidnb29nbGUubWFwcy5wbGFjZXMudjEuUGxhY2VzLlNlYXJjaFRleHQQAhgEIAA
391,survivor,cleared_gates_0-4,Sled Hill,https://ntpud.org/recreation-parks/parks-facilities/north-tahoe-regional-park/,Park,park,OPERATIONAL,4.3,46,false,snow-tube,snow tube rental,experience,standard,covered_tile,0,operator,,,,ChIJJ8XjE71kmYARbDr74fFkPJ0,https://maps.google.com/?cid=11330041752598559340&g_mp=Cidnb29nbGUubWFwcy5wbGFjZXMudjEuUGxhY2VzLlNlYXJjaFRleHQQAhgEIAA
