status,changed,rank,name,website,categories,review_categories,confidence,evidence_snippet,note
"needs_review","no_rentals→needs_review","1","ASC Training Center (formerly Auburn Ski Club)","http://asctrainingcenter.org/","","","low","Site under maintenance; only program registration shown. Formerly Auburn Ski Club, a Nordic center that historically rents XC ski gear — browse live to confirm.","Patch: original run made a confident no_rentals on a thin/partial fetch; flip to needs_review (browse live)."
"needs_review","no_rentals→needs_review","7","Alpenglow Expeditions","https://alpenglowexpeditions.com/","","","low","Cache captured only the homepage nav (guide/expedition tours). User reports a gear demo program; no shop/demo page fetched — browse live.","Patch: original run made a confident no_rentals on a thin/partial fetch; flip to needs_review (browse live)."
"needs_review","","8","Alpenglow Sports","http://www.alpenglowsports.com/","","snow_sports;camping","low","Fetched pages show a retail store with demo-gear navigation and demo-gear sale pages, but no clear rental pricing or take-away rental page.","Possible winter demo and backpacking demo program, but positive rental evidence is not clear enough."
"needs_review","no_rentals→needs_review","14","Bicycle Service Center","http://bicycleservicecenter.com/","","","low","Site is a 'Coming Soon' placeholder; bike shop/repair — cannot confirm or rule out rentals.","Patch: original run made a confident no_rentals on a thin/partial fetch; flip to needs_review (browse live)."
"needs_review","","41","Doing It Big Rentals","https://doingitbigrentals.com/","","water_sports","low","No reachable website or fetched rental evidence was available beyond the business name.","Name suggests rentals, but category and inventory are unconfirmed."
"needs_review","","44","Donner Memorial State Park Watersport Rental","","","water_sports","low","No website or fetched rental page was available, though the business name suggests a watersport rental concession.","Needs URL/category confirmation."
"needs_review","","48","Eastlake Ebike Rentals","","","electric_transport;road_cycling","low","No website or fetched rental page was available beyond the Eastlake Ebike Rentals listing name.","Likely e-bike rentals, but no citable rental URL in the batch."
"needs_review","no_rentals→needs_review","64","Heavenly Sports - Tamarack Lodge","","","","low","No page fetched; part of the Heavenly Sports ski-rental chain (sibling locations rent ski/snowboard). Confirm this location's rentals.","Patch: original run made a confident no_rentals on a thin/partial fetch; flip to needs_review (browse live)."
"needs_review","no_rentals→needs_review","67","Just So Scuba","","","","low","No website fetched; scuba operator that plausibly rents dive gear vs. guide/instruct only.","Patch: original run made a confident no_rentals on a thin/partial fetch; flip to needs_review (browse live)."
"needs_review","no_rentals→needs_review","79","Lake Tahoe Floats","http://www.laketahoefloats.com/","","","low","Site unreachable; name implies raft/float rentals — confirm self-guided rental vs. tour.","Patch: original run made a confident no_rentals on a thin/partial fetch; flip to needs_review (browse live)."
"needs_review","no_rentals→needs_review","85","Love Your Life BackCountry","https://loveyourlifebackcountry.com/","","","low","Site 'under construction'; backcountry name implies possible ski/gear rental.","Patch: original run made a confident no_rentals on a thin/partial fetch; flip to needs_review (browse live)."
"needs_review","no_rentals→needs_review","87","Moto Tahoe","","","","low","No website fetched; 'Moto' implies motorcycle/off-road rental or tours — confirm.","Patch: original run made a confident no_rentals on a thin/partial fetch; flip to needs_review (browse live)."
"needs_review","no_rentals→needs_review","102","Paddle To You","http://www.paddletoyoutahoe.com/","","","low","Fetched page had no text; name implies mobile SUP/kayak rental delivery — confirm.","Patch: original run made a confident no_rentals on a thin/partial fetch; flip to needs_review (browse live)."
"needs_review","no_rentals→needs_review","117","Quiver Sports","http://www.quiversports.com/","","","low","No page fetched; ski/board 'quiver' shop that plausibly rents — confirm.","Patch: original run made a confident no_rentals on a thin/partial fetch; flip to needs_review (browse live)."
"needs_review","no_rentals→needs_review","120","RMU Truckee Ski Shop","https://mtnculture.com/pages/rmu-truckee","","","low","Ski-brand flagship store with a 'Demo RMU Skis' locator; unclear if a paid ski demo/rental program runs at the Truckee shop — confirm.","Patch: original run made a confident no_rentals on a thin/partial fetch; flip to needs_review (browse live)."
"needs_review","","146","SnoVentures Activity Zone","","","snow_sports","low","SnoVentures Activity Zone SnoVentures Activity Zone SnoVentures Activity Zone ski_resort sports_activity_location point_of_interest establishment","Insufficient positive evidence for a confirmed triaged rental verdict."
"needs_review","no_rentals→needs_review","161","Totally Board","http://www.totallyboardtahoe.com/","","","low","Only page title fetched: 'Truckee's Premier Snowboard & Skate Shop.' Snowboard shops commonly rent — confirm.","Patch: original run made a confident no_rentals on a thin/partial fetch; flip to needs_review (browse live)."
"needs_review","","187","Tahoe Outdoor Adventures and Rentals","","","","low","Tahoe Outdoor Adventures and Rentals Tahoe Outdoor Adventures and Rentals Tahoe Outdoor Adventures and Rentals tourist_attraction point_of_interest establishment","Insufficient positive evidence for a confirmed triaged rental verdict."
"needs_review","","208","The Home Depot","https://www.homedepot.com/l/N-Reno/NV/Reno/89512/3304?emt=MSGoogleMaps","","","low","The Home Depot https://www.homedepot.com/l/N-Reno/NV/Reno/89512/3304?emt=MSGoogleMaps The Home Depot Chain home improvement retailer for tools, appliances & other products (some offer truck rentals).","Insufficient positive evidence for a confirmed triaged rental verdict."
"needs_review","no_rentals→needs_review","214","Truckee River Raft Co.","http://www.truckeeriverraft.com/","","","low","Homepage advertises Truckee River rafting ('The Original Lake Tahoe Rafting Outfitter, Book Now'). Likely a self-guided raft rental with shuttle — confirm rental vs. guided trip.","Patch: original run made a confident no_rentals on a thin/partial fetch; flip to needs_review (browse live)."
"needs_review","no_rentals→needs_review","215","Truckee River Raft Co.","http://www.truckeeriverraft.com/","","","low","Truckee River rafting outfitter; likely a self-guided raft rental with shuttle — confirm rental vs. guided trip. Duplicate listing.","Patch: consistency with the other Truckee River Raft Co. row; browse live."
"needs_review","no_rentals→needs_review","236","Tahoe Bliss Boat Charters","https://tahoeblissboatcharters.com/","","","low","Named 'Boat Charters' (captained) but site is branded 'Lake Tahoe Boat Rentals' with heavy rental content — confirm bareboat rental vs. captained charter.","Patch: original run made a confident no_rentals on a thin/partial fetch; flip to needs_review (browse live)."
"needs_review","no_rentals→needs_review","240","The Tahoe Experience","http://thetahoeexperience.com/","","","low","Nav includes 'Bareboat Charter' though marketed as captained pontoon tours — confirm bareboat rental option.","Patch: original run made a confident no_rentals on a thin/partial fetch; flip to needs_review (browse live)."
"needs_review","no_rentals→needs_review","258","Truckee Watersports","https://www.truckeewatersports.com/","","","low","Boats priced per hour ($200-250/hr, 'Boats/Gears') under a 'Watersports Academy' — confirm bareboat rental vs. captained lessons.","Patch: original run made a confident no_rentals on a thin/partial fetch; flip to needs_review (browse live)."
"needs_review","","280","Sky Tavern Ski Area","http://www.skytavern.com/","","snow_sports;mountain_biking","low","ski_resort tourist_attraction sports_activity_location point_of_interest establishment https://www.skytavern.org/ Sky Tavern - Reno Tahoe's Learn to Ski & Ride Nonprofit 0 Skip to Content SNOW Learn to Ski and Ride Team Programs Ski Patroller Ski Swap Bus Tickets FAQ Uphill Policy Winter Trail Map Volunteer Opportunity BIKE Mountain Bike Park Memberships & Shuttle Riders in the Sky Skills Clinics Women's MTB Camp MAY","Insufficient positive evidence for a confirmed triaged rental verdict."
"needs_review","triaged→needs_review","300","Northstar Village Ice Skating Rink","http://m.northstarcalifornia.com/things-to-do.html?page=viewall","","","low","Ice-skating rink at Northstar; fetched page conflates the rink (skate rental) with Northstar resort's ski/snowboard/bike rental shop — confirm which rentals belong to this listing.","Patch: mechanically auto-triaged; evidence ambiguous — browse live."
"needs_review","no_rentals→needs_review","314","The Bike Smith","https://www.facebook.com/thebikesmithcc/","","","low","Facebook-only, unreachable; bike shop + repair that plausibly rents — confirm.","Patch: original run made a confident no_rentals on a thin/partial fetch; flip to needs_review (browse live)."
"needs_review","triaged→needs_review","349","High Desert Camping Co","http://www.highdesertcampingco.com/","","","low","'Glamping Tent Rentals / pop-up accommodations' for weddings, festivals and private events — a set-up lodging/event service, not take-away camping gear. Confirm whether this counts as camping.","Patch: auto-triaged as camping; glamping/event tent setup is borderline — browse live / product call."
"needs_review","no_rentals→needs_review","385","Tahoe Blue Adventures","","","","low","No website fetched; adventure operator that plausibly rents — confirm.","Patch: original run made a confident no_rentals on a thin/partial fetch; flip to needs_review (browse live)."
"needs_review","triaged→needs_review","387","Cabin Fever","https://tahoe.com/south-lake-tahoe/cabin-fever","","","low","A tahoe.com directory listing ('Cabin Fever') with no real page content; the four categories came from the directory nav — confirm what this business is.","Patch: mechanically auto-triaged; evidence ambiguous — browse live."
"needs_review","","390","Hope Valley Outdoors","","","","low","Hope Valley Outdoors Hope Valley Outdoors Hope Valley Outdoors camping_cabin tourist_attraction lodging point_of_interest establishment","Insufficient positive evidence for a confirmed triaged rental verdict."
"needs_review","no_rentals→needs_review","397","Cross Country Center","https://www.kirkwood.com/explore-the-resort/activities-and-events/cross-country.aspx","","","low","Kirkwood cross-country center; fetch returned only a queue-redirect page. XC centers commonly rent nordic gear — browse live.","Patch: original run made a confident no_rentals on a thin/partial fetch; flip to needs_review (browse live)."
"needs_review","","402","Playa E-bike Rentals","","","road_cycling;electric_transport","low","Playa E-bike Rentals Playa E-bike Rentals Playa E-bike Rentals service establishment","Insufficient positive evidence for a confirmed triaged rental verdict."
"needs_review","no_rentals→needs_review","403","South Shore Boats & Powersports","http://www.sshoreboats.com/","","","low","Only 'Boat Repair' title fetched; boat/powersports dealer that may also rent — confirm.","Patch: original run made a confident no_rentals on a thin/partial fetch; flip to needs_review (browse live)."
"needs_review","","405","Bearry Sweet","https://bearrysweet.com/","","","low","Order Start Build your own dreams Or someone else will hire you to build theirs.","Insufficient positive evidence for a confirmed triaged rental verdict."
"needs_review","no_rentals→needs_review","408","Mountain Cat","http://www.mountaincatshop.com/","","","low","Only title fetched ('Snowboards, Boots, Bindings, Outerwear'); snowboard shop that plausibly rents — confirm.","Patch: original run made a confident no_rentals on a thin/partial fetch; flip to needs_review (browse live)."
"needs_review","no_rentals→needs_review","417","Tahoe Yacht Cruises","http://www.tahoeyachtcruises.com/","","","low","Reservations page offers '$550/hr — Bareboat Charter, does not include Captain's Fees' — bareboat implies rental; confirm.","Patch: original run made a confident no_rentals on a thin/partial fetch; flip to needs_review (browse live)."
"needs_review","","429","Slant Skis","http://www.slantskis.com/","","snow_sports","low","Slant Skis http://www.slantskis.com/ Slant Skis Slant Skis manufacturer point_of_interest establishment","Insufficient positive evidence for a confirmed triaged rental verdict."
"needs_review","","436","Bijou Bike Park","https://tamba.org/projects/bijou-bike-park/","","snow_sports;mountain_biking;electric_transport","low","Bijou Bike Park https://tamba.org/projects/bijou-bike-park/ Bijou Bike Park Bijou Bike Park park point_of_interest establishment https://tamba.org/projects/bijou-bike-park/ Bijou Bike Park - TAMBA Skip to main content Hit enter to search or ESC to close Close Search Menu About History and Mission Board and Leadership Annual Reporting Strategic Plan 2020-2025 Sponsors Get In Touch Careers Trails Trails Tahoe Trail Con","Insufficient positive evidence for a confirmed triaged rental verdict."
"needs_review","no_rentals→needs_review","446","Everline Sports","https://www.hyatt.com/en-US/hotel/california/everline-resort-and-spa/rnodh","","","low","Hyatt/Everline resort sports desk (unreachable); resort activity desks commonly rent bikes/skis — confirm.","Patch: original run made a confident no_rentals on a thin/partial fetch; flip to needs_review (browse live)."
"needs_review","","453","Viking Ski Club","https://sfvikingskiclub.org/","","snow_sports","low","Viking Ski Club https://sfvikingskiclub.org/ Viking Ski Club Viking Ski Club camping_cabin lodging point_of_interest establishment https://sfvikingskiclub.org/ Viking Ski Club Viking Ski Club Home About VSC Our Cabin Become a Member Events Contact Us Weather Viking Swag Members Corner Home About VSC Our Cabin Become a Member Events Contact Us Weather Viking Swag Members Corner Welcome to the Viking Ski & Outdoor Club","Insufficient positive evidence for a confirmed triaged rental verdict."
"needs_review","no_rentals→needs_review","471","Tahoe Yacht Charters","https://www.tahoeyachtcharters.com/","","","low","Self-describes as 'Premier Yacht Charter rental business' with /rentals, /rental, /rent pages — confirm bareboat rental vs. captained charter.","Patch: original run made a confident no_rentals on a thin/partial fetch; flip to needs_review (browse live)."
"needs_review","","474","Tallac Boat Rentals","","","water_sports","low","Tallac Boat Rentals Tallac Boat Rentals Tallac Boat Rentals point_of_interest service establishment","Insufficient positive evidence for a confirmed triaged rental verdict."
"needs_review","no_rentals→needs_review","476","tahoe skibikes","","","","low","No website fetched; 'ski bikes' implies snow-bike rental — confirm.","Patch: original run made a confident no_rentals on a thin/partial fetch; flip to needs_review (browse live)."
"needs_review","","477","Stagecoach lodge ski rental","","","snow_sports","low","Stagecoach lodge ski rental Stagecoach lodge ski rental Stagecoach lodge ski rental point_of_interest service establishment","Insufficient positive evidence for a confirmed triaged rental verdict."
"needs_review","no_rentals→needs_review","492","Mt. Rose - Ski Tahoe","","","","low","No page fetched; ski resort — confirm whether the resort rental shop should be captured.","Patch: original run made a confident no_rentals on a thin/partial fetch; flip to needs_review (browse live)."
"needs_review","","498","Carson City Centennial Park Archery Range","http://www.clearcreekbowmen.com/","","snow_sports","low","Perfect for all skill levels.","Insufficient positive evidence for a confirmed triaged rental verdict."
"needs_review","no_rentals→needs_review","504","Lake & Wake Adventures","","","","low","No website fetched; wake/water adventures name implies rental — confirm.","Patch: original run made a confident no_rentals on a thin/partial fetch; flip to needs_review (browse live)."
"needs_review","","505","Five Dot Ranch Fly Fishing","http://fivedotflyfishing.com/?page_id=246","","water_sports","low","400-Acre Private Catch & Release Trout Fishery Located 17 Miles North of Susanville, CA Five Dot Fly Fishing Club | Premier Private Trout Fishery Five Dot Fly Fishing Club is situated on one of California's largest private stillwater fisheries; Round Valley Reservoir.","Insufficient positive evidence for a confirmed triaged rental verdict."
"needs_review","","507","Donner Summit SNO-Park","http://ohv.parks.ca.gov/?page_id=23055","","snow_sports;off_road;electric_transport","low","park tourist_attraction point_of_interest establishment https://ohv.parks.ca.gov/?page_id=23053 Hope Valley About Us Contact Us Parks Home OHV Home About Us Mission Statement FAQs Planning Publications / Reports Winter Recreation Contact Information OHV Safety Week SVRAs Carnegie SVRA Clay Pit SVRA Eastern Kern County Onyx Ranch SVRA Heber Dunes SVRA Hollister Hills SVRA Hungry Valley SVRA Oceano Dunes SVRA Ocotillo","Insufficient positive evidence for a confirmed triaged rental verdict."
"needs_review","","510","Blackwood Canyon SNO-PARK","http://ohv.parks.ca.gov/?page_id=23061","","snow_sports;off_road;electric_transport","low","park tourist_attraction point_of_interest establishment https://ohv.parks.ca.gov/?page_id=23053 Hope Valley About Us Contact Us Parks Home OHV Home About Us Mission Statement FAQs Planning Publications / Reports Winter Recreation Contact Information OHV Safety Week SVRAs Carnegie SVRA Clay Pit SVRA Eastern Kern County Onyx Ranch SVRA Heber Dunes SVRA Hollister Hills SVRA Hungry Valley SVRA Oceano Dunes SVRA Ocotillo","Insufficient positive evidence for a confirmed triaged rental verdict."
"needs_review","","513","Adventure Mountain Lake Tahoe","","","","low","Adventure Mountain Lake Tahoe cafe food point_of_interest establishment","Insufficient positive evidence for a confirmed triaged rental verdict."
"needs_review","no_rentals→needs_review","514","Diamond Peak Ski Resort","","","","low","No page fetched; ski resort — confirm whether the resort rental shop should be captured.","Patch: original run made a confident no_rentals on a thin/partial fetch; flip to needs_review (browse live)."
"triaged","","1","Worldwide Cyclery","https://www.worldwidecyclery.com/","mountain_biking","","high","The footer links to Demo Bike Program. That page says the Reno, NV location has boutique bikes available to demo, lists demo rates, and lists bikes currently available for demo in NV.","Confirmed paid mountain-bike demo program, not just retail sales. Demo qualifies as positive acquisition evidence under Pass A. Treat as mountain_biking; do not create a demo category."
"triaged","","2","Action Watersports at Lakeside Marina","http://www.action-watersports.com/","water_sports","","high","The site offers boat rentals, jet ski rentals, and kayak/SUP/pedal boat rentals, with Lakeside Marina rental pages and prices.","All confirmed rentals are water-sports equipment."
"triaged","","3","Action Watersports at Timber Cove Marina","http://www.action-watersports.com/","water_sports","","high","Action Watersports lists boat, jet ski, kayak, SUP, pedal boat, and related water-toy rentals with bookable rental pages.","Site says Timber Cove is no longer operating, but the operator itself is a confirmed water-sports renter."
"triaged","","4","Adrift Tahoe","http://www.standuppaddletahoe.com/","water_sports","","high","The rental page lists hourly and daily rates for stand-up paddle boards, kayaks, canoes, OC1s, and large Ride XL boards.","Confirmed paddle-sports rental outfitter."
"triaged","","5","Adventure Lake Tahoe","http://adventureslaketahoe.com/","water_sports;snow_sports","off_road;electric_transport;fishing","medium","The home page says Electric Hydrofoil has lessons and rentals and lists Snow Bike Rental and Tour. ATV, e-bike, and kayak-fishing signals look more like guided experiences in the fetched text.","Confirmed eFoil and snow-bike rental signals; other activity types need Pass B/review confirmation."
"triaged","","6","Adventure Scuba Center","http://www.renoscuba.com/","water_sports","","high","The rental-rates page lists scuba equipment rentals including tanks, wetsuits, fins, BCD, regulator setup, drysuit, dive flag, weights, and a daily rental gear set.","Scuba rental equipment mapped to water_sports."
"triaged","","9","Anderson's Bicycle Rental","http://www.andersonsbicyclerental.com/","mountain_biking;road_cycling;electric_transport","","medium","The business is a bicycle-rental outlet and the fetched/Google evidence describes bike rentals and e-bikes off the trail.","Bike type mix includes e-bikes; trail/path use supports mountain_biking and road_cycling recall."
"triaged","no_rentals→triaged","10","Another Bike Shop Reno","https://www.anotherbikeshop.com/","mountain_biking;electric_transport","","high","Rentals page + homepage 'RENTALS AND ROUTES — Open now in both locations, make your reservations online' and 'well-maintained E-MTB's ready for you to rent.'","Patch: recovered from full cache; original run under-read available rental page(s)."
"triaged","","11","Baldwin Beach Kayak Tahoe","http://kayaktahoe.com/","water_sports","","high","Kayak Tahoe lists kayak and stand-up paddleboard rental rates for single kayaks, double kayaks, and paddleboards.","Confirmed water-sports rental location."
"triaged","","12","Battle Born Boat Rentals","https://boattahoe.com/","water_sports","","medium","The operator name and site evidence identify a boat-rental business for Lake Tahoe.","Confirmed boat-rental operator from fetched evidence."
"triaged","","13","Battle Born Powersports","http://www.battlebornpowersports.com/","off_road","","medium","Google/fetched evidence describes an ATV rental shop offering Polaris RZRs for customers to explore open land and trails.","ATV/Polaris RZR rentals map to off_road."
"triaged","","15","Big Blue Bike Rentals and Tours","http://bigbluebikerentals.com/","mountain_biking;road_cycling;electric_transport","","medium","The operator is a bicycle rental shop offering self-guided rides/tours on the East Shore Bike Path and Flume Trail, including e-bike rental signals.","Self-guided bike rentals; include path/trail and e-bike categories for recall."
"triaged","no_rentals→triaged","16","Big Daddy's Bike & Brew","https://www.bigdaddysbikeandbrew.com/","snow_sports","mountain_biking;road_cycling","high","Homepage: 'Big Daddy's offers season as well as daily ski and snowboard rentals and demos! Skis, boards, boots, poles...the works.' Bike rental not confirmed (bike shop) → review.","Patch: recovered from full cache; original run under-read available rental page(s)."
"triaged","","17","Bike Truckee","https://www.truckeebikerentals.com/","road_cycling;electric_transport","mountain_biking","medium","The site/operator evidence describes electric bikes for sale and rent plus repair service.","Confirmed e-bike rentals; mountain-bike use should be reviewed if inventory supports trail bikes."
"triaged","","18","Pedego Electric Bikes Reno","http://www.pedegoreno.com/","road_cycling;electric_transport","","medium","The listing/evidence identifies Bikepath E-Bike Rentals/Pedego Electric Bikes Reno as an e-bike rental operator.","Electric bike rentals; road/path cycling use."
"triaged","","19","Black Rock Bicycles","http://www.blackrockbicycles.com/","mountain_biking;road_cycling;electric_transport","","medium","Google/fetched evidence says the shop offers mountain, electric, and road bikes as well as rentals and repairs.","Include all bike categories explicitly named in the evidence."
"triaged","","20","Black Tie Bike Rentals North Tahoe","https://www.blacktiesummer.com/north-tahoe/","mountain_biking;road_cycling;electric_transport","","medium","The Black Tie Summer North Tahoe page is for bike rentals, with North Tahoe delivery/rental service evidence.","Bike rental category mix kept broad for recall."
"triaged","","21","Black Tie Ski Rentals of North Lake Tahoe","https://www.blacktieskis.com/north-tahoe/?utm_source=google&utm_medium=organic&utm_campaign=gmb&utm_term=black-tie-ski-rental-of-north-tahoe&utm_content=north-tahoe","snow_sports;mountain_biking;road_cycling;electric_transport;water_sports","","medium","The evidence describes ski and snowboard rental equipment, and Google notes the North Tahoe location also rents e-bikes, kayaks, and paddle boards.","Seasonal summer categories included from listing evidence for recall."
"triaged","","22","BlueZone Sports - Carson City","http://www.bluezonesports.com/","snow_sports;mountain_biking;road_cycling;electric_transport;water_sports","camping","medium","BlueZone's rental page says its stores provide ski, snowboard, snowshoe, bike, kayak, and SUP rentals.","Location-specific inventory may vary; broad BlueZone rental categories kept for Pass B recall."
"triaged","","23","BlueZone Sports - South Lake Tahoe","http://www.bluezonesports.com/","snow_sports;mountain_biking;road_cycling;electric_transport;water_sports","camping","medium","BlueZone's rental page says its stores provide ski, snowboard, snowshoe, bike, kayak, and SUP rentals.","Location-specific inventory may vary; broad BlueZone rental categories kept for Pass B recall."
"triaged","","24","BlueZone Sports - Tahoe City","https://www.bluezonesports.com/","snow_sports;mountain_biking;road_cycling;electric_transport;water_sports","camping","medium","BlueZone's rental page says its stores provide ski, snowboard, snowshoe, bike, kayak, and SUP rentals.","Location-specific inventory may vary; broad BlueZone rental categories kept for Pass B recall."
"triaged","","25","Bobo's Ski & Patio","http://www.bobos.com/","snow_sports","","high","Bobo's lists ski and snowboard season lease packages and an on-site rental department for ski/board services.","Patio furniture sales are out of scope; ski/snowboard rentals are in scope."
"triaged","","26","CV Sports","https://cvsports.biz/","snow_sports","","high","CV Sports advertises ski, snowboard, snowshoe, clothing, and helmet rental packages and has an equipment reservation form.","Winter rental shop."
"triaged","","27","Camp Richardson Marina","https://action-watersports.com/camp-richardson-marina/","water_sports","","high","The Camp Richardson Marina page lists boat rentals, jet ski rentals, and kayak/SUP rentals through Action Watersports.","Confirmed marina water-sports rentals."
"triaged","","28","Camp Richardson Mountain Sports Center","https://camprichardsonresort.com/rentals/","water_sports","snow_sports;mountain_biking;road_cycling","medium","The current rentals page lists beach rentals, including stand-up paddleboards and single/double kayaks with paddles and life jackets.","Google mentions seasonal bicycles and snowshoes; current fetched page only confirmed water rentals."
"triaged","","29","Clearly Tahoe","http://www.clearlytahoe.com/","water_sports;mountain_biking;road_cycling;electric_transport;snow_sports","","high","Clearly Tahoe says it offers paddle-craft rentals, pedal-assist beach cruisers and mountain bikes, analog bikes, and seasonal snowshoe rentals.","Guided tours are separate; rental pages confirm take-away equipment."
"triaged","","30","Clearly Tahoe","https://clearlytahoe.com/incline-village/","water_sports;mountain_biking;road_cycling;electric_transport;snow_sports","","high","Clearly Tahoe rental pages list water rentals, take-and-go rentals, e-bikes, analog bikes, mountain bikes, and seasonal snowshoe rentals.","Location page is tour-heavy, but linked rental pages confirm equipment rentals."
"triaged","","31","Clearly Tahoe","https://bikelaketahoe.com/","mountain_biking;road_cycling;electric_transport","water_sports;snow_sports","medium","The Bike Lake Tahoe page lists bike rentals including pedal-assist mountain bikes, passenger e-bikes, and analog bikes.","This listing is bike-specific; other Clearly Tahoe categories left for review."
"triaged","","32","Clearly Tahoe Kayak Rentals at Sand Harbor","http://www.clearlytahoerentals.com/","water_sports","","high","The Sand Harbor rental evidence describes kayak, canoe, and paddleboard rentals, including clear-bottom kayaks.","Confirmed paddle-craft rental facility."
"triaged","","33","Clearly Tahoe Keys Marina","https://clearlytahoe.com/south-lake-tahoe/","water_sports","mountain_biking;road_cycling;electric_transport;snow_sports","medium","Clearly Tahoe's water and take-and-go rental pages confirm kayak/SUP-style equipment rentals, while this specific marina page is mainly guided-tour oriented.","Confirmed water rentals; broader Clearly Tahoe bike/snow categories left for review on this location."
"triaged","no_rentals→triaged","36","Cook EFoiling","https://www.cookefoiling.com/","water_sports","","high","Homepage headline: 'Electric Hydrofoil Lessons and Rentals on Lake Tahoe and Donner Lake'; advanced users given freedom to ride. Lift eFoil provider.","Patch: recovered from full cache; original run under-read available rental page(s)."
"triaged","no_rentals→triaged","37","CyclePaths BikeShop","http://www.cyclepaths.com/","mountain_biking;electric_transport","road_cycling","high","Dedicated Bike Rentals / Rent-a-Bike pages: 'Daily rentals from Truckee's bike shop' — MTB, eMTB, town e-bikes; Segway e-bikes 'available for test-rides and rental.'","Patch: recovered from full cache; original run under-read available rental page(s)."
"triaged","","38","Day Go Adventures","http://daygoadventures.com/","water_sports","","medium","The operator is described as an appointment-only kayak rental service for exploring the lake, including single and tandem kayaks.","Confirmed kayak rentals."
"triaged","needs_review→triaged","39","Deep Abliss Diveshop","https://www.scubatahoe.com/","water_sports","","high","Gear Rentals page: 'Rental Equipment $99/day Complete Scuba kit (Tank, BCD, Wetsuit, Weights, Regulator...)'. Mobile dive shop.","Patch: recovered from full cache; original run under-read available rental page(s)."
"triaged","","40","Dirt Gypsy Adventures","http://www.dirtgypsyadventures.com/","mountain_biking;road_cycling;electric_transport","","high","The rentals page lists Truckee/North Tahoe bike rentals with mountain, gravel, and electric bikes available to rent.","Guided rides are separate; rentals are confirmed."
"triaged","","42","Donner Lake Marina","http://donnerlakemarina.com/","water_sports","","high","The marina page includes motor boats and paddle sports booking, and Google describes jet ski, kayak, paddleboard, motor boat, and pontoon rentals.","Confirmed Donner Lake water-sports rentals."
"triaged","","43","Donner Lake Water Sports","http://donnerlakewatersports.com/","water_sports","","high","The Donner Lake Marina/Watersports evidence includes motor boats and paddle sports booking and rental contact information.","Same operating rental evidence as Donner Lake Marina."
"triaged","","45","Donner Ski Shop","https://donnerskishop.com/","snow_sports","","high","The site title and page text repeatedly identify ski rental services, and Google lists skis, boots, poles, helmets, pants, and gloves for rent.","Confirmed snow-sports rental shop."
"triaged","","46","E-Bike Hub","http://e-bikehub.bike/","road_cycling;electric_transport","mountain_biking","high","The rentals page lists 2-hour and 4-hour e-bike rentals and a separate page says Rent an E-Bike.","Confirmed e-bike rentals; mountain-bike style uncertain."
"triaged","","47","Tahoe Multisport — East Shore","https://tahoemultisport.com/home-2/","mountain_biking;road_cycling;electric_transport;water_sports","","high","The site lists e-bike, cruiser, kids bike, and hardtail mountain-bike rental rates, and says it can drop off kayaks and SUPs for multi-day bookings.","Confirmed bike and limited water rental delivery."
"triaged","","49","Efoil Tahoe","https://efoiltahoe.com/","water_sports","","medium","The site offers Flitecell battery rentals for customers who bring their own Fliteboard, while its ride program is instruction/full-service oriented.","Rental is eFoil battery gear, not necessarily full board rental."
"triaged","no_rentals→triaged","50","Emerald Bay Bikes","https://www.emeraldbaybikes.com/","road_cycling;mountain_biking","electric_transport","medium","Operator-confirmed bike rental shop on Emerald Bay Rd, South Lake Tahoe (along the paved bike path). Google reviews and third-party sites reference bike rentals; the online booking page was not located, so the specific fleet (cruiser/comfort, mountain, e-bikes) is unconfirmed. Its own site emphasizes a bike-parts store.","Patch: promoted per operator confirmation that they rent bikes (reviews + other sites mention rentals). Categories are the typical Tahoe bike-path fleet; Pass B to verify actual rental inventory and whether e-bikes are offered."
"triaged","","51","Endless Wave Charters","https://www.endlesswavecharters.com/","water_sports;snow_sports;fishing","","medium","Endless Wave Charters https://www.endlesswavecharters.com/ Endless Wave Charters Endless Wave Charters point_of_interest service establishment https://www.endlesswavecharters.com/ Wake Surf Lake Tahoe – Endless Waves | Premier Boat Rentals & Tours Home Services Captained Wakeboarding & Surfing Charters Boat Rentals in Lake Tahoe Guided Tours of Tahoe Tubing About Us Blog CONTACT US CONTACT US Lake Tahoe Boat Rentals","Auto-triaged from positive rental evidence and category terms; review if location-specific inventory matters."
"triaged","","52","Fallen Leaf Lake Store, Cafe and Marina","http://www.fallenleaflodge.com/","water_sports","","medium","Fallen Leaf Lake Store, Cafe and Marina http://www.fallenleaflodge.com/ Fallen Leaf Lake Store, Cafe and Marina General store with groceries, ice cream, souvenirs, and kayak rentals.","Auto-triaged from positive rental evidence and category terms; review if location-specific inventory matters."
"triaged","","53","Floater with a Motor","http://www.floaterwithamotor.com/","water_sports","","medium","Floater with a Motor http://www.floaterwithamotor.com/ Floater with a Motor Floater with a Motor point_of_interest service establishment https://www.floaterwithamotor.com/ Floater With a Motor Pontoon Rental | North Lake Tahoe | United States top of page Home The Boats Pricing Terms and Conditions FAQ Location Availability Calendar Contact Us More Use tab to navigate through the menu items.","Auto-triaged from positive rental evidence and category terms; review if location-specific inventory matters."
"triaged","","54","Flume Trail Bikes","http://www.flumetrailtahoe.com/","snow_sports;mountain_biking;road_cycling;electric_transport","","medium","Flume Trail Bikes http://www.flumetrailtahoe.com/ Flume Trail Bikes Bike and e-bike rental shop catering to the Flume Trail and other Lake Tahoe-area trails.","Auto-triaged from positive rental evidence and category terms; review if location-specific inventory matters."
"triaged","","55","Full Access Tahoe","https://fullaccesstahoe.com/","snow_sports;off_road","","medium","off_roading_area tourist_attraction adventure_sports_center sporting_goods_store tour_agency travel_agency sports_complex sports_activity_location store point_of_interest service establishment https://fullaccesstahoe.com/ Off-Roading UTV Rentals in Lake Tahoe & Carson City | Full Access Tahoe 775-309-8789 Info@fullaccesstahoe.com Gift Card Facebook Google Instagram Tripadvisor Yelp Home Locations Locations Lake Tahoe","Auto-triaged from positive rental evidence and category terms; review if location-specific inventory matters."
"triaged","","56","Full Throttle Tahoe","https://www.fullthrottletahoeboats.com/","water_sports;snow_sports","","medium","Full Throttle Tahoe https://www.fullthrottletahoeboats.com/ Full Throttle Tahoe Full Throttle Tahoe fishing_charter point_of_interest service establishment https://www.fullthrottletahoeboats.com/ Full Throttle Tahoe | Lake Tahoe Boat Rental, Waverunner, Tours & More | Lake Tahoe top of page Home Activities & Rates Experience Contact us More Use tab to navigate through the menu items.","Auto-triaged from positive rental evidence and category terms; review if location-specific inventory matters."
"triaged","needs_review→triaged","57","Galena Sports","","snow_sports","","high","Galena Sports (Mt Rose Hwy, Reno) rents ski & snowboard packages from ~$16/day and snowshoes from ~$13; daily and season rental packages (Yelp/skisite).","Patch: confirmed renter via live web search (site was down in original crawl)."
"triaged","","58","Gear Hut","http://www.gearhutreno.com/","water_sports;snow_sports;mountain_biking;road_cycling;camping;fishing","","medium","bicycle_store sporting_goods_store manufacturer store point_of_interest establishment https://www.gearhutreno.com/ Used Outdoor Gear and Consignment | Gear Hut | Reno top of page The Biggest Little Gear Shop Consignor Login Request A Check 775-219-4612 Home HOW IT WORKS Selling Options Consignment What We Take Non Profits Featured Items About Us FAQ Services Bear Can Rentals Climbing Shoe Resoling Little Kamper Refil","Auto-triaged from positive rental evidence and category terms; review if location-specific inventory matters."
"triaged","","59","Gondola Ski + Sports","http://www.gondolaskitahoe.com/","snow_sports;off_road;road_cycling;electric_transport;rock_climbing","","medium","bicycle_store sporting_goods_store clothing_store manufacturer store point_of_interest service establishment https://gondolaskitahoe.com/ Home - Gondola Ski Tahoe Home Rental Reservations Bike Rentals Snowboards Skis Employment Blog Select Page Gondola Ski & Sports South Lake Tahoe Located on the Heavenly Plaza under the gondola we have the gear you need to enjoy the mountains.","Auto-triaged from positive rental evidence and category terms; review if location-specific inventory matters."
"triaged","","60","Granite Chief Powered by BlueZone Sports","https://bluezonesports.com/","water_sports;snow_sports;mountain_biking;road_cycling;electric_transport;fishing","","medium","sportswear_store sporting_goods_store clothing_store store point_of_interest service establishment https://www.bluezonesports.com/ BlueZone Sports | Snow, Water, Bike, Camp, Hike Contact Us 844-786-6486 Email Us 844.786.6486 | Email Us Use Code TRAIL for 30% Off Sitewide* FREE Shipping on Orders over $75!* The Zone My Account Manage Your Account Address Book Order History Wish List Sign In Locations SOUTH LAKE TAHOE","Auto-triaged from positive rental evidence and category terms; review if location-specific inventory matters."
"triaged","","61","Gravity Haus Gear Rental — Haus Quiver Truckee","http://gravityhaus.com/","water_sports;snow_sports","","medium","Gravity Haus Gear Rental — Haus Quiver Truckee http://gravityhaus.com/ Gravity Haus Gear Rental - Haus Quiver - Truckee Gravity Haus Gear Rental - Haus Quiver - Truckee point_of_interest service establishment https://gravityhaus.com/ Gravity Haus Hotels & Outdoor Club Destinations All alta crystal coming soon Big Sky Breckenridge Denver Jackson Hole missoula now open Moab Revelstoke Steamboat Truckee-Tahoe Vail westp","Auto-triaged from positive rental evidence and category terms; review if location-specific inventory matters."
"triaged","","62","Heavenly Sports - Cecil's Plaza","https://www.epicmountainrentals.com/","snow_sports;mountain_biking;road_cycling;electric_transport","","medium","Heavenly Sports - Cecil's Plaza https://www.epicmountainrentals.com/ Heavenly Sports - Cecil's Plaza Heavenly Sports - Cecil's Plaza sporting_goods_store store point_of_interest service establishment https://www.epicmountainrentals.com/ Epic Mountain Rentals | Ski Rentals | Ski Rental D | Epic Mountain Rentals Skip to main content BOOK SMARTER WITH EPIC MOUNTAIN REWARDS - Epic Pass holders save an extra 20% with Epic","Auto-triaged from positive rental evidence and category terms; review if location-specific inventory matters."
"triaged","","63","Heavenly Sports - Marriott","https://www.epicmountainrentals.com/","snow_sports;mountain_biking;road_cycling;electric_transport","","medium","Heavenly Sports - Marriott https://www.epicmountainrentals.com/ Heavenly Sports - Marriott Located at the Shops at Heavenly Village, this store offers ski and snowboard rentals.","Auto-triaged from positive rental evidence and category terms; review if location-specific inventory matters."
"triaged","","65","High Sierra Cycling","http://highsierracycling.com/","snow_sports;mountain_biking;road_cycling;electric_transport","","medium","High Sierra Cycling http://highsierracycling.com/ High Sierra Cycling Bike shop stocking activewear, and offering rentals, as well as repair and maintenance services.","Auto-triaged from positive rental evidence and category terms; review if location-specific inventory matters."
"triaged","","66","High Sierra Water Ski School","https://www.highsierrawaterskiing.com/","water_sports;snow_sports","","medium","Rentals Jet Skis Paddleboards Kayaks Phone (530) 525-1214 Lessons, Sessions & Charters Our Captains Jetski Rentals Paddleboard & Kayak Rentals About Us FAQ&#x27;S Contact Us Book Online More Use tab to navigate through the menu items.","Auto-triaged from positive rental evidence and category terms; review if location-specific inventory matters."
"triaged","","68","Katoma Boat Rentals","http://boatrentalslaketahoe.com/","water_sports;snow_sports","","medium","Katoma Boat Rentals http://boatrentalslaketahoe.com/ Katoma LLC boat rental Lake Tahoe Katoma LLC boat rental Lake Tahoe point_of_interest service establishment https://boatrentalslaketahoe.com/ Katoma LLC Boat Rentals &#8211; Lake Tahoe, 775-297-2970 | 775-901-6402 Skip to content Katoma LLC Boat Rentals Lake Tahoe, 775-297-2970 | 775-901-6402 Menu + expanded collapsed Our Boats About Contact Facebook Yelp Home Kato","Auto-triaged from positive rental evidence and category terms; review if location-specific inventory matters."
"triaged","","69","Kayak Tahoe- Pope Beach","http://www.kayaktahoe.com/","water_sports","","medium","Kayak Tahoe- Pope Beach http://www.kayaktahoe.com/ Kayak Tahoe- Pope Beach Kayak Tahoe- Pope Beach point_of_interest service establishment https://kayaktahoe.com/ Kayak Tahoe - kayak and stand up paddleboard rentals at Lake Tahoe Hit enter to search or ESC to close Rentals Locations Links Weather permitting Kayak Tahoe is open daily.","Auto-triaged from positive rental evidence and category terms; review if location-specific inventory matters."
"triaged","","70","LS Boat Rentals - Donner Lake","https://lsboatrentals.com/","water_sports;snow_sports","","medium","LS Boat Rentals - Donner Lake https://lsboatrentals.com/ LS Boat Rentals - Donner Lake LS Boat Rentals - Donner Lake point_of_interest service establishment https://lsboatrentals.com/ Lake Tahoe Boat Rental | Incline Village Boat Rentals | Half Day Full Day Multi-Day 0 Skip to Content Home Multi-Day Rentals FAQs Contact Us Reserve a Boat Open Menu Close Menu Home Multi-Day Rentals FAQs Contact Us Reserve a Boat Open","Auto-triaged from positive rental evidence and category terms; review if location-specific inventory matters."
"triaged","","71","LS Boat Rentals - Tahoe","https://lsboatrentals.com/","water_sports;snow_sports","","medium","LS Boat Rentals - Tahoe https://lsboatrentals.com/ LS Boat Rentals - Tahoe LS Boat Rentals - Tahoe point_of_interest service establishment https://lsboatrentals.com/ Lake Tahoe Boat Rental | Incline Village Boat Rentals | Half Day Full Day Multi-Day 0 Skip to Content Home Multi-Day Rentals FAQs Contact Us Reserve a Boat Open Menu Close Menu Home Multi-Day Rentals FAQs Contact Us Reserve a Boat Open Menu Close Menu Ho","Auto-triaged from positive rental evidence and category terms; review if location-specific inventory matters."
"triaged","","72","Lake Level Surf Charters","https://www.lakelevelsurf.com/","water_sports;snow_sports","","medium","Book Now Inquire for multi-day rentals and pricing Your Lake Day, Your Way Why Guests Choose Lake Level CharterS Every detail of your charter from boat performance to safety and service is designed to deliver the best possible experience on Lake Tahoe.","Auto-triaged from positive rental evidence and category terms; review if location-specific inventory matters."
"triaged","","73","Lake Shore Boats Tahoe","http://www.lakeshoreboatstahoe.com/","water_sports;snow_sports","","medium","Lake Shore Boats Tahoe http://www.lakeshoreboatstahoe.com/ Lake Shore Boats Tahoe Lake Shore Boats Tahoe point_of_interest service establishment http://lakeshoreboatstahoe.com/ Lake Shore Boats Tahoe | Boat Rentals and Paddleboard on Lake Tahoe Lake Shore Boats Tahoe | Boat Rentals and Paddleboard on Lake Tahoe Home Rentals Reservations Boat Rental SUP Rentals Wake-Ski-Tube Pictures Contact Beaches Home Rentals Reser","Auto-triaged from positive rental evidence and category terms; review if location-specific inventory matters."
"triaged","","74","Lake Tahoe Adventure OHV Tours","https://www.laketahoeadventures.com/","snow_sports;off_road","","medium","Lake Tahoe Adventure OHV Tours https://www.laketahoeadventures.com/ Lake Tahoe Adventure OHV Tours Lake Tahoe Adventure OHV Tours point_of_interest establishment https://www.laketahoeadventures.com/ Lake Tahoe Adventures | Snowmobile & ATV Tours in CA Skip to main content Zephyr Cove Resort Home - https://www.zephyrcove.com/ Lake Tahoe Adventures Home - https://www.laketahoeadventures.com/ Adventure Mountain Lake Tah","Auto-triaged from positive rental evidence and category terms; review if location-specific inventory matters."
"triaged","","75","Lake Tahoe Adventures","https://www.laketahoeadventures.com/?utm_source=google&utm_medium=organic&utm_campaign=gbp_listing","snow_sports;off_road","","medium","tour_agency travel_agency point_of_interest service establishment https://www.laketahoeadventures.com/ Lake Tahoe Adventures | Snowmobile & ATV Tours in CA Skip to main content Zephyr Cove Resort Home - https://www.zephyrcove.com/ Lake Tahoe Adventures Home - https://www.laketahoeadventures.com/ Adventure Mountain Lake Tahoe Home - https://www.adventuremountaintahoe.com/ Search Lake Tahoe Adventures,3071 US-50 E, Sou","Auto-triaged from positive rental evidence and category terms; review if location-specific inventory matters."
"triaged","","76","Powder House — Lake Tahoe Bike Rentals","http://tahoepowderhouse.com/","water_sports;snow_sports;road_cycling;electric_transport","","medium","Powder House — Lake Tahoe Bike Rentals http://tahoepowderhouse.com/ Lake Tahoe Bike Rentals Lake Tahoe Bike Rentals point_of_interest service establishment https://tahoepowderhouse.com/ South Lake Tahoe Ski Rentals & Snowboard Rentals Rates Heavenly Village Mini Golf Ski and Snowboard Season Leases Ski Rental Rates Snowboard Rental Rates Snowshoes Rental Rates Ski Clothing Rental Rates Reservations Ski and Snowboard","Auto-triaged from positive rental evidence and category terms; review if location-specific inventory matters."
"triaged","","77","Tahoe Adventure Rentals","http://tahoeadventurerentals.com/","water_sports;snow_sports;off_road","","medium","Tahoe Adventure Rentals http://tahoeadventurerentals.com/ Lake Tahoe Boat Rentals Lake Tahoe Boat Rentals point_of_interest service establishment https://tahoeadventurerentals.com/ Tahoe Adventure Rentals Taking 4th of July reservations!","Auto-triaged from positive rental evidence and category terms; review if location-specific inventory matters."
"triaged","","78","Lake Tahoe Boat Rides","https://www.tahoeboatrides.com/","water_sports;snow_sports","","medium","Lake Tahoe Boat Rides https://www.tahoeboatrides.com/ Lake Tahoe Boat Rides Company providing boat rentals and tours of Lake Tahoe, including sightseeing, watersports, and swimming.","Auto-triaged from positive rental evidence and category terms; review if location-specific inventory matters."
"triaged","","80","Lake Tahoe LSP Boat Rentals","http://www.laketahoe-boatrentals.com/","water_sports","","medium","point_of_interest service establishment https://laketahoe-boatrentals.com/ Lakeshore Pacific Boat Rentals Lakeshore Boat Rentals Lakeshore Boat Rentals Lakeshore Boat Rentals Lakeshore Boat Rentals Lakeshore Boat Rentals Lakeshore Boat Rentals Lakeshore Boat Rentals Lakeshore Boat Rentals (530) 307-8886 Lakeshore Pacific Boat Rentals Lakeshore Pacific Boat Rentals Lakeshore Pacific Boat Rentals Lakeshore Pacific Boat","Auto-triaged from positive rental evidence and category terms; review if location-specific inventory matters."
"triaged","","81","Lake Tahoe Luxury Boat Rentals","http://laketahoeluxuryboatrentals.com/","water_sports;snow_sports;electric_transport;fishing","","medium","Lake Tahoe Luxury Boat Rentals http://laketahoeluxuryboatrentals.com/ Lake Tahoe Luxury Boat Rentals Lake Tahoe Luxury Boat Rentals People say this boat rental service offers well-maintained boats and exceptional service, making it easy to have a safe and fun day on the lake.","Auto-triaged from positive rental evidence and category terms; review if location-specific inventory matters."
"triaged","","82","Lake Tahoe Pontoons","http://laketahoepontoon.com/","water_sports;snow_sports","","medium","Lake Tahoe Pontoons http://laketahoepontoon.com/ Lake Tahoe Pontoons Lake Tahoe specialist featuring clean, comfortable pontoon boats for rent, along with tours.","Auto-triaged from positive rental evidence and category terms; review if location-specific inventory matters."
"triaged","","83","Lake Tahoe Slingshots","http://laketahoeslingshotrentals.com/","off_road;motorcycles","","medium","Lake Tahoe Slingshots http://laketahoeslingshotrentals.com/ Lake Tahoe Slingshots Lake Tahoe Slingshots tour_agency travel_agency point_of_interest service establishment https://laketahoeslingshotrentals.com/ Home - Lake Tahoe Slingshot Rentals About Rentals Contact Roll Tahoe Book Now About Rentals Contact Roll Tahoe Book Now FOR BOOKINGS CALL 775-580-7054 Reserve Your Adventure Lake Tahoe's Premier Slingshot Rental","Auto-triaged from positive rental evidence and category terms; review if location-specific inventory matters."
"triaged","","84","Lake Tahoe Tours And Rentals","http://laketahoetoursandrentals.com/","water_sports;snow_sports;off_road;mountain_biking;road_cycling;electric_transport;fishing","","medium","Lake Tahoe Tours And Rentals http://laketahoetoursandrentals.com/ Tahoe Tours And Rentals Rentals, tours and lessons of kayaks, paddle boards and snowshoes available for exploring the shoreline and mountains.","Auto-triaged from positive rental evidence and category terms; review if location-specific inventory matters."
"triaged","","86","Moment Skis","https://www.momentskis.com/","snow_sports","","medium","Moment Skis https://www.momentskis.com/ Moment Skis Ski shop with a factory where handmade skis are produced, plus demo and boot-fitting services.","Auto-triaged from positive rental evidence and category terms; review if location-specific inventory matters."
"triaged","","89","Mountain Mikes / Snowshoe Thompson's","http://www.mtnmikeslaketahoe.com/","snow_sports","","medium","South Lake Tahoe, CA 96150 Phone: (530) 544-4783 Email: mikeford1@charter.net Copyright 2025/26 Snowshoe Thompson's Mike and Cheri http://www.mtnmikeslaketahoe.com/rates.htm Welcome To Mountain Mike's / Snowshoe Thompson's Mountain Mikes / Snowshoe Thompson's South Lake Tahoe, California (530) 544 4783 Home Equipment Rental Rates Our Location Tahoe Weather Road Conditions Ski Links Rental Rates...","Auto-triaged from positive rental evidence and category terms; review if location-specific inventory matters."
"triaged","","90","Mountain West","http://mountainwestonline.com/","snow_sports;electric_transport;rock_climbing","","medium","CONTACT US - 530-600-4144 - 2052 LAKE TAHOE BLVD, SOUTH LAKE TAHOE, CA HOME MEN'S MEN'S SKING SKING MEN'S SKIS MEN'S SKI BOOTS MENS SKI BINDINGS SNOWBOARDING SNOWBOARDING MEN'S SNOWBOARD MEN'S SNOWBOARD BOOTS MEN'S SNOWBOARD BINDINGS WOMEN WOMEN SKING SKING WOMEN'S SKIS WOMEN'S SKI BOOTS WOMEN'S SKI BINDINGS SNOWBOARDING SNOWBOARDING WOMEN'S SNOWBOARDS WOMENS SNOWBOARD BOOTS WOMEN'S SNOWBOARD BINDINGS BRANDS BRANDS B","Auto-triaged from positive rental evidence and category terms; review if location-specific inventory matters."
"triaged","","91","Nevada Adventure Rentals","http://nevadaadventurerentals.com/","snow_sports;off_road;motorcycles;road_cycling;rock_climbing","","medium","Nevada Adventure Rentals http://nevadaadventurerentals.com/ Nevada Adventure Rentals Bike-rental service featuring KTM models.","Auto-triaged from positive rental evidence and category terms; review if location-specific inventory matters."
"triaged","","92","North Lake Tahoe Boat Rental","https://northlaketahoeboatrental.com/","water_sports;snow_sports","","medium","People say this boat rental service offers pontoon boats, jet skis, and tubing.","Auto-triaged from positive rental evidence and category terms; review if location-specific inventory matters."
"triaged","","93","North Tahoe Paddle","https://www.northtahoepaddle.com/","water_sports;snow_sports","","medium","North Tahoe Paddle https://www.northtahoepaddle.com/ North Tahoe Paddle Lake Tahoe-based paddle board and kayak rental service with delivery included.","Auto-triaged from positive rental evidence and category terms; review if location-specific inventory matters."
"triaged","","94","North Tahoe Watersports","https://northtahoewatersports.com/","water_sports;snow_sports;fishing","","medium","North Tahoe Watersports https://northtahoewatersports.com/ North Tahoe Watersports North Tahoe Watersports tour_agency travel_agency point_of_interest service establishment https://northtahoewatersports.com/ Boat Rentals, Parasailing, North Tahoe Watersports, Tahoe City, CA Kings Beach: 530-546-WAKE (9253) Tahoe City Marina: 530-583-SAIL (7245) Tahoe City Boat Rentals: 530-583-(9253) Home About Us Locations Kings Bea","Auto-triaged from positive rental evidence and category terms; review if location-specific inventory matters."
"triaged","","95","North Tahoe Watersports","https://www.northtahoewatersports.com/","water_sports;snow_sports;fishing","","medium","North Tahoe Watersports https://www.northtahoewatersports.com/ North Tahoe Watersports Inc North Tahoe Watersports Inc People say this water sports equipment rental service offers pontoon boat rentals, with some mentioning the boats can have slides and are easy to drive.","Auto-triaged from positive rental evidence and category terms; review if location-specific inventory matters."
"triaged","","96","North Tahoe Watersports Tahoe City Boat Rentals","https://www.northtahoewatersports.com/","water_sports;snow_sports;fishing","","medium","tour_agency travel_agency sports_activity_location point_of_interest service establishment https://northtahoewatersports.com/ Boat Rentals, Parasailing, North Tahoe Watersports, Tahoe City, CA Kings Beach: 530-546-WAKE (9253) Tahoe City Marina: 530-583-SAIL (7245) Tahoe City Boat Rentals: 530-583-(9253) Home About Us Locations Kings Beach Tahoe City Boat Rentals Tahoe City Marina Waivers Service Areas Tahoe City, CA","Auto-triaged from positive rental evidence and category terms; review if location-specific inventory matters."
"triaged","","97","Northstar Cross-Country, Telemark, and Snowshoe Center","http://northstarcalifornia.com/","snow_sports;mountain_biking;road_cycling","","medium","hotel sporting_goods_store store lodging point_of_interest establishment https://www.northstarcalifornia.com/ North Tahoe Skiing & Snowboard | Northstar California Resort Skip to main content northstar homepage Choose a Resort Rockies Vail Website , opens in a new window Beaver Creek Website , opens in a new window Breckenridge Website , opens in a new window Park City Website , opens in a new window Keystone Website","Auto-triaged from positive rental evidence and category terms; review if location-specific inventory matters."
"triaged","","99","Obexer's Water Sports","https://www.obexersboat.com/water-sports.html","water_sports;snow_sports","","medium","sports_coaching school educational_institution point_of_interest service establishment https://www.obexersboat.com/water-sports.html Jet Ski Rentals - Wakeboard-Wakesurf Lessons - Boat Charters-Lake Tahoe-West Shore HOME LAUNCHING AND GAS DOCK PREPARE TO LAUNCH WATER SPORTS BOAT STORAGE Price List-Storage Wet Storage Dry Storage - No Use In & Out Valet Storage SERVICES Price List-Service Detailing Parts - Accessories","Auto-triaged from positive rental evidence and category terms; review if location-specific inventory matters."
"triaged","","100","Olympic Bike Shop","http://www.olympicbikeshop.com/","water_sports;snow_sports;mountain_biking;road_cycling;electric_transport","","medium","Olympic Bike Shop http://www.olympicbikeshop.com/ Olympic Bike Shop Bike shop offering rentals of mountain and road bikes.","Auto-triaged from positive rental evidence and category terms; review if location-specific inventory matters."
"triaged","","101","Olympic Valley Ski & Bike","https://olympicvalleyskiandbike.com/","snow_sports;mountain_biking;road_cycling;electric_transport;rock_climbing","","medium","sporting_goods_store store point_of_interest establishment https://olympicvalleyskiandbike.com/ | OVSB 530.581.4707 | A full service Rental, Demo and Tuning Ski Shop 530.581.4707 olympicvalleyskibike@gmail.com 0 Items Home Rentals Winter Summer Tuning Shop Weather Forecasts Webcams Contact Us Select Page RENTALS | DEMOS | REPAIRS 8am to 6pm Daily Located in beautiful Olympic Valley, CA across the street from Palisade","Auto-triaged from positive rental evidence and category terms; review if location-specific inventory matters."
"triaged","","104","Palisades Tahoe Ski & Snowboard Rental","https://www.palisadestahoe.com/","snow_sports;road_cycling;electric_transport","","medium","Palisades Tahoe Ski & Snowboard Rental https://www.palisadestahoe.com/ Palisades Tahoe Ski & Snowboard Rental Ski rental service located at Palisades Tahoe providing boots and skis.","Auto-triaged from positive rental evidence and category terms; review if location-specific inventory matters."
"triaged","","105","Parallel Mountain Sports","https://www.palisadestahoe.com/events-and-activities/shopping/parallel","snow_sports;road_cycling;electric_transport","","medium","Close Menu Plan Your Visit Lodging Aerial Tram Sightseeing Bike Rentals Kids Adventure Camp Deals & Packages Travel Here Ikon Pass Benefits Mountain Information Webcams Mountain Report Hours of Operation Trail Maps Parking & Road Conditions Mountain Safety Events & Activities Events Calendar Activities Dining & Apres Shopping Groups, Meetings & Conferences Weddings & Special Occasions Team Palisades Tahoe Explore Exp","Auto-triaged from positive rental evidence and category terms; review if location-specific inventory matters."
"triaged","","107","Pedego Electric Bikes Reno","https://pedegoelectricbikes.com/dealers/reno/","snow_sports;off_road;mountain_biking;electric_transport","","medium","We are the region's foremost electric bike experts offering sales, rentals, accessories, and service.","Auto-triaged from positive rental evidence and category terms; review if location-specific inventory matters."
"triaged","","108","Pine Nut Ebike Rentals South Lake Tahoe","https://www.pinenutebikerentals.com/","water_sports;snow_sports;off_road;motorcycles;mountain_biking;road_cycling;electric_transport","","medium","Visitors say this e-bike rental shop offers high-quality, well-maintained e-bikes that are perfect for exploring trails and scenic areas.","Auto-triaged from positive rental evidence and category terms; review if location-specific inventory matters."
"triaged","","110","Powder House Ski & Board: Pro Snow","http://www.tahoepowderhouse.com/powder-house-boot-demo-center","water_sports;snow_sports","","medium","Powder House Ski & Board: Pro Snow http://www.tahoepowderhouse.com/powder-house-boot-demo-center Powder House Ski & Board: Pro Snow Powder House Ski & Board: Pro Snow sportswear_store sporting_goods_store clothing_store store point_of_interest service establishment https://tahoepowderhouse.com/powder-house-boot-demo-center/ Powder House Boot & Demo Center Rates Heavenly Village Mini Golf Ski and Snowboard Season Leas","Auto-triaged from positive rental evidence and category terms; review if location-specific inventory matters."
"triaged","","111","Powder House Ski and Snowboard At The Gondola","http://www.tahoepowderhouse.com/powder-house-at-the-gondola","water_sports;snow_sports;road_cycling","","medium","sporting_goods_store store point_of_interest service establishment https://tahoepowderhouse.com/powder-house-at-the-gondola/ Powder House at the Gondola - Tahoe Powder House Rates Heavenly Village Mini Golf Ski and Snowboard Season Leases Ski Rental Rates Snowboard Rental Rates Snowshoes Rental Rates Ski Clothing Rental Rates Reservations Ski and Snowboard Sales View all Ski & Snowboards Services Ski and Snowboard Tu","Auto-triaged from positive rental evidence and category terms; review if location-specific inventory matters."
"triaged","","112","Powder House Ski and Snowboard Main Store","http://www.tahoepowderhouse.com/powder-house-main-shop","water_sports;snow_sports;road_cycling","","medium","Powder House Ski and Snowboard Main Store http://www.tahoepowderhouse.com/powder-house-main-shop Powder House Ski and Snowboard Main Store Locally owned ski and snowboard shop at Heavenly Village offering rentals and a range of winter sports gear.","Auto-triaged from positive rental evidence and category terms; review if location-specific inventory matters."
"triaged","","113","Powder House Stateline at Zalanta","http://tahoepowderhouse.com/","water_sports;snow_sports;road_cycling;electric_transport","","medium","Powder House Stateline at Zalanta http://tahoepowderhouse.com/ Powder House Stateline at Zalanta Powder House Stateline at Zalanta sporting_goods_store store point_of_interest service establishment https://tahoepowderhouse.com/ South Lake Tahoe Ski Rentals & Snowboard Rentals Rates Heavenly Village Mini Golf Ski and Snowboard Season Leases Ski Rental Rates Snowboard Rental Rates Snowshoes Rental Rates Ski Clothing Re","Auto-triaged from positive rental evidence and category terms; review if location-specific inventory matters."
"triaged","","114","Powder House Express","http://www.tahoepowderhouse.com/powder-house-express","water_sports;snow_sports;road_cycling","","medium","Powder House Express http://www.tahoepowderhouse.com/powder-house-express https://tahoepowderhouse.com/powder-house-express/ Powder House Express - Tahoe Powder House Rates Heavenly Village Mini Golf Ski and Snowboard Season Leases Ski Rental Rates Snowboard Rental Rates Snowshoes Rental Rates Ski Clothing Rental Rates Reservations Ski and Snowboard Sales View all Ski & Snowboards Services Ski and Snowboard Tuning an","Auto-triaged from positive rental evidence and category terms; review if location-specific inventory matters."
"triaged","","115","Praxis Skis","https://www.praxisskis.com/","water_sports;snow_sports","","medium","Praxis Skis https://www.praxisskis.com/ Praxis Skis Praxis Skis sporting_goods_store store point_of_interest establishment https://www.praxisskis.com/ Praxis Custom Skis | Handcrafted In The Sierra Nevada Search Sign in or Register ( ) close Sign in or Register Skis Standard Edition Skis Kids Skis Discount Skis Custom Skis Custom Order Skis Graphics Library Graphic Library Two Ski Bindings CAST Look Bindings Tyrolia","Auto-triaged from positive rental evidence and category terms; review if location-specific inventory matters."
"triaged","","116","Pyramid Peak Ski and Snowboard Rentals","http://www.pyramidpeak.ski/","snow_sports;road_cycling","","medium","sporting_goods_store store point_of_interest service establishment http://pyramid-peak.com/ Pyramid Peak Ski and Snowboard Rentals &#8211; Premium rentals at bargain prices.","Auto-triaged from positive rental evidence and category terms; review if location-specific inventory matters."
"triaged","","118","REI","https://www.rei.com/stores/reno?y_source=1_MTQ1MzQxOC03MTUtbG9jYXRpb24ud2Vic2l0ZQ%3D%3D","water_sports;snow_sports;mountain_biking;road_cycling;electric_transport;fishing","","medium","bicycle_store shoe_store sporting_goods_store clothing_store manufacturer store point_of_interest service establishment https://www.rei.com/stores/reno REI Reno Store - Reno, NV - Sporting Goods, Camping Gear REI Accessibility Statement Skip to main content Skip to Shop REI categories Shop REI REI Outlet Trade-In Travel Classes & Events Expert Advice Uncommon Path Membership REI Co-op, Go to REI.com Home Page Shop Cl","Auto-triaged from positive rental evidence and category terms; review if location-specific inventory matters."
"triaged","","119","REI Bike Shop","https://www.rei.com/stores/reno/bike-shop","water_sports;snow_sports;mountain_biking;road_cycling;electric_transport;fishing","","medium","REI Bike Shop https://www.rei.com/stores/reno/bike-shop REI Bike Shop REI Bike Shop bicycle_store sporting_goods_store manufacturer store point_of_interest service establishment https://www.rei.com/stores/reno/bike-shop Reno Bike Repair, Tune-ups & Maintenance | REI Reno Bike Shop REI Accessibility Statement Skip to main content Skip to Shop REI categories Shop REI REI Outlet Trade-In Travel Classes & Events Expert A","Auto-triaged from positive rental evidence and category terms; review if location-specific inventory matters."
"triaged","","121","Reno Brew Bike","http://www.renobrewbike.com/","water_sports;snow_sports","","medium","Alcohol is not currently allowed on the Brew Bike due to Reno&#8217;s open container law, and the cost of your drinks is not included in your reservation.","Auto-triaged from positive rental evidence and category terms; review if location-specific inventory matters."
"triaged","","123","Reno Hexayurt","http://www.renohexayurt.com/","snow_sports;road_cycling","","medium","Hexayurt Original Purchase Hexayurt Original Purchase Regular price $ 1,500.00 USD Regular price Sale price $ 1,500.00 USD Unit price / per OSS Hybrid Hexayurt (H10 Rental) OSS Hybrid Hexayurt (H10 Rental) Regular price $ 1,000.00 USD Regular price Sale price $ 1,000.00 USD Unit price / per OSS Original Hexayurt (H12 Rental) Sold out OSS Original Hexayurt (H12 Rental) Regular price $ 1,500.00 USD Regular price Sale p","Auto-triaged from positive rental evidence and category terms; review if location-specific inventory matters."
"triaged","","124","Rentools","https://rentools.pro/","snow_sports","","medium","point_of_interest service establishment https://www.rentools.pro/ Rentools You're shopping Fernley, NV Gardnerville, NV Silver Springs, NV South Lake Tahoe, CA Washoe Valley, NV Search 0 Cart Login Menu Construction Lifts Painting ALL Tools & Equipment Arbor/Tree Work Concrete Excavators & Backhoes General Equipment Landscaping Skid Steers Trailers Woodworking Catalog You're shopping Fernley, NV Gardnerville, NV Silv","Auto-triaged from positive rental evidence and category terms; review if location-specific inventory matters."
"triaged","","125","Watta Bike / Ride Tahoe","https://www.ridetahoerentals.com/","snow_sports;mountain_biking;road_cycling;electric_transport;camping","","medium","Watta Bike / Ride Tahoe https://www.ridetahoerentals.com/ Ride Tahoe Rentals Ride Tahoe Rentals Visitors say this bike rental shop offers a wide range of high-quality mountain bikes and e-bikes, which are well-maintained and come with top-shelf components.","Auto-triaged from positive rental evidence and category terms; review if location-specific inventory matters."
"triaged","","126","Rip N Willies Ski & Snowboard Rental Shop","http://www.ripnwillies.com/","snow_sports","","medium","Rip N Willies Ski & Snowboard Rental Shop http://www.ripnwillies.com/ Rip N Willies Ski & Snowboard Rental Shop Welcoming shop providing an array of ski, snowboard and snowshoe gear rentals as well as repair services.","Auto-triaged from positive rental evidence and category terms; review if location-specific inventory matters."
"triaged","","127","Rock House Discount Ski & Snowboard Rentals","http://tahoediscountskis.com/","snow_sports","","medium","Rock House Discount Ski & Snowboard Rentals http://tahoediscountskis.com/ Rock House Discount Ski & Snowboard Rentals Locally owned outfit providing rentals, sales and service for skis, snowboards and boots for all skill levels.","Auto-triaged from positive rental evidence and category terms; review if location-specific inventory matters."
"triaged","","128","Rolling Freedom Motorcycles & Lake Tahoe Slingshots","http://www.rolltahoe.com/","off_road;motorcycles;road_cycling;electric_transport","","medium","Rolling Freedom Motorcycles & Lake Tahoe Slingshots http://www.rolltahoe.com/ Rolling Freedom Motorcycles & Lake Tahoe Slingshots - Motorcycles, Moped Scooters, E-Bike Rentals & EagleRider Tours Motorcycle shop providing rentals to explore Lake Tahoe, plus suggested scenic stops.","Auto-triaged from positive rental evidence and category terms; review if location-specific inventory matters."
"triaged","","129","SUP South Lake Tahoe","http://www.supsouthlaketahoe.com/","water_sports;snow_sports","","medium","clothing_store store point_of_interest service establishment https://www.supsouthlaketahoe.com/ SUP Tahoe - Kayak and Standup Paddle Board Rentals Skip to Content Open Menu Close Menu Rentals Rates Shop Showroom Find Us 0 0 BOOK NOW Rentals Rates Shop Showroom Find Us 0 0 BOOK NOW Open Menu Close Menu Rentals Rates Shop Showroom Find Us BOOK NOW Rent a board.","Auto-triaged from positive rental evidence and category terms; review if location-specific inventory matters."
"triaged","","130","SWA Watersports - Lake Tahoe Boat Rentals","http://www.swawatersports.com/homewood/","water_sports;snow_sports;fishing","","medium","SWA Watersports - Lake Tahoe Boat Rentals http://www.swawatersports.com/homewood/ SWA Watersports - Lake Tahoe Boat Rentals SWA Watersports - Lake Tahoe Boat Rentals sports_coaching fishing_charter tour_agency travel_agency school educational_institution point_of_interest service establishment https://swawatersports.com/homewood/ Homewood | SWA Watersports Skip to content 1.775.400.6677 Home COVID Rentals Boat Rental","Auto-triaged from positive rental evidence and category terms; review if location-specific inventory matters."
"triaged","","132","Shoreline of Tahoe","http://www.shorelineoftahoe.com/","snow_sports;mountain_biking;road_cycling;electric_transport","","medium","Parts/Tools Rentals Expand submenu Collapse submenu Rentals Bike Rentals Ski Rentals Snowboard Rentals Snowshoes Rental Brands Gift card Tech Shop Search Log in Search LOGIN Shoreline Tahoe Snowboard Snowboards Men's Snowboards Women's Snowboards Youth Snowboards Splitboards Boots Men's Boots Women's Boots Youth Boots Bindings Men's Bindings Women's Bindings Youth Bindings Splitboard Bindings Outerwear Jackets Men's","Auto-triaged from positive rental evidence and category terms; review if location-specific inventory matters."
"triaged","","133","Showcase - Heavenly","https://www.epicmountainrentals.com/","snow_sports;mountain_biking;road_cycling;electric_transport","","medium","Showcase - Heavenly https://www.epicmountainrentals.com/ Showcase - Heavenly Ski shop showcasing snowboard and ski gear rentals, sales and repairs, plus activewear and souvenirs.","Auto-triaged from positive rental evidence and category terms; review if location-specific inventory matters."
"triaged","","134","Showcase - Northstar","https://www.epicmountainrentals.com/","snow_sports;mountain_biking;road_cycling;electric_transport","","medium","Showcase - Northstar https://www.epicmountainrentals.com/ Showcase - Northstar Showcase - Northstar sporting_goods_store store point_of_interest service establishment https://www.epicmountainrentals.com/ Epic Mountain Rentals | Ski Rentals | Ski Rental D | Epic Mountain Rentals Skip to main content BOOK SMARTER WITH EPIC MOUNTAIN REWARDS - Epic Pass holders save an extra 20% with Epic Mountain Rewards.","Auto-triaged from positive rental evidence and category terms; review if location-specific inventory matters."
"triaged","","135","Sierra Adventures","https://m.wildsierra.com/","water_sports;snow_sports;off_road;mountain_biking;road_cycling;electric_transport;fishing","","medium","Sierra Adventures https://m.wildsierra.com/ Sierra Adventures / Activities Reno Tahoe, LLC Bike, snowmobile, kayak, and snowboard shop featuring sporting goods and rental services, plus fishing charters.","Auto-triaged from positive rental evidence and category terms; review if location-specific inventory matters."
"triaged","","137","Sierra Cyclesmith Bicycle Shop","https://www.sierracyclesmith.com/","snow_sports;mountain_biking;road_cycling;electric_transport","","medium","Sierra Cyclesmith Bicycle Shop https://www.sierracyclesmith.com/ Sierra Cyclesmith Bicycle Shop Reno bike shop featuring mountain bikes and e-bikes, plus rentals and repairs.","Auto-triaged from positive rental evidence and category terms; review if location-specific inventory matters."
"triaged","","138","Sierra Diving Center","https://www.sierradive.com/","water_sports;snow_sports","","medium","Diving Equipment and Technical Equipment rentals Monthly Fun Dives Equipment Repairs Diving Travel and Lake Tahoe Diving Altitude Diving Nitrox and Trimix Diving Technical, Rebreather and Trimix Training, Instructor Training, Equipment & Service DSAT /PADI Gas Blender, Tec Deep Diver and Tec Trimix TDI Advanced Nitrox through Advanced Trimix KISS Rebreather Training Center Full CCR training in Lake Tahoe or at your l","Auto-triaged from positive rental evidence and category terms; review if location-specific inventory matters."
"triaged","","139","Sierra Mountain Surf","http://www.sierramountainsurf.com/","water_sports;snow_sports","","medium","Sierra Mountain Surf http://www.sierramountainsurf.com/ Sierra Mountain Surf Water-sports equipment rental service specializing in jet skis and jet boats for exploring Lake Tahoe.","Auto-triaged from positive rental evidence and category terms; review if location-specific inventory matters."
"triaged","","140","Sierra Ski & Cycle Works","https://sierraskiandcycleworks.com/","snow_sports;mountain_biking;road_cycling;electric_transport;fishing","","medium","Sierra Ski & Cycle Works https://sierraskiandcycleworks.com/ Sierra Ski & Cycle Works Ski and bicycle shop offering rentals, repairs, and retail sales, plus helpful staff.","Auto-triaged from positive rental evidence and category terms; review if location-specific inventory matters."
"triaged","","141","Sierra Surf House","http://www.sierrasurfhouse.com/","water_sports;snow_sports","","medium","SIERRA SURF HOUSE SOUTH LAKE TAHOE WAKESURF WAKE BOAT RENTALS TAHOE WATERSPORTS RENTALS LAKE TAHOE BOAT RENTALS TAHOE WAKE BOAT RENTALS TAHOE Location: 2435 Venice Dr E, South Lake Tahoe CA 96150 Contact sierrasurfhouse@gmail.com (757)-660-8198 https://www.sierrasurfhouse.com/boatspricing Team 1 Sierra Surf House 0 Skip to Content Sierra Surf House Boats/Pricing Local Reccomendations WHY WAKE-SURF?","Auto-triaged from positive rental evidence and category terms; review if location-specific inventory matters."
"triaged","","142","Ski Butlers Heavenly/South Lake Tahoe","https://www.skibutlers.com/locations/heavenly-south-lake-tahoe","water_sports;snow_sports;mountain_biking","","medium","Ski Butlers Heavenly/South Lake Tahoe https://www.skibutlers.com/locations/heavenly-south-lake-tahoe Ski Butlers Heavenly/South Lake Tahoe Relaxed service for delivering rentals of ski and snowboard gear to hotels, as well as mountain slopes, slopeside or homes.","Auto-triaged from positive rental evidence and category terms; review if location-specific inventory matters."
"triaged","","143","Ski Butlers Northstar/Palisades Tahoe","https://www.skibutlers.com/locations/north-lake-tahoe","water_sports;snow_sports;mountain_biking","","medium","sporting_goods_store store point_of_interest service establishment https://www.skibutlers.com/snowboard-ski-rentals/north-lake-tahoe Snowboard & Ski Rentals | Northstar | Ski Butlers Skip to main content Go to homepage Close Our Locations North America Europe California Heavenly Palisades Tahoe Mammoth Limelight Mammoth Northstar/Truckee Canada Blue Mountain Tremblant Fairmont Tremblant Whistler Blackcomb Colorado As","Auto-triaged from positive rental evidence and category terms; review if location-specific inventory matters."
"triaged","","144","Ski Pro","https://skipro.com/","water_sports;snow_sports","","medium","Large ski shop for sales and rentals of skis, snowboards and snow gear, as well as repairs.","Auto-triaged from positive rental evidence and category terms; review if location-specific inventory matters."
"triaged","","145","Ski Run Marina","http://skirunmarina.com/","water_sports;snow_sports;fishing","","medium","Ski Run Marina http://skirunmarina.com/ Ski Run Marina Ski Run Marina People say this marina offers a variety of restaurants, a beach, boat rides, parasailing, and jet ski rentals.","Auto-triaged from positive rental evidence and category terms; review if location-specific inventory matters."
"triaged","","147","Snowshoe Tahoe","https://www.snowshoetahoe.net/","snow_sports","","medium","tour_agency travel_agency point_of_interest service establishment https://www.snowshoetahoe.net/ Guided Snowshoe Tours & Rentals | Winter Hikes | Tahoe, CA top of page SNOWSHOE TAHOE Home Frequently Asked Questions All Tours Summer Tours Palisades Point Half Day Chickadee Ridge Beginner Hike Dog Friendly Snowshoe Hikes In Lake Taho Full Moon Snowshoe Tour Under the Stars Sunrise Hike Over Lake Tahoe Beginner and Fami","Auto-triaged from positive rental evidence and category terms; review if location-specific inventory matters."
"triaged","","148","South Lake E-bikes","http://southlakeebikes.com/","road_cycling;electric_transport","","medium","South Lake E-bikes http://southlakeebikes.com/ South Lake E-bikes Laid-back shop providing electric bike rental (and tours) services for exploring Lake Tahoe's beaches, trails and forested areas.","Auto-triaged from positive rental evidence and category terms; review if location-specific inventory matters."
"triaged","","150","South Shore Bikes","http://www.southshorebikestahoe.com/","snow_sports;mountain_biking;road_cycling;electric_transport","","medium","South Shore Bikes http://www.southshorebikestahoe.com/ South Shore Bikes Family-friendly, rental-heavy bicycle store with a track record of friendly service.","Auto-triaged from positive rental evidence and category terms; review if location-specific inventory matters."
"triaged","","151","South Tahoe Ebike Rentals - Margaritaville","http://southtahoeebikerentals.com/","snow_sports;road_cycling;electric_transport","","medium","point_of_interest service establishment https://www.southtahoeebikerentals.com/ South Tahoe EBike Rentals 0 Skip to Content Open Menu Close Menu Open Menu Close Menu RIDE EASY EXPLORE MORE Explore South Lake Tahoe in Style with South Tahoe Ebike Rentals!","Auto-triaged from positive rental evidence and category terms; review if location-specific inventory matters."
"triaged","","152","South Tahoe Kayak and Paddleboard","https://southtahoekayak.com/","water_sports;snow_sports","","medium","South Tahoe Kayak and Paddleboard https://southtahoekayak.com/ South Tahoe Kayak and Paddleboard South Tahoe Kayak and Paddleboard point_of_interest service establishment https://southtahoekayak.com/ South Tahoe Kayak & Paddleboard rentals and tours | Book our [4th of July Fireworks Tour](/tours/4th-july-fireworks-tour/) Now Book our 4th of July Fireworks Tour Now South Tahoe Kayak & Paddleboard rentals and tours sou","Auto-triaged from positive rental evidence and category terms; review if location-specific inventory matters."
"triaged","no_rentals→triaged","153","Sparks Marina Paddle","http://www.sparksmarinapaddle.com/","water_sports","","high","Sparks Marina Paddle rents stand-up paddleboards, kayaks, and pedal boats ($25/hr) at Sparks Marina (Yelp listing + marinafun.com describe rental equipment for human-powered adventures).","Patch: confirmed renter via live fetch/search."
"triaged","","154","Sports Ltd. Rentals","http://www.sportsltdrentals.com/","water_sports;snow_sports;mountain_biking;road_cycling;electric_transport;rock_climbing","","medium","Rentals Winter and summer sports shop featuring equipment rentals, including skis, bikes, and snowshoes.","Auto-triaged from positive rental evidence and category terms; review if location-specific inventory matters."
"triaged","","155","Start Haus Ski & Bike","https://www.starthaus.com/","snow_sports;mountain_biking;road_cycling;electric_transport","","medium","sporting_goods_store bicycle_store manufacturer store point_of_interest service establishment https://www.starthaus.com/ Start Haus Truckee Ski & Bike Sales and Service in North Lake Tahoe Skip to content Rent a Bike!","Auto-triaged from positive rental evidence and category terms; review if location-specific inventory matters."
"triaged","","156","Stealth Tahoe","http://stealthtahoe.com/","snow_sports;off_road;road_cycling;electric_transport;rock_climbing","","medium","Stealth Tahoe http://stealthtahoe.com/ Stealth Tahoe Stealth Tahoe bicycle_store sporting_goods_store store manufacturer point_of_interest service establishment https://stealthtahoe.com/ Stealth Tahoe Skip to content Free Shipping on orders $100+ *Some exclusions apply E-Bikes Super73 E Ride Pro Rad Power Bikes Stealth Electric Bikes Moonbikes Bike Insurance Sno-Go Sno-Go Sno-Go Rental Bike Shop Brakes Disc Brakes Br","Auto-triaged from positive rental evidence and category terms; review if location-specific inventory matters."
"triaged","","157","Sugar Bowl Rental Shop","http://www.sugarbowl.com/rentals","snow_sports","","medium","Sugar Bowl Rental Shop http://www.sugarbowl.com/rentals Sugar Bowl Rental Shop Sugar Bowl Rental Shop point_of_interest service establishment http://www.sugarbowl.com/rentals Ski & Snowboard Rentals at Sugar Bowl | Tahoe Ski Gear Login Shop Plan Explore Immerse 0 ""/12hr 0 ""/12hr 0 ""/24hr 0 &quot/7 Day 317 ""/YTD Shop Season Passes Seasonal Programs Village Locker Room Lodging Summer Camp Passholder Vouchers More Seaso","Auto-triaged from positive rental evidence and category terms; review if location-specific inventory matters."
"triaged","","158","Sunnyside Marina & Watersport Rentals","https://marinasunnyside.com/?utm_source=gmb&utm_medium=gmb&utm_campaign=gmb","water_sports;snow_sports;road_cycling;electric_transport","","medium","Sunnyside Marina & Watersport Rentals https://marinasunnyside.com/?utm_source=gmb&utm_medium=gmb&utm_campaign=gmb Sunnyside Marina & Watersport Rentals Longtime marina offering a variety of watercraft rentals, plus storage and repair services.","Auto-triaged from positive rental evidence and category terms; review if location-specific inventory matters."
"triaged","","159","Synergy Wetsuits","https://synergywetsuits.com/","water_sports;snow_sports","","medium","New flagship wetsuit Designed to lead the line, the Vantage Pro is Synergy’s newest top-tier wetsu https://synergywetsuits.com/collections/womens-outlet-wetsuits-demos Women's Outlet Wetsuits Synergy Wetsuits Skip to content Free Shipping on orders over $199 (Continental US) Men Men Wetsuits Wetsuits Triathlon Full Sleeve Sleeveless Tops Bottoms Swimskins Swimskins Short Sleeve Sleeveless Shorts Apparel Apparel Trisu","Auto-triaged from positive rental evidence and category terms; review if location-specific inventory matters."
"triaged","","160","Tahoe Reel, Power & Paddle","https://adventuretahoe.com/","water_sports;snow_sports;fishing","","medium","Tahoe Reel, Power & Paddle https://adventuretahoe.com/ TAHOE REEL, POWER, & PADDLE TAHOE REEL, POWER, & PADDLE People say this boat rental service offers well-maintained pontoon boats, jet skis, and kayaks, including glass-bottom options, with all necessary safety equipment provided.","Auto-triaged from positive rental evidence and category terms; review if location-specific inventory matters."
"triaged","","162","Tahoe Adventure Company","http://www.tahoeadventurecompany.com/","water_sports;snow_sports;mountain_biking;road_cycling","","medium","Tahoe Adventure Company http://www.tahoeadventurecompany.com/ Tahoe Adventure Company Outfitter offering kayak and snowshoe rentals, as well as guided tours.","Auto-triaged from positive rental evidence and category terms; review if location-specific inventory matters."
"triaged","needs_review→triaged","163","Tahoe Adventure Rentals","https://tahoeadventurerentals.com/","water_sports;off_road","snow_sports","high","Site lists self-guided rentals: floating waterpark ($1,500 half day) and UTV side-by-side ($450/machine, 2hr); boat cruises offer an optional captain at separate cost.","Patch: confirmed renter via live fetch/search."
"triaged","","164","Tahoe Aquatic Center","https://tahoeaquaticcenter.com/","water_sports;snow_sports","","medium","Tahoe Aquatic Center https://tahoeaquaticcenter.com/ Tahoe Aquatic Center Jet ski rental service providing speedy rides.","Auto-triaged from positive rental evidence and category terms; review if location-specific inventory matters."
"triaged","","165","Tahoe Beach Company","https://www.tahoebeachco.com/","water_sports;snow_sports","","medium","toy_store clothing_store store point_of_interest service establishment https://www.tahoebeachco.com/ Tahoe Beach Company | Kings Beach Kayak Rentals & More Skip to primary navigation Skip to content Skip to footer Home Rentals Open Rentals Menu Floating Dock Hangout Water Hammock Hangout Sling Chair Float Stand Up Paddleboard Single Kayak Double Kayak Tandem Stand Up Paddleboard Kids Stand Up Paddleboard or Kayak 1 B","Auto-triaged from positive rental evidence and category terms; review if location-specific inventory matters."
"triaged","","166","Tahoe Bike Company","https://www.tahoebikeco.com/","snow_sports;off_road;road_cycling;electric_transport","","medium","Tahoe Bike Company https://www.tahoebikeco.com/ Tahoe Bike Company Tahoe Bike Company People say this bicycle rental service offers a variety of bikes, including surreys and fat tire ebikes, and provides repair services.","Auto-triaged from positive rental evidence and category terms; review if location-specific inventory matters."
"triaged","","167","Tahoe Blue Boat Rentals","https://tahoeblueboatrentals.com/","water_sports;snow_sports","","medium","point_of_interest service establishment https://tahoeblueboatrentals.com/ Tahoe Blue Boat Rentals - Rent From Tahoe Blue, Support the local Home About us Boats FAQs Contact us Services Book now Skip to content Home About us Boats FAQs Contact us Services Book now Tahoe Blue Boat Rentals Book Online Now Tahoe Blue boat rentals is a family-owned company with 10+ years of experience, located on the north shore of Lake T","Auto-triaged from positive rental evidence and category terms; review if location-specific inventory matters."
"triaged","","168","Tahoe City Kayak & Paddleboard Beach Rental","https://tahoecitykayak.com/rentals/kayak-rentals/","water_sports","","medium","Tahoe City Kayak & Paddleboard Beach Rental https://tahoecitykayak.com/rentals/kayak-rentals/ Tahoe City Kayak & Paddleboard Beach Rental Tahoe City Kayak & Paddleboard Beach Rental point_of_interest service establishment https://tahoecitykayak.com/rentals/ Rentals | Tahoe City Kayak & Paddleboard rentals and tours Book our 4th of July Fireworks Tour Now Tahoe City Kayak & Paddleboard rentals and tours Menu Rentals T","Auto-triaged from positive rental evidence and category terms; review if location-specific inventory matters."
"triaged","","169","Tahoe City Kayak and Paddleboard Shop","http://tahoecitykayak.com/","water_sports;snow_sports","","medium","Tahoe City Kayak and Paddleboard Shop http://tahoecitykayak.com/ Tahoe City Kayak and Paddleboard Shop Kayak and paddleboard rental shop featuring guided lake tours.","Auto-triaged from positive rental evidence and category terms; review if location-specific inventory matters."
"triaged","","170","Tahoe Dave's Boardshop","http://www.tahoedaves.com/","snow_sports;off_road","","medium","Tahoe Dave's Boardshop http://www.tahoedaves.com/ Tahoe Dave's Boardshop A wide selection of ski boards and other equipment, plus rentals and snow clothing.","Auto-triaged from positive rental evidence and category terms; review if location-specific inventory matters."
"triaged","","171","Tahoe Dave's Skis & Boards","https://www.tahoedaves.com/","snow_sports;off_road","","medium","People say this ski rental shop offers a wide selection of well-maintained gear and provides quick, efficient service.","Auto-triaged from positive rental evidence and category terms; review if location-specific inventory matters."
"triaged","","172","Tahoe Dave's Skis & Boards","http://www.tahoedaves.com/","snow_sports;off_road","","medium","sporting_goods_store store point_of_interest service establishment https://tahoedaves.com/ Tahoe Dave&#039;s &#8211; Skis & Boards Skip to content Tahoe Dave&#039;s Skis & Boards Rates Rentals &#038; Demos Daily ​Rentals Kids’ Seasonal Rentals Demo Ski Catalog Demo Snowboard Catalog Reserve Now Discounts Tuning &#038; Repairs Sales Ski Demo Sales Snowboard Demo Sales Snowshoe Sales Skateboard Sales Product Lines Loca","Auto-triaged from positive rental evidence and category terms; review if location-specific inventory matters."
"triaged","","173","Tahoe Dirt Bikes","http://tahoedirtbikes.com/","snow_sports;off_road;road_cycling","","medium","Tahoe Dirt Bikes http://tahoedirtbikes.com/ Tahoe Dirt Bikes Tahoe Dirt Bikes corporate_office point_of_interest establishment https://www.tahoedirtbikes.com/ Tahoe Dirt Bikes &#8211; Lake Tahoe&#039;s Best Adventure Rental Skip to content Tahoe Dirt Bikes Lake Tahoe&#039;s Best Adventure Rental Rental Options Photos and Testimonials Blog Contact Us FAQ Rental Options Photos and Testimonials Blog Contact Us FAQ Fill","Auto-triaged from positive rental evidence and category terms; review if location-specific inventory matters."
"triaged","","174","Tahoe Dive Center","https://tahoedive.com/","water_sports;snow_sports","","medium","*Air cards valid for 12 months from date of purchase Rental Equipment Air Tank $ 20.00/day Nitrox Tank $ 25.00/day Dry Suit $ 100.00/day SCUBA Kit (BC, Regulator, Tank, Weights, Wetsuit) $ 110.00/day Wrist Computer $ 25.00/day Wetsuit/Hood $ 25.00/day Mask / Snorkel / Fins / Booties / Gloves (Personal Gear) Must Bring or Purchase at shop Underwater Maintenance & Services Mooring Maintenance Inspection, Installation a","Auto-triaged from positive rental evidence and category terms; review if location-specific inventory matters."
"triaged","","175","Tahoe Donner Beach Club Marina","https://www.tahoedonner.com/amenities/amenities/beach-club-marina/","water_sports;snow_sports;mountain_biking;electric_transport","","medium","marina sports_activity_location association_or_organization restaurant point_of_interest food service establishment https://www.tahoedonner.com/amenities/amenities/beach-club-marina/ Beach Club Marina | Tahoe Donner Search site: Community Amenities Members News + Events Ski Resort XC Ski ShopTD Member Portal Bikeworks Equestrian Center Golf Course Community General About Us Vision + Mission Location Welcome FAQs Gene","Auto-triaged from positive rental evidence and category terms; review if location-specific inventory matters."
"triaged","","176","Tahoe Donner Bikeworks","https://www.tahoedonner.com/amenities/amenities/bikeworks/","water_sports;snow_sports;mountain_biking;electric_transport","","medium","Tahoe Donner Bikeworks https://www.tahoedonner.com/amenities/amenities/bikeworks/ Tahoe Donner Bikeworks Tahoe Donner Bikeworks point_of_interest service establishment https://www.tahoedonner.com/amenities/amenities/bikeworks/ Bikeworks | Tahoe Donner Search site: Community Amenities Members News + Events Ski Resort XC Ski ShopTD Member Portal Bikeworks Equestrian Center Golf Course Community General About Us Vision","Auto-triaged from positive rental evidence and category terms; review if location-specific inventory matters."
"triaged","","177","Tahoe Ebikes","https://tahoeebikes.com/","mountain_biking;road_cycling;electric_transport","","medium","point_of_interest service establishment https://www.tahoeebikes.com/ Home | Tahoe Ebikes top of page Tahoe eBikes Home Used eBike Sale New Inventory Rental Rates The Mountain Fleet The Pavement Fleet Repair Disc Golf About Us Contact Us YouTube Channel More...","Auto-triaged from positive rental evidence and category terms; review if location-specific inventory matters."
"triaged","","178","Tahoe Electric Bike Rental","http://www.tahoeelectricbikerental.com/","snow_sports;road_cycling;electric_transport","","medium","Tahoe Electric Bike Rental http://www.tahoeelectricbikerental.com/ Tahoe Electric Bike Rental Tahoe Electric Bike Rental point_of_interest service establishment https://tahoeelectricbikerental.com/ Tahoe Electric Bike Rental | Lake Tahoe, Reno & Carson City Ebikes Skip to content Tahoe Electric Bike Rental Brought to you by Racer Menu Home About Burning Man Bike Rentals Electric Bike Styles FAQs Recommended Trails Co","Auto-triaged from positive rental evidence and category terms; review if location-specific inventory matters."
"triaged","","179","Tahoe Family Adventures","http://tahoefamilyadventures.com/","water_sports;snow_sports","","medium","Google reviews reference this operator's snowmobile rental and boat rentals (snowmobile = snow_sports, boat = water_sports).","Restored after a duplicate-name collision during the patch; original triaged verdict reinstated."
"triaged","no_rentals→triaged","180","Tahoe Family Adventures","http://tahoefamilyadventures.com/","water_sports","snow_sports","high","Tahoe Family Adventures rents power boats, jet skis, floating water parks and water toys (captain optional). Duplicate listing of the already-triaged rank-179 row.","Confirmed renter via live search; duplicate of triaged Tahoe Family Adventures (rank 179)."
"triaged","","181","Tahoe Jet Boats","https://tahoejetboats.com/","water_sports;snow_sports","","medium","tourist_attraction sports_coaching sporting_goods_store tour_agency travel_agency sports_activity_location store school educational_institution point_of_interest service establishment https://tahoejetboats.com/ Luxury Captained Boat Charters Lake Tahoe | Tahoe Jet Boats Imagine Secure Early Online Acclaimed Five-Star Reviews ⛔️ Skip the Propeller Lottery: The Real Cost of Cheap Boat Rentals in Tahoe 🚨 If This Interv","Auto-triaged from positive rental evidence and category terms; review if location-specific inventory matters."
"triaged","","182","Tahoe Luxury","http://www.tahoeluxury.net/","water_sports;snow_sports;camping_vehicles","","medium","Boats Set sail on the breathtaking waters of Lake Tahoe with our premium boat rental service!","Auto-triaged from positive rental evidence and category terms; review if location-specific inventory matters."
"triaged","","183","Tahoe Marine Supply","https://tahoemarinesupply.com/","water_sports;snow_sports","","medium","Return to shop (530) 583-0925 Home Boat Sales Used Premium Pre-Owned Boats For Sale Pro &#038; Rental Shop Tahoe City Marina Pro Shop Online Water Sports Pro Shop Private Captain Wake Surfing Buoy / Mooring Products Boater’s Guide Cart No products in the cart.","Auto-triaged from positive rental evidence and category terms; review if location-specific inventory matters."
"triaged","","184","Tahoe Mountain Sports","http://www.tahoemountainsports.com/","snow_sports","","medium","Tahoe Mountain Sports Shop Men's Shirts Pants Shorts Swimwear Jackets Ski Pants Base Layers Women's Shirts Pants Shorts Swimwear Jackets Ski Pants Base Layers Kid's Footwear Men's Shoes Women's Shoes Winter Boots Socks Accessories Luggage & Bags Hats Gloves Sunglasses Electronics Gifts & Goodies Jewelry Candles Wallets Our Brands Shop By Activity Camp & Hike Tents Sleeping Bags Backpacks Stoves & Cookware Ski & Snowb","Auto-triaged from positive rental evidence and category terms; review if location-specific inventory matters."
"triaged","","185","Tahoe XC","https://tahoexc.org/","snow_sports;mountain_biking","","high","The Rentals & Services page says customers can rent mountain bikes, cross-country ski gear, and snowshoes directly at the Tahoe XC trailhead.","Original no-place_id evidence row; duplicate named sweep row also exists separately."
"triaged","","186","Tahoe Multisport","http://tahoemultisport.com/","water_sports;snow_sports;mountain_biking;road_cycling;electric_transport","","medium","Tahoe Multisport http://tahoemultisport.com/ Tahoe Multisport - E-Bike Kayak Stand Up Paddle Board - Rentals & Tours Beach equipment rental (SUPs and kayaks, plus other options) and tours provided by a friendly team on the east shore trail.","Auto-triaged from positive rental evidence and category terms; review if location-specific inventory matters."
"triaged","","188","Tahoe Paddle & Oar","http://www.tahoepaddle.com/","water_sports","","medium","Tahoe Paddle & Oar http://www.tahoepaddle.com/ Tahoe Paddle & Oar Tahoe Paddle & Oar sporting_goods_store store point_of_interest service establishment https://tahoepaddle.com/ Tahoe Paddle & Oar - North Lake Tahoe - (530) 581-3029 RENTALS TOURS SALES GALLERY CONTACT BOOK NOW!","Auto-triaged from positive rental evidence and category terms; review if location-specific inventory matters."
"triaged","","189","Tahoe Paddle & Oar: Rentals","http://www.tahoepaddle.com/","water_sports","","medium","Tahoe Paddle & Oar: Rentals http://www.tahoepaddle.com/ Tahoe Paddle & Oar: Rentals Tahoe Paddle & Oar: Rentals sporting_goods_store store point_of_interest service establishment https://tahoepaddle.com/ Tahoe Paddle & Oar - North Lake Tahoe - (530) 581-3029 RENTALS TOURS SALES GALLERY CONTACT BOOK NOW!","Auto-triaged from positive rental evidence and category terms; review if location-specific inventory matters."
"triaged","","190","Tahoe Paddle Sports — Sand Harbor","https://tahoepaddlesports.com/","water_sports;snow_sports;road_cycling;electric_transport","","medium","Tahoe Paddle Sports — Sand Harbor https://tahoepaddlesports.com/ Tahoe Paddle Sports - Sand Harbor Clear Kayaking Tahoe Paddle Sports - Sand Harbor Clear Kayaking adventure_sports_center tour_agency travel_agency sports_complex sports_activity_location point_of_interest service establishment https://tahoepaddlesports.com/ Tahoe Paddle Sports | Clear Kayak Tours on Lake Tahoe Skip to primary navigation Skip to content","Auto-triaged from positive rental evidence and category terms; review if location-specific inventory matters."
"triaged","","191","Tahoe Paddle Sports","https://tahoepaddlesports.com/","water_sports;snow_sports;road_cycling;electric_transport","","medium","adventure_sports_center tour_agency travel_agency sports_complex sports_activity_location point_of_interest service establishment https://tahoepaddlesports.com/ Tahoe Paddle Sports | Clear Kayak Tours on Lake Tahoe Skip to primary navigation Skip to content Skip to footer Menu Home Submenu for Lake Tahoe Kayak Tours Sand Harbor Clear Kayak Tour Cave Rock Clear Kayak Tour View All Kayak Tours E Bike Rental Group Tours","Auto-triaged from positive rental evidence and category terms; review if location-specific inventory matters."
"triaged","","192","Tahoe Paradise Boat Rentals","http://tahoeparadiseboatrentals.com/","water_sports;snow_sports","","medium","Tahoe Paradise Boat Rentals http://tahoeparadiseboatrentals.com/ Tahoe Paradise Boat Rentals Tahoe Paradise Boat Rentals Visitors say this boat rental service offers well-maintained and spotless boats, perfect for enjoying Lake Tahoe's stunning views.","Auto-triaged from positive rental evidence and category terms; review if location-specific inventory matters."
"triaged","","193","Tahoe Sled School","https://www.tahoesledschool.com/","snow_sports;off_road","","medium","TAHOE SLED SCHOOL Lake Tahoe's Premier Snowmobile Rental & Guide Service Our Fleet 2023 Ski Doo G5 Summit X Expert Turbo 154 $550/Day 2022 Polaris RMK Khaos Matryx 155 $450/Day Book Now Book Now Tahoe Sled School info@tahoesledschool.com ©2022 by Tahoe Sled School.","Auto-triaged from positive rental evidence and category terms; review if location-specific inventory matters."
"triaged","","194","Tahoe Snowbike Rental","http://www.tahoesnowbikerental.com/","snow_sports;off_road;road_cycling","","medium","Tahoe Snowbike Rental http://www.tahoesnowbikerental.com/ Tahoe Snowbike Rental Tahoe Snowbike Rental point_of_interest service establishment https://www.tahoesnowbikerental.com/ Timbersled Rental | Tahoe Snowbike Rental | Truckee top of page Home The Stable Pricing Terms and Conditions FAQ Calendar Gift Card Contact Apparel More Use tab to navigate through the menu items.","Auto-triaged from positive rental evidence and category terms; review if location-specific inventory matters."
"triaged","","195","Tahoe Sports Hub","http://www.tahoesportshub.com/","water_sports;snow_sports;electric_transport","","medium","sporting_goods_store clothing_store store point_of_interest service establishment https://www.tahoesportshub.com/ Tahoe Sports Hub is Truckee's ski snowboard rental and demo shop.","Auto-triaged from positive rental evidence and category terms; review if location-specific inventory matters."
"triaged","","196","Tahoe Sports Ltd.","http://www.tahoesportsltd.com/","water_sports;snow_sports;mountain_biking;road_cycling;electric_transport;camping_vehicles;fishing","","medium","- Tahoe Sports ltd Select your language English (US) USD USD CAD Login View all results (0) No products found 0 Cart You have no items in your shopping cart Home Shop SKI Cross Country XC Skis Boots Backcountry Boots Bindings Poles Skins Alpine Ski Skis Boots Bindings SNOWBOARD Split Boards Splitboard Bindings Splitboard Skins Snowboards Snowboard Bindings Snowboard Boots SNOWSHOES AVALANCHE SAFETY Electronics Shovel","Auto-triaged from positive rental evidence and category terms; review if location-specific inventory matters."
"triaged","","197","Tahoe Sports Ltd. Kayak & Fish","https://www.tahoesportsltd.com/","water_sports;snow_sports;mountain_biking;road_cycling;electric_transport;camping_vehicles;fishing","","medium","- Tahoe Sports ltd Select your language English (US) USD USD CAD Login View all results (0) No products found 0 Cart You have no items in your shopping cart Home Shop SKI Cross Country XC Skis Boots Backcountry Boots Bindings Poles Skins Alpine Ski Skis Boots Bindings SNOWBOARD Split Boards Splitboard Bindings Splitboard Skins Snowboards Snowboard Bindings Snowboard Boots SNOWSHOES AVALANCHE SAFETY Electronics Shovel","Auto-triaged from positive rental evidence and category terms; review if location-specific inventory matters."
"triaged","","198","Tahoe Sports Ski Run Boat Company","http://tahoesports.com/","water_sports;snow_sports;road_cycling","","medium","tour_agency travel_agency supplier store point_of_interest service establishment https://tahoesports.com/ Tahoe Sports | Boat & Jet Ski Rentals in Lake Tahoe Skip to primary navigation Skip to content Skip to footer Tahoe Sports is open for the 2026 Season.","Auto-triaged from positive rental evidence and category terms; review if location-specific inventory matters."
"triaged","","199","Tahoe Sports Tahoe Keys Boat Rental","https://tahoesports.com/tahoe-keys-powerboat-rentals/","water_sports;snow_sports;road_cycling","","medium","tour_agency travel_agency supplier store point_of_interest service establishment https://tahoesports.com/tahoekeysboatrentals/ Lake Tahoe Keys Powerboat Rentals | Tahoe Sports Skip to primary navigation Skip to content Skip to footer Tahoe Sports is open for the 2026 Season.","Auto-triaged from positive rental evidence and category terms; review if location-specific inventory matters."
"triaged","no_rentals→triaged","200","Tahoe Toys & Adventures","http://tahoetoysadventures.com/","water_sports;snow_sports;off_road","","high","Site/booking title: 'Tahoe Toys Adventures - BOAT, JETSKI, SNOWMOBILE, SIDE BY SIDE RENTALS'; jet-ski rentals to Emerald Bay, book online.","Patch: confirmed renter via live fetch/search."
"triaged","","201","Lake Tahoe Luxury Waketubing","https://www.tahoewaketubing.com/","water_sports;snow_sports","","medium","Lake Tahoe Luxury Waketubing https://www.tahoewaketubing.com/ Tahoe Wake Tubing Boat Rentals Tahoe Wake Tubing Boat Rentals tourist_attraction tour_agency travel_agency sports_activity_location sports_club point_of_interest association_or_organization service establishment https://tahoewaketubing.com/ Lake Tahoe Boating Pictures 🏆 Five-Star Reviews 📅 Reserve Your Preferred Date ADA Accessibility Statement 🌊Luxury","Auto-triaged from positive rental evidence and category terms; review if location-specific inventory matters."
"triaged","","202","Tahoe Waterman's Landing","http://www.tahoewaterman.com/","water_sports;snow_sports","","medium","coffee_shop breakfast_restaurant cafe tour_agency travel_agency food_store store restaurant food point_of_interest service establishment https://www.tahoewaterman.com/ Tahoe Waterman Landing 0 Skip to Content COFFEE SHOP Paddle Rental & Experience Rentals Tours & Experience E-Foil Tahoe Youth Program Race Series Team Training & Classes Outrigger Practice SUP & Prone Workouts Fitness & Yoga Team Tahoe Waterman Plan yo","Auto-triaged from positive rental evidence and category terms; review if location-specific inventory matters."
"triaged","","203","Tahoe Waves Boat Rental","http://www.tahoewaves.com/","water_sports;snow_sports;fishing","","medium","Tahoe Waves Boat Rental http://www.tahoewaves.com/ Tahoe Waves Boat Rental Tahoe Waves Boat Rental point_of_interest service establishment https://tahoewaves.com/ Luxury Boat Rentals On Lake Tahoe - Tahoe Waves Boat Rental 530-429-2837 120 Grove Street, Tahoe City, CA 96145 View in Google Maps Home Rentals Multi-Day Lake Tahoe Boat Rentals Private & HOA Dock Delivery Hourly Boat Rentals in Tahoe City Hourly Jet Ski R","Auto-triaged from positive rental evidence and category terms; review if location-specific inventory matters."
"triaged","","204","Tahoe Jet Boats","http://www.tahoejetboats.com/","water_sports;snow_sports","","medium","Tahoe Jet Boats http://www.tahoejetboats.com/ TahoeJetBoats TahoeJetBoats sporting_goods_store tour_agency travel_agency sports_coaching sports_activity_location store school educational_institution point_of_interest service establishment https://tahoejetboats.com/ Luxury Captained Boat Charters Lake Tahoe | Tahoe Jet Boats Imagine Secure Early Online Acclaimed Five-Star Reviews ⛔️ Skip the Propeller Lottery: The Rea","Auto-triaged from positive rental evidence and category terms; review if location-specific inventory matters."
"triaged","","205","Tahoe Jet Boats","https://www.tahoejetboats.com/","water_sports;snow_sports","","medium","Tahoe Jet Boats https://www.tahoejetboats.com/ TahoeJetBoats TahoeJetBoats tourist_attraction sports_coaching tour_agency travel_agency sports_activity_location school educational_institution point_of_interest service establishment https://tahoejetboats.com/ Luxury Captained Boat Charters Lake Tahoe | Tahoe Jet Boats Imagine Secure Early Online Acclaimed Five-Star Reviews ⛔️ Skip the Propeller Lottery: The Real Cost","Auto-triaged from positive rental evidence and category terms; review if location-specific inventory matters."
"triaged","","206","The BackCountry","http://www.thebackcountry.com/","water_sports;snow_sports;mountain_biking;road_cycling;electric_transport","","medium","The BackCountry http://www.thebackcountry.com/ The BackCountry Bike shop featuring rentals of mountain bikes, plus skiing gear such as backcountry skis.","Auto-triaged from positive rental evidence and category terms; review if location-specific inventory matters."
"triaged","","207","The Biggest Little ATV/UTV Shop","https://www.thebiggestlittleatvshop.com/","off_road","","medium","car_repair point_of_interest service establishment https://www.thebiggestlittleatvshop.com/ The Biggest Little ATV Shop The Biggest Little ATV Shop Home Contact Sand Paddle Rentals Photos FAQ Home Contact Sand Paddle Rentals Photos FAQ Top Rated ATV and UTV Repair in the Northern Nevada Area Founded in 2020 by a native Nevadan, The Biggest Little ATV Shop was created with one goal in mind - top-quality work without b","Auto-triaged from positive rental evidence and category terms; review if location-specific inventory matters."
"triaged","","209","The Ski Renter","http://skirenter.com/","snow_sports","","medium","The Ski Renter http://skirenter.com/ The Ski Renter Shop offering ski and snowboard rentals as well as equipment in a family-friendly environment.","Auto-triaged from positive rental evidence and category terms; review if location-specific inventory matters."
"triaged","no_rentals→triaged","210","The Village Board Shop","http://www.thevillageboardshop.com/","snow_sports","","high","Rentals page lists daily ski & snowboard packages (basic $40, demo/performance $60, youth $25) plus a-la-carte boards/boots/poles.","Patch: confirmed renter via live fetch/search."
"triaged","","213","Truckee River Bikes","https://truckeeriverbikes.com/","snow_sports;mountain_biking;road_cycling;electric_transport","","medium","Truckee River Bikes https://truckeeriverbikes.com/ Truckee River Bikes Bicycle shop offering rentals, especially electric models, for exploring nearby trails.","Auto-triaged from positive rental evidence and category terms; review if location-specific inventory matters."
"triaged","","218","TrueNorth - Northstar Village","https://www.epicmountainrentals.com/","snow_sports;mountain_biking;road_cycling;electric_transport","","medium","TrueNorth - Northstar Village https://www.epicmountainrentals.com/ TrueNorth - Northstar Village Ski shop specializing in rentals and repairs, along with gear and outwear.","Auto-triaged from positive rental evidence and category terms; review if location-specific inventory matters."
"triaged","","219","TrueNorth - Ritz Carlton","https://www.epicmountainrentals.com/","snow_sports;mountain_biking;road_cycling;electric_transport","","medium","TrueNorth - Ritz Carlton https://www.epicmountainrentals.com/ TrueNorth - Ritz Carlton TrueNorth - Ritz Carlton sporting_goods_store store point_of_interest service establishment https://www.epicmountainrentals.com/ Epic Mountain Rentals | Ski Rentals | Ski Rental D | Epic Mountain Rentals Skip to main content BOOK SMARTER WITH EPIC MOUNTAIN REWARDS - Epic Pass holders save an extra 20% with Epic Mountain Rewards.","Auto-triaged from positive rental evidence and category terms; review if location-specific inventory matters."
"triaged","","221","Uplyft Tahoe Jet Ski Rentals","https://www.uplyfttahoe.com/","water_sports;snow_sports","","medium","Uplyft Tahoe Jet Ski Rentals https://www.uplyfttahoe.com/ Uplyft Tahoe Jet Ski Rentals Uplyft Tahoe Jet Ski Rentals point_of_interest service establishment https://www.uplyfttahoe.com/ North Lake Tahoe Jet Ski Rentals | Uplyft Tahoe","Auto-triaged from positive rental evidence and category terms; review if location-specific inventory matters."
"triaged","","222","Village Ski Loft","http://www.villageskiloft.com/","snow_sports;mountain_biking;road_cycling;electric_transport","","medium","sporting_goods_store store point_of_interest service establishment https://www.villageskiloft.com/ Village Ski Loft Lake Tahoe top of page The Village Ski Loft Incline Village, NV - Lake Tahoe 775-831-3537 HOME RENT NOW Bike Rentals Skis & Boards Nordic, Snowshoes, Sleds Where to Ski & Ride WINTER SERVICES Expert Boot Fitting Services Overnight Tuning and Repair Junior Trade-In Program BIKES Sales & Services E-Bikes","Auto-triaged from positive rental evidence and category terms; review if location-specific inventory matters."
"triaged","","223","Vista Trail Bikes","https://vistatrailbikes.com/","snow_sports;off_road;mountain_biking;road_cycling;electric_transport","","medium","People say this bicycle rental service offers well-maintained electric bikes, cruiser bikes, and bike locks.","Auto-triaged from positive rental evidence and category terms; review if location-specific inventory matters."
"triaged","","224","West Shore Sports","http://www.westshoresports.com/","water_sports;snow_sports;mountain_biking;road_cycling;electric_transport","","medium","West Shore Sports http://www.westshoresports.com/ West Shore Sports Shop renting skis, snowboards, kayaks, and bicycles, as well as selling outdoor apparel and gear.","Auto-triaged from positive rental evidence and category terms; review if location-specific inventory matters."
"triaged","","225","West Shore Sports","http://westshoresports.com/","water_sports;snow_sports;mountain_biking;road_cycling;electric_transport","","medium","West Shore Sports http://westshoresports.com/ West Shore Sports West Shore Sports point_of_interest service establishment https://westshoresports.com/ Home Summer - West Shore Sports a Summer Rentals for the Whole family With 3 Locations on Tahoe’s West Shore view rentals Summer Rentals *All rentals are first come first served and require a credit or debit card deposit Kayaks view rentals Bicycle view rentals Paddleb","Auto-triaged from positive rental evidence and category terms; review if location-specific inventory matters."
"triaged","","226","West Shore Sports","http://www.westshoresports.com/","water_sports;snow_sports;mountain_biking;road_cycling;electric_transport","","medium","West Shore Sports http://www.westshoresports.com/ https://westshoresports.com/ Home Summer - West Shore Sports a Summer Rentals for the Whole family With 3 Locations on Tahoe’s West Shore view rentals Summer Rentals *All rentals are first come first served and require a credit or debit card deposit Kayaks view rentals Bicycle view rentals Paddleboard view rentals View All Summer Rental Rates Locations Locations Homew","Auto-triaged from positive rental evidence and category terms; review if location-specific inventory matters."
"triaged","","227","Wetsuit Outlet","https://wetsuitoutlet.com/","snow_sports;mountain_biking","","medium","Shop Wetsuits Under $199 Search Home Wetsuits Men&#x27;s Wetsuits Fullsleeve Sleeveless Two-Piece Under $199 Women&#x27;s Wetsuits Fullsleeve Sleeveless Two-Piece Under $199 Kid&#x27;s Wetsuits Fullsleeve Sleeveless Swimskins Men&#x27;s Swimskins Women&#x27;s Swimskins Wetsuit Demos Fullsleeve Sleeveless Apparel New Arrivals Men&#x27;s New Arrivals Women&#x27;s New Arrivals Men&#x27;s Apparel Jerseys Singlets Shorts","Auto-triaged from positive rental evidence and category terms; review if location-specific inventory matters."
"triaged","","228","Wild Society Adventures","https://www.wildsocietylt.com/","water_sports;snow_sports","","medium","Wild Society Adventures https://www.wildsocietylt.com/ Wild Society Adventures Wild Society Adventures point_of_interest service establishment https://www.wildsocietylt.com/ Clear Kayak Rentals & Tours | Kings Beach, Lake Tahoe | Wild Society top of page Wild Society Log In Book Now Adventures All Adventures Adventure Add-Ons Adventure Style Quiz Waves of Kindness All Adventures Adventure Add-Ons Adventure Style Quiz","Auto-triaged from positive rental evidence and category terms; review if location-specific inventory matters."
"triaged","","229","Winter Wonderland Ski Shop","https://winterwonderlandskishop.com/","snow_sports;rock_climbing;fishing","","medium","Winter Wonderland Ski Shop https://winterwonderlandskishop.com/ Winter Wonderland Ski Shop Ski shop outside Heavenly Ski Resort offering rentals, repairs, and clothing.","Auto-triaged from positive rental evidence and category terms; review if location-specific inventory matters."
"triaged","","230","Zephyr Cove Marina","https://www.zephyrcove.com/zephyr-cove-marina/zephyr-cove-marina-experience?utm_source=google&utm_medium=organic&utm_campaign=gbp_listing","water_sports;snow_sports;off_road;fishing","","medium","Zephyr Cove Marina https://www.zephyrcove.com/zephyr-cove-marina/zephyr-cove-marina-experience?utm_source=google&utm_medium=organic&utm_campaign=gbp_listing Zephyr Cove Marina Zephyr Cove Marina Visitors say this marina offers scenic boat tours, including dinner and wine cruises, and provides various water sports rentals like kayaks and paddle boats.","Auto-triaged from positive rental evidence and category terms; review if location-specific inventory matters."
"triaged","","231","Zephyr Cove Snowmobile Tours","https://www.zephyrcove.com/snowmobiles/tahoe-snowmobiling-experience?utm_source=google&utm_medium=organic&utm_campaign=gbp_listing","water_sports;snow_sports;off_road;fishing","","medium","Zephyr Cove Snowmobile Tours https://www.zephyrcove.com/snowmobiles/tahoe-snowmobiling-experience?utm_source=google&utm_medium=organic&utm_campaign=gbp_listing Zephyr Cove Snowmobiling Tours Snowmobile company offering guided tours up to 9,000 feet altitude, plus rentals, clothing and helmet options.","Auto-triaged from positive rental evidence and category terms; review if location-specific inventory matters."
"triaged","","232","evo Tahoe City","https://www.evo.com/pages/locations-tahoe-city?utm_source=GMBlisting&utm_medium=organic","water_sports;snow_sports;mountain_biking;road_cycling;electric_transport","","medium","bicycle_store sporting_goods_store clothing_store manufacturer store point_of_interest service establishment https://www.evo.com/shop Mountain Bike, Ski & Snowboard - Sales, Rental & Travel evo Skip to main navigation content Close side cart Cart Close side cart Shopping Cart Your cart is empty.","Auto-triaged from positive rental evidence and category terms; review if location-specific inventory matters."
"triaged","","238","Donner Ski Ranch","http://www.donnerskiranch.com/","snow_sports","","medium","Donner Ski Ranch http://www.donnerskiranch.com/ Donner Ski Ranch Venerable, independently owned ski area with lessons, rentals, a lodge & a popular tubing park.","Auto-triaged from positive rental evidence and category terms; review if location-specific inventory matters."
"triaged","","239","Homewood Mountain Resort","http://www.skihomewood.com/","snow_sports","","medium","ski_resort tourist_attraction hiking_area wedding_venue bar_and_grill bar event_venue sports_activity_location restaurant food point_of_interest service establishment https://skihomewood.com/ Homewood Mountain Resort MOUNTAIN INFO Snow Report Mountain Safety Mountain Cams Trail Map &#038; Stats Parking &#038; Travel PLAN YOUR VISIT Season Passes Lift Tickets Rentals &#038; Demos Lessons Teams Snowcat Adventures Accou","Auto-triaged from positive rental evidence and category terms; review if location-specific inventory matters."
"triaged","","241","All Around Tahoe - Paddleboards, Kayaks, Bikes rental & more!","http://allaroundtahoe.com/","water_sports;mountain_biking;road_cycling","","medium","sporting_goods_store store service establishment https://allaroundtahoe.com/ Delivery of Paddleboards, Kayaks and Bikes - All Around Tahoe Call today for paddleboards, kayaks and bikes rentals (Phone reservations only) Home Bike Rentals Mountain Biking Street Bikes Kayaking & Paddleboarding Flume Trail Secret Cove Beaches Hidden Beach & Speeadboat Price List Gallery Contact SpeedBoat Beach Home Bike Rentals Mountain","Auto-triaged from positive rental evidence and category terms; review if location-specific inventory matters."
"triaged","","243","Round Hill Pines Beach Resort","http://roundhillpinesresort.com/","water_sports;fishing","","medium","Watercraft & Beach Rentals We offer a variety of boats and watertoys throughout the summer season including boat rentals, kayaks, SUP Boards, pedal boats, and beach rentals.","Auto-triaged from positive rental evidence and category terms; review if location-specific inventory matters."
"triaged","","247","Rent A Boat Lake Tahoe","https://www.rentaboattahoe.com/","water_sports;snow_sports","","medium","Rent A Boat Lake Tahoe https://www.rentaboattahoe.com/ Rent A Boat Lake Tahoe Relaxed, respectful, professional, fun-loving staff at this rental service offering well-kept boats for excursions around Lake Tahoe.","Auto-triaged from positive rental evidence and category terms; review if location-specific inventory matters."
"triaged","","248","North Tahoe Wakesurf and Charter","http://wakesurfnorthtahoe.com/","water_sports;snow_sports","","medium","North Tahoe Wakesurf and Charter http://wakesurfnorthtahoe.com/ North Tahoe Wakesurf and Charter North Tahoe Wakesurf and Charter People say this boat rental service offers fun wake surfing lessons and tours of the lake, with a knowledgeable and accommodating captain who provides excellent service.","Auto-triaged from positive rental evidence and category terms; review if location-specific inventory matters."
"triaged","","250","Tahoe Keys Marina","https://tahoekeysmarina.com/","water_sports;snow_sports;fishing","","medium","marina point_of_interest service establishment https://tahoekeysmarina.com/ Tahoe Keys Marina, South Lake Tahoe, California | Suntex Marinas Skip to main content facebook phone CUSTOMER PORTAL STRATEGIC PARTNERS BOOK A SLIP NOW BOAT RENTAL: (530) 544-8888 SUNTEX STORE PHONE: (530) 541-2155 Hit enter to search or ESC to close Search Close Search Menu BOATS + Wet Slips Dry Storage Book a Guest Slip Amenities Certified","Auto-triaged from positive rental evidence and category terms; review if location-specific inventory matters."
"triaged","","257","PlumpJack Inn","https://www.plumpjackinn.com/?utm_medium=organic&utm_source=google&utm_campaign=business-listing","snow_sports;mountain_biking","","medium","resort_hotel ski_resort hotel sports_activity_location lodging point_of_interest establishment https://www.plumpjackinn.com/ PlumpJack Inn | North Lake Tahoe Hotel | Official Site Skip to content Menu Webcam Logo of PlumpJack Inn 6° / -1° Book Now Rooms & Suites PlumpJack Cafe View Menu The Tahoe Experience Things To Do events calendar Weddings Groups & Events Specials Gallery The Inn Shop Rentals About Us Careers FA","Auto-triaged from positive rental evidence and category terms; review if location-specific inventory matters."
"triaged","","259","Tahoe Wakebusters","http://www.tahoewakebusters.com/","water_sports;snow_sports","","medium","Tahoe Wakebusters http://www.tahoewakebusters.com/ Tahoe Wakebusters Tahoe Wakebusters service establishment https://www.tahoewakebusters.com/ Lake Tahoe Boat Rentals | Tahoe WakeBusters Our Fleet Why Us Reviews About Contact Shop Book Now Our Fleet Why Us Reviews About Contact Shop Book Now Make Wakes.","Auto-triaged from positive rental evidence and category terms; review if location-specific inventory matters."
"triaged","","262","EuroCycle Reno","https://rideeurocycle.com/","snow_sports;off_road;motorcycles;road_cycling","","medium","auto_parts_store car_repair store point_of_interest service establishment https://rideeurocycle.com/ Home - Ride EuroCycle Skip to content Search Locations: LAS VEGAS RENO About Inventory Rentals Shipping E-Ticket Contact Employment About Inventory Rentals Shipping E-Ticket Contact Employment About Inventory Rentals Shipping E-Ticket Contact Employment About Inventory Rentals Shipping E-Ticket Contact Employment Get","Auto-triaged from positive rental evidence and category terms; review if location-specific inventory matters."
"triaged","","266","The Water Traveler","https://www.thewatertraveler.com/","water_sports;snow_sports;fishing","","medium","The Water Traveler https://www.thewatertraveler.com/ The Water Traveler The Water Traveler tour_agency travel_agency service establishment https://www.thewatertraveler.com/ The Water Traveler | Luxury Boat Charters in Key West, Lake Tahoe & San Francisco The Water Traveler Home Key West Yacht Just Chillin' In-Stay Rentals & Services Lake Tahoe Heavenly Mountain Terrace Pebble Beach Tahome Cobalt 246 Boat Charter Wint","Auto-triaged from positive rental evidence and category terms; review if location-specific inventory matters."
"triaged","","268","Tahoe Lake Tours","https://tahoeboattours.com/","water_sports;snow_sports","","medium","Tahoe Lake Tours https://tahoeboattours.com/ Tahoe Lake Tours Private boat tours, boat rentals and water sports outings led by friendly captains.","Auto-triaged from positive rental evidence and category terms; review if location-specific inventory matters."
"triaged","","269","Tahoe City Marina","https://tahoecitymarina.com/","water_sports;snow_sports","","medium","Tahoe City Marina https://tahoecitymarina.com/ Tahoe City Marina Tahoe City Marina marina point_of_interest service establishment https://www.tahoecitymarina.com/ Boat Rentals in Tahoe City | Tahoe City Marina Rentals Services About FAQs Contact Weather Web Cam Book Now Previous Next Your Lake Day Starts Here Boat Rentals in Tahoe City Book Now Why Rent from Tahoe City Marina?","Auto-triaged from positive rental evidence and category terms; review if location-specific inventory matters."
"triaged","","271","Tahoe Paddleboard","http://tahoepaddleboards.com/","water_sports;snow_sports","","medium","Tahoe Paddleboard http://tahoepaddleboards.com/ Tahoe Paddleboard Tahoe Paddleboard service establishment https://tahoepaddleboards.com/ Tahoe Paddleboards | Lake Tahoe - ""Delivered-to-Your-Door"" Paddle Board Rentals Lake Tahoe Skip to content Search for: Rentals About Blog FAQ Contact Search for: Rentals About Blog FAQ Contact Rentals About Blog FAQ Contact Home OnyxDm 2025-05-28T02:53:19+00:00 PARTY ON THE WATER!","Auto-triaged from positive rental evidence and category terms; review if location-specific inventory matters."
"triaged","","277","Boat Tahoe","http://www.boat-tahoe.com/","water_sports;snow_sports;off_road;road_cycling","","medium","tour_agency travel_agency point_of_interest service establishment https://www.boat-tahoe.com/ Boat Tahoe - Lake Tahoe Private Boat Tours Skip to content Search for: TOURS &#038; RENTALS Private Boat Tours &#038; Charters Public Boat Tours Unique Boating Experiences Perfect Charter Finder OUR BOATS WATERSPORTS Wakesurfing Charters Efoil Experience Tube, Wakeboard &#038; Waterski Learn to Wakesurf: A Step-by-Step Guide","Auto-triaged from positive rental evidence and category terms; review if location-specific inventory matters."
"triaged","","284","Caples Lake Resort","http://www.capleslakeresort.com/","water_sports;fishing","","medium","Caples Lake Resort http://www.capleslakeresort.com/ Caples Lake Resort Lakefront property with laid-back room & cabins, plus free Wi-Fi, a wood-fired sauna & boat rentals.","Auto-triaged from positive rental evidence and category terms; review if location-specific inventory matters."
"triaged","","288","Tennis Nation Racquet Sports","https://www.tennisnation.com/reno-tennis-center/","snow_sports;off_road","","medium","tennis_court sports_coaching sporting_goods_store athletic_field sports_activity_location store health school educational_institution sports_club point_of_interest association_or_organization establishment https://www.tennisnation.com/reno-tennis-center/ Reno Tennis Center: Courts & Facilities - Tennis Nation Skip to primary navigation Skip to main content Skip to footer Tennis Nation Be Relentless Pickleball Pickleb","Auto-triaged from positive rental evidence and category terms; review if location-specific inventory matters."
"triaged","","289","Dirty Wheel Tahoe","https://www.dirtywheeltahoe.com/","snow_sports;off_road;road_cycling;electric_transport","","medium","Dirty Wheel Tahoe https://www.dirtywheeltahoe.com/ Dirty Wheel Tahoe Dirty Wheel Tahoe service establishment https://www.dirtywheeltahoe.com/ Dirty Wheel Tahoe | E Dirt Bike Rentals | Truckee Tahoe top of page Dirty Wheel Tahoe Home Rentals Contact FAQ Gallery More Use tab to navigate through the menu items.","Auto-triaged from positive rental evidence and category terms; review if location-specific inventory matters."
"triaged","","290","Jet Ski Rental Lake Tahoe","https://www.jetskirentallaketahoe.com/","water_sports;snow_sports;off_road;mountain_biking","","medium","Jet Ski Rental Lake Tahoe https://www.jetskirentallaketahoe.com/ Jet Ski Rental Lake Tahoe Jet Ski Rental Lake Tahoe service establishment https://www.jetskirentallaketahoe.com/ Jet Ski Rental Lake Tahoe | The Nicest & Fastest In The Lake Email: jetskirentallaketahoe@gmail.com Phone Number: (619) 538-8939 Home Rentals High-Speed Jet Ski Rentals Luxury High-Speed Jet Ski Rentals About Us Contact General Reservation Fo","Auto-triaged from positive rental evidence and category terms; review if location-specific inventory matters."
"triaged","","292","Blue Granite Climbing Gym","http://bluegraniteclimbing.com/","snow_sports;rock_climbing","","medium","gym sports_activity_location health point_of_interest establishment https://bluegraniteclimbing.com/ Blue Granite Climbing Gym - Lake Tahoe Rock Climbing Gym Skip to main content Close Search Menu Waiver Home Crash Pad Rentals Day Use Punch Passes Membership Yoga &#038; Fitness Classes &#038; Private Lessons Youth Teams &#038; Clubs Homeschool Voucher FAQs Groups &#038; Parties Events &#038; Gatherings Community Clim","Auto-triaged from positive rental evidence and category terms; review if location-specific inventory matters."
"triaged","","293","Discover Tahoe Chartered Cruises","https://discovertahoecruises.com/","water_sports;snow_sports;fishing","","medium","Discover Tahoe Chartered Cruises https://discovertahoecruises.com/ Discover Tahoe Chartered Cruises Discover Tahoe Chartered Cruises tour_agency travel_agency point_of_interest service establishment https://discovertahoecruises.com/ South Lake Tahoe Boat Rentals | Luxury Party & Sunset Cruises Home Book a Boat Party Pontoon Wake Surf Boat Bowrider Tritoon Cruisers FAQ’s Testimonials Blog Select Page Come get your pie","Auto-triaged from positive rental evidence and category terms; review if location-specific inventory matters."
"triaged","","302","Tahoe Swell Seekers","https://www.tahoeswellseekers.com/","water_sports;snow_sports","","medium","Tahoe Swell Seekers https://www.tahoeswellseekers.com/ Tahoe Swell Seekers Tahoe Swell Seekers tour_agency travel_agency service establishment https://www.tahoeswellseekers.com/ Tahoe Swell Seekers | Enjoy Lake Tahoe Water Sports Today 0 Skip to Content About Gallery Contact FAQ Book now Open Menu Close Menu About Gallery Contact FAQ Book now Open Menu Close Menu About Gallery Contact FAQ Book now LAKE TAHOE waterspo","Auto-triaged from positive rental evidence and category terms; review if location-specific inventory matters."
"triaged","","303","Reno Fly Shop","http://renoflyshop.com/","snow_sports;fishing","","medium","People say this fly fishing shop offers a great selection of quality flies designed for local waters, along with rental kits and helpful advice on fishing spots.","Auto-triaged from positive rental evidence and category terms; review if location-specific inventory matters."
"triaged","","307","Action Water Sports of Incline Village","https://www.awsincline.com/","water_sports;snow_sports","","medium","Action Water Sports of Incline Village https://www.awsincline.com/ Action Water Sports of Incline Village Outfitter offering boat rentals and excursions such as catamaran cruises with live music.","Auto-triaged from positive rental evidence and category terms; review if location-specific inventory matters."
"triaged","","310","Mile High Fishing Charters","http://www.fishtahoe.com/","water_sports;snow_sports;fishing","","medium","Mile High Fishing Charters http://www.fishtahoe.com/ Mile High Fishing Charters Guided lake-fishing cruises for individuals and groups, plus boat rentals.","Auto-triaged from positive rental evidence and category terms; review if location-specific inventory matters."
"triaged","","313","Trek Bicycle Reno","https://www.trekbikes.com/us/en_US/retail/reno/?y_source=1_MTAzMjk3NDY1MC03MTUtbG9jYXRpb24ud2Vic2l0ZQ%3D%3D","snow_sports;off_road;mountain_biking;road_cycling;electric_transport","","medium","While your suspension is getting a refresh, we'll set you up with a complimentary two-day demo bike so you can keep riding while your bike is in the shop.","Auto-triaged from positive rental evidence and category terms; review if location-specific inventory matters."
"triaged","","315","Camp Richardson Beachside Inn","https://www.camprichardson.com/beachside-inn/","water_sports;snow_sports;motorcycles;electric_transport","","medium","Home Watersport Activities Open Watersport Activities Menu Parasailing Boat Rentals Jet Ski Rentals Kaya, SUP Rental & More Water Taxi Sail Boat Charter Our Locations Open Our Locations Menu Timber Cove Marina Lakeside Marina Round Hill Pines Marina Camp Richardson Marina View All Locations FAQ More Open More Menu View All Locations Menu CAMP RICHARDSON MARINA RENTALS & ACTIVITIES BOAT RENTALS - JET SKI RENTALS - BEA","Auto-triaged from positive rental evidence and category terms; review if location-specific inventory matters."
"triaged","","318","Birkholm's Water Ski Wakeboard School in Lake Tahoe","https://birkholmswatersports.com/","water_sports;snow_sports","","medium","Birkholm's Water Ski Wakeboard School in Lake Tahoe https://birkholmswatersports.com/ Birkholm's Water Ski Wakeboard School in Lake Tahoe Birkholm's Water Ski Wakeboard School in Lake Tahoe sports_coaching tour_agency travel_agency school educational_institution point_of_interest service establishment https://birkholmswatersports.com/ Lake Tahoe Water Sports | Wakesurfing Wakeboarding Water Skiing Skip to primary nav","Auto-triaged from positive rental evidence and category terms; review if location-specific inventory matters."
"triaged","","323","Tahoe Boat co","https://tahoeboatco.com/","water_sports;snow_sports","","medium","Tahoe Boat co https://tahoeboatco.com/ Tahoe Boat co Tahoe Boat co service establishment https://www.tahoeboatco.com/ Home - Tahoe Boat Co - Lake Tahoe, Carson City, NV 0 Skip to Content Surf Lessons Boat Rental Book Now Open Menu Close Menu Surf Lessons Boat Rental Book Now Open Menu Close Menu Surf Lessons Boat Rental Book Now Lake Tahoe Boat Rental Tahoe Boat Co.","Auto-triaged from positive rental evidence and category terms; review if location-specific inventory matters."
"triaged","","324","Tahoe Jeep Rentals, Inc","http://www.tahoejeeprental.com/","snow_sports;off_road","","medium","Tahoe Jeep Rentals, Inc http://www.tahoejeeprental.com/ Tahoe Jeep Rentals, Inc Tahoe Jeep Rentals, Inc car_rental tour_agency travel_agency service establishment https://www.tahoejeeprental.com/ Tahoe Jeep Rentals 0 Skip to Content Tahoe Jeep Rentals ON-ROAD RENTALS OFF-ROAD-JEEP RENTALS BOOK NOW CONNECT WITH US ADVENTURE PICS Open Menu Close Menu Tahoe Jeep Rentals ON-ROAD RENTALS OFF-ROAD-JEEP RENTALS BOOK NOW CON","Auto-triaged from positive rental evidence and category terms; review if location-specific inventory matters."
"triaged","","327","Trout Creek Outfitters","https://troutcreekoutfitters.com/","water_sports;snow_sports;fishing","","medium","gift_shop store point_of_interest establishment https://www.troutcreekoutfitters.com/ Trout Creek Outfitters Skip to content icon-X Close menu Shop Reports Trips Rentals Events Clearance Log in instagram Instagram Facebook YouTube Cart icon-X Close cart Order note Subtotal $0.00 Shipping, taxes, and discount codes calculated at checkout.","Auto-triaged from positive rental evidence and category terms; review if location-specific inventory matters."
"triaged","","332","Marine Specialties Boat Sales and Service","http://www.marine-specialties.com/","water_sports;snow_sports;fishing","","medium","Marine Specialties Boat Sales and Service http://www.marine-specialties.com/ Marine Specialties Boat Sales and Service Watersports boat dealer for Nautique and Sanger models, plus equipment rentals.","Auto-triaged from positive rental evidence and category terms; review if location-specific inventory matters."
"triaged","","334","Truckee Rents","http://www.truckeerents.com/","snow_sports","","medium","From professional-grade rental equipment to seasonal tools and weekend project essentials, you’ll find top-quality gear backed by knowledgeable support.","Auto-triaged from positive rental evidence and category terms; review if location-specific inventory matters."
"triaged","no_rentals→triaged","336","Donner Lake E Bikes","","electric_transport","mountain_biking","high","Donner Lake E Bikes rents Rad Rover fat-tire e-bikes (24hr rentals + delivery to North Tahoe/Truckee); on- and off-road capable.","Patch: confirmed renter via live web search (site was down in original crawl)."
"triaged","","350","Tahoe Powersports, Inc.","http://www.tahoepowersports.com/","water_sports;snow_sports","","medium","tour_agency travel_agency service establishment https://www.tahoepowersports.com/ 530-744-4207 Home Private Boat Charters Luxury Boat Rentals Capture the Fun Contact Reserve Now 530-744-4207 Home Private Boat Charters Luxury Boat Rentals Capture the Fun Contact Reserve Now We are open year around.","Auto-triaged from positive rental evidence and category terms; review if location-specific inventory matters."
"triaged","","354","Black Tie Ski & Bike Rental Delivery of South Tahoe","https://www.blacktiebikes.com/south-tahoe/?utm_source=google&utm_medium=organic&utm_campaign=gmb&utm_term=black-tie-ski-rental-south-tahoe&utm_content=south-tahoe","snow_sports;road_cycling;electric_transport","","low","Black Tie Ski & Bike Rental Delivery of South Tahoe https://www.blacktiebikes.com/south-tahoe/?utm_source=google&utm_medium=organic&utm_campaign=gmb&utm_term=black-tie-ski-rental-south-tahoe&utm_content=south-tahoe Black Tie Ski & Bike Rental Delivery of South Tahoe Black Tie Ski & Bike Rental Delivery of South Tahoe adventure_sports_center sporting_goods_store sports_complex sports_activity_location store point_of_i","Auto-triaged from positive rental evidence and category terms; review if location-specific inventory matters."
"triaged","","363","Homewood High & Dry Marina","https://www.homewoodmarina.net/","water_sports;snow_sports;fishing","","medium","Homewood High & Dry Marina https://www.homewoodmarina.net/ Homewood High & Dry Marina Homewood High & Dry Marina marina storage supplier store point_of_interest service establishment https://www.homewoodmarina.net/ Homewood High & Dry Marina, Lake Tahoe Boat Storage & Service Skip to main content email [email&#160;protected] Map 530.525.5966 Map Contact Marina Webcam $10.99/gal | camera Map Marina Webcam Book Boat St","Auto-triaged from positive rental evidence and category terms; review if location-specific inventory matters."
"triaged","","369","Kirkwood General Store","https://www.kirkwood.com/explore-the-resort/during-your-stay/general-store.aspx","snow_sports","","medium","general_store coffee_shop deli cafe food_store store food point_of_interest establishment https://www.kirkwood.com/explore-the-resort/during-your-stay/general-store.aspx/ General Store | Kirkwood Ski Resort Skip to main content kirkwood homepage Choose a Resort Rockies Vail Website , opens in a new window Beaver Creek Website , opens in a new window Breckenridge Website , opens in a new window Park City Website , ope","Auto-triaged from positive rental evidence and category terms; review if location-specific inventory matters."
"triaged","","371","Kirkwood Ski Summer Resort","https://www.kirkwood.com/","snow_sports","","medium","Kirkwood Ski Summer Resort https://www.kirkwood.com/ Kirkwood Ski Summer Resort Kirkwood Ski Summer Resort resort_hotel hotel lodging point_of_interest establishment https://www.kirkwood.com/ Kirkwood Mountain Resort | Kirkwood Ski Resort Skip to main content kirkwood homepage Choose a Resort Rockies Vail Website , opens in a new window Beaver Creek Website , opens in a new window Breckenridge Website , opens in a ne","Auto-triaged from positive rental evidence and category terms; review if location-specific inventory matters."
"triaged","","380","Alpine Power Equipment","https://alpinepowerequip.com/","snow_sports;camping","","medium","Alpine Power Equipment https://alpinepowerequip.com/ Alpine Power Equipment Alpine Power Equipment building_materials_store store general_contractor point_of_interest service establishment https://alpinepowerequip.com/ Alpine Power Equip &#8211; Rentals • Sales • Service Skip to content Rentals • Sales • Service Alpine Power Equip Menu Sales New Used Service Marine Services Services Parts POPULAR RENTALS Contact Chec","Auto-triaged from positive rental evidence and category terms; review if location-specific inventory matters."
"triaged","","406","Truckee River Bike trail","https://biketahoe.org/bike-trails/historic-truckee-river-bike-path/","snow_sports;mountain_biking;road_cycling;electric_transport","","medium","South Tahoe Hub Destination Hub Bike Rentals &#038; Bike Shops Shuttle &#038; Bike Parks Live Music &#038; Entertainment Breakfast &#038; Coffee Burgers &#038; Pizza Taquerias &#038; Burritos Brewpubs Campgrounds &#038; Beaches North Tahoe Hub Destination Hub Bike Rentals &#038; Shops Shuttles &#038; Bike Parks Breakfast &#038; Coffee Taquerias &#038; Burritos Burgers &#038; Pizza Brewpubs Campgrounds &#038; Beaches","Auto-triaged from positive rental evidence and category terms; review if location-specific inventory matters."
"triaged","","409","Orucase","http://www.orucase.com/","snow_sports;mountain_biking;road_cycling;electric_transport;fishing","","medium","Featured in Choose Your Travel Style Two different approaches to bike travel.","Auto-triaged from positive rental evidence and category terms; review if location-specific inventory matters."
"triaged","","415","Lake Tahoe Boat Company","http://laketahoeboatco.com/","water_sports;snow_sports;fishing","","medium","Parts & Accessories Boat Sales Outboard Motor Sales Winterizing & Storage General Service Oil Change & Out drive Service Repairs & Updgrades Our Partners Tahoe Sports Tahoe Sport Fishing Winter Wonderland Rentals Tahoe Snowmobiles Tahoe Powder House Rainbow Mountain The Party Boat TOP CATEGORIES Power Boats Pontoon Boats Yamaha Outboards Jet Skis About Us About Us Our Services Boat Repair &#038; Service Get in Touch","Auto-triaged from positive rental evidence and category terms; review if location-specific inventory matters."
"triaged","no_rentals→triaged","421","Rubicon Surf Company","https://www.rubiconsurfcompany.com/","water_sports","","high","Rubicon Surf Co offers Lake Tahoe boat rentals (wakesurf/wakeboard boats) alongside charters.","Patch: confirmed renter via live fetch/search."
"triaged","needs_review→triaged","423","West Shore Lake Tahoe eBike Rentals","","electric_transport;road_cycling;mountain_biking","","high","West Shore (Sports), Homewood, rents e-bikes plus cruiser, mountain and road bikes with half/full-day rates at its West Shore locations.","Patch: confirmed renter via live web search (site was down in original crawl)."
"triaged","","424","Sparks Snowmobile Rental","https://sparkssnowmobilerental.com/","snow_sports","","medium","Sparks Snowmobile Rental https://sparkssnowmobilerental.com/ Sparks Snowmobile Rental Sparks Snowmobile Rental service establishment https://sparkssnowmobilerental.com/ Sparks Snowmobile Rental","Auto-triaged from positive rental evidence and category terms; review if location-specific inventory matters."
"triaged","","426","Lake Tahoe Sailing","https://www.laketahoesail.com/","water_sports;snow_sports","","medium","Lake Tahoe Sailing https://www.laketahoesail.com/ Lake Tahoe Sailing Lake Tahoe Sailing marina sports_school sports_activity_location sports_club point_of_interest association_or_organization service establishment https://www.laketahoesail.com/ Sailing Lessons, Racing, Private Group Charters and Bareboat Rentals on North Lake Tahoe | 1 Bristlecone st.","Auto-triaged from positive rental evidence and category terms; review if location-specific inventory matters."
"triaged","","431","Donut Shoppe","https://donutshoppeculture.com/","snow_sports","","medium","Donut Shoppe https://donutshoppeculture.com/ Donut Shoppe Donut Shoppe sporting_goods_store store point_of_interest establishment https://donutshoppeculture.com/ Donut Shoppe Donut Shoppe Store Skip to content Menu Close SHOP SHOP Go to SHOP Sale Donut Shoppe Gang Collection Donut Shoppe Made To Last Workwear Collection Capsule Release: When In Reno Brands SHOP Go to Brands AIRHOLE ANTI HERO SKATEBOARDS BAKER SKATEBO","Auto-triaged from positive rental evidence and category terms; review if location-specific inventory matters."
"triaged","","437","Kirkwood Village Plaza","https://www.kirkwood.com/explore-the-resort/during-your-stay/kirkwood-mountain-sports/kms-village-plaza.aspx","snow_sports;mountain_biking","","medium","Kirkwood Village Plaza https://www.kirkwood.com/explore-the-resort/during-your-stay/kirkwood-mountain-sports/kms-village-plaza.aspx Kirkwood Village Plaza Kirkwood Village Plaza plaza point_of_interest establishment https://www.kirkwood.com/explore-the-resort/during-your-stay/kirkwood-mountain-sports/kms-village-plaza.aspx/ KMS Village Plaza, Kirkwood | Kirkwood Ski Resort Skip to main content kirkwood homepage Choos","Auto-triaged from positive rental evidence and category terms; review if location-specific inventory matters."
"triaged","","444","Wanna Ride Tahoe Trail Shuttle Service","http://www.wannaridetahoe.com/","water_sports;mountain_biking","","medium","Wanna Ride Tahoe Trail Shuttle Service http://www.wannaridetahoe.com/ Wanna Ride Tahoe Trail Shuttle Service Wanna Ride Tahoe Trail Shuttle Service transportation_service point_of_interest establishment https://wannaridetahoe.com/ Wanna Ride Tahoe &#8211; WannaRideTahoe.com Home Pricing Trails Info Partners Rent Bikes Kayaks Paddleboards Blog Contact us Select Page Wanna Ride Tahoe Shuttle (775) 790-6375 Lake Tahoe T","Auto-triaged from positive rental evidence and category terms; review if location-specific inventory matters."
"triaged","","445","Paradise Pro Shop at Coconut Bowl","https://wildisland.com/paradise-pro-shop/","water_sports;snow_sports;off_road","","medium","Please view our online calendar for the most up to date operating hours.","Auto-triaged from positive rental evidence and category terms; review if location-specific inventory matters."
"triaged","","449","Boat Rental","https://www.tahoedkboats.com/","water_sports","","medium","Boat Rental https://www.tahoedkboats.com/ Boat Rental Boat Rental point_of_interest service establishment https://www.tahoedkboats.com/ Boat Rentals | DK Boat Rentals | South Lake Tahoe top of page Home Boats Gallery Contact More Use tab to navigate through the menu items.","Auto-triaged from positive rental evidence and category terms; review if location-specific inventory matters."
"triaged","","450","Ski Lease Tahoe","http://skileasetahoe.com/","snow_sports","","medium","Ski Lease Tahoe http://skileasetahoe.com/ Ski Lease Tahoe Ski Lease Tahoe tourist_attraction point_of_interest establishment https://www.skileasetahoe.com/ Ski-in Ski-out Tahoe Condo Search this site Embedded Files Skip to main content Skip to navigation Ski-in Ski-out Tahoe Condo All You Need To Know About Tahoe Ski Lease Finding The Right Toaster For Your Lake Tahoe Home Best Lake Tahoe Beaches Contact Us Ski-In Sk","Auto-triaged from positive rental evidence and category terms; review if location-specific inventory matters."
"triaged","","452","Tahoe Boat Repair and Storage LLC","https://www.tahoeboatstorage.com/","water_sports","","medium","We keep our own North Lake Tahoe Boat Rental fleet running strong all summer… so we know how to keep you and your family out on the water too.","Auto-triaged from positive rental evidence and category terms; review if location-specific inventory matters."
"triaged","","460","Surf n' Foil Tahoe","https://www.surfnfoiltahoe.com/","water_sports;snow_sports","","medium","Nathan  I spent a few different trips with friends trying to enjoy being behind ski boats, only to not really ever get to get good enough to enjoy it.","Auto-triaged from positive rental evidence and category terms; review if location-specific inventory matters."
"triaged","","461","Babes on a Boat: Tahoe Bachelorette Experience","https://babesonaboat.com/","water_sports;snow_sports","","medium","Learn More: TAHOEJETBOATS.COM/GROUP 1 2 3 4 5 6 7 8 9 10 11 12 13 14 15 16 17 18 19 20 21 22 23 24 25 26 27 28 29 30 or more Preferred Rental Date * ARE YOU REQUESTING ANY DAY IN JULY/AUGUST, HOLIDAY OR WEEKEND?","Auto-triaged from positive rental evidence and category terms; review if location-specific inventory matters."
"triaged","","463","eBike Tahoe","https://ebiketahoe.com/","road_cycling;electric_transport","","medium","eBike Tahoe https://ebiketahoe.com/ eBike Tahoe eBike Tahoe point_of_interest service establishment https://www.ebiketahoe.com/ Truckee Tahoe eBIKES | Sales Demos Rentals | Electric Bikes | Truckee CA top of page Ride further, and explore more with BOSCH pedal assist Walk-ins welcome!","Auto-triaged from positive rental evidence and category terms; review if location-specific inventory matters."
"triaged","","469","Donner Ski Ranch Lift #1","https://www.donnerskiranch.com/","snow_sports","","medium","Donner Ski Ranch Lift #1 https://www.donnerskiranch.com/ Donner Ski Ranch Lift #1 Donner Ski Ranch Lift #1 ski_resort sports_activity_location point_of_interest establishment https://www.donnerskiranch.com/ Donner Ski Ranch 0 Skip to Content Welcome Summer Disc Golf Hiking Biking Rock Climbing OLD 40 Bar & Grill PCT Through Hikers Gift Cards Mountain Info Trail Map Lift Status Directions Webcams DSR FAQ'S Cancellatio","Auto-triaged from positive rental evidence and category terms; review if location-specific inventory matters."
"triaged","no_rentals→triaged","472","Kirkwood Mountain Sports - Timber Creek","","snow_sports","","high","Kirkwood Mountain Sports - Timber Creek is a rental/retail ski shop at the Timber Creek lift base; rents skis and snowboards (book online, ski-or-snowboard-only options).","Patch: confirmed renter via live web search (site was down in original crawl)."
"triaged","","473","Sierra Mountain Sports","https://sierraattahoe.com/sierra-mountain-sports/","snow_sports","","medium","Sierra Mountain Sports https://sierraattahoe.com/sierra-mountain-sports/ Sierra Mountain Sports Sierra Mountain Sports store point_of_interest establishment https://sierraattahoe.com/sierra-mountain-sports/ SIERRA MOUNTAIN SPORTS - Sierra-at-Tahoe SIERRA MOUNTAIN SPORTS - Sierra-at-Tahoe Skip to content Ski + Ride Mountain Weather + Conditions Webcams Lifts + Trails Hours of Operation Tickets + Passes Lift Tickets Se","Auto-triaged from positive rental evidence and category terms; review if location-specific inventory matters."
"triaged","","475","Stateline Shack ""The Shack""","https://theshack.pro/","water_sports","","medium","We are right in front of Doc&#8217;s Cottages (Clark Gable stayed here!) and across the street from Basecamp (Great Live Music & Beer!) We have Inflatables, Beach Gear, Beach Toys, Hats, Sunscreen, Towels, Umbrellas, Beach Rentals, Sunglasses, Lake Tahoe souvenirs & More!","Auto-triaged from positive rental evidence and category terms; review if location-specific inventory matters."
"triaged","","480","Tahoe Surf Boat","https://www.tahoesurfboat.com/","water_sports;snow_sports","","medium","Tahoe Surf Boat https://www.tahoesurfboat.com/ Tahoe Surf Boat Tahoe Surf Boat point_of_interest service establishment https://www.tahoesurfboat.com/ Tahoe Surf Boat Rental top of page Home The Boats Pricing Terms and Conditions FAQ Location Availability Calendar Contact Us More Use tab to navigate through the menu items.","Auto-triaged from positive rental evidence and category terms; review if location-specific inventory matters."
"triaged","no_rentals→triaged","481","JBL WATERSPORTS","https://jblwatersports.com/","water_sports","","high","Rents a Glastron MX175 bowrider ($120/hr, 4hr $450, full day $700) including wakeboard/tube/water skis; self-operated (captain optional $80/hr; hydrofoil board on request).","Patch: confirmed renter via live fetch/search."
"triaged","","482","Tahoe XC","","snow_sports;mountain_biking;road_cycling","","medium","Visitor Info Plan Your Visit Trail Map Season Passes Conditions Clinics &#038; Lessons FAQ Trail Etiquette Accessibility Activities Bike Hike/Run Yoga Cross-Country Ski Snowshoe Day Lodge Tahoe XC Lodge Project Day Lodge Free Heel Cafe Rentals &#038; Services Retail Shop Book a Meeting Space Accessibility Calendar About Webcams TCCSEA Tahoe Cross Country Ski Education Association TCCSEA is a nonprofit 501(c)3 organiz","Auto-triaged from positive rental evidence and category terms; review if location-specific inventory matters."
"triaged","","485","Babes On A Boat","http://babesonaboat.com/","water_sports;snow_sports","","medium","Learn More: TAHOEJETBOATS.COM/GROUP 1 2 3 4 5 6 7 8 9 10 11 12 13 14 15 16 17 18 19 20 21 22 23 24 25 26 27 28 29 30 or more Preferred Rental Date * ARE YOU REQUESTING ANY DAY IN JULY/AUGUST, HOLIDAY OR WEEKEND?","Auto-triaged from positive rental evidence and category terms; review if location-specific inventory matters."
"triaged","","486","Reno-Tahoe Restroom Trailers","https://www.renotahoerestroomtrailers.com/","snow_sports","","medium","CONSTRUCTION, FILM SHOOTS, & LONG TERM RENTALS WE PROVIDE SITE SERVICES FOR YOUR CONSTRUCTION, RENOVATION, OR LONG-TERM PROJECT.","Auto-triaged from positive rental evidence and category terms; review if location-specific inventory matters."
"triaged","","487","Donner Ski Ranch Magic Carpet","https://www.donnerskiranch.com/skischool","snow_sports","","medium","Donner Ski Ranch Magic Carpet https://www.donnerskiranch.com/skischool Donner Ski Ranch Magic Carpet Donner Ski Ranch Magic Carpet ski_resort sports_activity_location point_of_interest establishment https://www.donnerskiranch.com/rentals Ski & Snowboard Rentals | Equipment Packages | Donner Ski Ranch Donner Ski Ranch 0 Skip to Content Welcome Summer Disc Golf Hiking Biking Rock Climbing OLD 40 Bar & Grill PCT Through","Auto-triaged from positive rental evidence and category terms; review if location-specific inventory matters."
"triaged","","497","High Desert Archery Reno","http://www.highdesertarcherynv.com/","snow_sports","","medium","Experience the thrill of the bowstring release, the satisfaction of hitting the bullseye, and the camaraderie of fellow archers.","Auto-triaged from positive rental evidence and category terms; review if location-specific inventory matters."
"triaged","","501","Tahoe Marine Mart","http://tahoemarinemart.com/","water_sports;snow_sports;fishing","","medium","Parts & Accessories Boat Sales Outboard Motor Sales Winterizing & Storage General Service Oil Change & Out drive Service Repairs & Updgrades Our Partners Tahoe Sports Tahoe Sport Fishing Winter Wonderland Rentals Tahoe Snowmobiles Tahoe Powder House Rainbow Mountain The Party Boat TOP CATEGORIES Power Boats Pontoon Boats Yamaha Outboards Jet Skis About Us About Us Our Services Boat Repair &#038; Service Get in Touch","Auto-triaged from positive rental evidence and category terms; review if location-specific inventory matters."
"triaged","","509","Woodward Tahoe","http://www.woodwardtahoe.com/","snow_sports;mountain_biking","","medium","skateboard_park tourist_attraction sports_complex sports_activity_location point_of_interest establishment https://www.rideboreal.com/explore/who-we-are/woodward-tahoe/ Woodward Tahoe | Action Sports Camps, Skate, BMX & MTB and more at Boreal Mountain Skip to Footer Navigation Snow --"" --° Arrow Down property-boreal-woodward-hori content-headshot Log In Menu Menu ui-close-circle ui-close-circle Passes + Memberships c","Auto-triaged from positive rental evidence and category terms; review if location-specific inventory matters."
"out_of_scope","","34","Cloud of Goods Reno","https://www.cloudofgoods.com/reno-nv?utm_source=GMB-RNO&utm_medium=organic","","","low","Cloud of Goods is a rental marketplace/service, but the available evidence is for general travel, mobility, baby, and event-style items rather than RADvisor recreation categories.","Rents things, but no confirmed in-domain recreational gear in fetched evidence."
"out_of_scope","triaged→out_of_scope","237","Roller Kingdom","https://www.rollerkingdom.org/","","","high","Roller-skating rink; rents roller skates (rink page: 'featuring rentals'). Skating is not a RADvisor category.","Patch: mechanically auto-triaged on a keyword; rents non-domain gear (skates/event equipment)."
"out_of_scope","triaged→out_of_scope","251","Lake Tahoe Casino Party","http://www.laketahoecasinoparty.com/","","","high","Mobile casino-party company; rents casino tables/equipment for events. Not a RADvisor recreational category.","Patch: mechanically auto-triaged on a keyword; rents non-domain gear (skates/event equipment)."
"out_of_scope","triaged→out_of_scope","253","Super Simple Photography","https://www.supersimpleco.com/","","","high","Event photo-booth rental company ('Reno's Best Photobooth Rental'); rents photo booths for events — not a RADvisor recreational category. Was hallucinated as snow_sports.","Patch: auto-triaged on 'rental'; rents event equipment (photo booths), out of domain."
"out_of_scope","","267","Float Reno","http://www.floatreno.com/","","","medium","Bring Your Own Tube Package $35 (Adults and Children 8+) Book Now ✅ Bring Your Own Tube - any style welcome (must deflate for shuttle) ✅ Life Jacket - included for your safety ✅ Shuttle to River Drop-In point ✅ Inflation station access (all tube types) ✅ Pre-float safety briefing ✅ Public Launch Point Access ✅ Float Reno Navigation App ✅ Exclusive Perks at Local Bars & Restaurants ✅ Optional rentals: Premium tubes, L","Rental business, but available evidence points outside RADvisor categories."
"out_of_scope","triaged→out_of_scope","281","Reno Ice - The Jennifer M. O'Neal Community Ice Arena","http://renoice.com/","","","high","Community ice arena; rents ice skates ('Skate rentals: $5.00'). Ice skating is not a RADvisor category.","Patch: mechanically auto-triaged on a keyword; rents non-domain gear (skates/event equipment)."
"out_of_scope","triaged→out_of_scope","287","South Lake Tahoe Ice Arena","https://tahoeicearena.com/","","","high","Ice-skating rink 'with rental skates and hockey clubs.' Ice skating is not a RADvisor category.","Patch: mechanically auto-triaged on a keyword; rents non-domain gear (skates/event equipment)."
"out_of_scope","triaged→out_of_scope","317","Heavenly Village Ice Rink","https://theshopsatheavenly.com/ice-rink/","","","high","Ice rink; admission '$25 (Skate rentals included).' Ice skating is not a RADvisor category.","Patch: mechanically auto-triaged on a keyword; rents non-domain gear (skates/event equipment)."
"out_of_scope","triaged→out_of_scope","331","The Ice Rink at Grand Sierra Resort","https://www.grandsierraresort.com/activities/the-ice-rink/","","","high","Resort ice rink; '$45 includes skate session for two, skate rental.' Ice skating is not a RADvisor category.","Patch: mechanically auto-triaged on a keyword; rents non-domain gear (skates/event equipment)."
"out_of_scope","triaged→out_of_scope","359","Shade Shifters","http://theshadeshifters.com/","","","high","Event company: 'California Wedding and Event Tent Rentals.' Event tents are not a RADvisor category.","Patch: mechanically auto-triaged on a keyword; rents non-domain gear (skates/event equipment)."
"out_of_scope","triaged→out_of_scope","392","Truckee Ice Rink","https://www.tdrpd.org/rink","","","high","Municipal ice rink (TDRPD); skate/facility rentals. Ice skating is not a RADvisor category.","Patch: mechanically auto-triaged on a keyword; rents non-domain gear (skates/event equipment)."
"out_of_scope","needs_review→out_of_scope","440","Tahoe LED Dance Floors","https://tahoeleddancefloors.com/","","","high","'Transform your next event with our LED dance floor rentals.' Party equipment rental — not a RADvisor recreational category.","Rents LED dance floors (event equipment); out of domain."
"out_of_scope","needs_review→out_of_scope","443","Mountain Area Rentals","https://mountainarearentals.com/","","","high","'Table and Chair Rentals — easy, prompt delivery' (VINTAGE by V). Party/event equipment rental — not a RADvisor category.","Rents tables/chairs (event equipment); out of domain."
"out_of_scope","","455","Molten USA","http://www.moltenusa.com/","","","medium","is pleased to announce that the National Junior Collegiate Athletic Association (NJ read more May 14th 2020 MOLTEN REMAINS THE OFFICIAL MEN’S VOLLEYBALL FOR THE NATIONAL ASSOCIATION OF INTERCOLLEGIATE ATHLETICS Reno, NV.","Rental business, but available evidence points outside RADvisor categories."
"no_rentals","","2","Tahoe Sport Fishing","http://tahoesportfishing.com/","","","high","The site presents Lake Tahoe fishing charters. The fishing-charters page says the trip includes rods, tackle, bait, life jackets, coffee, water, and cleaned fish.","This is a guided fishing charter business. Supplying gear during a guided trip is not customer gear rental under Pass A."
"no_rentals","","35","Coldstream Adventures","https://www.coldstreamadventures.com/","","","high","The business is described as a guided snowmobile tour outfitter on mountain trails; the evidence does not show customers renting snowmobiles independently.","Guided tour operator, not a rental operator under the runbook rubric."
"no_rentals","","88","Mountain Hardware & Sports","http://www.mountainhardwareandsports.com/","","","medium","Full-service hardware store offering paint and sporting goods such as fishing gear and camping supplies.","Retail/service evidence without positive rental signal."
"no_rentals","","98","Obexer's Boat Company","https://www.obexersboat.com/","","","medium","At Obexer's, our certified technicians stay current with ongoing training and evolving marine standards, giving you confidence that your boat is in knowledgeable, capable hands.","Guided, lesson, charter, or tour model without independent rental evidence."
"no_rentals","","103","Pacos Truckee","http://www.pacostruckee.com/","","","medium","Pacos Truckee http://www.pacostruckee.com/ Pacos Truckee Friendly shop offering bikes, parts and other gear, plus repairs.","Retail/service evidence without positive rental signal."
"no_rentals","","106","Pedal Sports Reno-Sparks","https://www.pedalsportsrenosparks.com/","","","medium","Techs and Features: - ALUXX Aluminum Technology This Performance level frame material features 6061 alloys with single-butted tubes to produce strong, lightweight framesets for a variety of different bikes and riding styles.","Retail/service evidence without positive rental signal."
"no_rentals","","109","Play It Again Sports","http://www.playitagainsportscarsoncity.com/","","","medium","Select Region United States Canada Store Locator Select Currency: USD US Dollars Canadian Dollar Compare Close menu Select a Store Shop Online Back to Main Menu SHOP ALL PRODUCTS Athletic Apparel Back to Shop Online All Athletic Apparel Apparel - Miscellaneous Apparel - Other Apparel Apparel Accessories Athletic Apparel Long Sleeve Athletic Apparel Short Sleeve Capri Pants Cold Gear Bottoms Cold Gear Tops Compression","Guided, lesson, charter, or tour model without independent rental evidence."
"no_rentals","","122","Reno Harley Davidson","https://www.renohd.com/?utm_source=google&utm_medium=organic&utm_campaign=gbp","","","medium","Please fill out this form and we will get in touch with you shortly.","Retail/service evidence without positive rental signal."
"no_rentals","","131","Sand Harbor State Park","http://parks.nv.gov/parks/lake-tahoe-nevada-state-park","","","medium","Office Hours: 8am - 4pm, Tues-Fri Entrance Fees (see all park fees) $10.00 ($15.00 for Non-NV Vehicles) Contact Us 775-831-0494 shsp@parks.nv.gov Address 2005 Highway 28 Incline Village, NV 89450 Amenities Connect with Sand Harbor Make a Reservation View on Parks App Get Directions Current Weather Road Conditions FACILITIES & AMENITIES Please Note: Camping is not permitted at Sand Harbor Day-Use Reservations are requ","Retail/service evidence without positive rental signal."
"no_rentals","","136","Sierra Bicycle Supply","https://shopbikesupply.com/","","","medium","Call or Text 775-355-0655 Home Bikes Bikes Road Bikes Bikes Performance Road Endurance Road Mountain Bikes Bikes Cross Country (XC) Trail Downhill Dirt Jump / Slopestyle Gravel Bikes Bikes Gravel & Cyclocross Electric Bikes Bikes E-Road E-Mountain E-Gravel E-City / Active Active & Urban Bikes Fitness / Commuter BMX Kids' Bikes Bikes Balance Bikes 12"" - 20"" Bikes 24"" - 26"" Bikes Framesets Bikes Road Frames Mountain Fr","Retail/service evidence without positive rental signal."
"no_rentals","","149","South Passage Outfitters","https://www.southpassageoutfittersllc.com/","","","high","South Passage Outfitters is an all-inclusive guided fishing lodge ($3,000 / 5 nights); kayaks, boat and fishing gear are amenities included in the guided package, not standalone rentals.","Patch: confirmed non-renter via live fetch/search."
"no_rentals","triaged→no_rentals","211","Truckee Bike Park","https://www.truckeebikepark.org/","","","high","BMX/pump-track bike park (Riverview Bike Park); public park, no gear rental — bring your own bike.","Patch: mechanically auto-triaged on a keyword false-positive (venue/park/product); no gear rental."
"no_rentals","","212","Truckee Boardhouse","http://www.truckeeboardhouse.com/","","","high","Truckee Boardhouse is a retail snowboard/skate shop with tuning/repair; the site states it does not offer rentals (sales only).","Patch: confirmed non-renter via live fetch/search."
"no_rentals","","216","Truckee River Rafting","https://www.truckeeriverrafting.com/","","","medium","Feel free to bring a soft cooler with snacks and drinks to enjoy along the way-but please, no styrofoam or glass.","Retail/service evidence without positive rental signal."
"no_rentals","triaged→no_rentals","217","Truckee River Whitewater Park","https://www.reno.gov/government/departments/parks-recreation-community-services/parks-trails/whitewater-park","","","high","Whitewater kayak feature park on the Truckee River; a park, not a gear-rental operator (BYO).","Patch: mechanically auto-triaged on a keyword false-positive (venue/park/product); no gear rental."
"no_rentals","","220","UTV Addiction","http://www.utvaddiction.com/","","","medium","car_repair point_of_interest service establishment https://utvaddiction.com/ UTV Addiction - UTV Parts, Service, Installation - Reno, NV 2175 Market St STE A.","Retail/service evidence without positive rental signal."
"no_rentals","needs_review→no_rentals","233","Tahoe Paradise Boat Rentals","","","","high","Tahoe Paradise Boat Rental/Charters runs captained private charters and events aboard an 82ft luxury yacht (and the M.S. Dixie II) with event planning - a captained charter operation, not bareboat rental.","Patch: resolved via live web search (charter or closed)."
"no_rentals","","242","C-A-L Ranch Stores","https://www.calranch.com/about/store-locations/carson-city","","","medium","sporting_goods_store clothing_store pet_care hardware_store building_materials_store manufacturer food_store supplier home_goods_store store food point_of_interest service establishment https://www.calranch.com/about/store-locations/carson-city/ Carson City | C-A-L Ranch Skip to Site Content Skip to Footer Best Price Guarantee & Free Shipping Over $99* Contact Us Contests News Sales Flyer C-A-L Ranch Credit Card Pro-","Retail/service evidence without positive rental signal."
"no_rentals","","244","Lake Tahoe Bleu Wave","http://www.tahoebleuwave.com/","","","medium","Lake Tahoe Bleu Wave http://www.tahoebleuwave.com/ Lake Tahoe Bleu Wave Cruises on Lake Tahoe aboard a sightseeing boat with a narrated tour, champagne, and a bar.","Retail/service evidence without positive rental signal."
"no_rentals","","245","Michael's Reno Powersports","https://www.michaelsreno.com/?utm_source=google&utm_medium=organic&utm_campaign=GMB-service","","","medium","Redefine Freedom: First Time Buyer Program Available to New Husqvarna Motorcycles Customers Redefine Freedom: First Time Buyer Program Available to New Husqvarna Motorcycles Customers Can am Spyders Michael's Reno Powersports - New Used Motorcycles, Side x Sides, ATVs, Boats, Watercraft, Snowmobile, Pontoons Sales, Service, and Parts in Reno, NV, near Virginia City, New Washoe City, Carson City and Sun Valley Previou","Guided, lesson, charter, or tour model without independent rental evidence."
"no_rentals","","246","Red Hawk Golf and Resort","http://www.redhawkgolfandresort.com/","","","medium","golf_course fitness_center resort_hotel gym wedding_venue sports_coaching bar_and_grill hotel sporting_goods_store sports_school bar athletic_field event_venue sports_activity_location store lodging health restaurant food point_of_interest service establishment https://www.redhawkgolfandresort.com/ Home - Red Hawk Golf and Resort Skip to primary navigation Skip to main content Home Book Tee Times (775) 626-6000 Follo","Guided, lesson, charter, or tour model without independent rental evidence."
"no_rentals","","249","The Spa and Sauna Co. - S Reno","https://spaandsauna.com/locations-south-virginia-st-reno/?utm_source=organic&utm_medium=GMB&utm_campaign=GMB%20Spa%20and%20Billiard&utm_content=GMB%20Virginia%20St","","","medium","Locations 844-314-0751 Specials Ask an Expert Your Perfect Hot Tub Shop Online Store Hot Tubs Hot Tubs Overview Hot Tub Finder Find the Perfect Hot Tub Used Hot Tubs Replacement Hot Tub Covers Used Hot Tub Covers Water Care Salt Water Hot Tubs FreshWater IQ Hot Tubs Trade-In Appraisal Hot Tub Pricing Apply for Convenient Financing Today Swim Spas Swim Spas Overview Find the Perfect Swim Spa Endless Pools Fitness Syst","Guided, lesson, charter, or tour model without independent rental evidence."
"no_rentals","","252","Tahoe Cruises /Spirit of Tahoe / Safari Rose","http://www.tahoecruises.com/","","","medium","Check-in: Arrive at the Ski Run Marina 30 minutes before departure to ensure time to park and check-in at our ticket office located in the plaza No outside food or drink Food & drinks & a full bar are available onboard We have plenty of indoor and outdoor seating available Please use the public restroom before you board What to Bring Check the weather and plan accordingly Extra layers (plenty of room for storage) Sun","Guided, lesson, charter, or tour model without independent rental evidence."
"no_rentals","","254","Sail Tahoe Blue | Sailing Cruises","http://www.sailtahoeblue.com/","","","medium","point_of_interest service establishment https://www.sailtahoeblue.com/ Lake Tahoe Sailing Charters | Private Boat Tours top of page TOURS OUR STORY CONTACT SAIL TAHOE BLUE south lake tahoe sailing cruises & private charters Set Sail explore south lake tahoe tours relaxed public sailing cruises, private charters, and unforgettable special events.","Guided, lesson, charter, or tour model without independent rental evidence."
"no_rentals","","255","Greenhouse Garden Center and Gift Shop","http://www.greenhousegardencenter.com/","","","medium","For more information about our landscape services, please feel free to call our office and ask for the Landscape Department, or email us at landscape@greenhousegardencenter.com Click here to visit our Landscape Design page!","Retail/service evidence without positive rental signal."
"no_rentals","","256","Tahoe Surf Company","http://www.tahoesurfcompany.com/","","","medium","Please enable JavaScript in your browser to complete this form.","Retail/service evidence without positive rental signal."
"no_rentals","","260","Starbucks Coffee Company","https://www.starbucks.com/store-locator/store/1020531","","","medium","Informal coffee shop offering breakfast, desserts, and quick bites, plus Wi-Fi and a drive through.","Retail/service evidence without positive rental signal."
"no_rentals","","261","MetroPawn","https://ezpawn.com/stores/nv/sparks/255-e-glendale-ave","","","medium","Please see a Team Member for additional information.","Retail/service evidence without positive rental signal."
"no_rentals","","263","Tahoe Paradise Park","http://www.tahoeparadisepark.com/","","","medium","​Please apply with your grant writing experience to tahoeparadisepark@gmail.com Thank you!","Guided, lesson, charter, or tour model without independent rental evidence."
"no_rentals","","264","Drink Coffee Do Stuff","https://drinkcoffeedostuff.com/","","","medium","coffee_shop cafe food_store store food point_of_interest establishment https://drinkcoffeedostuff.com/ DRINK COFFEE DO STUFF - Lake Tahoe Specialty Coffee Roaster DRINK COFFEE DO STUFF ROASTERY : Your cart is currently empty Shop now Gift message Unit price: / per Skip to content WE JUST WON A GOOD FOOD AWARD!","Retail/service evidence without positive rental signal."
"no_rentals","","265","Coffeebar","https://www.coffeebar.com/","","","medium","coffee_shop snack_bar bakery meal_takeaway cafe food_store store restaurant food point_of_interest establishment https://coffeebar.com/ Coffeebar | Hand-roasted coffee shipped to your doorstep Skip to content Search Order Online &#36; 0.00 0 Cart Shop Coffee Gift Cards Merchandise Tea Account Subscriptions Locations Cafes Road Trip Classes &#038; Events Calendar Brew Guides Culture Wholesale About Faire.com Shop Coff","Guided, lesson, charter, or tour model without independent rental evidence."
"no_rentals","","270","Reno Running Company","http://www.renorunningcompany.com/?utm_source=GBP&utm_medium=organic&utm_campaign=office","","","medium","We didn't find any matches Modify your search and try again Search All Products SALE {{product.name}} {{product.brandName}} {{product.price}} Save to Wishlist Please login or sign up to save items to your wishlist Login Sign Up Follow Us, We're Social Terms • Privacy • Shipping + Returns © Copyright Reno Running Company - All Rights Reserved Top Processing, Please be patient Don't Tap Back or Close the Window!","Retail/service evidence without positive rental signal."
"no_rentals","","272","Wildcreek Golf Course","http://wildcreekgolf.org/","","","medium","We strive to provide affordable golf with top-notch services and exceptional course conditions for all levels of golfers.","Guided, lesson, charter, or tour model without independent rental evidence."
"no_rentals","","273","Ridezilla Carson City","https://www.ridezillacarsoncity.com/?utm_source=GBP&utm_medium=organic&utm_campaign=Google+Business+Profile","","","medium","Previous Pause Next Specials Managers Specials Showroom Manufacturers Showroom EZ Loan Get Approved Service Request Appointment Offers Rebates & Incentives Trade-In Value Your Trade View Featured Inventory See New Inventory Price $11,499.00 Location Ridezilla Carson City Condition New Year 2025 Make Ski-Doo Model Summit® Adrenaline® with Edge Package 850 E-TEC 154 SS H_Alt Powder 3.0_Gre Type Snowmobile Class Deep Sn","Retail/service evidence without positive rental signal."
"no_rentals","","274","Custom Truck Accessories","http://www.customtruckaccessories.com/","","","medium","Most shops in the area are running older equipment — Hunter's current systems use imaging technology to take more measurement points faster and more accurately than traditional alignment equipment.","Guided, lesson, charter, or tour model without independent rental evidence."
"no_rentals","","275","Big Valley Honda","https://www.bigvalleyhonda.com/","","","medium","Our techs continually train to receive current certifications.","Retail/service evidence without positive rental signal."
"no_rentals","","276","395 Motorsports","https://395motorsports.com/","","","medium","Ride Ready Service Package (Motorcycles) Starting at $199 +Labor/Parts Oil & filter service Chain adjustment & lubrication Battery check Brake inspection Tire pressure & tire condition check Fluid inspection Fastener & safety inspection General wash/wipe down 10% Off OEM Service Kits Popular Showroom Detail Package Starting at $149 ATV/UTV Starting at $249.99+ Full foam wash Degreasing treatment Wheel & tire cleaning","Retail/service evidence without positive rental signal."
"no_rentals","triaged→no_rentals","278","Soaring Ranch","https://www.soaringranch.com/","","","high","Modern shopping venue (grocery, hardware, brewery, spa); not a gear-rental operator. Category was keyword-hallucinated.","Patch: mechanically auto-triaged on a keyword false-positive (venue/park/product); no gear rental."
"no_rentals","","279","North Tahoe Cruises - Tahoe Gal","http://www.tahoegal.com/","","","medium","North Tahoe Cruises - Tahoe Gal http://www.tahoegal.com/ North Tahoe Cruises - Tahoe Gal Laid-back boat tours offering lunch, dinner, brunch and sunset rides.","Retail/service evidence without positive rental signal."
"no_rentals","","282","Flip's Boats","http://flipsboats.com/","","","medium","Flip's Boats http://flipsboats.com/ Flip's Boats Flip's Boats service establishment https://www.flipsboats.com/ Flip's Boats 0 Skip to Content Flip's Boats Reserve Your Charter About Us Contact Us Photos Open Menu Close Menu Flip's Boats Reserve Your Charter About Us Contact Us Photos Open Menu Close Menu Reserve Your Charter About Us Contact Us Photos Experience Lake Tahoe Private Boat Charters & Tours Reserve Your","Guided, lesson, charter, or tour model without independent rental evidence."
"no_rentals","","283","Sierra Motorcycle Supply","http://www.shopbetamotorcycle.com/","","","medium","Search Log in Sign up Cart ( 0 ) Check Out Sierra Motorcycle Supply SIERRA MOTORCYCLE SUPPLY Top 3 Beta USA Dealership 2021-2025 ""We specialize in CUSTOMER SERVICE .” Menu New Products Special Pricing Alpinestars Arai Helmets AS3 Performance AXP Racing Beta Apparel & Accessories Beta Shop by Model + Beta Alp Beta 125RR Beta 125RR (20-) Beta 125RR-S Beta 200RR Beta 200RR (20-) Beta 300RR|250RR (13-19) Beta 300RR|250RR","Retail/service evidence without positive rental signal."
"no_rentals","","285","Kj's Watersports Lake Tahoe","http://www.kjswatersports.com/","","","medium","We do offer 1hr sessions with limited availability, so please reach out to see if we can accommodate you.","Guided, lesson, charter, or tour model without independent rental evidence."
"no_rentals","","286","FishAndSave","http://www.fishandsave.com/","","","medium","Accessories Pro Shop Pro Shop Freshwater Saltwater Bass Fly Fishing Clearance Jansen Tackle Home Bandit Lures Badonk-A-Donk "" class=""product-gallery--loaded-image"" > "" class=""product-gallery--loaded-image"" > "" class=""product-gallery--loaded-image"" > "" class=""product-gallery--loaded-image"" > Click to expand Tap to zoom Bandit Lures Badonk-A-Donk by Bomber Lures No reviews Availability: Out of stock Availability: Out o","Guided, lesson, charter, or tour model without independent rental evidence."
"no_rentals","","291","Bio Bio Expeditions Worldwide","https://bbxrafting.com/","","","medium","Better yet, we work hard to… Read article April 22, 2026 Whitewater Rafting Classes Explained: From Gentle Currents to Wild Patagonia Rapids Understanding Whitewater Rafting Classes (Class I–V) Before You Take on the Futaleufú River There’s a question we often hear: “What do whitewater rafting classes actually mean?” If you’ve been… Read article January 19, 2026 Fitness for Rafting Trips: How to Prepare Fitness for r","Guided, lesson, charter, or tour model without independent rental evidence."
"no_rentals","","294","Tahoe Fly Fishing Outfitters","http://www.tahoeflyfishing.com/","","","medium","We specialize in ‘catch & release’ fly fishing for both walk & wade and lake fishing.","Guided, lesson, charter, or tour model without independent rental evidence."
"no_rentals","","295","Captain Jack's Tahoe","http://www.captainjackstahoe.com/","","","medium","Please let us know each riders size and ability so we can have the proper equipment prepared for your charter.","Guided, lesson, charter, or tour model without independent rental evidence."
"no_rentals","triaged→no_rentals","296","Riverview Sports Park","http://www.tdrpd.org/riverview-sports-park","","","high","Green-space sports park (playground, BMX track, bocce); a park, not a gear renter.","Patch: mechanically auto-triaged on a keyword false-positive (venue/park/product); no gear rental."
"no_rentals","","297","Mountain Hardware and Sports Incline","http://www.acehardware.com/store-details/18283?utm_source=google&utm_medium=local&utm_campaign=localmaps&utm_content=18283","","","medium","Handyman Service is currently not available in your area.","Retail/service evidence without positive rental signal."
"no_rentals","needs_review→no_rentals","298","Blue Sun Boat Rentals","","","","high","Blue Sun Boat Rentals (Incline Village) was an open-bow/pontoon boat rental, but is now listed CLOSED (Yelp, June 2026).","Patch: resolved via live web search (charter or closed)."
"no_rentals","","299","Club Champion","https://clubchampion.com/locations/reno?utm_source=gbp&utm_medium=local&utm_campaign=gbp&utm_term=gbp_Reno","","","medium","Arccos Best Grips Callaway Evnroll Vice Golf Miura OBAN P2 Traxion Vice Golf VA composites Veylix Mitsubishi Edel ProjectX Aerotech Toulon Newton Golf Shafts LAB Golf 2Thumb PRGR Wilson Staff Axis1 Titleist SwitchGrips Garsen Homna Mizuno Kinetixx Cleveland Odyssey SuperStroke Sacks Parente No1 Lamkin PXG BGT True Temper Accra Ben Hogan Winn Golf Pride Aldila Srixon Nippon XXIO LA Golf Bloodline TourEdge TaylorMade K","Guided, lesson, charter, or tour model without independent rental evidence."
"no_rentals","","301","Cruz Entertainment","https://cruzentnv.com/","","","medium","Cruz Entertainment https://cruzentnv.com/ Cruz Entertainment Cruz Entertainment point_of_interest service establishment https://cruzentnv.com/ Top Reno Wedding DJ Near Me | Cruz Entertainment DJ Company SERVICES EXPERIENCE CONTACT HIRING LOGIN CRUZ ENTERTAINMENT Top Reno Wedding DJ Services For Your Event DJ | SOUND | HOSTING | LIGHTING | PHOTO BOOTH | VISUALS CHECK AVAILABILITY Trusted By Thousands Of Clients HOME S","Guided, lesson, charter, or tour model without independent rental evidence."
"no_rentals","","304","Olympic Bootworks","http://olympicbootworks.com/","","","medium","Olympic Bootworks http://olympicbootworks.com/ Olympic Bootworks Ski shop and boot-repair specialist with a focus on custom fittings, socks and orthotics.","Retail/service evidence without positive rental signal."
"no_rentals","","305","Eastern Sierra Feed","http://www.easternsierrafeed.com/","","","medium","Eastern Sierra Feed http://www.easternsierrafeed.com/ Eastern Sierra Feed Eastern Sierra Feed sporting_goods_store manufacturer supplier store food point_of_interest service establishment https://www.easternsierrafeed.com/ Eastern Sierra Feed & Farm Supply | Feed & Pet Store in Gardnerville | Shop Now Eastern Sierra Feed 1245 Waterloo Lane Gardnerville NV 89410 Open today from (775) 782 - 3143 All Sign in Wishlist 0","Retail/service evidence without positive rental signal."
"no_rentals","","306","TheTahoeVapory","http://www.thetahoevapory.com/","","","medium","SHOP NOW The Tahoe Vapory is in accordance with the United States Pact Act, please email or call 775-580-6555 about any nicotine or vape products!","Retail/service evidence without positive rental signal."
"no_rentals","","308","The WheelHouse","http://www.wheelhousecc.com/","","","medium","Please prove that you are human by solving the equation * Recent Posts GRAND OPENING!","Retail/service evidence without positive rental signal."
"no_rentals","","309","Zumiez","https://www.zumiez.com/stores/us222?utm_source=google+my+business&utm_medium=organic&utm_campaign=store+locations","","","medium","Zumiez https://www.zumiez.com/stores/us222?utm_source=google+my+business&utm_medium=organic&utm_campaign=store+locations Zumiez Chain retailer offering trendy, brand-name clothing & shoes, plus gear for skate- & snowboarders.","Retail/service evidence without positive rental signal."
"no_rentals","","311","Gilligans Guide Service","http://www.gilligansguideservice.com/","","","medium","Please read these Terms of Service carefully before accessing or using our website.","Guided, lesson, charter, or tour model without independent rental evidence."
"no_rentals","triaged→no_rentals","312","Hoop Northern Nevada","https://www.hoopnorthernnevada.com/","","","high","Basketball/sports facility; not a RADvisor gear-rental operator. Category was keyword-hallucinated.","Patch: mechanically auto-triaged on a keyword false-positive (venue/park/product); no gear rental."
"no_rentals","","316","Testa Motorsports","https://testamotorsports.com/","","","medium","Please fill out the form below if you would like us to order a part for you!","Retail/service evidence without positive rental signal."
"no_rentals","","319","Double Down Guide Service","http://doubledowntahoe.com/","","","medium","We currently have the biggest catch on the lake in the past few years, 25 lb 43"" lake trout.","Guided, lesson, charter, or tour model without independent rental evidence."
"no_rentals","","320","Wingfield Ace Hardware","http://www.acehardware.com/store-details/18349?utm_source=google&utm_medium=local&utm_campaign=localmaps&utm_content=18349","","","medium","Handyman Service is currently not available in your area.","Retail/service evidence without positive rental signal."
"no_rentals","","321","Matt Heron Fly Fishing","http://mattheronflyfishing.com/","","","medium","Please fill out the form to the best of your ability at this time.","Guided, lesson, charter, or tour model without independent rental evidence."
"no_rentals","","322","Carson City Bike Shop Concept E-Bikes","https://carsoncitybikeshop.com/","","","medium","Our goal is to provide a complete cycling solution for customers in Carson City, whether you're purchasing a new eBike or servicing your current ride.","Retail/service evidence without positive rental signal."
"no_rentals","triaged→no_rentals","325","Bijou Municipal Golf Course","https://cityofslt.us/267/Golf-Course","","","high","Municipal 9-hole golf course; golf is not a RADvisor category and category was keyword-hallucinated.","Patch: mechanically auto-triaged on a keyword false-positive (venue/park/product); no gear rental."
"no_rentals","","326","Surefoot","https://www.surefoot.com/locations/palisades-tahoe","","","medium","I&#x27;ve skied with pain for over 15 years trying multiple boot options with different boot fitters.","Guided, lesson, charter, or tour model without independent rental evidence."
"no_rentals","","328","Reel-Lentless Fishing Charters","http://reellentless.com/","","","medium","Reel-Lentless Fishing Charters http://reellentless.com/ Reel-Lentless Fishing Charters Personalized excursions on a clean vessel for Mackinaw, rainbow and trout fishing.","Guided, lesson, charter, or tour model without independent rental evidence."
"no_rentals","","329","Rack 2 Roam","https://www.rack2roam.com/","","","medium","Rack 2 Roam https://www.rack2roam.com/ Rack 2 Roam Shop supplying bicycle, ski, kayak and cargo racks, plus install services.","Retail/service evidence without positive rental signal."
"no_rentals","","330","The Spa and Sauna Co. - Carson City","https://spaandsauna.com/locations-s-carson-st-carson-city/","","","medium","Locations 844-314-0751 Specials Ask an Expert Your Perfect Hot Tub Shop Online Store Hot Tubs Hot Tubs Overview Hot Tub Finder Find the Perfect Hot Tub Used Hot Tubs Replacement Hot Tub Covers Used Hot Tub Covers Water Care Salt Water Hot Tubs FreshWater IQ Hot Tubs Trade-In Appraisal Hot Tub Pricing Apply for Convenient Financing Today Swim Spas Swim Spas Overview Find the Perfect Swim Spa Endless Pools Fitness Syst","Guided, lesson, charter, or tour model without independent rental evidence."
"no_rentals","","333","High Sierra Power Sports","https://highsierrapowersports.com/","","","medium","They also highlight the transparent pricing, fair deals, and efficient process for consignments and purchases.","Retail/service evidence without positive rental signal."
"no_rentals","","335","On Tahoe Time","http://ontahoetime.com/","","","medium","If you wish to have a sign customized, please order through primary product.","Retail/service evidence without positive rental signal."
"no_rentals","","337","Sierra Wake Surf","http://sierrawakesurf.com/","","","medium","Sierra Wake Surf http://sierrawakesurf.com/ Sierra Wake Surf Sierra Wake Surf service establishment https://www.sierrawakesurf.com/ HOME | Sierra Wake Surf | Wake Surf and Wakeboard Charters and Lessons top of page HOME ABOUT SERVICES CONTACT US FAQ&#x27;S LUXURY WAKESURF CHARTERS Built for those who expect more We offer luxury wakesurf and wakeboard charters in the Truckee Tahoe area, led by a local, licensed captai","Guided, lesson, charter, or tour model without independent rental evidence."
"no_rentals","triaged→no_rentals","338","Golf NV","http://www.golfnvreno.com/?y_source=1_NjQyMTg0MzEtNzE1LWxvY2F0aW9uLndlYnNpdGU%3D","","","high","Golf shop/simulators (clubs, balls, shoes); golf is not a RADvisor category. Category was keyword-hallucinated.","Patch: mechanically auto-triaged on a keyword false-positive (venue/park/product); no gear rental."
"no_rentals","","339","Sun Valley Regional Park","https://www.washoecounty.gov/parks/parks/park_directory_pages/north_region/sun_valley_regional_park.php","","","medium","park tourist_attraction point_of_interest establishment https://www.washoecounty.gov/parks/parks/park_directory_pages/north_region/sun_valley_regional_park.php Sun Valley Regional Park - Washoe County --> --> Skip to content Living Here Doing Business Health &amp; Safety Homes &amp; Property Your Government All Departments &#160; &#160; &#160; &#160; Washoe County, NV Menu Living Here Get Involved Library System Park","Guided, lesson, charter, or tour model without independent rental evidence."
"no_rentals","","340","Legacy Sports International","https://www.legacysports.com/","","","medium","Do not let selfish men or greedy interests skin your country of its beauty, its riches or its romance.” THEODORE ROOSEVELT Close product quick view Title CONTACT US TODAY 4674 Aircenter Circle Reno, NV 89502 TOLL FREE: 1-800-553-4229 DIRECT: 1-775-828-0555 FAX: 1-775-828-0565 OUR BRANDS HOWA POINTER CITADEL NIKKO STIRLING ACCESSORIES RESOURCES FAQ Videos Magazine Features Catalog Request 2025 Catalog Product Manuals","Retail/service evidence without positive rental signal."
"no_rentals","","341","Soccer City","https://soccercityteam.com/","","","medium","https://soccercityteam.com/shop/ Shop &#8211; Soccer City Team Home About Us Catalogs Adidas Diadora Hummel Joma Kwik Goal New Balance Nike Men Nike Women Puma Umbro Club Sale Inquiry Contact Us Home About Us Catalogs Adidas Diadora Hummel Joma Kwik Goal New Balance Nike Men Nike Women Puma Umbro Club Sale Inquiry Contact Us Blog Soccer City Team Shop Shop Soccer City Team Shop Showing 1 9 of 12 results Default sorti","Retail/service evidence without positive rental signal."
"no_rentals","","342","Satori Dancewear","http://www.satoridancewear.com/","","","medium","​ ​ ​ If you don't see a time that works for you on our schedule, please complete the Request an Appointment form on this page or feel free to call or text us at 775-830-9217 we'll do our best to find a time that fits your needs!","Retail/service evidence without positive rental signal."
"no_rentals","","343","Bike Habitat","http://bikehabitat.com/","","","medium","TECHS AND FEATURES - ALUXX ALUMINUM TECHNOLOGY This Performance level frame material features 6061 alloy with single-butted tubes to produce strong, lightweight framesets for a variety of different bikes and riding styles.","Guided, lesson, charter, or tour model without independent rental evidence."
"no_rentals","","344","Alpenthrow","http://alpenthrow.com/","","","medium","All groups are different, but the learning process generally takes between 10-15 minutes depending on the size of the group.","Retail/service evidence without positive rental signal."
"no_rentals","","345","SuperPawn","https://www.firstcash.com/","","","medium","To learn more about how we use cookies and how to change your cookies settings if you do not want cookies on your computer, please see our Privacy Policy.","Retail/service evidence without positive rental signal."
"no_rentals","","346","Tahoe Gear Exchange","http://tahoegearexchange.com/?utm_source=google&utm_medium=wix_google_business_profile&utm_campaign=10809489412462484824","","","medium","if you want to keep all selected items in your cart, please confirm.","Retail/service evidence without positive rental signal."
"no_rentals","","347","Early 90's Coffee","https://early90scoffee.com/","","","medium","Get in Touch Your First Name Please Your Email Address* Your Message Here* Send Your Message Now We’d love to hear from you!","Retail/service evidence without positive rental signal."
"no_rentals","","348","Shirt Off My Back","http://shirtoffmyback.com/","","","medium","Please read these Terms of Service carefully, as they include important information about your legal rights and cover areas such as warranty disclaimers and limitations of liability.","Retail/service evidence without positive rental signal."
"no_rentals","","351","The Wedge at South Valleys Disc Golf Course","https://udisc.com/courses/the-wedge-80bC","","","medium","· Terms · Privacy https://udisc.com/courses?latitude=39.400109&amp;longitude=-119.759895&amp;services=isDogFriendly Disc Golf Courses | UDisc UDisc Logo Play Learn Grow disc golf Log in Open main menu Courses View map 25 miles Recommended Difficulty Best Length Courses Cost Services Accessibility Disc golf courses Lizard Peak Sun Valley, Nevada 40 4.3 Easy – Hard Est.","Guided, lesson, charter, or tour model without independent rental evidence."
"no_rentals","","352","Custom Boat & Marine","http://www.customboat.com/","","","medium","Visit Us Toggle navigation Home New Boats Pre-Owned Boats Services Financing Financing Pre-Qualify Form Boat Brands Boat Brands Bayliner Sea Ray Hewes Craft Mercury Marine HeyDay Godfrey Factory Promotions Map & Hours Places to Boat About Us About Us Contact Us Lake Inventory family fun&#xD;&#xA;in the sun Explore Northern Nevada&#x27;s Most Complete Boat Dealership New Boats Explore Pre-Owned Explore Services Explor","Guided, lesson, charter, or tour model without independent rental evidence."
"no_rentals","","353","Sierra Boat Company","https://sierraboat.com/","","","medium","We then give the boat a water test to make sure it is performing properly before we release it to the customer.","Guided, lesson, charter, or tour model without independent rental evidence."
"no_rentals","","355","Nor-Cal Charters","http://www.fishingintahoe.com/","","","medium","Understand Current and Tide Effects For those engaging in fishing tours in areas with significant currents or tides, understanding their effects is crucial.","Guided, lesson, charter, or tour model without independent rental evidence."
"no_rentals","","356","Victory Bowling Services LLC","https://victorybowlingservices.com/","","","medium","Victory Bowling Services LLC https://victorybowlingservices.com/ Victory Bowling Services LLC Bowling supply store at the Grand Sierra Resort and Casino offering equipment plus coaching and drilling services.","Retail/service evidence without positive rental signal."
"no_rentals","","357","Huntnhouse Archery Center","http://www.huntnhouse.com/","","","medium","Close Close HOT NEW ITEMS View all Rook 80 Early Season Pant Regular price $99 View Easton - 5.0 Match Grade Shafts Regular price $262.99 Sale price $225.99 Sale View DCA Super Sabre Mini 2.00"" Vanes - 40pk Regular price $21.99 View HAMSKEA - R7 - Arrow Rest Regular price $329.99 View Order ONLINE or Visit Our Pro Shop 4690 LONGLEY LANE #20 RENO, NEVADA SHOP HOURS - 10:00a to 6:00p Tuesday - Friday 10:00a to 4:00p Sa","Retail/service evidence without positive rental signal."
"no_rentals","triaged→no_rentals","358","Talents Athletic Center","http://talentsathleticcenter.com/","","","high","Indoor athletic center (soccer, flag football); not a gear-rental operator. Category was keyword-hallucinated.","Patch: mechanically auto-triaged on a keyword false-positive (venue/park/product); no gear rental."
"no_rentals","","360","Tahoe Pontoon Charters","http://tahoepontooncharters.com/","","","medium","Tahoe Pontoon Charters http://tahoepontooncharters.com/ Tahoe Pontoon Charters Tahoe Pontoon Charters tour_agency travel_agency service establishment https://tahoepontooncharters.com/ tahoepontooncharters.com Click here to enter","Retail/service evidence without positive rental signal."
"no_rentals","","361","Primetime Fishing and Charters","https://primetimelaketahoe.com/","","","medium","Please pay the Captain directly, the day of your charter, cash,venmo or zelle.","Guided, lesson, charter, or tour model without independent rental evidence."
"no_rentals","","362","11 Eleven Tactical USA, LLC","https://shop.11eleventacticalusa.com/","","","medium","11 Eleven Tactical USA, LLC https://shop.11eleventacticalusa.com/ 11 Eleven Tactical USA, LLC 11 Eleven Tactical USA, LLC sporting_goods_store store point_of_interest establishment https://shop.11eleventacticalusa.com/ 11 Eleven Tactical USA, LLC News Contact Us 0 All Products Rifles Handguns Shotguns Suppressors / NFA Law Enforcement Knives Optics Magazines Ammo Parts & Gear Black Powder N/A Fishing Lower Receivers","Guided, lesson, charter, or tour model without independent rental evidence."
"no_rentals","","364","Dragon Spring","http://www.dragonspringreno.com/","","","medium","sporting_goods_store store health point_of_interest establishment https://www.dragonspringreno.com/ Dragon Spring Reno Search this site Embedded Files Skip to main content Skip to navigation Dragon Spring Reno Asian Artworks - Martial Arts - Fine Teas Est.","Retail/service evidence without positive rental signal."
"no_rentals","","365","L.A.G. Tactical Inc","http://www.lagtactical.com/","","","medium","Removable hook back panel attaches securely inside CCW bags with loop fabric lining Unique triangular shape gives full support of the firearm while allowing room for the thumb during the draw Ambidextrous, symmetrical design allows lefties to move hardware to the other side of the holster Optics ready for all RMR red dot sights Adjustable retention with one Phillips head screw Multiple holes allow for customization a","Retail/service evidence without positive rental signal."
"no_rentals","","366","North Tahoe Marina","http://www.northtahoemarina.com/","","","medium","North Tahoe Marina http://www.northtahoemarina.com/ North Tahoe Marina North Tahoe Marina marina store supplier point_of_interest service establishment https://www.northtahoemarina.com/ Home North Tahoe Marina Tahoe Vista, CA (530) 546-8248 In Tahoe Vista, California, North Tahoe Marina is the premiere full service marina on Lake Tahoe.","Retail/service evidence without positive rental signal."
"no_rentals","","367","Current Fly Fishing","https://www.currentflyfishing.com/","","","medium","Current Fly Fishing https://www.currentflyfishing.com/ Current Fly Fishing Fishing guide service offering fly-fishing instruction on the Truckee River and other regional waters.","Guided, lesson, charter, or tour model without independent rental evidence."
"no_rentals","","368","Nevada Spas & Billiards","https://nvspas.com/?utm_source=google&utm_medium=organic&utm_campaign=gbp","","","medium","Nevada Spas & Billiards https://nvspas.com/?utm_source=google&utm_medium=organic&utm_campaign=gbp Nevada Spas & Billiards Spa that also stocks pools and billiard tables for homes and businesses.","Retail/service evidence without positive rental signal."
"no_rentals","","370","GBrakes","http://www.gbrakes.com/","","","medium","Shop All Products Custom Orders Shop by Category Premium braking components for every motorcycle application Brake Rotors Floating & fixed designs Shop Now Brake Pads Sintered & organic compounds Shop Now Brake Lines Stainless steel braided Shop Now Brackets CNC machined adapters Shop Now Clutch Lines Performance hydraulic lines Shop Now Shop by Ride Type Find the right brakes for your riding style V-Twin Harley-Davi","Retail/service evidence without positive rental signal."
"no_rentals","","372","Silver and Blue Outfitters","http://www.silverandblueoutfitters.com/","","","medium","Powered by Shopify Cart 0 Your cart is currently empty.","Guided, lesson, charter, or tour model without independent rental evidence."
"no_rentals","","373","Snap Set Studios","https://www.snapsetstudios.com/","","","medium","Snap Set Studios https://www.snapsetstudios.com/ Snap Set Studios Snap Set Studios service establishment https://www.snapsetstudios.com/ HOME | Snap Set Studios top of page HOME ABOUT US PACKAGES BACKDROPS RESERVE YOUR DATE CONTACT US Because Your Event Deserves to Feel Iconic Snap Set Studios brings a luxury, elevated photo booth experience that transforms weddings and events into unforgettable celebrations.","Retail/service evidence without positive rental signal."
"no_rentals","","374","Hope Valley Sno-Park","https://ohv.parks.ca.gov/?page_id=23053","","","medium","Hope Valley Sno-Park https://ohv.parks.ca.gov/?page_id=23053 Hope Valley Sno-Park Hope Valley Sno-Park parking_lot parking transportation_service point_of_interest service establishment https://ohv.parks.ca.gov/ OHMVR Division About Us Contact Us Parks Home OHV Home About Us Mission Statement FAQs Planning Publications / Reports Winter Recreation Contact Information OHV Safety Week SVRAs Carnegie SVRA Clay Pit SVRA E","Guided, lesson, charter, or tour model without independent rental evidence."
"no_rentals","","375","Lee Joseph Inc. Swim Pool & Spa Supply","http://www.leejosephpools.com/","","","medium","Every pool and spa is different and you can trust the Lee Joseph team to be responsive and accurate from installation to inspections and beyond.","Retail/service evidence without positive rental signal."
"no_rentals","","376","Scotty's Sportfishing","https://scottyssportfishingllc.com/","","","medium","Scotty's Sportfishing https://scottyssportfishingllc.com/ Scotty's Sportfishing Scotty's Sportfishing People say this fishing charter offers excellent fishing opportunities, with many catching their limit of fish, and provides a comfortable, clean boat with a restroom.","Guided, lesson, charter, or tour model without independent rental evidence."
"no_rentals","","377","Fallen Leaf Lake Association","","","","low","Fallen Leaf Lake Association Fallen Leaf Lake Association Fallen Leaf Lake Association association_or_organization marina point_of_interest service establishment","Retail/service evidence without positive rental signal."
"no_rentals","","378","Lake Tahoe Fishing Trips and Pyramid Lake Fishing Trips","https://www.laketahoefishingtrips.com/","","","medium","Lake Tahoe Fishing Trips and Pyramid Lake Fishing Trips https://www.laketahoefishingtrips.com/ Lake Tahoe Fishing Trips and Pyramid Lake Fishing Trips Lake Tahoe Fishing Trips and Pyramid Lake Fishing Trips fishing_charter point_of_interest establishment https://www.laketahoefishingtrips.com/ Local Fishing Guide | Pyramid Lake Fishing Trips & Lake Tahoe Fishing Trips Home Meet the Guide Services Lake Tahoe Fishing Ch","Guided, lesson, charter, or tour model without independent rental evidence."
"no_rentals","","379","Long Ride Shields","https://longrideshields.com/","","","medium","Long Ride Shields https://longrideshields.com/ Long Ride Shields Long Ride Shields auto_parts_store car_repair store point_of_interest service establishment https://www.longrideshields.com/ Long Ride Shields Makers of Harley-Davidson Replacement Windshields LONG RIDE SHIELDS Skip to content Country United States (USD $) Åland Islands (EUR €) Albania (ALL L) Algeria (DZD د.ج) Andorra (EUR €) Angola (USD $) Anguilla (X","Retail/service evidence without positive rental signal."
"no_rentals","","381","Captain Chris' Fishing Charters","http://www.tahoefishingcharters.com/","","","medium","Charter Rates Rates change from season to season; please call for a price quote.","Guided, lesson, charter, or tour model without independent rental evidence."
"no_rentals","","382","Nevada Home Fitness","http://nevadahomefitness.com/","","","medium","Nevada Home Fitness http://nevadahomefitness.com/ Nevada Home Fitness Nevada Home Fitness sporting_goods_store store point_of_interest establishment https://www.nevadahomefitness.com/ NEVADA HOME FITNESS 0 Skip to Content RESIDENTIAL Treadmills Ellipticals Bikes Strength Other Cardio COMMERCIAL Commercial Treadmills Commercial Ellipticals Commercial Bikes Commercial Strength Commercial Other Cardio RECOVERY Massage C","Retail/service evidence without positive rental signal."
"no_rentals","","383","Bikes Etc","http://misfitsports.com/","","","medium","Some of the BMX brands we currently carry are, S&M, Profile, Bassett, Kink, FIT Bike Co, SE Bikes, Technique, Sunday, Cult, Odyssey, ODI, Verde, Profile, TNT, Insight, MCS, and more.","Retail/service evidence without positive rental signal."
"no_rentals","triaged→no_rentals","384","Ridgeline Park","https://www.yourtahoeplace.com/parks-recreation/outdoor-recreation/parks-fields","","","high","Municipal park; not a gear renter. The four categories were keyword-hallucinated.","Patch: mechanically auto-triaged on a keyword false-positive (venue/park/product); no gear rental."
"no_rentals","","386","ODM Defense","http://www.odmdefense.com/","","","medium","For current and former LE/Mil, 1st Responders, It’s $10.00 for per firearm.","Guided, lesson, charter, or tour model without independent rental evidence."
"no_rentals","","388","Tahoe Yacht Club","http://www.tahoeyc.com/","","","medium","Contact Secondary address Documents Family Related Members Boats Related boats Date Time Event Details Done Today {{ calendarTitle }} {{ calendarTitle_noYear }} {{ view_preference }} Month Week Day {{ day }} All day {{ day }} {{ current_date.clone().startOf(""week"").add(index, ""day"").date() }} {{ slot.event.title }} {{ formatHour( hour - 1 ) }} https://tahoeyc.com/login?next=https%3A%2F%2Ftahoeyc.com%2Frentals&msg=Ple","Retail/service evidence without positive rental signal."
"no_rentals","triaged→no_rentals","389","Incline Bike Park","http://www.yourtahoeplace.com/parks-recreation/outdoor-recreation/community-bike-park","","","high","Public bike park at a rec center; no gear rental (bring your own bike). Categories were keyword-hallucinated.","Patch: mechanically auto-triaged on a keyword false-positive (venue/park/product); no gear rental."
"no_rentals","","391","Blue Warrior Cruises Lake Tahoe","https://laketahoe.cruises/","","","medium","​ We specialize in our Lake Tahoe cruises that provide one-of-kind sightseeing boat tours, as well as daytime and sunset cruises that enable our guests to experience Lake Tahoe from the unique perspective of being directly on the sapphire-blue water.","Guided, lesson, charter, or tour model without independent rental evidence."
"no_rentals","triaged→no_rentals","393","North Tahoe Lions Club Disc Golf Course","https://www.yourtahoeplace.com/parks-recreation/outdoor-recreation/disc-golf-course","","","high","Disc golf course; players bring/buy their own discs — the course does not rent gear.","Patch: mechanically auto-triaged on a keyword false-positive (venue/park/product); no gear rental."
"no_rentals","","394","Win's Wheels, Inc.","https://winswheels.com/","","","medium","Monday – Friday 9am – 5pm Saturday - Sunday Closed 933 Mica Drive, Suite 9, Carson City, NV 89705 win@winswheels.com (775) 392-0195 https://www.winswheels.com/product-lines Product Lines Win's Wheels 0 Skip to Content Services Product Lines About Gallery Contact Open Menu Close Menu Services Product Lines About Gallery Contact Open Menu Close Menu Services Product Lines About Gallery Contact Product Lines absoluteBLA","Retail/service evidence without positive rental signal."
"no_rentals","","395","Disc Giant","https://discgiant.com/","","","medium","Disc Giant https://discgiant.com/ Disc Giant Disc Giant store point_of_interest establishment https://discgiant.com/ Disc Giant Disc Disc Golf Clothes, Socks, Art, Discs & Accessories Skip to content Search Home Catalog Shirts Socks TOWELS PRE ORDERS Tournaments Contact Us Account Site navigation Search Search Cart Menu Site navigation Home Catalog Shirts Socks TOWELS PRE ORDERS Tournaments Contact Us Account Item ad","Retail/service evidence without positive rental signal."
"no_rentals","","396","Denver’s Choppers","https://denverschoppers.com/","","","medium","Denver’s Choppers https://denverschoppers.com/ Denver’s Choppers Denver’s Choppers store point_of_interest establishment https://denverschoppers.com/ Home - Denvers Choppers Home About Apparel Shop Easy Rider Bikes Apparel Springer Front Ends Events Builds Full Builds Partial Builds Gallery Reno Street Vibrations Show 2018 50th Anniversary Bike Show Reno 50th Anniversary Bike Show Sturgis 2017 Denver’s Choppers Bike","Retail/service evidence without positive rental signal."
"no_rentals","","398","Free Lap Collective","https://freelap.cc/","","","medium","Free Lap Collective https://freelap.cc/ Free Lap Collective Free Lap Collective bicycle_store sporting_goods_store manufacturer store sports_club point_of_interest association_or_organization service establishment https://freelap.cc/ Free Lap Collective | Bike & Run Sales | Pro Service Center Skip to content Shop free lap gear bikes, frames, components cycling apparel & shoes trail running apparel & shoes sale gift c","Retail/service evidence without positive rental signal."
"no_rentals","","399","Buzzard Creek","http://buzzardcreekvc.com/","","","medium","C Street Virginia City, NV 89440 ​ Angie (775) 720-6314 Shop Customer Support Shop All Best Sellers Sports Canvases Sports Fan Gear Sports Banners Movie Posters Character Canvases Character Apparel Contact Us We accept the following paying methods 2024 by Buzzard Creek Sports & Movie Poster Nostalgia.","Retail/service evidence without positive rental signal."
"no_rentals","","400","Alpenglow Boat Co.","http://www.alpenglowboat.com/","","","medium","point_of_interest establishment https://alpenglowboat.com/ Alpenglow Boat Company - Cruise Lake Tahoe in Classic Style Skip to content Tours Reviews Gallery Weddings &#038; Charters Tours Reviews Gallery Weddings &#038; Charters Home Tours Reviews Gallery Weddings &#038; Charters News About FAQ Contact Home Tours Reviews Gallery Weddings &#038; Charters News About FAQ Contact News About FAQ Contact Book Now News Abou","Guided, lesson, charter, or tour model without independent rental evidence."
"no_rentals","","401","Auto Bike Sales","http://www.autobikesales.com/","","","medium","Auto Bike Sales http://www.autobikesales.com/ Auto Bike Sales Auto Bike Sales store point_of_interest establishment https://autobikesales.com/ AutoBikeSales Auto Bike Sales Auto Bike Sales Auto Bike Sales Auto Bike Sales More Auto Bike Sales Auto Bike Sales Auto Bike Sales Auto Bike Sales Quality Used Vehicles for Sale Quality Used Vehicles for Sale Quality Used Vehicles for Sale Quality Used Vehicles for Sale Nevada","Retail/service evidence without positive rental signal."
"no_rentals","","404","Cruise Tahoe","https://www.cruisetahoe.com/","","","medium","BOOK NOW INFO Private Powerboat & Watersports Charters $549 - $1749 (+fees) 2-6 Hours Please Note: Powerboat & watersport charters are operated by our partner Boat Tahoe.","Guided, lesson, charter, or tour model without independent rental evidence."
"no_rentals","","407","Concept Electric Bikes","https://conceptebikes.com/","","","medium","&#36; 999.00 Current price is: &#036;999.00.","Retail/service evidence without positive rental signal."
"no_rentals","","410","Electronic Shooters Protection (ESP)","https://www.espamerica.com/","","","medium","I can dial out unwanted background noises while still hearing a bird flush, the sound of a dog’s bell, or my hunting partners talking in a normal tone while safeguarding my hearing from the sound of gunfire."" Read all reviews competitive shooter JUSTIN SHIREMAN ""I wanted to drop you a note on how much I love my ESP Devices.","Guided, lesson, charter, or tour model without independent rental evidence."
"no_rentals","","411","Spearhead Tactical","https://spearheadtactical.us/","","","medium","Emily Stewart, Gun Enthusiast ""Expert Guidance and Superior Service"" Spearhead Tactical provided invaluable insights when I was selecting an NFA firearm.","Retail/service evidence without positive rental signal."
"no_rentals","","412","Tahoe Star Charters","http://tahoestar.com/","","","medium","Please advise in advance if you have any requests.","Guided, lesson, charter, or tour model without independent rental evidence."
"no_rentals","","413","MX Trophies","https://mx-trophies.com/","","","medium","We utilize many different materials including stainless steel, 1/2″ fire polished acrylic , 1/2″ – 1″ PVC, distressed wood , leather and more.","Retail/service evidence without positive rental signal."
"no_rentals","","414","Shaun's Guide Service Donner lake","http://shaunsguideservice.net/","","","medium","Since 2015, over 139 lake trout over 10 pounds have been caught and released.","Guided, lesson, charter, or tour model without independent rental evidence."
"no_rentals","","416","Imaginecharterstahoe","https://imaginecharterstahoe.com/","","","medium","This is an outdoor activity so please dress in layers and don’t forget the sunscreen.","Guided, lesson, charter, or tour model without independent rental evidence."
"no_rentals","","418","DDC Racing (Delaney Drive Components)","http://www.ddcracing.net/","","","medium","DDC Racing (Delaney Drive Components) http://www.ddcracing.net/ DDC Racing (Delaney Drive Components) DDC Racing (Delaney Drive Components) auto_parts_store car_repair store manufacturer point_of_interest service establishment https://ddcracing.net/ DDC Racing Skip to content Welcome to DDC Racing!","Retail/service evidence without positive rental signal."
"no_rentals","","419","Sports Attack, LLC","http://sportsattack.com/","","","medium","Toll: 800-717-4251 info@sportsattack.com Twitter page opens in new window Instagram page opens in new window Facebook page opens in new window Linkedin page opens in new window YouTube page opens in new window Sports Attack Professional Sports Equipment Baseball ELITE eHACK ATTACK Elite eHack Attack Machine Elite/IHack Brochure Elite eHack Attack Manual Elite eHack Attack Videos I-HACK ATTACK I-Hack Attack Baseball P","Guided, lesson, charter, or tour model without independent rental evidence."
"no_rentals","","420","Dynareno Motorcycles","http://dynarenomotorcycles.com/","","","medium","Dynareno Motorcycles http://dynarenomotorcycles.com/ Dynareno Motorcycles Dynareno Motorcycles store point_of_interest establishment https://www.dynarenomotorcycles.com/ 0 Skip to Content About Services Contact Us Open Menu Close Menu About Services Contact Us Open Menu Close Menu About Services Contact Us Dyna Reno Motorcycles Site Under Construction - Please review ‘Contact Us’ page to get a hold of us.","Retail/service evidence without positive rental signal."
"no_rentals","","422","Midtown Carriage Society","https://midtowncarriagesociety.com/","","","low","Midtown Carriage Society https://midtowncarriagesociety.com/ Midtown Carriage Society Midtown Carriage Society service establishment","Retail/service evidence without positive rental signal."
"no_rentals","","425","TahoeTrophyTrout","http://tahoetrophytrout.com/","","","medium","He currently holds an impressive record of 10 double digit Brown Trout caught on the West Coast, with some weighing up to 17 pounds.","Retail/service evidence without positive rental signal."
"no_rentals","","427","Lake Tahoe Motorcycle","https://laketahoemotorcycle.com/","","","medium","Lake Tahoe Motorcycle https://laketahoemotorcycle.com/ Lake Tahoe Motorcycle Lake Tahoe Motorcycle store point_of_interest establishment https://laketahoemotorcycle.com/ Lake Taho Motorcycle Repair Lake Tahoe Motorcycle Lake Tahoe Motorcycle Lake Tahoe Motorcycle Lake Tahoe Motorcycle Lake Tahoe Motorcycle Lake Tahoe Motorcycle Lake Tahoe Motorcycle Lake Tahoe Motorcycle 530-320-7225 Motorcycle and automotive Service","Retail/service evidence without positive rental signal."
"no_rentals","","428","Prinoth LLC","https://www.prinoth-snowgroomers.com/en-us","","","medium","Stay on this page English international Française Deutsch Italiano Polski Svenska English North America Française Amérique du Nord 日本語 中文 Switch to local content { this.isVisible = true; }, 3000); return } // Wait until cookies popup is closed const interval = setInterval(() => { if(this.isCookiePopupClosed()){ this.isVisible = true; clearInterval(interval) } }, 3000); } }, close(){ localStorage.setItem(this.LOCAL_ST","Retail/service evidence without positive rental signal."
"no_rentals","","430","Boca Motorsports","https://bocamotorsports.com/","","","medium","Boca Motorsports https://bocamotorsports.com/ Boca Motorsports Boca Motorsports car_repair store point_of_interest service establishment https://bocamotorsports.com/ Certified Powersports Repair in Truckee | Boca Motorsports","Retail/service evidence without positive rental signal."
"no_rentals","","432","PGA TOUR","https://www.pgatour.com/","","","medium","Bhatia Tot -18 Thru F Powered By View Leaderboard THE TOUR About Careers TPC Network Contact TOURCAST Impact Partnerships Marketing Partners Affiliates Media Advertise Quick Links PGA TOUR LIVE Payne Stewart Award Fan Council Newsletters What&#x27;s New Social Responsibility Sustainability Volunteer PGA TOUR Studios PGA TOUR Pass Shop Fan Shop Superstore Tickets Mastercard Tickets Apps PGA TOUR PGA TOUR Vision Privac","Retail/service evidence without positive rental signal."
"no_rentals","","433","tahoetopliners sportfishing","http://tahoetopliners.com/","","","low","tahoetopliners sportfishing http://tahoetopliners.com/ tahoetopliners sportfishing tahoetopliners sportfishing fishing_charter point_of_interest establishment https://tahoetopliners.com/ Tahoe Topliners Sportfishing - Fishing Lake Tahoe, Lake Tahoe Fishing Tahoe Topliners Sportfishing Tahoe Topliners Sportfishing Tahoe Topliners Sportfishing Tahoe Topliners Sportfishing Tahoe Topliners Sportfishing Tahoe Topliners Sp","No rental/category signal in fetched evidence."
"no_rentals","","434","LifeCycle","https://www.lifecycle-nv.com/contact/","","","low","LifeCycle gym sports_activity_location health point_of_interest establishment","No rental/category signal in fetched evidence."
"no_rentals","triaged→no_rentals","435","ahhNatural - The Most Trusted Natural Hot Tub Chemical Alternative","http://www.ahhnatural.com/","","","high","Retailer of a hot-tub water-treatment product; not a recreational gear renter. Categories were keyword-hallucinated.","Patch: mechanically auto-triaged on a keyword false-positive (venue/park/product); no gear rental."
"no_rentals","","438","Premium Disc Golf","http://www.premiumdiscgolf.com/","","","medium","Learn More IN STOCK PREMIUM 5 PANEL HATS The view from Zephyr Cove DGC Hole 15's Tee Shop now NEW STUFF!","Retail/service evidence without positive rental signal."
"no_rentals","","439","2a Transfers & Accessories","https://2atransfers.com/","","","medium","2a Transfers & Accessories https://2atransfers.com/ 2a Transfers & Accessories 2a Transfers & Accessories sporting_goods_store store point_of_interest establishment https://2atransfers.com/ 2A Transfers & Accessories Skip to main content Skip to header right navigation Skip to site footer 2A Transfers & Accessories Menu Home Transfers Services/Pricing Customs Contact $20 Transfer Fee* *Transfer Fee does NOT include c","Retail/service evidence without positive rental signal."
"no_rentals","","441","CHAOS Deals & Steals","https://chaosreno.com/","","","medium","CHAOS Deals & Steals https://chaosreno.com/ CHAOS Deals & Steals CHAOS Deals & Steals thrift_store discount_store clothing_store home_goods_store store point_of_interest service establishment https://www.chaosreno.com/ CHAOS Estate Boutique | Place to Shop in Reno, NV - Chaos Reno: Expert Estate Sales & Organizing Services STORE ESTATE SALES CONTACT Shop our Store Wednesday - Sunday 11 am - 5 pm CHAOS Estate Boutique","Retail/service evidence without positive rental signal."
"no_rentals","","442","Expedition Kirkwood","https://www.kirkwood.com/plan-your-trip/ski-and-ride-lessons/category/expedition-kirkwood.aspx","","","medium","Expedition Kirkwood https://www.kirkwood.com/plan-your-trip/ski-and-ride-lessons/category/expedition-kirkwood.aspx Expedition Kirkwood Expedition Kirkwood point_of_interest establishment https://waitingroom.snow.com/?c=vailresorts&e=vailresortsecomm1&ver=v3-aspnet-3.6.2&cver=147&man=Sapphire%20-%20All%20Non%20Reservation%20Pages%20and%20APIs%20-%20PROD&t=https%3A%2F%2Fwww.kirkwood.com%2Fplan-your-trip%2Fski-and-ride-","Guided, lesson, charter, or tour model without independent rental evidence."
"no_rentals","","447","Dirt Tricks, Inc.","http://www.dirttricks.com/","","","medium","manufacturer point_of_interest establishment https://dirttricks.com/?v=0b3b97fa6688 Front Page - Dirt Tricks Skip to content Shop Warranty Registration Installation Videos Media Contact Cart International Distributors Timing Chain Tensioner Installation Instructions Gear Ratio Chart Rider Support Program Returns and Refunds Shipping Information Dirt Tricks Shop KTM Husqvarna Honda Yamaha Kawasaki Stark Varg Suzuki Co","Retail/service evidence without positive rental signal."
"no_rentals","","448","Sports Legends and More","https://www.sportslegendsandmore.com/","","","medium","Sports Legends and More store point_of_interest establishment","Retail/service evidence without positive rental signal."
"no_rentals","","451","Tahoe Vista Sports","https://www.tahoevistasports.com/","","","high","Tahoe Vista Sports is a powerboat DEALER (sells new Formula & Chris-Craft, full-service ownership) - sales, not rentals. The nearby 'North Lake Tahoe Boat Rental' is a separate business.","Patch: confirmed non-renter via live fetch/search."
"no_rentals","","454","Fish Tight Lines Guide Service","https://fishtightlines.com/","","","medium","Fish Tight Lines Guide Service https://fishtightlines.com/ Fish Tight Lines Guide Service Fish Tight Lines Guide Service fishing_charter point_of_interest establishment https://fishtightlines.com/ Vdcasino 1131 | Spor Bahisleri, Casino, Canlı Casino, Resmi Giriş VDcasino VDcasino Giriş İçin Tıklayınız!","Guided, lesson, charter, or tour model without independent rental evidence."
"no_rentals","","456","Sunglass Outfitters By Sunglass Hut","https://stores.sunglasshut.com/us/nv/verdi/8650-boomtown-garson-rd?cid=YEXT_C167&y_source=1_OTgxMDkwMS03MTUtbG9jYXRpb24ud2Vic2l0ZQ%3D%3D","","","medium","Due to the current circumstances we are updating our returns policy to make it easier.","Retail/service evidence without positive rental signal."
"no_rentals","","457","Captain's Corner Tahoe","https://www.captainscornertahoe.com/","","","medium","Captain's Corner Tahoe https://www.captainscornertahoe.com/ Captain's Corner Tahoe Captain's Corner Tahoe store womens_clothing_store gift_shop snack_bar meal_takeaway clothing_store tour_agency travel_agency restaurant food point_of_interest service establishment https://www.captainscornertahoe.com/ Captain's Corner Tahoe | Lake Tahoe Gifts & Boutique | Captain's Corner Tahoe","Retail/service evidence without positive rental signal."
"no_rentals","","458","Aćcent","https://www.grandsierraresort.com/shopping","","","medium","The Grand Gel Manicure 50 minutes $80 This dry manicure includes hand filing off current gel polish, softening, pushing, and trimming of the cuticles, filing & shaping of your nails, and a light massage with heated oil.","Retail/service evidence without positive rental signal."
"no_rentals","","459","UCS Spirit","http://www.ucsspirit.com/","","","medium","Track & Field High Jump Landing areas High jump pit standards High jump accessories Hurdles & Sprints Hurdles Sprints Pole Vault Landing areas Pole vault standards Pole vault accessories Vaulting poles & accessories Steeplechase & Water Jump Long Jump & Triple Jump Throwing Cages Discus cages Hammer / discus cages Indoor throwing cages Replacement netting & ropes Shot put cages Throwing rings & concentric circles Thr","Guided, lesson, charter, or tour model without independent rental evidence."
"no_rentals","","462","Tahoe Gal Tickets","https://tahoegal.com/schedule-rates/","","","medium","Tahoe Gal Tickets https://tahoegal.com/schedule-rates/ Tahoe Gal Tickets Tahoe Gal Tickets corporate_office point_of_interest establishment https://tahoegal.com/schedule-rates/ Schedule & Rates | Tahoe Gal Skip to primary navigation Skip to content Skip to footer Home Daily Cruises Open Daily Cruises Menu Morning Sightseeing Cruise Emerald Bay Cruise Happy Hour Cruise Sunset Cruise Private Charters Open Private Chart","Retail/service evidence without positive rental signal."
"no_rentals","","464","Wild About Discs","https://www.wildaboutdiscs.com/","","","medium","Wild About Discs https://www.wildaboutdiscs.com/ Wild About Discs Wild About Discs sporting_goods_store athletic_field sports_activity_location store point_of_interest establishment https://wildaboutdiscs.com/ Disc Golf Equipment, Disc Golf Supplies, Disc Golf - WildAboutDiscs - Carson City, Nevada WildAboutDiscs WildAboutDiscs WildAboutDiscs WildAboutDiscs WildAboutDiscs <span role=""heading"" aria-level=""NaN"" data-ux","Retail/service evidence without positive rental signal."
"no_rentals","","465","Triple Cue Billiards | Pool Table Services & Repairs","http://www.triplecuebilliards.com/","","","medium","📍 7630 Fair Oaks Blvd Carmichael, CA 95608 📧 info@TripleCueBilliards.com 📞 (916) 542-1332 Please be reminded that our pool hall hours are from 5:00 PM to 12:00 AM on weekdays and until 1:30 AM on weekends.","Retail/service evidence without positive rental signal."
"no_rentals","","466","Legendary Bowling Services","https://legendarybowling.com/","","","medium","Over the years, our services have relieved hand discomfort for thousands of bowlers from around the world, and our company has provided analysis for players of all skill levels.","Retail/service evidence without positive rental signal."
"no_rentals","","467","Golf Lessons in Reno","http://www.golflessonsreno.org/","","","medium","Please review the details in the privacy policy and accept the service to view the translations.","Guided, lesson, charter, or tour model without independent rental evidence."
"no_rentals","","468","Three R's Ranch","http://www.threersranch.com/","","","medium","Start shopping Notifications https://threersranch.com/store/ Store &#8211; Three R&#039;s Ranch Three R&#039;s Ranch Facebook Search Responsive Menu Three R&#039;s Ranch Mobile Equine Nutrition and Hoof Boot Fitting Store Shop Cart Checkout About Newsletters and Blog Gallery Contact Store Please Note!","Retail/service evidence without positive rental signal."
"no_rentals","","470","take aim targets","https://takeaimtargets.com/","","","medium","The transformer was developed with the concept of one versatile stand to be used in many different applications.","Retail/service evidence without positive rental signal."
"no_rentals","","478","Ice Rink @ Edgewood","https://edgewoodtahoe.com/resort-activities/edgewood-on-ice/","","","medium","For private skating and booking inquiries, please email us at [email&#160;protected] .","Guided, lesson, charter, or tour model without independent rental evidence."
"no_rentals","","479","Sunnyside Marina and Fuel Dock","","","","low","Sunnyside Marina and Fuel Dock Sunnyside Marina and Fuel Dock Sunnyside Marina and Fuel Dock marina point_of_interest service establishment","Retail/service evidence without positive rental signal."
"no_rentals","","483","Precision Approach","https://precisionapproachsports.com/","","","medium","Precision Approach https://precisionapproachsports.com/ Precision Approach Precision Approach sporting_goods_store store point_of_interest establishment https://precisionapproachsports.com/ Safer Terrain Park Jumps | Precision Approach AIR INTELLIGENCE™ Skip to content Our App Tubing App For Operators Safety Our Story Let’s talk Login Mobile Nav SEND IT, STICK IT , SHARE IT VIDEO OF YOUR JUMP TO YOUR PHONE IN SECONDS","Retail/service evidence without positive rental signal."
"no_rentals","","484","CHECKtheFeed Snowboarding","https://shop.checkthefeed.com/","","","medium","Please add a note on checkout if you specifically need USPS or UPS as your service.","Retail/service evidence without positive rental signal."
"no_rentals","","488","stoke the goat","http://www.stokethegoat.com/","","","medium","stoke the goat http://www.stokethegoat.com/ stoke the goat stoke the goat store point_of_interest establishment https://www.stokethegoat.com/ Welcome to Stoke The Goat - Skip to Header Skip to Navigation Skip to Main Content Skip to Footer Menu Links Home About Us Gift Registry My Account Contact Us Log into Account Login Register a New Account Register Menu home View your Shopping Cart cart Shopping Cart 0 Items - $","Retail/service evidence without positive rental signal."
"no_rentals","","489","Linchpin Bikes","http://linchpinbikes.com/","","","medium","Linchpin Bikes http://linchpinbikes.com/ Linchpin Bikes Linchpin Bikes bicycle_store sporting_goods_store manufacturer store point_of_interest establishment https://linchpinbikes.com/ Linchpin Bikes Home Gallery Build Kit with Options Geometry Contact More Home Gallery Build Kit with Options Geometry Contact Home Gallery Build Kit with Options Geometry Contact Introducing the BFF by Linchpin Bikes Introducing the BFF","Retail/service evidence without positive rental signal."
"no_rentals","","490","Blue Action Sports","http://blueactionsports.com/","","","medium","Where To Find Us News Featured December 4, 2024 POC releases new Hedvig Wessel signature collection December 4, 2024 December 4, 2024 November 26, 2024 H/H Made for Speed November 26, 2024 November 26, 2024 September 25, 2024 H/H Trailer: mountain Joy, by nat segal September 25, 2024 September 25, 2024 August 1, 2024 The All new 2025 nordica enforcer ski collection August 1, 2024 August 1, 2024 January 3, 2024 Gordin","Retail/service evidence without positive rental signal."
"no_rentals","needs_review→no_rentals","491","Sierramobilebikes","","","","high","Sierramobilebikes offered delivered e-bike rentals in Incline Village but is now listed as closed.","Patch: resolved via live web search (charter or closed)."
"no_rentals","","493","DYNACCESS LTD","https://dynaccessltd.com/","","","medium","Skip to content Products Monoski Custom Projects Parts and Options Bindings and Binding Blocking Sets Shock Absorber Seat System Other Options Support Quote and Order Demo and Tuning Services Resources Manual How-to Videos Funding FAQs Contact Products Monoski Custom Projects Parts and Options Bindings and Binding Blocking Sets Shock Absorber Seat System Other Options Support Quote and Order Demo and Tuning Services","Retail/service evidence without positive rental signal."
"no_rentals","","494","3D Bike Fit","http://www.3dbikefit.com/","","","medium","3D Bike Fit http://www.3dbikefit.com/ 3D Bike Fit 3D Bike Fit bicycle_store sporting_goods_store manufacturer store point_of_interest establishment https://www.3dbikefit.com/","Retail/service evidence without positive rental signal."
"no_rentals","","495","Elvy Suspension","http://www.elvysuspension.com/","","","medium","We also offer discounted pricing for established retail bike shops, if you would like to open an account please email service@elvysuspension.com All services have a 90 day guarantee.","Retail/service evidence without positive rental signal."
"no_rentals","triaged→no_rentals","496","Drift Adventures","https://www.drift-adventures.com/","","","high","Guided Rogue River fishing and rafting trips with lodges ('Book a Trip'); a guided-trip outfitter, not a gear-rental operator. Was hallucinated as water_sports+snow_sports+fishing.","Patch: auto-triaged on a keyword; guided river trips, not rentals."
"no_rentals","","499","Hunter's Bigger Fish","http://huntersbiggerfish.com/","","","medium","Contact For more informaiton or to book your trip today please contact Blake Hunter Email: [email&#160;protected] Phone: (530) 523-3018 About | Privacy Policy | Sitemap Log in Log out | Edit Close https://www.huntersbiggerfish.com/rates/ Rates - huntersbiggerfish Hunter's Bigger Fish Guide Service Home Fishing Report/Blog Fly Fishing on the Truckee River Your Guide Locations Rates Photos Contact Rates Rates Half Day","Guided, lesson, charter, or tour model without independent rental evidence."
"no_rentals","","500","Sawmill Lake Private Water Fly Fishing","http://www.tahoeflyfishing.com/","","","medium","We specialize in ‘catch & release’ fly fishing for both walk & wade and lake fishing.","Guided, lesson, charter, or tour model without independent rental evidence."
"no_rentals","","502","Jansen Inshore Tackle Inc","http://www.fishandsave.com/","","","medium","Accessories Pro Shop Pro Shop Freshwater Saltwater Bass Fly Fishing Clearance Jansen Tackle Home Bandit Lures Badonk-A-Donk "" class=""product-gallery--loaded-image"" > "" class=""product-gallery--loaded-image"" > "" class=""product-gallery--loaded-image"" > "" class=""product-gallery--loaded-image"" > Click to expand Tap to zoom Bandit Lures Badonk-A-Donk by Bomber Lures No reviews Availability: Out of stock Availability: Out o","Guided, lesson, charter, or tour model without independent rental evidence."
"no_rentals","","503","Kane Klassics Rod Co","http://kaneklassics.com/","","","medium","&#36; 1.00 Current price is: &#036;1.00.","Retail/service evidence without positive rental signal."
"no_rentals","","506","Ground Zero Outfitters","http://groundzeroutfitters.com/","","","high","Ground Zero Outfitters is a hunting guide/expedition service, not a gear-rental operator.","Patch: confirmed non-renter via live fetch/search."
"no_rentals","triaged→no_rentals","508","Kahle Park","https://communityservices.douglascountynv.gov/cms/one.aspx?portalid=12493164&pageid=12634748","","","high","Scenic green-space park (playgrounds, ball fields); a park, not a gear renter. Categories were keyword-hallucinated.","Patch: mechanically auto-triaged on a keyword false-positive (venue/park/product); no gear rental."
"no_rentals","","511","Echo Summit Tahoe Rim Trail","https://tahoerimtrail.org/","","","low","hiking_area sports_activity_location point_of_interest establishment https://tahoerimtrail.org/ Tahoe Rim Trail | Official Guide to Exploring Lake Tahoe&#039;s Trails var rmp_menu = {""ajaxURL"":""https://tahoerimtrail.org/wp-admin/admin-ajax.php"",""wp_nonce"":""b0931aa723"",""menu"":[{""menu_theme"":""Default"",""theme_type"":""default"",""theme_location_menu"":""0"",""submenu_submenu_arrow_width"":""40"",""submenu_submenu_arrow_width_unit"":","No rental/category signal in fetched evidence."
"no_rentals","triaged→no_rentals","512","Sled Hill","https://ntpud.org/recreation-parks/parks-facilities/north-tahoe-regional-park/","","","high","North Tahoe Regional Park sledding hill; bring-your-own-sled, no gear rental (operator-confirmed). Page 'Outdoor Rental Space' refers to event-space, not gear.","Patch: mechanically auto-triaged on a keyword false-positive (venue/park/product); no gear rental."
